date,flow_obs,flow_sim,precipitation_mean,tmin_mean,tmax_mean
1981-01-01,,1.0,3.757,1.851,15.455
1981-01-02,,1.107,4.311,1.29,13.67
1981-01-03,,1.196,6.215,2.387,13.372
1981-01-04,,1.217,8.439,2.138,13.272
1981-01-05,,1.188,8.357,1.718,11.99
1981-01-06,,1.14,4.58,1.092,12.285
1981-01-07,,1.113,4.822,2.455,12.981
1981-01-08,,1.107,2.201,2.728,10.763
1981-01-09,,1.104,2.368,1.819,13.06
1981-01-10,,1.092,4.454,2.487,14.797
1981-01-11,,1.077,1.837,1.947,13.972
1981-01-12,,1.017,2.529,2.169,13.081
1981-01-13,,0.935,5.792,2.862,13.296
1981-01-14,,0.837,9.687,3.459,12.947
1981-01-15,,0.756,13.595,2.609,13.035
1981-01-16,,0.775,8.0,1.524,13.813
1981-01-17,,0.935,5.492,2.392,13.094
1981-01-18,,1.134,4.294,2.259,13.042
1981-01-19,,1.232,4.138,2.241,13.813
1981-01-20,,1.232,5.604,3.048,13.363
1981-01-21,,1.175,6.025,2.871,11.947
1981-01-22,,1.11,8.224,1.499,11.658
1981-01-23,,1.098,7.443,1.328,11.598
1981-01-24,,1.14,2.594,0.923,12.824
1981-01-25,,1.217,3.422,1.205,12.667
1981-01-26,,1.295,7.271,2.467,13.219
1981-01-27,,1.371,7.475,1.028,12.294
1981-01-28,,1.487,6.681,2.44,11.582
1981-01-29,,1.598,3.909,2.296,12.699
1981-01-30,,1.677,2.213,1.554,13.495
1981-01-31,,1.684,0.905,1.68,12.22
1981-02-01,,1.534,0.975,0.559,14.085
1981-02-02,,1.475,2.431,1.819,14.71
1981-02-03,,1.404,3.418,3.075,12.878
1981-02-04,,1.315,4.652,3.268,12.741
1981-02-05,,1.238,3.896,2.651,13.252
1981-02-06,,1.177,5.972,3.098,12.02
1981-02-07,,1.156,10.505,3.177,11.634
1981-02-08,,1.185,6.947,3.155,11.581
1981-02-09,,1.256,8.988,3.015,11.1
1981-02-10,,1.374,7.399,2.046,12.475
1981-02-11,,1.511,2.047,2.671,13.336
1981-02-12,,1.62,0.181,0.991,13.9
1981-02-13,,1.683,8.314,2.297,12.201
1981-02-14,,1.645,5.452,2.881,12.067
1981-02-15,,1.559,11.565,2.002,11.946
1981-02-16,,1.529,6.976,2.278,11.376
1981-02-17,,1.556,0.947,1.702,13.443
1981-02-18,,1.624,3.609,2.657,12.339
1981-02-19,,1.709,5.256,2.37,12.972
1981-02-20,,1.745,3.621,2.559,12.23
1981-02-21,,1.708,2.545,2.066,13.126
1981-02-22,,1.62,2.143,2.798,12.408
1981-02-23,,1.544,4.049,2.724,12.478
1981-02-24,,1.475,12.124,2.579,13.236
1981-02-25,,1.439,5.694,2.096,11.195
1981-02-26,,1.51,4.359,2.498,12.107
1981-02-27,,1.691,4.309,1.608,12.8
1981-02-28,,1.888,2.971,1.206,12.1
1981-03-01,,1.892,3.365,0.74,14.173
1981-03-02,,1.904,6.909,2.288,13.891
1981-03-03,,1.886,4.162,1.413,14.325
1981-03-04,,1.856,5.936,3.135,12.863
1981-03-05,,1.868,5.408,2.043,13.626
1981-03-06,,1.868,5.764,2.362,12.908
1981-03-07,,1.854,8.066,3.118,13.513
1981-03-08,,1.849,8.006,3.548,14.046
1981-03-09,,1.882,6.189,2.987,12.949
1981-03-10,,1.95,10.176,2.914,13.212
1981-03-11,,2.003,14.862,2.925,12.882
1981-03-12,,2.102,8.615,2.484,12.021
1981-03-13,,2.206,4.354,1.291,12.92
1981-03-14,,2.353,2.586,0.777,14.239
1981-03-15,,2.431,0.481,0.824,15.279
1981-03-16,,2.436,0.549,0.245,15.398
1981-03-17,,2.394,5.148,2.907,13.039
1981-03-18,,2.307,6.897,1.794,12.494
1981-03-19,,2.229,6.321,1.077,12.831
1981-03-20,,2.187,3.805,0.275,12.726
1981-03-21,,2.129,2.257,0.487,12.769
1981-03-22,,2.085,1.304,0.512,13.199
1981-03-23,,1.983,2.219,0.907,14.138
1981-03-24,,1.844,3.854,0.62,12.911
1981-03-25,,1.685,3.993,1.59,11.58
1981-03-26,,1.577,0.144,0.886,12.663
1981-03-27,,1.485,0.023,0.26,14.076
1981-03-28,,1.438,0.008,-0.966,15.681
1981-03-29,,1.365,0.084,-1.591,14.816
1981-03-30,,1.24,0.007,-0.314,13.742
1981-03-31,,1.118,0.004,-0.729,13.771
1981-04-01,,0.901,0.209,-1.078,14.247
1981-04-02,,0.803,1.009,0.025,13.968
1981-04-03,,0.729,1.034,1.388,13.863
1981-04-04,,0.698,1.638,0.783,12.305
1981-04-05,,0.679,6.462,-0.136,11.349
1981-04-06,,0.685,4.626,0.643,11.505
1981-04-07,,0.725,7.112,0.898,10.19
1981-04-08,,0.881,7.492,0.485,10.551
1981-04-09,,1.19,3.875,-0.118,11.598
1981-04-10,,1.499,7.396,0.2,11.554
1981-04-11,,1.721,6.563,0.629,10.593
1981-04-12,,1.926,0.601,-1.529,11.133
1981-04-13,,2.037,0.126,-1.372,12.079
1981-04-14,,2.266,0.194,0.276,12.916
1981-04-15,,2.301,0.184,-1.453,13.604
1981-04-16,,2.211,0.654,-0.162,12.542
1981-04-17,,2.02,0.729,0.346,13.628
1981-04-18,,1.892,0.147,-1.463,14.303
1981-04-19,,1.67,0.055,-1.009,14.283
1981-04-20,,1.489,0.095,-3.106,14.056
1981-04-21,,1.271,0.414,-2.343,14.383
1981-04-22,,1.108,0.061,-1.27,15.357
1981-04-23,,0.961,0.179,-2.245,15.587
1981-04-24,,0.834,0.542,-2.263,14.976
1981-04-25,,0.75,0.099,-2.526,14.584
1981-04-26,,0.706,0.146,-1.468,14.753
1981-04-27,,0.671,0.19,-2.606,14.938
1981-04-28,,0.633,0.408,-3.09,15.231
1981-04-29,,0.603,0.896,-1.501,13.554
1981-04-30,,0.583,0.257,-3.24,14.0
1981-05-01,,0.564,0.035,-4.306,14.066
1981-05-02,,0.534,0.0,-6.621,14.193
1981-05-03,,0.517,0.099,-5.618,15.199
1981-05-04,,0.498,0.0,-5.723,15.385
1981-05-05,,0.479,0.0,-4.127,15.254
1981-05-06,,0.453,0.58,-1.768,14.113
1981-05-07,,0.435,0.948,-0.249,13.689
1981-05-08,,0.421,0.623,-3.11,14.127
1981-05-09,,0.415,0.692,-1.921,13.831
1981-05-10,,0.414,1.011,-1.569,12.678
1981-05-11,,0.404,0.571,-1.129,14.089
1981-05-12,,0.391,0.242,-0.512,13.626
1981-05-13,,0.385,0.235,-0.49,14.967
1981-05-14,,0.377,0.208,-5.317,14.308
1981-05-15,,0.365,0.231,-5.33,14.412
1981-05-16,,0.355,0.242,-6.403,13.908
1981-05-17,,0.344,0.026,-4.116,13.848
1981-05-18,,0.335,0.0,-4.3,14.544
1981-05-19,,0.327,0.001,-5.312,15.077
1981-05-20,,0.312,0.435,-3.959,14.959
1981-05-21,,0.304,0.392,-0.174,13.573
1981-05-22,,0.301,0.123,-3.409,13.409
1981-05-23,,0.303,0.003,-5.783,14.263
1981-05-24,,0.307,0.03,-6.354,14.802
1981-05-25,,0.308,0.065,-6.119,14.769
1981-05-26,,0.304,0.0,-4.456,14.353
1981-05-27,,0.295,0.0,-7.478,14.405
1981-05-28,,0.284,0.0,-8.769,14.596
1981-05-29,,0.272,0.0,-7.141,14.288
1981-05-30,,0.263,0.0,-5.186,14.867
1981-05-31,,0.253,0.0,-4.742,14.925
1981-06-01,,0.252,0.017,-6.4,13.955
1981-06-02,,0.246,0.0,-8.697,14.064
1981-06-03,,0.241,0.016,-7.61,14.712
1981-06-04,,0.236,0.0,-5.861,13.86
1981-06-05,,0.23,0.0,-6.485,13.894
1981-06-06,,0.228,0.0,-10.477,12.999
1981-06-07,,0.225,0.042,-9.765,14.41
1981-06-08,,0.222,0.035,-9.318,13.744
1981-06-09,,0.218,0.03,-9.973,14.172
1981-06-10,,0.214,0.054,-7.982,14.204
1981-06-11,,0.212,0.163,-7.552,13.565
1981-06-12,,0.21,0.019,-7.338,13.857
1981-06-13,,0.206,0.025,-8.303,13.902
1981-06-14,,0.203,0.089,-8.969,14.063
1981-06-15,,0.201,0.064,-7.6,13.916
1981-06-16,,0.2,0.012,-9.706,13.535
1981-06-17,,0.197,0.663,-8.863,13.809
1981-06-18,,0.196,0.182,-4.488,12.728
1981-06-19,,0.198,0.012,-7.447,12.491
1981-06-20,,0.203,0.012,-7.901,13.865
1981-06-21,,0.21,0.0,-8.309,14.306
1981-06-22,,0.212,0.023,-9.721,13.872
1981-06-23,,0.21,0.038,-8.615,12.084
1981-06-24,,0.204,0.002,-9.065,11.732
1981-06-25,,0.199,0.0,-9.216,13.505
1981-06-26,,0.191,0.002,-8.379,13.961
1981-06-27,,0.185,0.029,-7.665,14.515
1981-06-28,,0.181,0.0,-8.191,15.171
1981-06-29,,0.176,0.0,-9.032,15.26
1981-06-30,,0.173,0.03,-8.946,15.367
1981-07-01,,0.175,0.0,-7.825,14.86
1981-07-02,,0.173,0.223,-6.611,14.375
1981-07-03,,0.171,0.028,-5.307,15.338
1981-07-04,,0.168,0.0,-6.953,14.199
1981-07-05,,0.167,0.0,-8.576,13.734
1981-07-06,,0.165,0.0,-9.439,14.659
1981-07-07,,0.164,0.0,-7.86,14.549
1981-07-08,,0.163,0.0,-8.151,14.968
1981-07-09,,0.162,0.0,-7.755,15.773
1981-07-10,,0.16,0.0,-7.606,14.89
1981-07-11,,0.16,0.0,-7.433,14.438
1981-07-12,,0.16,0.004,-6.512,14.277
1981-07-13,,0.158,0.0,-6.984,13.868
1981-07-14,,0.157,0.0,-6.762,14.209
1981-07-15,,0.155,0.0,-6.867,15.058
1981-07-16,,0.153,0.0,-6.951,14.813
1981-07-17,,0.153,0.213,-6.622,13.395
1981-07-18,,0.152,0.001,-6.847,13.371
1981-07-19,,0.151,0.0,-5.984,12.232
1981-07-20,,0.15,0.0,-5.23,12.931
1981-07-21,,0.148,0.0,-6.716,12.864
1981-07-22,,0.148,0.0,-8.859,13.724
1981-07-23,,0.147,0.007,-7.046,13.311
1981-07-24,,0.146,0.001,-6.335,13.564
1981-07-25,,0.144,0.003,-7.302,13.64
1981-07-26,,0.143,0.065,-7.102,13.939
1981-07-27,,0.141,0.465,-8.339,13.877
1981-07-28,,0.141,0.02,-7.347,14.831
1981-07-29,,0.14,0.03,-7.724,15.16
1981-07-30,,0.139,0.013,-7.675,15.418
1981-07-31,,0.137,0.084,-7.892,15.505
1981-08-01,,0.117,0.0,-8.174,14.983
1981-08-02,,0.116,0.0,-8.902,14.985
1981-08-03,,0.115,0.0,-7.939,15.118
1981-08-04,,0.114,0.001,-7.411,13.523
1981-08-05,,0.113,0.084,-3.872,13.074
1981-08-06,,0.113,0.236,-3.342,12.312
1981-08-07,,0.114,0.079,-4.674,12.901
1981-08-08,,0.117,0.033,-5.342,13.408
1981-08-09,,0.12,1.422,-4.028,12.464
1981-08-10,,0.125,1.854,-3.128,10.465
1981-08-11,,0.143,2.203,-3.752,10.51
1981-08-12,,0.17,0.896,-3.239,10.282
1981-08-13,,0.218,0.799,-4.557,10.687
1981-08-14,,0.26,0.137,-7.109,12.98
1981-08-15,,0.262,0.245,-5.654,12.538
1981-08-16,,0.263,0.0,-5.176,11.939
1981-08-17,,0.261,0.001,-8.877,12.271
1981-08-18,,0.259,0.918,-8.388,13.298
1981-08-19,,0.219,0.4,-2.669,12.895
1981-08-20,,0.196,0.002,-3.257,13.625
1981-08-21,,0.196,0.036,-6.901,14.331
1981-08-22,,0.196,0.0,-7.487,14.858
1981-08-23,,0.196,0.004,-9.291,13.642
1981-08-24,,0.185,0.03,-8.214,14.28
1981-08-25,,0.17,0.022,-7.849,14.052
1981-08-26,,0.158,0.0,-6.578,14.209
1981-08-27,,0.141,0.019,-5.449,15.051
1981-08-28,,0.122,0.221,-3.412,14.116
1981-08-29,,0.114,1.253,-3.016,13.728
1981-08-30,,0.111,1.802,-3.699,11.08
1981-08-31,,0.111,0.433,-3.26,11.106
1981-09-01,,0.084,0.305,-7.155,13.157
1981-09-02,,0.086,0.0,-6.29,13.254
1981-09-03,,0.087,1.286,-4.663,11.456
1981-09-04,,0.087,1.989,-3.41,11.437
1981-09-05,,0.086,0.108,-7.65,12.485
1981-09-06,,0.086,0.0,-9.884,11.968
1981-09-07,,0.085,0.0,-7.341,12.551
1981-09-08,,0.084,0.004,-6.076,13.747
1981-09-09,,0.083,0.111,-4.101,14.526
1981-09-10,,0.081,0.24,-3.885,13.049
1981-09-11,,0.08,2.901,-2.563,13.896
1981-09-12,,0.078,0.419,-2.687,14.511
1981-09-13,,0.078,0.285,-3.866,13.272
1981-09-14,,0.078,0.428,-5.917,12.661
1981-09-15,,0.078,0.997,-5.396,13.789
1981-09-16,,0.078,0.006,-5.937,14.73
1981-09-17,,0.077,0.026,-5.183,15.02
1981-09-18,,0.076,1.103,-3.72,15.677
1981-09-19,,0.076,0.743,-3.016,15.193
1981-09-20,,0.077,1.291,-1.951,14.858
1981-09-21,,0.078,2.248,-2.005,12.854
1981-09-22,,0.082,6.995,-2.445,11.767
1981-09-23,,0.086,3.667,-3.52,11.781
1981-09-24,,0.089,1.997,-3.12,12.2
1981-09-25,,0.092,0.78,-5.337,13.397
1981-09-26,,0.095,3.833,-3.857,12.497
1981-09-27,,0.095,1.125,-4.264,12.991
1981-09-28,,0.098,0.483,-3.409,12.159
1981-09-29,,0.103,1.134,-4.18,11.775
1981-09-30,,0.107,2.026,-2.011,12.096
1981-10-01,,0.09,0.239,-2.027,12.847
1981-10-02,,0.089,0.047,-3.185,14.185
1981-10-03,,0.086,0.051,-4.508,15.428
1981-10-04,,0.082,0.045,-3.327,15.769
1981-10-05,,0.078,0.301,-0.292,15.26
1981-10-06,,0.074,0.335,-1.894,15.336
1981-10-07,,0.07,0.735,-0.862,14.953
1981-10-08,,0.069,3.612,0.434,11.517
1981-10-09,,0.068,3.411,0.215,12.998
1981-10-10,,0.069,1.556,-1.689,16.134
1981-10-11,,0.071,0.931,-0.821,15.909
1981-10-12,,0.074,0.054,-2.94,17.509
1981-10-13,,0.076,0.665,-2.051,17.465
1981-10-14,,0.076,0.36,-0.122,16.144
1981-10-15,,0.075,0.168,-2.689,16.602
1981-10-16,,0.072,2.928,2.201,14.925
1981-10-17,,0.07,5.122,0.838,12.966
1981-10-18,,0.07,6.767,0.581,14.871
1981-10-19,,0.072,1.567,-0.86,15.933
1981-10-20,,0.075,4.252,0.374,12.722
1981-10-21,,0.076,5.764,-1.325,12.437
1981-10-22,,0.078,6.301,-0.997,12.946
1981-10-23,,0.082,3.678,-0.974,13.822
1981-10-24,,0.089,4.074,0.831,12.964
1981-10-25,,0.1,8.943,1.093,11.831
1981-10-26,,0.114,7.313,-0.569,13.07
1981-10-27,,0.134,4.886,-0.165,14.685
1981-10-28,,0.153,1.923,-0.662,15.366
1981-10-29,,0.171,4.439,1.193,15.212
1981-10-30,,0.172,3.615,1.147,15.192
1981-10-31,,0.154,2.773,1.063,15.084
1981-11-01,,0.148,0.764,1.675,16.416
1981-11-02,,0.124,0.537,-1.668,15.749
1981-11-03,,0.102,0.347,-0.392,16.151
1981-11-04,,0.087,2.257,0.474,15.979
1981-11-05,,0.078,0.995,1.124,16.617
1981-11-06,,0.071,2.171,2.449,15.913
1981-11-07,,0.068,2.255,2.847,15.109
1981-11-08,,0.065,1.125,0.614,16.827
1981-11-09,,0.062,0.441,-0.402,16.688
1981-11-10,,0.06,1.192,0.411,15.746
1981-11-11,,0.059,0.815,1.084,14.298
1981-11-12,,0.059,2.333,-0.303,15.865
1981-11-13,,0.059,3.355,1.291,15.231
1981-11-14,,0.065,5.769,2.121,14.842
1981-11-15,,0.074,4.408,1.842,13.819
1981-11-16,,0.083,3.814,0.942,14.292
1981-11-17,,0.095,0.531,1.768,16.018
1981-11-18,,0.105,1.19,-0.249,16.778
1981-11-19,,0.108,7.389,-0.674,14.533
1981-11-20,,0.104,1.767,0.768,14.915
1981-11-21,,0.099,2.432,-0.341,15.654
1981-11-22,,0.096,1.617,0.328,15.712
1981-11-23,,0.091,3.482,-0.078,16.206
1981-11-24,,0.089,10.325,2.459,15.981
1981-11-25,,0.088,2.67,0.503,15.667
1981-11-26,,0.095,2.786,1.977,14.946
1981-11-27,,0.112,3.619,2.39,14.617
1981-11-28,,0.143,7.318,2.095,14.234
1981-11-29,,0.188,6.721,1.97,13.126
1981-11-30,,0.271,1.062,0.64,13.995
1981-12-01,,0.421,2.304,0.172,15.321
1981-12-02,,0.509,8.327,2.259,13.497
1981-12-03,,0.518,5.964,2.21,13.287
1981-12-04,,0.5,5.984,2.13,14.427
1981-12-05,,0.48,0.398,-0.911,16.768
1981-12-06,,0.467,1.968,0.748,16.151
1981-12-07,,0.433,2.203,3.166,16.084
1981-12-08,,0.372,1.762,1.825,15.103
1981-12-09,,0.309,0.979,1.438,16.288
1981-12-10,,0.248,0.403,1.885,16.164
1981-12-11,,0.199,0.668,1.7,16.394
1981-12-12,,0.179,0.92,2.557,15.611
1981-12-13,,0.153,2.306,1.343,15.418
1981-12-14,,0.136,3.392,1.561,15.977
1981-12-15,,0.121,2.22,0.163,15.049
1981-12-16,,0.115,8.867,2.349,13.312
1981-12-17,,0.118,4.129,1.743,14.541
1981-12-18,,0.124,4.038,0.371,11.085
1981-12-19,,0.134,11.278,2.428,13.788
1981-12-20,,0.147,0.684,0.227,12.513
1981-12-21,,0.184,2.074,1.266,15.103
1981-12-22,,0.271,1.614,0.839,13.346
1981-12-23,,0.347,5.053,1.728,12.786
1981-12-24,,0.378,5.39,1.673,10.907
1981-12-25,,0.372,3.826,1.425,12.53
1981-12-26,,0.363,4.694,2.303,12.408
1981-12-27,,0.389,2.607,2.369,14.014
1981-12-28,,0.46,5.829,2.307,14.873
1981-12-29,,0.541,2.962,2.162,13.292
1981-12-30,,0.618,5.006,2.391,13.588
1981-12-31,,0.723,10.623,2.538,11.275
1982-01-01,,0.877,4.52,3.009,12.63
1982-01-02,,0.981,4.631,2.757,11.7
1982-01-03,,1.097,9.982,2.992,11.501
1982-01-04,,1.206,7.296,2.257,11.079
1982-01-05,,1.283,4.428,1.573,12.219
1982-01-06,,1.357,3.73,1.674,12.58
1982-01-07,,1.363,5.491,1.174,12.898
1982-01-08,,1.271,6.316,0.789,13.693
1982-01-09,,1.158,3.967,0.557,13.828
1982-01-10,,1.03,5.36,2.987,13.81
1982-01-11,,0.919,2.82,2.864,12.708
1982-01-12,,0.83,5.257,2.994,13.045
1982-01-13,,0.78,4.08,2.992,13.239
1982-01-14,,0.78,9.608,3.023,12.295
1982-01-15,,0.818,6.83,2.652,11.841
1982-01-16,,0.858,2.878,1.993,13.531
1982-01-17,,0.916,3.62,3.208,12.804
1982-01-18,,0.976,6.164,2.942,11.887
1982-01-19,,1.0,4.655,3.809,12.499
1982-01-20,,0.997,4.357,2.904,13.684
1982-01-21,,1.014,8.547,3.092,14.129
1982-01-22,,1.081,10.944,2.391,10.964
1982-01-23,,1.155,4.283,2.479,10.543
1982-01-24,,1.245,1.834,2.222,12.189
1982-01-25,,1.335,0.69,2.187,12.806
1982-01-26,,1.37,1.178,1.442,12.665
1982-01-27,,1.321,2.048,1.795,12.945
1982-01-28,,1.215,0.711,1.692,13.282
1982-01-29,,1.092,1.343,2.721,13.404
1982-01-30,,0.937,0.364,2.344,14.397
1982-01-31,,0.806,0.269,1.369,14.197
1982-02-01,,0.693,1.812,3.167,13.105
1982-02-02,,0.625,0.61,2.46,13.902
1982-02-03,,0.591,0.803,2.659,14.821
1982-02-04,,0.57,2.837,3.46,13.78
1982-02-05,,0.564,4.451,2.676,12.49
1982-02-06,,0.566,1.499,2.79,11.518
1982-02-07,,0.569,2.502,2.592,12.249
1982-02-08,,0.569,0.64,2.43,13.093
1982-02-09,,0.561,1.232,2.628,12.663
1982-02-10,,0.543,0.424,1.769,14.088
1982-02-11,,0.504,0.057,1.23,14.312
1982-02-12,,0.458,0.133,1.747,15.222
1982-02-13,,0.391,0.118,1.852,15.732
1982-02-14,,0.331,0.159,1.174,14.655
1982-02-15,,0.285,0.179,2.336,14.415
1982-02-16,,0.26,0.785,1.14,13.993
1982-02-17,,0.212,3.977,1.097,14.035
1982-02-18,,0.196,2.386,2.635,12.756
1982-02-19,,0.205,3.999,3.287,13.567
1982-02-20,,0.26,1.906,3.664,12.874
1982-02-21,,0.298,2.015,2.664,12.83
1982-02-22,,0.355,7.325,2.727,12.345
1982-02-23,,0.43,4.793,2.577,12.006
1982-02-24,,0.532,3.383,1.949,12.791
1982-02-25,,0.643,2.255,2.154,13.012
1982-02-26,,0.733,2.317,1.401,13.303
1982-02-27,,0.76,1.432,2.23,13.408
1982-02-28,,0.742,4.241,2.767,12.336
1982-03-01,,0.702,7.323,2.013,13.101
1982-03-02,,0.694,4.247,1.556,10.412
1982-03-03,,0.715,4.798,2.272,12.745
1982-03-04,,0.803,11.045,1.945,11.706
1982-03-05,,0.925,8.953,1.223,11.696
1982-03-06,,1.09,2.193,1.739,13.09
1982-03-07,,1.253,0.662,0.61,13.888
1982-03-08,,1.39,1.729,0.57,14.209
1982-03-09,,1.339,6.578,0.302,13.039
1982-03-10,,1.179,6.802,2.11,13.848
1982-03-11,,0.975,5.619,2.433,12.962
1982-03-12,,0.824,4.58,2.75,12.594
1982-03-13,,0.759,7.158,1.387,13.512
1982-03-14,,0.758,2.634,2.357,14.029
1982-03-15,,0.774,2.205,2.043,14.058
1982-03-16,,0.787,3.961,1.915,13.809
1982-03-17,,0.757,3.811,1.986,13.399
1982-03-18,,0.701,3.904,2.188,13.03
1982-03-19,,0.642,1.242,1.057,13.929
1982-03-20,,0.602,7.824,2.59,13.764
1982-03-21,,0.598,2.743,2.508,13.855
1982-03-22,,0.622,3.784,2.798,15.121
1982-03-23,,0.666,2.5,2.648,14.063
1982-03-24,,0.706,2.78,2.118,14.314
1982-03-25,,0.718,1.12,3.092,14.701
1982-03-26,,0.71,1.611,1.98,14.804
1982-03-27,,0.688,2.832,2.218,12.519
1982-03-28,,0.643,1.226,1.945,12.702
1982-03-29,,0.603,3.191,1.587,14.613
1982-03-30,,0.575,1.709,2.843,14.618
1982-03-31,,0.551,2.62,1.307,15.119
1982-04-01,,0.541,0.28,0.403,14.988
1982-04-02,,0.543,0.481,0.713,14.172
1982-04-03,,0.545,6.488,0.48,14.316
1982-04-04,,0.545,1.302,0.523,13.472
1982-04-05,,0.569,5.933,0.053,12.054
1982-04-06,,0.613,4.955,0.514,12.929
1982-04-07,,0.692,2.026,0.696,13.301
1982-04-08,,0.756,2.843,0.951,13.12
1982-04-09,,0.835,7.076,-0.138,11.284
1982-04-10,,0.867,1.486,-0.684,11.78
1982-04-11,,0.867,0.007,-0.669,13.241
1982-04-12,,0.867,0.029,-3.081,13.133
1982-04-13,,0.844,0.007,-4.544,14.18
1982-04-14,,0.768,0.01,-3.708,15.21
1982-04-15,,0.698,0.008,-3.27,14.734
1982-04-16,,0.613,0.351,-1.673,13.057
1982-04-17,,0.535,0.083,-0.884,12.986
1982-04-18,,0.46,0.429,-2.572,13.656
1982-04-19,,0.408,0.094,-2.023,13.561
1982-04-20,,0.383,0.122,-3.333,14.762
1982-04-21,,0.361,0.016,-2.208,13.775
1982-04-22,,0.343,0.359,-2.151,13.997
1982-04-23,,0.329,2.524,-0.148,13.573
1982-04-24,,0.308,0.041,-0.132,13.474
1982-04-25,,0.318,1.782,-1.074,13.434
1982-04-26,,0.345,0.836,0.286,12.552
1982-04-27,,0.38,0.848,0.607,12.967
1982-04-28,,0.4,0.471,-1.146,12.928
1982-04-29,,0.415,1.67,-1.229,11.442
1982-04-30,,0.416,0.533,-2.735,11.31
1982-05-01,,0.404,0.069,-2.741,11.429
1982-05-02,,0.389,0.012,-3.074,12.355
1982-05-03,,0.373,0.012,-2.342,12.924
1982-05-04,,0.345,0.025,-3.149,13.191
1982-05-05,,0.314,0.015,-3.321,13.835
1982-05-06,,0.284,0.045,-4.042,14.004
1982-05-07,,0.257,0.08,-2.746,14.79
1982-05-08,,0.236,0.124,-2.645,14.411
1982-05-09,,0.215,0.002,-4.627,14.33
1982-05-10,,0.201,0.035,-5.084,14.991
1982-05-11,,0.188,0.004,-5.172,15.2
1982-05-12,,0.178,0.158,-3.719,14.634
1982-05-13,,0.171,0.011,-4.557,14.547
1982-05-14,,0.164,0.015,-4.551,13.812
1982-05-15,,0.161,0.117,-3.971,12.581
1982-05-16,,0.16,0.0,-4.235,13.056
1982-05-17,,0.159,0.006,-6.934,13.862
1982-05-18,,0.159,0.0,-6.937,14.256
1982-05-19,,0.156,0.087,-6.685,14.094
1982-05-20,,0.153,0.028,-6.748,14.763
1982-05-21,,0.15,0.001,-6.796,14.11
1982-05-22,,0.145,0.001,-7.202,13.255
1982-05-23,,0.141,0.0,-8.368,13.304
1982-05-24,,0.139,0.001,-8.473,14.267
1982-05-25,,0.137,0.0,-9.384,13.751
1982-05-26,,0.135,0.058,-8.821,14.456
1982-05-27,,0.134,0.011,-8.45,13.823
1982-05-28,,0.132,0.0,-8.057,13.796
1982-05-29,,0.13,0.0,-9.535,13.135
1982-05-30,,0.128,0.002,-9.492,13.332
1982-05-31,,0.126,0.0,-9.375,14.02
1982-06-01,,0.122,0.0,-7.425,14.145
1982-06-02,,0.119,0.0,-8.007,14.798
1982-06-03,,0.117,0.0,-7.173,15.191
1982-06-04,,0.114,0.017,-7.858,14.746
1982-06-05,,0.113,0.016,-8.8,14.076
1982-06-06,,0.11,0.002,-7.305,14.125
1982-06-07,,0.109,0.015,-5.191,13.613
1982-06-08,,0.106,0.004,-6.185,14.538
1982-06-09,,0.105,0.02,-5.266,13.481
1982-06-10,,0.104,0.006,-3.143,13.09
1982-06-11,,0.103,0.056,-7.736,13.335
1982-06-12,,0.102,0.056,-7.857,13.658
1982-06-13,,0.101,0.04,-8.915,14.078
1982-06-14,,0.101,0.056,-8.548,14.146
1982-06-15,,0.1,0.107,-7.457,14.414
1982-06-16,,0.1,0.303,-5.341,13.746
1982-06-17,,0.099,0.126,-3.712,12.602
1982-06-18,,0.098,0.006,-3.428,13.499
1982-06-19,,0.098,0.184,-6.309,13.978
1982-06-20,,0.098,0.657,-7.322,13.481
1982-06-21,,0.098,0.302,-5.397,12.868
1982-06-22,,0.098,0.029,-8.204,12.118
1982-06-23,,0.097,0.0,-8.839,13.326
1982-06-24,,0.096,0.003,-9.095,14.232
1982-06-25,,0.095,0.0,-8.98,14.204
1982-06-26,,0.094,0.079,-7.912,13.611
1982-06-27,,0.093,0.001,-6.989,13.928
1982-06-28,,0.092,0.025,-7.899,13.383
1982-06-29,,0.09,0.112,-6.613,13.044
1982-06-30,,0.09,0.129,-6.94,13.25
1982-07-01,,0.088,0.003,-6.734,12.097
1982-07-02,,0.088,0.0,-7.66,12.952
1982-07-03,,0.089,0.0,-5.515,13.098
1982-07-04,,0.09,0.0,-7.195,13.013
1982-07-05,,0.09,0.0,-7.319,13.354
1982-07-06,,0.09,0.007,-7.478,13.39
1982-07-07,,0.088,0.001,-7.247,12.87
1982-07-08,,0.087,0.007,-8.678,12.444
1982-07-09,,0.085,0.0,-9.691,13.98
1982-07-10,,0.084,0.053,-7.308,13.734
1982-07-11,,0.083,0.011,-7.494,14.018
1982-07-12,,0.082,0.001,-6.906,14.339
1982-07-13,,0.08,0.057,-7.418,13.419
1982-07-14,,0.08,0.18,-3.349,13.64
1982-07-15,,0.079,0.0,-8.103,13.369
1982-07-16,,0.078,0.0,-9.933,14.187
1982-07-17,,0.077,0.0,-10.772,13.709
1982-07-18,,0.077,0.043,-10.273,14.329
1982-07-19,,0.076,0.0,-10.422,14.38
1982-07-20,,0.076,0.0,-9.382,14.48
1982-07-21,,0.075,0.0,-11.462,14.359
1982-07-22,,0.074,0.031,-8.815,14.453
1982-07-23,,0.074,0.0,-8.35,13.898
1982-07-24,,0.074,0.0,-7.49,13.165
1982-07-25,,0.073,0.071,-6.637,13.406
1982-07-26,,0.073,0.086,-6.621,13.198
1982-07-27,,0.072,0.079,-5.869,14.065
1982-07-28,,0.072,0.053,-7.118,14.057
1982-07-29,,0.072,0.06,-6.736,14.151
1982-07-30,,0.072,0.093,-4.627,14.315
1982-07-31,,0.071,0.0,-6.474,15.302
1982-08-01,,0.067,0.0,-7.746,14.412
1982-08-02,,0.067,0.047,-7.418,13.992
1982-08-03,,0.067,0.235,-5.637,14.054
1982-08-04,,0.067,0.08,-7.021,13.895
1982-08-05,,0.066,0.027,-6.794,12.887
1982-08-06,,0.066,0.118,-7.578,13.541
1982-08-07,,0.065,0.041,-6.351,13.999
1982-08-08,,0.065,0.0,-4.517,13.167
1982-08-09,,0.065,0.346,-10.519,12.94
1982-08-10,,0.066,0.468,-5.836,12.872
1982-08-11,,0.066,0.175,-5.472,13.655
1982-08-12,,0.066,0.28,-6.533,14.43
1982-08-13,,0.067,0.066,-6.166,15.172
1982-08-14,,0.067,0.362,-6.344,14.766
1982-08-15,,0.068,1.703,-4.711,12.532
1982-08-16,,0.07,0.227,-5.282,11.411
1982-08-17,,0.076,0.254,-5.363,11.825
1982-08-18,,0.086,1.087,-4.704,11.278
1982-08-19,,0.095,0.767,-6.415,11.829
1982-08-20,,0.101,0.087,-9.809,11.811
1982-08-21,,0.101,0.015,-8.591,13.252
1982-08-22,,0.096,0.007,-8.119,13.681
1982-08-23,,0.091,0.014,-8.017,14.072
1982-08-24,,0.086,0.012,-8.687,14.036
1982-08-25,,0.08,0.0,-8.413,14.835
1982-08-26,,0.074,0.325,-8.914,15.285
1982-08-27,,0.071,0.009,-7.465,14.876
1982-08-28,,0.068,0.001,-7.001,15.332
1982-08-29,,0.066,0.018,-6.879,15.12
1982-08-30,,0.063,0.095,-5.982,15.239
1982-08-31,,0.061,0.066,-5.313,14.627
1982-09-01,,0.053,0.148,-4.303,13.741
1982-09-02,,0.052,0.216,-6.46,12.823
1982-09-03,,0.052,0.069,-6.985,13.015
1982-09-04,,0.054,0.442,-5.204,13.307
1982-09-05,,0.057,0.599,-4.187,12.199
1982-09-06,,0.06,1.969,-5.631,11.76
1982-09-07,,0.068,2.255,-3.419,11.122
1982-09-08,,0.075,0.92,-2.698,12.268
1982-09-09,,0.084,0.318,-3.931,13.716
1982-09-10,,0.09,0.127,-5.347,13.735
1982-09-11,,0.097,0.0,-7.317,14.483
1982-09-12,,0.097,0.01,-7.128,14.557
1982-09-13,,0.091,0.004,-6.388,16.5
1982-09-14,,0.088,0.022,-7.367,16.295
1982-09-15,,0.083,0.059,-4.705,15.98
1982-09-16,,0.077,0.178,-2.9,15.81
1982-09-17,,0.072,0.085,-5.529,14.94
1982-09-18,,0.067,0.35,-4.622,14.702
1982-09-19,,0.061,1.565,-1.542,13.968
1982-09-20,,0.059,1.21,-1.1,13.944
1982-09-21,,0.058,0.747,-0.502,13.239
1982-09-22,,0.059,3.434,0.984,11.493
1982-09-23,,0.067,2.456,-0.614,10.66
1982-09-24,,0.076,1.145,-1.432,11.092
1982-09-25,,0.087,0.875,-1.013,12.382
1982-09-26,,0.101,2.685,-1.16,13.511
1982-09-27,,0.11,0.177,-5.03,14.997
1982-09-28,,0.116,2.775,-2.592,15.081
1982-09-29,,0.117,5.098,-0.998,14.966
1982-09-30,,0.111,4.625,-2.109,14.494
1982-10-01,,0.09,0.001,-2.338,15.545
1982-10-02,,0.084,0.063,-3.812,15.676
1982-10-03,,0.076,0.127,-5.523,15.126
1982-10-04,,0.07,0.039,-5.728,15.738
1982-10-05,,0.064,0.005,-3.13,15.163
1982-10-06,,0.058,0.194,-2.691,15.245
1982-10-07,,0.055,0.0,-6.082,15.96
1982-10-08,,0.053,0.028,-3.849,16.052
1982-10-09,,0.051,1.722,0.015,12.668
1982-10-10,,0.048,0.348,-1.766,13.373
1982-10-11,,0.047,3.442,-0.007,13.17
1982-10-12,,0.048,2.472,-2.813,15.049
1982-10-13,,0.051,3.351,-1.542,15.558
1982-10-14,,0.053,7.479,1.063,13.309
1982-10-15,,0.058,5.144,-0.169,12.283
1982-10-16,,0.072,2.134,0.807,12.877
1982-10-17,,0.087,3.211,-0.198,14.877
1982-10-18,,0.098,2.841,-0.057,15.282
1982-10-19,,0.108,3.467,1.327,13.733
1982-10-20,,0.11,3.714,0.326,14.686
1982-10-21,,0.11,7.689,0.628,14.284
1982-10-22,,0.109,6.754,0.84,13.952
1982-10-23,,0.11,2.855,-0.266,14.36
1982-10-24,,0.117,9.59,1.331,11.384
1982-10-25,,0.128,6.678,1.251,11.733
1982-10-26,,0.146,3.793,1.295,11.854
1982-10-27,,0.165,1.615,0.532,12.327
1982-10-28,,0.206,0.391,-1.704,13.679
1982-10-29,,0.251,1.112,-0.867,14.471
1982-10-30,,0.297,0.215,-1.574,14.154
1982-10-31,,0.304,0.92,-0.778,14.514
1982-11-01,,0.343,3.839,1.413,14.988
1982-11-02,,0.327,2.885,1.6,14.985
1982-11-03,,0.321,5.062,1.822,14.149
1982-11-04,,0.33,3.021,1.351,13.51
1982-11-05,,0.359,3.249,0.252,14.363
1982-11-06,,0.392,2.028,1.247,13.922
1982-11-07,,0.414,2.664,-0.487,14.608
1982-11-08,,0.414,9.293,0.547,14.066
1982-11-09,,0.372,3.366,1.358,14.411
1982-11-10,,0.346,3.019,2.151,15.617
1982-11-11,,0.327,1.497,0.263,15.765
1982-11-12,,0.319,4.262,0.279,15.183
1982-11-13,,0.297,5.914,1.483,13.645
1982-11-14,,0.271,2.225,1.524,15.785
1982-11-15,,0.259,3.754,1.85,14.087
1982-11-16,,0.265,11.524,2.057,13.48
1982-11-17,,0.293,7.686,1.438,13.056
1982-11-18,,0.356,8.545,2.292,13.157
1982-11-19,,0.551,8.119,1.759,14.602
1982-11-20,,0.765,11.92,1.139,13.916
1982-11-21,,0.983,11.763,-0.487,12.271
1982-11-22,,1.113,6.815,-1.645,12.077
1982-11-23,,1.733,5.061,0.242,12.469
1982-11-24,,1.984,12.782,-0.027,12.219
1982-11-25,,1.998,2.849,-0.321,12.64
1982-11-26,,2.014,3.025,0.135,14.75
1982-11-27,,2.063,1.787,0.091,15.372
1982-11-28,,2.093,2.643,-0.273,13.924
1982-11-29,,2.063,2.085,-0.254,12.642
1982-11-30,,2.003,2.341,0.471,13.295
1982-12-01,,1.743,0.452,0.826,14.356
1982-12-02,,1.816,1.403,1.371,14.774
1982-12-03,,1.989,1.848,2.721,14.061
1982-12-04,,1.987,1.957,0.89,14.243
1982-12-05,,1.863,8.87,1.831,13.117
1982-12-06,,1.768,0.963,0.073,13.924
1982-12-07,,1.809,5.064,0.674,13.025
1982-12-08,,1.94,0.962,1.162,12.621
1982-12-09,,1.981,1.974,1.122,13.187
1982-12-10,,1.777,1.046,0.248,15.119
1982-12-11,,1.536,0.46,-0.601,15.507
1982-12-12,,1.272,0.684,0.058,14.745
1982-12-13,,1.1,0.42,-0.428,16.119
1982-12-14,,0.938,0.219,-0.976,17.24
1982-12-15,,0.797,0.455,0.578,16.195
1982-12-16,,0.686,0.544,0.338,16.238
1982-12-17,,0.594,0.611,0.212,16.085
1982-12-18,,0.556,2.585,0.905,15.66
1982-12-19,,0.541,7.351,0.438,15.005
1982-12-20,,0.54,6.934,2.519,12.812
1982-12-21,,0.554,2.723,1.414,13.56
1982-12-22,,0.621,0.307,0.499,15.629
1982-12-23,,0.743,1.043,1.489,14.95
1982-12-24,,0.779,6.386,1.969,12.096
1982-12-25,,0.753,2.035,1.221,14.541
1982-12-26,,0.658,0.392,0.759,15.416
1982-12-27,,0.592,0.003,0.072,15.502
1982-12-28,,0.548,0.028,1.009,14.583
1982-12-29,,0.499,0.038,-1.197,14.736
1982-12-30,,0.419,0.054,0.495,15.003
1982-12-31,,0.345,0.131,1.698,15.922
1983-01-01,,0.326,0.983,2.637,16.584
1983-01-02,,0.28,0.553,0.722,17.395
1983-01-03,,0.266,1.91,-0.565,16.841
1983-01-04,,0.277,2.676,0.709,15.815
1983-01-05,,0.314,2.106,2.192,14.93
1983-01-06,,0.373,9.577,2.339,13.865
1983-01-07,,0.47,5.939,2.077,13.391
1983-01-08,,0.586,5.081,2.445,13.862
1983-01-09,,0.756,2.93,2.246,16.033
1983-01-10,,0.937,2.905,2.336,16.802
1983-01-11,,1.081,2.351,2.222,16.444
1983-01-12,,1.139,2.239,2.257,17.673
1983-01-13,,1.177,0.652,2.786,17.365
1983-01-14,,1.214,3.529,1.722,16.531
1983-01-15,,1.238,3.484,1.943,14.219
1983-01-16,,1.256,3.031,1.684,15.486
1983-01-17,,1.238,3.314,2.939,13.387
1983-01-18,,1.202,4.534,2.837,15.542
1983-01-19,,1.14,8.292,3.423,16.555
1983-01-20,,1.105,1.723,2.099,16.545
1983-01-21,,1.086,1.494,2.244,17.455
1983-01-22,,1.077,4.172,3.728,15.977
1983-01-23,,1.05,9.835,3.325,16.471
1983-01-24,,1.051,2.469,2.821,17.299
1983-01-25,,1.089,2.827,2.182,17.381
1983-01-26,,1.14,4.013,1.171,17.099
1983-01-27,,1.208,2.248,1.693,16.509
1983-01-28,,1.244,2.105,2.335,17.066
1983-01-29,,1.268,0.468,2.236,16.796
1983-01-30,,1.239,1.613,2.063,16.447
1983-01-31,,1.191,3.463,0.983,15.418
1983-02-01,,1.059,6.714,3.144,12.628
1983-02-02,,1.026,6.951,2.856,15.588
1983-02-03,,1.018,3.213,2.217,16.197
1983-02-04,,1.03,2.179,1.484,14.839
1983-02-05,,1.062,2.69,0.487,13.641
1983-02-06,,1.082,1.228,0.114,13.89
1983-02-07,,1.058,4.326,1.418,14.673
1983-02-08,,1.019,4.061,2.76,13.916
1983-02-09,,0.956,2.52,1.994,14.3
1983-02-10,,0.925,5.965,1.492,14.463
1983-02-11,,0.899,10.647,2.175,14.191
1983-02-12,,0.891,4.123,1.615,16.054
1983-02-13,,0.908,3.044,2.63,15.686
1983-02-14,,0.911,0.366,1.371,17.304
1983-02-15,,0.876,3.276,2.688,15.097
1983-02-16,,0.802,1.83,2.286,16.845
1983-02-17,,0.717,7.962,3.458,13.161
1983-02-18,,0.646,7.149,3.391,13.598
1983-02-19,,0.618,4.108,3.41,14.423
1983-02-20,,0.642,0.835,0.889,16.021
1983-02-21,,0.708,1.728,2.675,16.636
1983-02-22,,0.76,1.293,3.307,15.612
1983-02-23,,0.795,0.215,3.749,16.069
1983-02-24,,0.797,0.032,3.183,16.398
1983-02-25,,0.776,0.079,1.491,17.362
1983-02-26,,0.736,0.106,2.81,17.23
1983-02-27,,0.693,1.089,3.57,16.947
1983-02-28,,0.643,1.102,2.201,16.977
1983-03-01,,0.629,1.191,2.326,16.867
1983-03-02,,0.618,0.229,0.475,17.442
1983-03-03,,0.609,1.056,0.886,16.578
1983-03-04,,0.599,3.652,2.07,15.979
1983-03-05,,0.588,3.333,2.217,16.074
1983-03-06,,0.576,4.732,3.03,15.208
1983-03-07,,0.584,2.235,2.258,14.797
1983-03-08,,0.602,0.348,3.015,16.471
1983-03-09,,0.632,0.146,1.362,17.158
1983-03-10,,0.644,1.386,1.414,17.06
1983-03-11,,0.629,1.703,2.131,16.747
1983-03-12,,0.602,3.141,2.785,15.627
1983-03-13,,0.583,8.781,3.041,14.613
1983-03-14,,0.584,5.417,3.165,14.851
1983-03-15,,0.621,6.476,3.316,14.055
1983-03-16,,0.706,6.206,3.566,15.019
1983-03-17,,0.851,1.221,2.217,17.29
1983-03-18,,1.01,0.754,0.149,16.678
1983-03-19,,1.047,3.789,3.178,15.496
1983-03-20,,0.948,3.367,2.697,14.627
1983-03-21,,0.82,1.889,3.27,15.866
1983-03-22,,0.714,1.07,2.204,16.137
1983-03-23,,0.647,0.003,1.099,16.2
1983-03-24,,0.598,0.013,-0.337,16.934
1983-03-25,,0.552,0.021,-0.876,16.812
1983-03-26,,0.508,0.397,0.274,16.894
1983-03-27,,0.459,1.241,0.394,15.869
1983-03-28,,0.414,1.366,-0.173,14.985
1983-03-29,,0.371,0.316,-0.731,15.931
1983-03-30,,0.34,0.873,0.366,15.168
1983-03-31,,0.334,1.255,-0.19,15.161
1983-04-01,,0.343,7.578,1.935,13.993
1983-04-02,,0.355,4.717,2.157,13.298
1983-04-03,,0.393,5.284,2.38,13.307
1983-04-04,,0.47,3.909,2.383,14.548
1983-04-05,,0.545,6.466,2.519,14.975
1983-04-06,,0.593,2.985,0.99,14.974
1983-04-07,,0.614,1.392,2.355,15.477
1983-04-08,,0.626,2.446,2.595,15.844
1983-04-09,,0.615,0.961,1.435,16.041
1983-04-10,,0.596,0.253,0.524,15.399
1983-04-11,,0.57,0.576,1.338,15.918
1983-04-12,,0.529,0.007,-1.135,16.597
1983-04-13,,0.481,0.31,-1.473,16.836
1983-04-14,,0.422,0.086,-1.026,15.843
1983-04-15,,0.373,0.018,-1.092,16.623
1983-04-16,,0.336,0.001,-1.14,16.436
1983-04-17,,0.299,0.018,0.161,15.787
1983-04-18,,0.274,0.253,0.98,15.888
1983-04-19,,0.255,1.2,1.159,13.915
1983-04-20,,0.244,2.887,1.964,13.736
1983-04-21,,0.255,2.8,0.964,13.963
1983-04-22,,0.295,2.156,1.211,13.332
1983-04-23,,0.363,0.319,-0.801,14.565
1983-04-24,,0.431,0.009,-3.709,15.431
1983-04-25,,0.473,0.0,-3.732,15.875
1983-04-26,,0.469,0.0,-3.039,15.7
1983-04-27,,0.434,0.034,-2.999,16.266
1983-04-28,,0.385,0.443,-3.31,16.551
1983-04-29,,0.34,0.649,-2.89,15.801
1983-04-30,,0.294,0.201,-1.368,14.298
1983-05-01,,0.266,0.314,0.378,13.238
1983-05-02,,0.246,1.539,-0.186,13.293
1983-05-03,,0.237,0.777,-0.962,13.888
1983-05-04,,0.249,0.129,-2.228,14.438
1983-05-05,,0.288,0.195,-2.995,15.246
1983-05-06,,0.331,0.338,-0.652,14.375
1983-05-07,,0.349,0.007,-1.631,15.363
1983-05-08,,0.345,0.064,-3.779,16.299
1983-05-09,,0.33,0.11,-2.679,16.583
1983-05-10,,0.302,0.023,-2.453,16.446
1983-05-11,,0.278,0.0,-2.685,16.521
1983-05-12,,0.252,0.0,-3.005,15.708
1983-05-13,,0.231,0.453,-2.139,14.345
1983-05-14,,0.214,0.0,-1.803,13.998
1983-05-15,,0.203,0.0,-4.987,15.28
1983-05-16,,0.197,0.018,-5.615,15.795
1983-05-17,,0.193,0.217,-5.197,15.879
1983-05-18,,0.189,0.037,-4.159,15.134
1983-05-19,,0.185,0.161,-4.831,15.207
1983-05-20,,0.182,0.048,-5.396,15.369
1983-05-21,,0.175,0.0,-4.36,15.009
1983-05-22,,0.165,0.007,-6.652,14.586
1983-05-23,,0.159,0.053,-7.306,13.768
1983-05-24,,0.153,0.011,-6.635,13.998
1983-05-25,,0.15,0.0,-7.921,14.383
1983-05-26,,0.145,0.067,-9.461,15.392
1983-05-27,,0.14,0.014,-7.88,15.868
1983-05-28,,0.134,0.011,-7.708,15.713
1983-05-29,,0.129,0.0,-8.731,15.034
1983-05-30,,0.121,0.0,-5.829,13.999
1983-05-31,,0.115,0.052,-8.942,14.499
1983-06-01,,0.111,0.0,-6.787,14.17
1983-06-02,,0.109,0.004,-6.211,14.567
1983-06-03,,0.109,0.0,-7.744,14.662
1983-06-04,,0.11,0.139,-8.575,14.411
1983-06-05,,0.109,0.0,-7.266,14.605
1983-06-06,,0.107,0.024,-7.603,14.69
1983-06-07,,0.105,0.024,-8.094,15.002
1983-06-08,,0.103,0.0,-8.247,14.759
1983-06-09,,0.101,0.063,-8.287,14.98
1983-06-10,,0.1,0.077,-5.924,14.047
1983-06-11,,0.099,0.282,-4.098,12.984
1983-06-12,,0.098,0.107,-5.436,13.667
1983-06-13,,0.099,0.227,-6.733,13.526
1983-06-14,,0.101,0.149,-8.973,13.365
1983-06-15,,0.103,0.018,-7.308,13.529
1983-06-16,,0.104,0.059,-6.775,13.582
1983-06-17,,0.103,0.018,-6.59,13.446
1983-06-18,,0.101,0.013,-7.076,14.199
1983-06-19,,0.098,0.001,-7.299,13.979
1983-06-20,,0.095,0.003,-8.225,14.511
1983-06-21,,0.092,0.001,-7.528,14.684
1983-06-22,,0.09,0.005,-7.348,14.028
1983-06-23,,0.088,0.006,-7.139,13.86
1983-06-24,,0.086,0.028,-5.118,13.504
1983-06-25,,0.084,0.011,-5.321,13.391
1983-06-26,,0.084,0.001,-6.255,13.499
1983-06-27,,0.084,0.041,-5.272,13.777
1983-06-28,,0.083,0.086,-6.345,13.9
1983-06-29,,0.083,0.175,-5.697,12.652
1983-06-30,,0.083,0.0,-5.158,12.995
1983-07-01,,0.083,0.0,-8.088,14.669
1983-07-02,,0.084,0.008,-5.278,15.315
1983-07-03,,0.085,0.003,-4.582,14.406
1983-07-04,,0.086,0.0,-4.578,14.745
1983-07-05,,0.086,0.0,-6.177,14.735
1983-07-06,,0.084,0.0,-7.494,15.13
1983-07-07,,0.083,0.0,-6.117,14.709
1983-07-08,,0.081,0.0,-7.85,15.108
1983-07-09,,0.079,0.0,-7.75,14.727
1983-07-10,,0.076,0.001,-7.465,14.894
1983-07-11,,0.075,0.0,-6.211,15.881
1983-07-12,,0.074,0.0,-5.7,15.275
1983-07-13,,0.074,0.097,-5.531,15.542
1983-07-14,,0.073,0.0,-5.858,15.666
1983-07-15,,0.073,0.455,-5.702,15.636
1983-07-16,,0.072,0.776,-4.412,13.646
1983-07-17,,0.071,0.001,-4.326,14.287
1983-07-18,,0.07,0.0,-6.006,14.401
1983-07-19,,0.07,0.109,-9.012,13.697
1983-07-20,,0.069,0.001,-9.79,14.268
1983-07-21,,0.068,0.0,-7.732,14.751
1983-07-22,,0.067,0.003,-8.203,14.992
1983-07-23,,0.067,0.033,-6.866,14.258
1983-07-24,,0.067,0.017,-7.004,14.507
1983-07-25,,0.066,0.035,-4.384,13.396
1983-07-26,,0.066,0.078,-5.193,13.917
1983-07-27,,0.065,0.027,-9.182,13.252
1983-07-28,,0.065,0.0,-11.308,13.573
1983-07-29,,0.065,0.0,-8.22,14.36
1983-07-30,,0.065,0.265,-4.186,11.672
1983-07-31,,0.065,0.017,-4.618,13.107
1983-08-01,,0.06,0.069,-6.854,13.338
1983-08-02,,0.061,0.0,-7.199,14.13
1983-08-03,,0.061,0.009,-7.176,14.211
1983-08-04,,0.061,0.001,-7.999,14.884
1983-08-05,,0.06,0.001,-7.439,14.719
1983-08-06,,0.06,0.0,-7.098,15.719
1983-08-07,,0.059,0.001,-6.28,15.771
1983-08-08,,0.059,0.013,-5.539,15.209
1983-08-09,,0.058,0.006,-3.332,14.935
1983-08-10,,0.058,0.002,-4.576,15.582
1983-08-11,,0.057,0.032,-4.683,15.402
1983-08-12,,0.057,0.099,-4.36,15.704
1983-08-13,,0.057,0.001,-5.524,15.987
1983-08-14,,0.056,0.249,-3.792,15.516
1983-08-15,,0.056,0.085,-3.156,15.429
1983-08-16,,0.057,0.0,-3.451,14.851
1983-08-17,,0.057,0.002,-4.232,14.872
1983-08-18,,0.058,0.002,-4.446,14.691
1983-08-19,,0.058,0.001,-4.315,14.604
1983-08-20,,0.058,0.013,-3.958,14.378
1983-08-21,,0.057,0.053,-2.707,13.813
1983-08-22,,0.056,0.005,-5.625,15.077
1983-08-23,,0.056,0.009,-6.879,15.476
1983-08-24,,0.055,0.0,-5.805,15.486
1983-08-25,,0.055,0.033,-6.471,15.007
1983-08-26,,0.054,0.028,-3.538,13.624
1983-08-27,,0.054,0.03,-3.441,13.778
1983-08-28,,0.053,0.102,-2.509,14.287
1983-08-29,,0.054,0.028,-1.623,14.431
1983-08-30,,0.054,0.028,-0.694,15.409
1983-08-31,,0.055,0.022,-0.535,15.493
1983-09-01,,0.048,0.124,-0.472,14.654
1983-09-02,,0.049,0.011,-0.949,15.886
1983-09-03,,0.049,0.056,-2.639,16.176
1983-09-04,,0.049,0.058,-0.88,14.347
1983-09-05,,0.049,0.016,-3.813,15.863
1983-09-06,,0.049,0.152,-5.195,15.427
1983-09-07,,0.048,0.019,-3.198,16.055
1983-09-08,,0.048,1.031,-3.452,14.442
1983-09-09,,0.047,0.322,0.013,14.182
1983-09-10,,0.048,0.483,-2.286,13.361
1983-09-11,,0.051,0.226,-2.402,11.747
1983-09-12,,0.056,0.011,-4.956,13.065
1983-09-13,,0.063,0.024,-4.418,14.726
1983-09-14,,0.068,0.004,-4.078,16.094
1983-09-15,,0.07,0.044,-4.789,15.974
1983-09-16,,0.068,0.093,-4.099,16.263
1983-09-17,,0.064,0.178,-2.612,16.142
1983-09-18,,0.059,0.216,-3.922,16.684
1983-09-19,,0.055,1.032,-3.095,15.818
1983-09-20,,0.051,0.452,-1.119,15.775
1983-09-21,,0.048,0.266,-2.268,16.29
1983-09-22,,0.045,0.15,-1.803,16.457
1983-09-23,,0.044,0.436,-2.649,16.376
1983-09-24,,0.043,1.053,-2.27,15.885
1983-09-25,,0.043,1.64,-2.094,15.686
1983-09-26,,0.044,1.783,-2.904,15.395
1983-09-27,,0.047,1.815,-1.62,14.705
1983-09-28,,0.052,2.556,-2.256,14.938
1983-09-29,,0.058,1.939,-1.991,13.736
1983-09-30,,0.066,2.097,-1.038,13.565
1983-10-01,,0.059,1.968,0.788,12.07
1983-10-02,,0.065,4.244,0.067,11.415
1983-10-03,,0.069,2.013,-2.025,10.861
1983-10-04,,0.074,0.349,-0.733,12.603
1983-10-05,,0.08,0.209,-0.235,13.149
1983-10-06,,0.085,0.72,1.689,14.487
1983-10-07,,0.084,0.334,-0.676,14.755
1983-10-08,,0.08,0.307,-1.694,15.376
1983-10-09,,0.075,1.796,0.367,14.718
1983-10-10,,0.07,1.698,0.306,13.683
1983-10-11,,0.064,0.108,0.057,14.837
1983-10-12,,0.059,0.026,0.651,14.923
1983-10-13,,0.056,0.021,-1.725,16.448
1983-10-14,,0.054,0.063,-2.368,16.925
1983-10-15,,0.05,0.022,-1.947,16.55
1983-10-16,,0.046,0.017,-0.971,18.023
1983-10-17,,0.044,0.035,-0.271,17.159
1983-10-18,,0.043,0.469,0.709,15.139
1983-10-19,,0.042,0.029,-2.24,16.228
1983-10-20,,0.04,0.094,-2.245,16.961
1983-10-21,,0.038,0.001,-1.109,17.852
1983-10-22,,0.037,0.007,-3.6,18.031
1983-10-23,,0.036,0.057,-3.453,18.065
1983-10-24,,0.034,0.024,0.259,16.425
1983-10-25,,0.033,0.012,-0.747,18.499
1983-10-26,,0.032,0.007,-2.748,18.129
1983-10-27,,0.031,0.186,-1.578,16.897
1983-10-28,,0.031,0.156,0.137,16.295
1983-10-29,,0.03,0.085,0.234,15.781
1983-10-30,,0.03,0.046,-2.593,16.702
1983-10-31,,0.03,0.002,-0.692,16.167
1983-11-01,,0.025,0.274,-2.757,16.211
1983-11-02,,0.025,0.593,1.512,14.794
1983-11-03,,0.025,1.522,0.355,16.479
1983-11-04,,0.025,0.587,-0.304,16.209
1983-11-05,,0.025,2.027,0.453,16.877
1983-11-06,,0.025,0.903,-0.474,17.451
1983-11-07,,0.027,0.168,-1.811,17.497
1983-11-08,,0.028,0.217,-2.023,16.56
1983-11-09,,0.028,0.464,-3.104,17.167
1983-11-10,,0.028,0.163,-3.007,18.269
1983-11-11,,0.028,0.442,-1.776,18.22
1983-11-12,,0.026,0.077,-2.144,19.068
1983-11-13,,0.026,0.005,-1.544,18.819
1983-11-14,,0.027,1.229,-1.691,16.873
1983-11-15,,0.028,0.015,-1.935,17.185
1983-11-16,,0.029,0.019,-1.554,19.03
1983-11-17,,0.029,1.397,0.11,18.85
1983-11-18,,0.028,0.438,1.378,17.473
1983-11-19,,0.027,1.4,1.842,17.336
1983-11-20,,0.025,0.64,1.452,17.568
1983-11-21,,0.025,1.057,2.534,17.877
1983-11-22,,0.025,0.704,-0.077,17.896
1983-11-23,,0.025,0.766,-0.846,16.749
1983-11-24,,0.026,1.034,0.434,16.622
1983-11-25,,0.027,7.329,2.642,14.081
1983-11-26,,0.03,6.17,0.499,13.797
1983-11-27,,0.041,5.068,0.013,14.866
1983-11-28,,0.053,0.454,1.454,15.535
1983-11-29,,0.063,0.469,0.532,15.565
1983-11-30,,0.07,5.393,0.798,14.759
1983-12-01,,0.067,7.719,0.985,13.402
1983-12-02,,0.067,11.322,1.21,12.331
1983-12-03,,0.072,4.252,0.492,12.502
1983-12-04,,0.085,5.192,1.406,13.881
1983-12-05,,0.103,1.159,2.001,15.388
1983-12-06,,0.123,0.402,1.201,15.515
1983-12-07,,0.134,0.554,2.248,15.404
1983-12-08,,0.125,0.943,0.754,14.398
1983-12-09,,0.111,0.576,0.021,14.457
1983-12-10,,0.095,0.447,0.563,14.004
1983-12-11,,0.08,1.007,-0.657,14.281
1983-12-12,,0.07,1.939,-0.442,14.747
1983-12-13,,0.062,0.657,1.145,14.002
1983-12-14,,0.056,2.712,0.465,13.935
1983-12-15,,0.051,6.054,0.798,12.736
1983-12-16,,0.054,4.344,1.277,13.846
1983-12-17,,0.062,3.664,0.794,13.73
1983-12-18,,0.075,1.236,1.925,13.596
1983-12-19,,0.09,0.305,1.667,14.912
1983-12-20,,0.101,0.395,2.13,15.126
1983-12-21,,0.102,0.611,1.923,15.14
1983-12-22,,0.095,0.239,1.422,13.378
1983-12-23,,0.085,0.22,1.648,14.559
1983-12-24,,0.075,0.054,0.085,15.762
1983-12-25,,0.068,1.735,0.824,15.935
1983-12-26,,0.065,3.156,1.739,13.185
1983-12-27,,0.063,1.875,2.041,14.828
1983-12-28,,0.068,3.574,2.421,13.38
1983-12-29,,0.076,2.607,2.614,13.917
1983-12-30,,0.085,5.348,1.544,13.211
1983-12-31,,0.091,9.366,1.039,12.238
1984-01-01,,0.103,6.189,0.08,11.303
1984-01-02,,0.114,4.38,1.361,12.765
1984-01-03,,0.139,4.611,2.17,12.087
1984-01-04,,0.171,7.354,1.823,10.968
1984-01-05,,0.202,14.679,1.817,9.923
1984-01-06,,0.241,7.507,0.49,10.48
1984-01-07,,0.277,6.577,0.843,11.343
1984-01-08,,0.342,5.23,1.714,10.781
1984-01-09,,0.43,7.248,1.527,11.421
1984-01-10,,0.509,7.608,1.973,10.82
1984-01-11,,0.561,8.558,1.875,10.216
1984-01-12,,0.622,9.869,1.168,10.852
1984-01-13,,0.721,6.836,1.109,11.137
1984-01-14,,0.829,9.426,1.349,11.905
1984-01-15,,0.89,5.559,1.415,10.69
1984-01-16,,0.875,5.637,1.556,10.547
1984-01-17,,0.779,4.471,1.238,10.327
1984-01-18,,0.704,5.48,1.438,11.982
1984-01-19,,0.657,6.237,1.126,11.701
1984-01-20,,0.666,9.833,0.408,11.415
1984-01-21,,0.695,8.031,2.091,11.345
1984-01-22,,0.709,7.817,0.972,11.066
1984-01-23,,0.745,6.907,1.701,10.847
1984-01-24,,0.812,8.558,1.88,11.373
1984-01-25,,0.913,6.355,2.235,11.436
1984-01-26,,1.02,9.472,2.152,11.454
1984-01-27,,1.14,8.582,2.555,10.716
1984-01-28,,1.23,11.048,1.828,10.786
1984-01-29,,1.29,8.462,1.155,10.995
1984-01-30,,1.344,6.099,1.614,10.618
1984-01-31,,1.43,4.785,2.659,12.472
1984-02-01,,1.468,6.889,3.01,11.986
1984-02-02,,1.512,4.619,2.51,12.03
1984-02-03,,1.494,13.312,2.11,11.716
1984-02-04,,1.418,8.113,1.29,10.956
1984-02-05,,1.299,5.858,2.157,12.02
1984-02-06,,1.219,3.842,2.052,11.903
1984-02-07,,1.163,5.118,3.102,11.238
1984-02-08,,1.13,8.408,2.573,11.023
1984-02-09,,1.117,4.122,2.753,11.702
1984-02-10,,1.113,5.344,3.069,11.65
1984-02-11,,1.113,7.806,2.881,12.527
1984-02-12,,1.128,3.393,2.785,13.113
1984-02-13,,1.137,5.72,3.019,12.778
1984-02-14,,1.128,7.608,3.087,11.687
1984-02-15,,1.102,7.477,2.691,11.529
1984-02-16,,1.081,8.48,2.792,10.619
1984-02-17,,1.083,5.475,2.502,10.802
1984-02-18,,1.139,3.35,1.902,10.844
1984-02-19,,1.283,6.042,1.915,13.388
1984-02-20,,1.51,6.703,2.732,11.2
1984-02-21,,1.7,7.189,2.82,11.695
1984-02-22,,1.829,8.737,3.105,10.999
1984-02-23,,1.912,7.942,2.825,11.007
1984-02-24,,1.967,9.674,2.327,12.152
1984-02-25,,2.017,6.048,2.134,12.022
1984-02-26,,2.051,4.148,1.734,12.646
1984-02-27,,2.037,7.26,2.216,11.264
1984-02-28,,1.971,3.207,1.958,12.147
1984-02-29,,1.899,1.566,1.266,12.505
1984-03-01,,1.7,14.457,1.506,11.278
1984-03-02,,1.644,4.896,1.834,11.972
1984-03-03,,1.631,4.216,1.597,12.803
1984-03-04,,1.671,4.479,2.07,13.88
1984-03-05,,1.748,4.569,1.81,14.273
1984-03-06,,1.835,3.695,1.461,13.299
1984-03-07,,1.853,3.86,0.971,13.704
1984-03-08,,1.849,3.53,2.244,13.994
1984-03-09,,1.807,1.789,2.292,12.594
1984-03-10,,1.717,2.533,1.5,12.642
1984-03-11,,1.65,5.496,1.518,12.39
1984-03-12,,1.635,6.756,0.891,12.219
1984-03-13,,1.768,3.062,2.148,11.636
1984-03-14,,1.961,1.8,2.143,11.377
1984-03-15,,2.07,0.515,1.062,13.905
1984-03-16,,2.072,1.883,1.622,13.69
1984-03-17,,1.979,3.902,2.275,12.527
1984-03-18,,1.849,4.282,3.107,13.043
1984-03-19,,1.723,4.311,2.605,12.33
1984-03-20,,1.686,3.107,2.624,12.331
1984-03-21,,1.807,3.205,1.703,12.555
1984-03-22,,1.993,1.84,2.308,13.391
1984-03-23,,2.171,2.94,2.152,13.1
1984-03-24,,2.266,2.573,2.486,12.621
1984-03-25,,2.315,5.116,1.857,14.292
1984-03-26,,2.331,5.005,2.867,12.772
1984-03-27,,2.362,9.874,2.955,12.791
1984-03-28,,2.394,7.702,2.814,13.376
1984-03-29,,2.429,7.332,3.018,13.794
1984-03-30,,2.454,4.479,2.443,12.108
1984-03-31,,2.462,3.435,3.318,13.124
1984-04-01,,2.332,3.34,2.373,12.323
1984-04-02,,2.353,1.119,1.684,12.484
1984-04-03,,2.3,1.981,1.354,12.939
1984-04-04,,2.132,5.607,0.572,11.895
1984-04-05,,2.006,0.682,-0.488,11.624
1984-04-06,,1.894,1.998,-0.625,12.711
1984-04-07,,1.72,0.109,0.662,13.017
1984-04-08,,1.549,0.041,1.246,13.095
1984-04-09,,1.427,0.0,-1.648,13.729
1984-04-10,,1.296,0.001,-2.436,13.72
1984-04-11,,1.173,0.01,-1.027,13.438
1984-04-12,,1.036,0.178,0.001,14.356
1984-04-13,,0.886,0.002,0.803,13.033
1984-04-14,,0.787,0.569,-1.181,13.576
1984-04-15,,0.719,0.001,-1.148,13.581
1984-04-16,,0.676,1.893,-0.746,13.89
1984-04-17,,0.631,1.738,0.31,13.085
1984-04-18,,0.598,1.074,-0.217,13.993
1984-04-19,,0.579,2.035,1.433,13.498
1984-04-20,,0.564,2.232,0.299,14.325
1984-04-21,,0.544,1.678,-0.125,13.781
1984-04-22,,0.529,2.512,1.771,12.401
1984-04-23,,0.523,2.666,0.354,13.218
1984-04-24,,0.523,7.039,1.36,11.976
1984-04-25,,0.545,2.697,1.454,11.859
1984-04-26,,0.579,0.627,1.553,13.222
1984-04-27,,0.603,0.45,0.264,13.563
1984-04-28,,0.616,0.084,-1.659,13.571
1984-04-29,,0.602,0.009,-2.729,14.206
1984-04-30,,0.574,0.033,-1.137,14.904
1984-05-01,,0.527,0.013,-3.514,14.407
1984-05-02,,0.47,0.055,-3.211,14.927
1984-05-03,,0.413,0.027,-3.1,15.519
1984-05-04,,0.373,0.546,-2.146,14.737
1984-05-05,,0.342,1.628,-0.946,14.519
1984-05-06,,0.318,0.224,-1.458,14.053
1984-05-07,,0.306,0.862,-0.205,13.34
1984-05-08,,0.324,0.427,-0.717,13.812
1984-05-09,,0.343,0.27,-2.158,13.159
1984-05-10,,0.358,0.03,-3.404,12.791
1984-05-11,,0.361,0.067,-4.156,13.753
1984-05-12,,0.349,0.05,-5.452,13.923
1984-05-13,,0.332,0.225,-5.723,12.407
1984-05-14,,0.308,0.007,-8.647,13.02
1984-05-15,,0.288,0.02,-6.655,12.577
1984-05-16,,0.267,0.151,-5.476,13.156
1984-05-17,,0.249,0.063,-3.248,13.963
1984-05-18,,0.238,0.156,-4.903,13.925
1984-05-19,,0.23,0.094,-5.016,14.359
1984-05-20,,0.224,0.816,-3.791,13.68
1984-05-21,,0.224,4.514,-1.481,12.764
1984-05-22,,0.242,0.988,-1.304,13.001
1984-05-23,,0.286,0.068,-4.181,15.032
1984-05-24,,0.355,0.459,-2.824,14.9
1984-05-25,,0.404,0.148,-4.7,14.489
1984-05-26,,0.422,0.069,-5.415,14.902
1984-05-27,,0.389,0.038,-5.338,15.023
1984-05-28,,0.354,0.115,-4.514,15.339
1984-05-29,,0.307,0.535,-4.27,15.706
1984-05-30,,0.27,1.62,-3.084,14.631
1984-05-31,,0.241,1.389,-2.382,14.256
1984-06-01,,0.222,0.855,-3.2,14.165
1984-06-02,,0.205,0.731,-5.099,14.024
1984-06-03,,0.2,0.271,-5.525,12.357
1984-06-04,,0.2,0.344,-5.228,12.538
1984-06-05,,0.2,0.218,-4.601,12.885
1984-06-06,,0.197,0.055,-6.426,11.032
1984-06-07,,0.188,0.081,-5.717,12.504
1984-06-08,,0.181,0.0,-6.272,13.202
1984-06-09,,0.177,0.105,-6.747,12.34
1984-06-10,,0.181,0.016,-5.428,12.218
1984-06-11,,0.185,0.236,-3.625,13.057
1984-06-12,,0.185,0.454,-4.373,14.167
1984-06-13,,0.179,0.197,-6.041,14.353
1984-06-14,,0.17,0.367,-5.667,14.417
1984-06-15,,0.16,0.522,-4.066,13.395
1984-06-16,,0.153,0.468,-6.743,13.114
1984-06-17,,0.146,0.357,-7.312,13.174
1984-06-18,,0.141,0.262,-5.416,13.24
1984-06-19,,0.136,0.858,-6.473,13.373
1984-06-20,,0.133,0.117,-8.02,12.528
1984-06-21,,0.133,0.122,-7.805,12.298
1984-06-22,,0.135,0.176,-7.044,11.674
1984-06-23,,0.137,0.283,-6.465,11.259
1984-06-24,,0.141,0.146,-4.227,12.44
1984-06-25,,0.149,0.197,-5.679,12.909
1984-06-26,,0.161,0.06,-8.695,11.832
1984-06-27,,0.175,0.013,-9.53,12.442
1984-06-28,,0.181,0.053,-9.45,12.401
1984-06-29,,0.174,0.002,-7.144,12.301
1984-06-30,,0.161,0.001,-7.937,13.361
1984-07-01,,0.153,0.0,-8.116,13.743
1984-07-02,,0.14,0.0,-11.198,13.348
1984-07-03,,0.127,0.0,-9.873,13.163
1984-07-04,,0.114,0.012,-9.54,13.711
1984-07-05,,0.108,0.0,-8.178,13.707
1984-07-06,,0.103,1.116,-7.74,13.156
1984-07-07,,0.1,0.868,-7.394,12.254
1984-07-08,,0.096,1.032,-6.48,12.4
1984-07-09,,0.093,0.19,-5.614,13.597
1984-07-10,,0.092,1.48,-6.246,13.194
1984-07-11,,0.09,0.961,-5.659,12.99
1984-07-12,,0.09,1.549,-5.988,12.419
1984-07-13,,0.09,1.794,-7.012,12.481
1984-07-14,,0.089,2.142,-5.6,12.515
1984-07-15,,0.088,1.211,-5.368,12.328
1984-07-16,,0.089,0.545,-5.952,12.053
1984-07-17,,0.09,1.158,-5.866,11.17
1984-07-18,,0.092,0.062,-7.772,11.592
1984-07-19,,0.093,0.033,-7.026,11.509
1984-07-20,,0.093,0.025,-5.628,12.523
1984-07-21,,0.092,0.001,-7.026,12.298
1984-07-22,,0.09,0.0,-8.547,12.224
1984-07-23,,0.089,0.0,-8.016,12.019
1984-07-24,,0.087,0.014,-8.233,12.471
1984-07-25,,0.085,0.0,-8.012,12.265
1984-07-26,,0.083,0.005,-8.502,12.713
1984-07-27,,0.082,0.01,-7.038,13.073
1984-07-28,,0.08,0.011,-7.08,12.264
1984-07-29,,0.079,0.087,-6.87,12.494
1984-07-30,,0.077,0.0,-5.899,12.169
1984-07-31,,0.076,0.0,-8.773,14.016
1984-08-01,,0.072,0.079,-8.931,14.348
1984-08-02,,0.071,1.044,-8.532,14.391
1984-08-03,,0.071,0.899,-7.7,13.791
1984-08-04,,0.07,0.507,-5.968,13.702
1984-08-05,,0.07,0.437,-3.324,13.322
1984-08-06,,0.07,0.002,-3.5,13.933
1984-08-07,,0.07,0.004,-5.782,12.454
1984-08-08,,0.072,0.005,-4.707,13.429
1984-08-09,,0.076,0.204,-4.617,12.925
1984-08-10,,0.083,0.554,-5.944,11.713
1984-08-11,,0.087,0.395,-4.649,12.417
1984-08-12,,0.092,0.144,-5.592,13.446
1984-08-13,,0.096,0.042,-4.923,13.786
1984-08-14,,0.101,0.097,-5.22,14.376
1984-08-15,,0.101,0.566,-5.098,14.261
1984-08-16,,0.097,2.353,-5.538,14.166
1984-08-17,,0.091,0.812,-6.137,14.169
1984-08-18,,0.086,0.497,-5.237,13.827
1984-08-19,,0.083,0.357,-4.704,13.471
1984-08-20,,0.082,0.003,-6.608,13.944
1984-08-21,,0.083,0.003,-8.025,14.615
1984-08-22,,0.084,0.012,-9.548,14.243
1984-08-23,,0.083,0.001,-9.25,14.403
1984-08-24,,0.08,0.085,-8.622,13.392
1984-08-25,,0.076,1.632,-3.685,11.241
1984-08-26,,0.073,1.047,-2.843,10.432
1984-08-27,,0.073,0.329,-5.749,11.611
1984-08-28,,0.076,0.161,-9.206,12.222
1984-08-29,,0.08,0.001,-10.668,11.78
1984-08-30,,0.082,0.001,-10.932,12.712
1984-08-31,,0.082,0.007,-9.992,12.888
1984-09-01,,0.07,0.001,-8.403,13.771
1984-09-02,,0.067,0.078,-7.689,11.954
1984-09-03,,0.065,0.008,-5.853,12.114
1984-09-04,,0.06,0.003,-5.286,12.753
1984-09-05,,0.058,0.0,-7.899,13.68
1984-09-06,,0.055,0.0,-6.409,14.589
1984-09-07,,0.053,0.0,-7.523,14.518
1984-09-08,,0.051,0.002,-6.954,13.861
1984-09-09,,0.05,0.333,-5.308,13.457
1984-09-10,,0.049,0.096,-4.692,14.121
1984-09-11,,0.049,0.001,-7.048,14.589
1984-09-12,,0.048,0.001,-5.579,14.361
1984-09-13,,0.048,0.001,-6.079,14.524
1984-09-14,,0.047,0.004,-4.881,13.879
1984-09-15,,0.047,0.051,-3.104,14.269
1984-09-16,,0.047,0.07,-6.146,14.813
1984-09-17,,0.048,0.001,-4.613,15.698
1984-09-18,,0.048,0.001,-5.792,16.433
1984-09-19,,0.049,0.007,-6.121,16.723
1984-09-20,,0.049,0.0,-6.761,15.961
1984-09-21,,0.048,0.085,-6.035,15.477
1984-09-22,,0.048,0.173,-2.46,14.666
1984-09-23,,0.047,1.064,-2.282,13.645
1984-09-24,,0.046,0.591,-2.845,14.89
1984-09-25,,0.045,0.332,-4.294,15.042
1984-09-26,,0.045,0.163,-3.643,15.682
1984-09-27,,0.046,1.091,-0.548,14.898
1984-09-28,,0.046,0.669,-1.17,14.867
1984-09-29,,0.047,0.33,-2.523,15.031
1984-09-30,,0.047,0.12,-3.366,15.893
1984-10-01,,0.041,0.856,-2.5,15.92
1984-10-02,,0.041,0.729,-2.244,15.642
1984-10-03,,0.041,1.042,-1.67,15.515
1984-10-04,,0.041,0.677,-0.792,14.428
1984-10-05,,0.043,1.961,-0.337,14.88
1984-10-06,,0.046,0.454,-1.746,15.41
1984-10-07,,0.053,1.336,-1.73,15.014
1984-10-08,,0.057,1.981,1.306,13.85
1984-10-09,,0.064,1.247,-0.323,14.131
1984-10-10,,0.07,1.107,-1.849,14.988
1984-10-11,,0.077,8.584,-0.89,15.591
1984-10-12,,0.086,4.87,-1.739,14.177
1984-10-13,,0.108,7.252,0.091,14.533
1984-10-14,,0.153,8.447,0.717,13.975
1984-10-15,,0.241,5.16,0.996,13.622
1984-10-16,,0.303,2.451,1.43,13.59
1984-10-17,,0.309,7.479,1.448,14.255
1984-10-18,,0.303,4.654,0.56,13.741
1984-10-19,,0.287,2.627,1.809,13.126
1984-10-20,,0.271,5.405,1.289,14.238
1984-10-21,,0.261,4.162,2.072,14.386
1984-10-22,,0.275,4.243,-0.101,14.437
1984-10-23,,0.301,5.089,0.324,15.464
1984-10-24,,0.313,3.426,-0.776,14.437
1984-10-25,,0.318,5.735,1.073,14.199
1984-10-26,,0.311,3.238,1.627,14.315
1984-10-27,,0.303,6.779,2.482,13.945
1984-10-28,,0.308,3.398,1.433,14.306
1984-10-29,,0.432,1.916,0.408,14.259
1984-10-30,,0.541,9.652,-0.591,12.822
1984-10-31,,0.566,8.262,0.649,12.176
1984-11-01,,1.042,1.87,0.763,13.646
1984-11-02,,1.094,1.07,0.244,14.851
1984-11-03,,1.144,1.529,0.576,14.691
1984-11-04,,1.232,4.108,1.346,13.386
1984-11-05,,1.289,2.385,-1.857,14.496
1984-11-06,,1.381,0.71,-1.35,14.231
1984-11-07,,1.382,2.174,-1.09,14.688
1984-11-08,,1.161,0.725,-0.333,14.944
1984-11-09,,1.045,1.336,0.695,14.728
1984-11-10,,0.879,5.197,0.051,13.924
1984-11-11,,0.738,1.542,-1.158,14.101
1984-11-12,,0.6,0.899,-1.589,14.242
1984-11-13,,0.588,4.868,0.641,12.485
1984-11-14,,0.625,5.562,0.584,12.785
1984-11-15,,0.763,4.752,1.157,13.931
1984-11-16,,0.99,5.154,1.09,13.696
1984-11-17,,1.654,5.861,2.198,14.12
1984-11-18,,2.385,9.498,2.543,12.296
1984-11-19,,2.402,4.873,2.0,13.137
1984-11-20,,2.402,6.393,1.696,13.494
1984-11-21,,2.402,5.676,1.497,13.22
1984-11-22,,2.402,7.118,1.908,12.396
1984-11-23,,2.402,6.337,2.374,13.577
1984-11-24,,2.402,4.501,1.399,13.479
1984-11-25,,2.402,6.229,1.951,12.608
1984-11-26,,2.402,5.592,0.871,12.477
1984-11-27,,2.402,5.28,1.622,13.379
1984-11-28,,2.402,3.074,1.687,13.523
1984-11-29,,2.402,3.033,1.199,13.189
1984-11-30,,2.402,2.619,2.608,13.209
1984-12-01,,3.001,6.032,2.638,12.602
1984-12-02,,3.001,6.953,0.948,13.611
1984-12-03,,3.001,6.846,1.258,12.684
1984-12-04,,3.001,6.63,1.841,12.161
1984-12-05,,3.001,6.207,1.218,12.781
1984-12-06,,3.001,9.841,1.19,13.658
1984-12-07,,3.001,4.987,2.313,13.733
1984-12-08,,3.001,6.34,2.305,11.917
1984-12-09,,3.001,4.751,2.008,11.871
1984-12-10,,3.001,5.844,1.369,12.824
1984-12-11,,3.001,6.353,1.103,11.746
1984-12-12,,3.001,2.648,-0.16,12.497
1984-12-13,,3.001,2.675,0.411,13.058
1984-12-14,,3.001,0.906,0.995,15.111
1984-12-15,,3.001,0.023,-0.852,16.673
1984-12-16,,3.001,0.152,-1.955,16.849
1984-12-17,,2.948,1.016,-1.185,16.498
1984-12-18,,2.82,2.496,0.012,14.011
1984-12-19,,2.796,1.898,-0.198,14.157
1984-12-20,,2.796,9.266,0.376,12.114
1984-12-21,,2.765,9.76,-0.355,11.935
1984-12-22,,2.51,5.93,-0.017,11.126
1984-12-23,,2.465,6.101,-0.823,13.528
1984-12-24,,2.713,3.582,0.257,12.696
1984-12-25,,2.784,4.378,0.913,11.994
1984-12-26,,2.796,2.848,0.92,12.865
1984-12-27,,2.796,4.584,1.018,14.172
1984-12-28,,2.796,2.2,2.068,13.699
1984-12-29,,2.794,1.011,2.827,14.035
1984-12-30,,2.77,1.131,2.295,13.569
1984-12-31,,2.709,5.9,2.27,12.417
1985-01-01,,2.05,5.206,2.317,12.257
1985-01-02,,1.908,5.868,2.552,13.375
1985-01-03,,1.87,12.394,2.514,12.028
1985-01-04,,1.91,5.202,2.353,14.904
1985-01-05,,2.029,9.555,2.444,11.824
1985-01-06,,2.116,6.437,2.216,11.452
1985-01-07,,2.325,3.26,2.251,11.614
1985-01-08,,2.433,4.485,1.831,12.035
1985-01-09,,2.512,14.533,0.764,11.414
1985-01-10,,2.535,1.382,0.836,13.438
1985-01-11,,2.535,3.896,1.799,14.578
1985-01-12,,2.513,4.587,1.335,13.974
1985-01-13,,2.445,5.055,1.59,13.532
1985-01-14,,2.383,6.227,0.983,13.214
1985-01-15,,2.24,7.397,2.844,12.485
1985-01-16,,2.173,4.268,3.028,11.345
1985-01-17,,2.133,3.764,1.57,12.664
1985-01-18,,2.156,2.356,1.027,12.697
1985-01-19,,2.203,0.551,1.01,12.902
1985-01-20,,2.239,0.447,1.6,13.525
1985-01-21,,2.178,0.296,0.148,13.444
1985-01-22,,2.041,2.337,0.519,12.464
1985-01-23,,1.823,0.676,0.64,12.942
1985-01-24,,1.543,0.493,1.939,14.069
1985-01-25,,1.288,0.177,1.134,13.866
1985-01-26,,1.14,0.746,1.934,13.992
1985-01-27,,1.019,3.101,0.719,11.625
1985-01-28,,0.926,0.621,0.659,12.567
1985-01-29,,0.844,0.054,0.422,13.211
1985-01-30,,0.778,0.895,0.288,13.293
1985-01-31,,0.734,1.757,1.223,12.425
1985-02-01,,0.699,4.484,2.01,12.46
1985-02-02,,0.691,9.862,1.846,11.222
1985-02-03,,0.712,9.152,1.343,11.767
1985-02-04,,0.794,10.648,1.038,11.223
1985-02-05,,0.972,2.9,0.783,11.239
1985-02-06,,1.151,2.01,1.166,12.242
1985-02-07,,1.321,1.508,2.054,12.681
1985-02-08,,1.437,3.516,1.27,12.977
1985-02-09,,1.462,2.074,2.4,13.415
1985-02-10,,1.46,1.483,1.532,13.235
1985-02-11,,1.444,2.924,2.146,13.903
1985-02-12,,1.422,6.136,2.96,12.537
1985-02-13,,1.398,7.244,3.042,12.61
1985-02-14,,1.408,7.615,2.539,12.769
1985-02-15,,1.439,7.446,2.728,11.843
1985-02-16,,1.46,3.484,2.646,12.684
1985-02-17,,1.468,4.117,2.993,12.839
1985-02-18,,1.486,7.944,2.409,13.137
1985-02-19,,1.519,6.224,2.127,12.714
1985-02-20,,1.58,4.311,3.209,12.394
1985-02-21,,1.677,1.271,3.111,12.651
1985-02-22,,1.708,2.374,2.364,13.707
1985-02-23,,1.706,2.494,2.536,13.001
1985-02-24,,1.682,6.419,1.815,11.207
1985-02-25,,1.659,2.268,1.584,12.635
1985-02-26,,1.682,4.644,2.172,12.453
1985-02-27,,1.759,5.043,2.916,13.114
1985-02-28,,1.868,4.939,2.944,12.346
1985-03-01,,1.84,9.386,2.213,12.326
1985-03-02,,1.849,3.797,2.414,12.719
1985-03-03,,1.836,2.622,2.23,13.396
1985-03-04,,1.757,2.677,1.576,13.369
1985-03-05,,1.667,4.113,1.758,13.241
1985-03-06,,1.588,7.76,0.863,13.533
1985-03-07,,1.522,8.987,1.15,12.058
1985-03-08,,1.528,6.223,1.603,11.656
1985-03-09,,1.597,5.429,1.202,12.993
1985-03-10,,1.676,5.567,1.651,12.841
1985-03-11,,1.769,9.229,1.466,12.339
1985-03-12,,1.814,6.137,1.037,12.478
1985-03-13,,1.84,5.028,1.094,13.01
1985-03-14,,1.852,2.879,1.55,13.968
1985-03-15,,1.849,0.533,0.698,14.944
1985-03-16,,1.775,0.25,0.252,15.347
1985-03-17,,1.631,0.089,1.482,14.827
1985-03-18,,1.443,0.7,1.46,14.529
1985-03-19,,1.224,2.229,2.187,12.566
1985-03-20,,1.07,2.938,1.475,13.284
1985-03-21,,0.935,8.671,1.137,13.362
1985-03-22,,0.877,4.406,0.935,11.89
1985-03-23,,0.901,2.474,2.198,12.933
1985-03-24,,1.059,1.571,2.467,13.265
1985-03-25,,1.329,3.86,3.012,13.607
1985-03-26,,1.682,4.564,3.114,13.768
1985-03-27,,1.927,0.514,2.224,14.937
1985-03-28,,2.001,2.751,2.042,15.472
1985-03-29,,1.993,2.858,1.497,14.478
1985-03-30,,1.951,3.38,2.122,12.96
1985-03-31,,1.856,3.507,2.567,13.391
1985-04-01,,1.688,3.057,1.839,13.376
1985-04-02,,1.665,4.482,2.452,12.919
1985-04-03,,1.638,4.137,2.309,11.805
1985-04-04,,1.64,6.662,1.839,10.921
1985-04-05,,1.681,2.156,1.564,12.174
1985-04-06,,1.774,3.145,0.99,13.116
1985-04-07,,1.842,2.739,-0.369,12.651
1985-04-08,,1.893,3.883,1.486,11.897
1985-04-09,,1.894,5.611,0.369,11.885
1985-04-10,,1.892,2.42,0.703,12.559
1985-04-11,,1.842,5.248,-0.194,13.292
1985-04-12,,1.77,0.749,1.34,12.579
1985-04-13,,1.68,1.652,0.889,13.603
1985-04-14,,1.611,1.096,0.945,13.861
1985-04-15,,1.548,0.313,0.46,15.211
1985-04-16,,1.469,0.658,0.002,15.438
1985-04-17,,1.342,1.014,-0.408,15.59
1985-04-18,,1.223,5.292,1.074,13.195
1985-04-19,,1.121,2.535,2.383,12.035
1985-04-20,,1.105,4.692,1.716,12.622
1985-04-21,,1.156,6.51,0.756,12.35
1985-04-22,,1.262,5.269,0.267,12.147
1985-04-23,,1.426,5.966,1.406,12.181
1985-04-24,,1.596,6.666,1.485,11.359
1985-04-25,,1.736,3.677,0.583,11.041
1985-04-26,,1.859,0.605,-0.089,12.382
1985-04-27,,1.895,0.658,-1.946,13.101
1985-04-28,,1.868,0.235,-1.27,13.454
1985-04-29,,1.729,0.758,-0.98,13.727
1985-04-30,,1.546,0.942,0.681,13.62
1985-05-01,,1.227,0.742,0.575,12.232
1985-05-02,,1.095,0.237,-1.202,13.212
1985-05-03,,0.944,0.182,-2.139,14.381
1985-05-04,,0.848,0.081,-2.857,13.398
1985-05-05,,0.804,0.022,-3.945,13.585
1985-05-06,,0.76,0.716,-2.159,14.444
1985-05-07,,0.727,1.001,-1.879,14.515
1985-05-08,,0.697,0.45,-3.213,15.223
1985-05-09,,0.666,0.168,-3.145,15.358
1985-05-10,,0.642,1.624,-0.993,13.65
1985-05-11,,0.613,0.145,-1.631,12.913
1985-05-12,,0.59,0.082,-1.594,12.571
1985-05-13,,0.57,0.131,-2.84,12.549
1985-05-14,,0.541,0.173,-1.881,12.737
1985-05-15,,0.521,0.565,-2.09,11.745
1985-05-16,,0.499,0.232,-2.478,11.453
1985-05-17,,0.489,0.02,-4.261,12.64
1985-05-18,,0.484,0.101,-4.529,12.945
1985-05-19,,0.482,0.066,-3.466,13.421
1985-05-20,,0.468,0.318,-2.217,13.904
1985-05-21,,0.443,0.155,-3.071,14.187
1985-05-22,,0.415,0.582,-3.152,13.694
1985-05-23,,0.394,0.625,-2.377,12.538
1985-05-24,,0.386,0.354,-2.696,12.299
1985-05-25,,0.38,0.314,-3.293,12.192
1985-05-26,,0.372,0.837,-4.165,12.882
1985-05-27,,0.37,1.075,-3.641,12.823
1985-05-28,,0.366,0.589,-3.103,13.299
1985-05-29,,0.366,1.149,-4.803,13.051
1985-05-30,,0.371,1.341,-2.424,12.313
1985-05-31,,0.384,1.486,-2.901,11.937
1985-06-01,,0.412,0.447,-2.888,11.989
1985-06-02,,0.478,0.14,-3.684,12.482
1985-06-03,,0.548,0.305,-3.05,10.969
1985-06-04,,0.583,0.112,-1.632,10.928
1985-06-05,,0.623,1.22,-2.176,11.458
1985-06-06,,0.655,0.968,-2.633,10.153
1985-06-07,,0.711,0.813,-3.624,11.001
1985-06-08,,0.727,0.258,-4.845,10.494
1985-06-09,,0.722,0.073,-6.27,10.05
1985-06-10,,0.649,0.04,-5.803,11.192
1985-06-11,,0.58,0.004,-5.219,11.909
1985-06-12,,0.529,0.092,-5.289,11.947
1985-06-13,,0.471,0.06,-5.413,11.805
1985-06-14,,0.408,0.068,-8.194,12.279
1985-06-15,,0.371,0.0,-7.995,12.446
1985-06-16,,0.34,0.071,-7.737,12.739
1985-06-17,,0.31,0.007,-8.085,13.274
1985-06-18,,0.285,0.059,-7.243,13.007
1985-06-19,,0.272,0.003,-6.308,12.559
1985-06-20,,0.262,0.002,-7.236,13.035
1985-06-21,,0.252,0.344,-7.655,13.183
1985-06-22,,0.245,0.83,-6.829,12.44
1985-06-23,,0.241,2.468,-6.407,11.362
1985-06-24,,0.238,2.302,-5.493,10.799
1985-06-25,,0.241,0.206,-6.341,11.582
1985-06-26,,0.25,0.008,-6.666,11.969
1985-06-27,,0.264,0.005,-6.882,12.262
1985-06-28,,0.272,0.076,-6.575,13.094
1985-06-29,,0.271,0.0,-5.978,13.484
1985-06-30,,0.263,0.0,-7.466,12.234
1985-07-01,,0.261,0.268,-9.501,11.3
1985-07-02,,0.247,0.093,-10.464,11.411
1985-07-03,,0.237,0.192,-9.969,11.682
1985-07-04,,0.23,0.009,-9.735,12.435
1985-07-05,,0.22,0.041,-10.479,12.373
1985-07-06,,0.215,0.589,-9.061,10.794
1985-07-07,,0.208,0.114,-8.704,10.37
1985-07-08,,0.204,0.096,-8.681,11.735
1985-07-09,,0.201,0.164,-7.63,12.239
1985-07-10,,0.199,0.16,-8.447,11.108
1985-07-11,,0.197,0.03,-7.641,11.89
1985-07-12,,0.193,0.002,-7.247,12.336
1985-07-13,,0.191,0.001,-7.273,12.14
1985-07-14,,0.189,0.014,-8.159,12.644
1985-07-15,,0.186,0.072,-7.167,11.519
1985-07-16,,0.185,0.011,-7.162,11.355
1985-07-17,,0.185,0.0,-7.143,11.696
1985-07-18,,0.183,0.009,-7.794,11.14
1985-07-19,,0.18,0.002,-8.459,10.903
1985-07-20,,0.178,0.0,-7.577,11.567
1985-07-21,,0.178,0.001,-8.075,11.668
1985-07-22,,0.175,0.0,-8.181,12.495
1985-07-23,,0.174,0.007,-8.006,12.397
1985-07-24,,0.171,0.012,-7.763,12.026
1985-07-25,,0.169,0.001,-8.724,12.179
1985-07-26,,0.167,0.099,-9.038,12.013
1985-07-27,,0.165,0.311,-8.998,12.703
1985-07-28,,0.164,0.134,-9.178,13.338
1985-07-29,,0.163,0.001,-7.344,13.761
1985-07-30,,0.162,0.0,-7.146,13.338
1985-07-31,,0.16,0.28,-8.399,12.693
1985-08-01,,0.152,0.0,-9.048,12.362
1985-08-02,,0.149,0.165,-8.264,12.103
1985-08-03,,0.148,0.001,-8.645,13.039
1985-08-04,,0.144,0.0,-7.638,14.302
1985-08-05,,0.143,0.001,-6.634,14.72
1985-08-06,,0.142,0.718,-7.563,13.986
1985-08-07,,0.14,0.402,-6.768,12.899
1985-08-08,,0.14,0.088,-6.492,11.585
1985-08-09,,0.139,1.021,-4.778,10.507
1985-08-10,,0.137,0.01,-6.842,13.972
1985-08-11,,0.136,0.009,-6.178,14.187
1985-08-12,,0.135,0.007,-5.79,14.005
1985-08-13,,0.129,0.026,-5.652,15.695
1985-08-14,,0.126,0.004,-5.352,16.0
1985-08-15,,0.124,0.007,-6.008,14.943
1985-08-16,,0.122,0.107,-6.06,15.211
1985-08-17,,0.12,0.001,-6.75,14.197
1985-08-18,,0.119,0.002,-6.622,14.146
1985-08-19,,0.118,0.056,-7.296,13.779
1985-08-20,,0.117,0.197,-5.207,13.812
1985-08-21,,0.117,0.029,-2.836,13.352
1985-08-22,,0.116,0.417,-4.421,14.194
1985-08-23,,0.116,0.69,-4.523,14.257
1985-08-24,,0.116,0.004,-5.242,14.952
1985-08-25,,0.116,0.045,-5.307,14.658
1985-08-26,,0.115,0.14,-5.219,14.941
1985-08-27,,0.114,0.556,-4.697,13.46
1985-08-28,,0.114,0.534,-4.342,12.768
1985-08-29,,0.114,1.297,-3.883,13.207
1985-08-30,,0.114,0.93,-2.693,14.039
1985-08-31,,0.113,1.214,-1.629,13.128
1985-09-01,,0.084,0.047,-2.27,13.15
1985-09-02,,0.084,0.066,-2.312,11.772
1985-09-03,,0.084,0.064,-7.594,13.456
1985-09-04,,0.084,0.622,-6.537,13.702
1985-09-05,,0.084,0.003,-4.013,13.942
1985-09-06,,0.084,0.314,-4.631,14.892
1985-09-07,,0.084,0.556,-3.667,16.431
1985-09-08,,0.085,1.476,-3.66,15.264
1985-09-09,,0.086,1.505,-4.061,15.136
1985-09-10,,0.086,2.697,-4.284,15.393
1985-09-11,,0.086,1.646,-2.707,14.099
1985-09-12,,0.087,2.851,-1.168,14.453
1985-09-13,,0.087,2.716,-1.365,13.517
1985-09-14,,0.088,3.336,0.138,12.71
1985-09-15,,0.089,2.739,-0.154,12.472
1985-09-16,,0.091,0.799,-0.925,13.856
1985-09-17,,0.1,2.223,-0.511,12.967
1985-09-18,,0.106,3.421,0.112,11.537
1985-09-19,,0.108,0.882,-1.87,13.18
1985-09-20,,0.11,3.286,-0.841,12.574
1985-09-21,,0.117,1.122,-0.648,13.346
1985-09-22,,0.124,1.051,-1.223,14.292
1985-09-23,,0.126,0.85,-2.672,15.037
1985-09-24,,0.125,0.683,-0.191,13.39
1985-09-25,,0.122,2.518,-1.729,13.068
1985-09-26,,0.113,0.827,-1.607,13.418
1985-09-27,,0.109,0.001,-3.206,14.312
1985-09-28,,0.107,1.305,-3.016,14.104
1985-09-29,,0.103,1.549,-1.733,12.596
1985-09-30,,0.099,0.783,-2.536,12.916
1985-10-01,,0.082,0.355,-3.932,13.552
1985-10-02,,0.08,0.053,-3.712,14.579
1985-10-03,,0.08,0.099,-2.839,14.518
1985-10-04,,0.079,0.27,-0.862,15.465
1985-10-05,,0.077,0.1,-2.751,16.228
1985-10-06,,0.076,0.044,-3.693,17.025
1985-10-07,,0.074,0.018,-2.526,18.235
1985-10-08,,0.072,1.311,-2.302,15.121
1985-10-09,,0.07,4.55,-0.994,15.676
1985-10-10,,0.07,2.203,-1.075,13.624
1985-10-11,,0.071,4.61,0.55,13.619
1985-10-12,,0.072,4.087,-0.841,13.655
1985-10-13,,0.075,6.39,-1.261,14.282
1985-10-14,,0.078,4.035,-0.956,13.575
1985-10-15,,0.082,3.823,0.134,13.437
1985-10-16,,0.085,0.569,-0.69,14.673
1985-10-17,,0.088,0.488,-1.553,14.877
1985-10-18,,0.089,0.129,-1.872,15.75
1985-10-19,,0.089,0.046,-4.335,16.267
1985-10-20,,0.088,0.196,-3.113,16.057
1985-10-21,,0.084,0.034,-4.264,16.558
1985-10-22,,0.08,0.001,-3.365,16.935
1985-10-23,,0.077,0.075,-1.714,15.029
1985-10-24,,0.075,0.427,-2.237,14.56
1985-10-25,,0.074,0.08,-2.902,14.883
1985-10-26,,0.072,0.776,-2.999,15.249
1985-10-27,,0.071,0.532,-2.843,15.664
1985-10-28,,0.069,1.363,-2.613,15.827
1985-10-29,,0.068,2.114,-1.984,15.641
1985-10-30,,0.067,1.622,-1.689,14.555
1985-10-31,,0.068,1.908,-2.177,14.943
1985-11-01,,0.059,2.186,-0.492,14.153
1985-11-02,,0.062,1.364,-1.333,13.712
1985-11-03,,0.068,0.201,-1.579,15.004
1985-11-04,,0.071,1.18,-1.801,15.135
1985-11-05,,0.074,4.393,-1.839,14.292
1985-11-06,,0.076,5.685,0.34,13.293
1985-11-07,,0.082,1.805,-0.491,14.249
1985-11-08,,0.093,1.885,-0.544,15.831
1985-11-09,,0.106,1.321,-0.654,16.443
1985-11-10,,0.112,1.392,-0.216,16.481
1985-11-11,,0.111,2.637,-0.901,15.684
1985-11-12,,0.106,10.173,-0.767,12.031
1985-11-13,,0.106,7.291,-1.933,11.569
1985-11-14,,0.126,4.973,-1.64,11.454
1985-11-15,,0.184,4.864,-1.017,11.123
1985-11-16,,0.293,11.422,-2.535,12.842
1985-11-17,,0.481,4.957,-2.173,12.722
1985-11-18,,0.763,9.051,-1.402,12.868
1985-11-19,,1.017,10.932,-1.31,13.427
1985-11-20,,1.378,5.055,-2.008,13.066
1985-11-21,,1.962,6.553,-1.864,13.085
1985-11-22,,2.067,3.865,-1.887,12.977
1985-11-23,,2.395,4.066,-1.29,13.024
1985-11-24,,2.402,4.789,-1.906,13.441
1985-11-25,,2.402,3.421,-3.02,12.781
1985-11-26,,2.084,1.837,-2.031,14.281
1985-11-27,,1.941,5.532,-1.554,13.162
1985-11-28,,1.161,3.11,-0.669,13.113
1985-11-29,,1.044,3.5,-0.746,13.759
1985-11-30,,1.043,2.483,0.254,14.653
1985-12-01,,1.26,2.569,0.226,13.743
1985-12-02,,1.382,4.098,0.825,13.24
1985-12-03,,1.37,3.05,-0.354,12.883
1985-12-04,,1.215,2.306,0.078,14.61
1985-12-05,,1.1,3.622,0.422,14.371
1985-12-06,,1.022,1.404,0.751,14.606
1985-12-07,,0.961,4.247,0.801,13.854
1985-12-08,,0.881,1.249,0.849,14.336
1985-12-09,,0.753,6.51,0.631,13.96
1985-12-10,,0.6,9.335,-0.575,12.812
1985-12-11,,0.541,7.659,0.281,11.253
1985-12-12,,0.564,0.768,-1.01,15.409
1985-12-13,,0.7,0.177,-1.243,16.028
1985-12-14,,0.804,0.741,-0.672,16.186
1985-12-15,,0.829,0.992,-0.199,15.708
1985-12-16,,0.756,7.18,1.07,11.302
1985-12-17,,0.627,4.778,0.663,12.056
1985-12-18,,0.561,2.672,0.782,12.954
1985-12-19,,0.576,3.87,1.522,12.339
1985-12-20,,0.743,5.586,2.566,12.002
1985-12-21,,0.981,4.639,1.173,12.646
1985-12-22,,1.121,5.596,2.476,11.924
1985-12-23,,1.187,4.467,1.77,11.822
1985-12-24,,1.216,6.673,2.076,11.778
1985-12-25,,1.259,9.73,2.186,12.994
1985-12-26,,1.349,7.738,1.983,12.037
1985-12-27,,1.555,9.8,1.705,11.336
1985-12-28,,1.993,11.465,1.275,11.718
1985-12-29,,2.478,10.545,-0.176,10.895
1985-12-30,,2.778,7.074,0.118,10.737
1985-12-31,,2.796,4.562,0.885,10.422
1986-01-01,,2.601,2.556,1.72,11.727
1986-01-02,,2.64,3.283,0.805,13.063
1986-01-03,,2.648,7.551,2.13,13.985
1986-01-04,,2.631,7.543,1.988,11.658
1986-01-05,,2.601,10.938,3.023,10.828
1986-01-06,,2.601,4.038,2.522,12.088
1986-01-07,,2.601,2.92,2.595,13.612
1986-01-08,,2.601,2.232,3.083,12.98
1986-01-09,,2.601,3.796,3.38,14.093
1986-01-10,,2.588,2.82,3.564,14.554
1986-01-11,,2.557,2.36,3.095,13.736
1986-01-12,,2.537,1.663,3.2,13.937
1986-01-13,,2.496,1.045,2.32,13.731
1986-01-14,,2.4,1.597,2.76,13.56
1986-01-15,,2.197,2.367,2.911,12.794
1986-01-16,,2.037,3.804,3.277,14.104
1986-01-17,,1.876,10.901,2.652,13.7
1986-01-18,,1.767,5.82,2.127,11.081
1986-01-19,,1.684,5.545,2.757,10.771
1986-01-20,,1.697,6.4,2.918,11.125
1986-01-21,,1.881,5.386,2.904,10.372
1986-01-22,,2.163,1.46,2.432,13.497
1986-01-23,,2.492,1.533,2.791,13.48
1986-01-24,,2.551,3.161,3.243,11.997
1986-01-25,,2.579,1.812,1.022,13.617
1986-01-26,,2.557,1.81,0.613,14.284
1986-01-27,,2.536,1.784,0.219,13.442
1986-01-28,,2.464,7.29,1.347,11.963
1986-01-29,,2.367,7.672,1.244,12.402
1986-01-30,,2.239,2.922,0.693,13.858
1986-01-31,,2.359,2.606,0.592,14.035
1986-02-01,,2.113,14.405,2.148,11.588
1986-02-02,,2.173,4.479,1.939,11.186
1986-02-03,,2.251,5.87,1.881,11.304
1986-02-04,,2.373,2.702,1.929,12.164
1986-02-05,,2.526,1.193,1.422,13.626
1986-02-06,,2.655,3.186,2.289,12.552
1986-02-07,,2.748,5.267,2.498,12.478
1986-02-08,,2.713,4.96,2.953,11.089
1986-02-09,,2.653,10.354,1.942,11.757
1986-02-10,,2.591,5.23,1.929,11.731
1986-02-11,,2.575,3.632,2.159,11.86
1986-02-12,,2.576,4.55,2.905,13.232
1986-02-13,,2.579,4.877,3.004,12.628
1986-02-14,,2.577,2.823,2.796,12.677
1986-02-15,,2.557,6.879,2.149,11.777
1986-02-16,,2.526,5.894,1.323,11.952
1986-02-17,,2.498,5.039,2.083,11.639
1986-02-18,,2.455,4.943,1.488,11.635
1986-02-19,,2.432,11.806,1.541,11.206
1986-02-20,,2.405,5.644,1.847,11.139
1986-02-21,,2.402,2.763,2.638,11.731
1986-02-22,,2.414,4.136,2.34,11.978
1986-02-23,,2.439,4.841,2.955,11.578
1986-02-24,,2.436,2.128,2.548,11.3
1986-02-25,,2.389,2.765,1.802,12.407
1986-02-26,,2.34,5.352,2.314,12.211
1986-02-27,,2.299,7.259,1.479,11.004
1986-02-28,,2.259,7.321,1.468,10.344
1986-03-01,,2.115,5.419,0.786,10.221
1986-03-02,,2.173,3.314,1.168,10.662
1986-03-03,,2.259,4.382,0.726,11.115
1986-03-04,,2.39,2.224,1.238,11.23
1986-03-05,,2.459,4.329,1.966,11.329
1986-03-06,,2.471,3.574,2.141,11.935
1986-03-07,,2.479,2.395,2.176,12.577
1986-03-08,,2.489,3.838,2.506,11.335
1986-03-09,,2.513,3.314,1.97,11.785
1986-03-10,,2.513,3.272,1.542,11.573
1986-03-11,,2.493,2.501,1.912,12.059
1986-03-12,,2.464,3.901,1.878,11.514
1986-03-13,,2.438,2.079,1.932,11.239
1986-03-14,,2.394,3.526,2.011,12.466
1986-03-15,,2.356,3.212,1.254,12.301
1986-03-16,,2.384,2.468,2.001,12.223
1986-03-17,,2.425,2.354,2.043,11.741
1986-03-18,,2.46,3.076,1.64,11.382
1986-03-19,,2.461,3.831,1.968,12.028
1986-03-20,,2.46,4.586,2.46,12.408
1986-03-21,,2.443,4.742,1.677,12.638
1986-03-22,,2.456,3.509,2.39,12.504
1986-03-23,,2.478,2.008,2.248,13.54
1986-03-24,,2.518,1.086,2.608,14.051
1986-03-25,,2.513,0.647,0.821,14.257
1986-03-26,,2.46,0.559,1.215,14.11
1986-03-27,,2.385,0.448,0.44,13.399
1986-03-28,,2.231,0.54,1.016,13.618
1986-03-29,,2.096,0.792,1.282,14.02
1986-03-30,,1.949,1.069,1.967,13.783
1986-03-31,,1.771,0.671,2.042,14.919
1986-04-01,,1.545,3.423,2.032,13.575
1986-04-02,,1.458,1.626,0.457,14.337
1986-04-03,,1.383,4.31,1.41,13.798
1986-04-04,,1.319,4.218,2.395,13.193
1986-04-05,,1.295,3.668,1.1,13.434
1986-04-06,,1.316,3.893,1.902,13.0
1986-04-07,,1.388,3.805,1.749,13.405
1986-04-08,,1.489,2.208,1.506,13.014
1986-04-09,,1.578,1.897,1.731,12.842
1986-04-10,,1.665,5.677,0.893,14.043
1986-04-11,,1.701,2.196,0.939,14.351
1986-04-12,,1.72,1.733,1.047,14.156
1986-04-13,,1.723,1.716,-1.193,15.08
1986-04-14,,1.72,3.357,-0.09,14.229
1986-04-15,,1.654,8.612,0.609,11.808
1986-04-16,,1.539,2.732,2.009,13.117
1986-04-17,,1.454,3.756,2.725,12.953
1986-04-18,,1.392,3.961,1.523,13.135
1986-04-19,,1.345,2.748,0.97,12.765
1986-04-20,,1.325,0.923,-0.884,13.838
1986-04-21,,1.27,0.872,-2.692,14.701
1986-04-22,,1.193,0.94,-0.398,14.541
1986-04-23,,1.102,2.77,-0.148,12.78
1986-04-24,,1.008,3.377,0.735,13.936
1986-04-25,,0.915,1.227,-0.085,14.573
1986-04-26,,0.867,2.48,-0.541,13.511
1986-04-27,,0.839,8.465,1.036,12.332
1986-04-28,,0.825,4.12,-0.084,12.384
1986-04-29,,0.824,1.682,-1.757,11.94
1986-04-30,,0.833,1.271,-2.197,11.889
1986-05-01,,0.843,0.48,-1.513,11.569
1986-05-02,,0.834,0.699,-1.084,11.83
1986-05-03,,0.817,3.979,-0.834,11.821
1986-05-04,,0.806,0.561,-1.515,11.598
1986-05-05,,0.837,0.312,-3.71,11.798
1986-05-06,,0.953,2.235,-4.857,11.958
1986-05-07,,1.021,0.682,-5.046,12.6
1986-05-08,,1.02,0.3,-6.059,13.054
1986-05-09,,0.963,0.097,-6.412,14.271
1986-05-10,,0.836,0.253,-4.769,14.178
1986-05-11,,0.742,0.099,-4.814,15.338
1986-05-12,,0.678,0.455,-5.09,14.36
1986-05-13,,0.615,0.295,-5.677,13.892
1986-05-14,,0.57,0.123,-5.94,14.224
1986-05-15,,0.527,0.29,-4.27,14.25
1986-05-16,,0.492,2.192,-1.695,13.696
1986-05-17,,0.467,1.028,-4.654,13.271
1986-05-18,,0.442,0.48,-6.48,14.733
1986-05-19,,0.424,0.134,-5.134,14.856
1986-05-20,,0.405,0.23,-6.667,14.931
1986-05-21,,0.397,0.073,-6.781,14.493
1986-05-22,,0.388,0.107,-4.819,13.556
1986-05-23,,0.384,0.001,-1.655,12.849
1986-05-24,,0.38,0.062,-3.863,13.388
1986-05-25,,0.37,0.484,-10.231,12.826
1986-05-26,,0.361,0.169,-6.14,13.36
1986-05-27,,0.355,0.013,-8.603,13.916
1986-05-28,,0.347,0.0,-8.817,14.05
1986-05-29,,0.345,0.0,-8.479,12.908
1986-05-30,,0.343,0.082,-10.793,12.242
1986-05-31,,0.341,0.273,-9.199,12.894
1986-06-01,,0.341,0.0,-7.585,12.837
1986-06-02,,0.339,0.0,-7.018,13.558
1986-06-03,,0.334,0.027,-6.858,14.402
1986-06-04,,0.331,0.0,-7.153,14.062
1986-06-05,,0.324,0.0,-6.276,14.189
1986-06-06,,0.315,0.012,-6.584,13.514
1986-06-07,,0.308,0.01,-6.083,13.141
1986-06-08,,0.298,0.001,-7.396,14.132
1986-06-09,,0.293,0.002,-7.464,14.015
1986-06-10,,0.287,0.044,-6.425,14.823
1986-06-11,,0.283,0.291,-6.266,15.638
1986-06-12,,0.28,0.6,-5.751,14.099
1986-06-13,,0.277,0.281,-7.161,14.057
1986-06-14,,0.274,0.148,-7.488,14.068
1986-06-15,,0.272,0.159,-8.036,13.953
1986-06-16,,0.269,0.036,-7.738,14.412
1986-06-17,,0.265,0.017,-8.241,14.665
1986-06-18,,0.263,0.095,-8.48,14.62
1986-06-19,,0.26,0.035,-8.339,14.43
1986-06-20,,0.255,0.009,-8.173,14.536
1986-06-21,,0.252,0.001,-7.703,14.748
1986-06-22,,0.25,0.014,-6.451,14.783
1986-06-23,,0.247,0.105,-6.352,14.315
1986-06-24,,0.245,0.018,-5.906,14.248
1986-06-25,,0.242,0.016,-4.847,13.56
1986-06-26,,0.241,0.002,-4.398,14.458
1986-06-27,,0.238,0.006,-5.247,14.608
1986-06-28,,0.236,0.001,-5.469,15.178
1986-06-29,,0.232,0.002,-6.877,14.137
1986-06-30,,0.23,0.091,-7.517,14.767
1986-07-01,,0.237,0.164,-5.347,13.176
1986-07-02,,0.234,0.0,-5.632,13.031
1986-07-03,,0.232,0.0,-8.412,12.63
1986-07-04,,0.231,0.006,-9.364,11.988
1986-07-05,,0.23,0.0,-8.796,11.84
1986-07-06,,0.228,0.0,-7.647,12.097
1986-07-07,,0.222,0.031,-9.479,11.563
1986-07-08,,0.221,0.0,-10.954,11.86
1986-07-09,,0.22,0.002,-10.059,12.816
1986-07-10,,0.218,0.0,-9.63,13.329
1986-07-11,,0.215,0.0,-10.369,12.603
1986-07-12,,0.214,0.008,-10.657,13.3
1986-07-13,,0.212,0.015,-10.312,13.217
1986-07-14,,0.207,0.0,-7.912,13.272
1986-07-15,,0.204,0.035,-8.146,13.621
1986-07-16,,0.204,0.101,-6.697,12.791
1986-07-17,,0.203,0.079,-6.736,13.278
1986-07-18,,0.202,0.09,-4.861,12.576
1986-07-19,,0.201,0.192,-4.517,12.25
1986-07-20,,0.201,0.122,-10.162,11.735
1986-07-21,,0.201,0.421,-10.139,10.974
1986-07-22,,0.201,0.04,-7.514,12.42
1986-07-23,,0.2,0.001,-6.349,11.563
1986-07-24,,0.198,0.015,-5.784,11.061
1986-07-25,,0.197,0.09,-6.076,10.292
1986-07-26,,0.2,0.041,-8.402,11.139
1986-07-27,,0.203,0.018,-7.909,11.698
1986-07-28,,0.204,0.001,-9.027,12.018
1986-07-29,,0.207,0.002,-8.702,12.241
1986-07-30,,0.204,0.001,-8.214,13.166
1986-07-31,,0.203,0.003,-8.843,13.551
1986-08-01,,0.196,0.005,-7.761,13.923
1986-08-02,,0.189,0.002,-8.059,14.098
1986-08-03,,0.183,0.014,-7.794,13.827
1986-08-04,,0.177,0.034,-7.581,13.487
1986-08-05,,0.17,0.005,-7.78,14.033
1986-08-06,,0.17,0.096,-6.523,13.545
1986-08-07,,0.169,0.14,-5.589,13.421
1986-08-08,,0.167,0.169,-5.09,14.339
1986-08-09,,0.169,0.327,-5.263,14.857
1986-08-10,,0.169,0.021,-5.442,15.312
1986-08-11,,0.169,0.236,-8.052,14.734
1986-08-12,,0.167,0.052,-7.025,14.689
1986-08-13,,0.167,0.07,-7.27,13.947
1986-08-14,,0.164,0.204,-6.765,13.524
1986-08-15,,0.16,0.204,-8.412,14.451
1986-08-16,,0.158,0.138,-9.037,14.633
1986-08-17,,0.158,0.24,-7.819,14.474
1986-08-18,,0.158,1.523,-5.935,12.089
1986-08-19,,0.16,3.41,-3.627,10.749
1986-08-20,,0.17,0.798,-5.493,10.62
1986-08-21,,0.198,0.001,-7.7,14.002
1986-08-22,,0.241,0.004,-8.285,14.663
1986-08-23,,0.259,0.003,-8.018,14.865
1986-08-24,,0.26,0.005,-8.278,14.439
1986-08-25,,0.258,0.159,-5.973,14.423
1986-08-26,,0.231,0.028,-5.896,13.772
1986-08-27,,0.2,0.165,-3.344,12.716
1986-08-28,,0.184,0.723,-2.781,12.325
1986-08-29,,0.171,0.055,-3.586,11.676
1986-08-30,,0.171,0.149,-3.273,13.908
1986-08-31,,0.176,0.034,-3.982,14.404
1986-09-01,,0.101,0.168,-5.779,15.018
1986-09-02,,0.1,0.21,-5.926,14.802
1986-09-03,,0.099,0.23,-4.637,15.605
1986-09-04,,0.096,0.058,-4.799,15.4
1986-09-05,,0.092,0.084,-3.496,14.768
1986-09-06,,0.09,0.377,-6.122,14.822
1986-09-07,,0.09,2.458,-4.269,13.758
1986-09-08,,0.09,0.771,-2.565,13.527
1986-09-09,,0.092,0.487,-3.374,12.536
1986-09-10,,0.1,0.365,-4.587,13.626
1986-09-11,,0.107,0.062,-3.215,13.375
1986-09-12,,0.108,0.107,-3.208,14.499
1986-09-13,,0.107,0.186,-3.658,14.075
1986-09-14,,0.106,0.2,-2.842,13.551
1986-09-15,,0.102,0.493,-2.064,13.196
1986-09-16,,0.1,2.727,-1.064,12.241
1986-09-17,,0.098,3.485,-0.889,11.829
1986-09-18,,0.1,0.786,-1.745,13.205
1986-09-19,,0.103,3.137,-3.881,13.572
1986-09-20,,0.107,2.441,-2.496,14.043
1986-09-21,,0.108,2.391,-1.783,13.617
1986-09-22,,0.11,1.32,-2.993,13.93
1986-09-23,,0.113,2.178,-0.88,13.174
1986-09-24,,0.115,2.277,-2.227,14.005
1986-09-25,,0.113,1.875,-3.058,14.022
1986-09-26,,0.11,5.523,-0.31,12.91
1986-09-27,,0.108,2.437,-3.651,11.953
1986-09-28,,0.107,0.286,-2.119,14.557
1986-09-29,,0.107,3.11,-3.44,12.617
1986-09-30,,0.108,1.298,-2.172,14.852
1986-10-01,,0.094,0.0,-3.497,15.326
1986-10-02,,0.095,0.0,-5.345,15.756
1986-10-03,,0.095,0.0,-2.69,15.298
1986-10-04,,0.091,0.018,-3.371,15.738
1986-10-05,,0.089,0.606,-1.586,15.514
1986-10-06,,0.086,2.419,-1.899,16.455
1986-10-07,,0.086,0.702,-2.545,15.678
1986-10-08,,0.086,1.288,-1.487,15.086
1986-10-09,,0.084,0.68,-3.659,16.154
1986-10-10,,0.082,1.236,-4.794,14.427
1986-10-11,,0.08,0.297,-2.735,13.589
1986-10-12,,0.078,0.291,-0.504,12.979
1986-10-13,,0.076,0.113,-2.392,12.569
1986-10-14,,0.076,0.179,-2.989,13.633
1986-10-15,,0.076,0.053,-2.73,15.262
1986-10-16,,0.076,0.147,-1.303,15.62
1986-10-17,,0.076,0.014,-1.657,15.359
1986-10-18,,0.075,0.037,-1.491,15.634
1986-10-19,,0.074,0.411,-0.261,14.302
1986-10-20,,0.073,0.106,-1.821,15.346
1986-10-21,,0.072,0.137,-4.775,15.628
1986-10-22,,0.071,0.312,-3.887,15.98
1986-10-23,,0.07,0.167,-0.396,15.072
1986-10-24,,0.07,0.029,-1.692,15.385
1986-10-25,,0.069,0.051,-3.15,16.128
1986-10-26,,0.069,0.11,-2.179,15.698
1986-10-27,,0.069,0.562,-2.067,15.239
1986-10-28,,0.069,0.296,-3.196,16.374
1986-10-29,,0.07,0.327,-3.104,16.388
1986-10-30,,0.071,0.36,-2.911,16.196
1986-10-31,,0.072,0.691,-2.913,16.035
1986-11-01,,0.063,2.476,-0.901,16.185
1986-11-02,,0.066,5.427,-0.78,15.513
1986-11-03,,0.069,5.903,-0.837,15.421
1986-11-04,,0.072,5.157,0.218,15.223
1986-11-05,,0.078,3.465,-0.96,14.778
1986-11-06,,0.091,2.116,-1.13,15.266
1986-11-07,,0.112,0.245,-0.138,13.762
1986-11-08,,0.146,0.333,-1.499,15.489
1986-11-09,,0.192,1.191,-0.18,16.028
1986-11-10,,0.268,0.619,-1.184,16.717
1986-11-11,,0.313,0.248,-0.132,14.894
1986-11-12,,0.317,0.134,-0.719,15.402
1986-11-13,,0.285,0.035,-3.393,16.848
1986-11-14,,0.223,0.638,-2.938,16.768
1986-11-15,,0.166,0.929,-0.654,16.676
1986-11-16,,0.133,1.232,-0.736,15.372
1986-11-17,,0.105,1.435,-1.076,14.756
1986-11-18,,0.091,1.489,-0.523,14.989
1986-11-19,,0.087,0.986,-1.82,16.274
1986-11-20,,0.086,0.216,-1.749,16.417
1986-11-21,,0.09,5.995,2.156,15.042
1986-11-22,,0.1,6.862,0.372,15.136
1986-11-23,,0.121,8.109,0.134,14.961
1986-11-24,,0.153,4.162,0.379,15.64
1986-11-25,,0.191,1.079,-0.873,16.952
1986-11-26,,0.223,0.0,-0.744,16.372
1986-11-27,,0.228,0.0,-1.67,16.502
1986-11-28,,0.205,0.0,-3.583,16.545
1986-11-29,,0.181,0.0,-3.236,16.788
1986-11-30,,0.158,0.057,-3.218,16.549
1986-12-01,,0.158,0.186,-2.375,16.387
1986-12-02,,0.153,0.585,-3.256,16.489
1986-12-03,,0.146,0.995,-2.424,14.559
1986-12-04,,0.131,1.435,-0.703,12.781
1986-12-05,,0.116,1.944,-0.723,14.243
1986-12-06,,0.109,2.883,0.297,15.771
1986-12-07,,0.111,6.889,1.469,14.962
1986-12-08,,0.13,4.817,1.298,14.097
1986-12-09,,0.165,4.959,2.008,14.557
1986-12-10,,0.209,6.005,1.61,14.015
1986-12-11,,0.266,13.873,2.472,13.696
1986-12-12,,0.31,13.306,1.49,12.889
1986-12-13,,0.366,9.113,2.075,12.905
1986-12-14,,0.476,2.413,0.138,13.355
1986-12-15,,0.599,0.064,0.247,15.142
1986-12-16,,0.736,3.518,0.293,13.996
1986-12-17,,0.776,3.329,1.228,14.347
1986-12-18,,0.737,5.113,1.3,14.629
1986-12-19,,0.623,5.772,1.623,12.097
1986-12-20,,0.56,3.882,2.375,13.573
1986-12-21,,0.549,3.933,2.155,14.323
1986-12-22,,0.591,3.996,2.523,13.721
1986-12-23,,0.684,5.107,1.773,15.47
1986-12-24,,0.825,4.792,2.79,14.521
1986-12-25,,0.999,2.094,2.795,14.626
1986-12-26,,1.1,2.88,3.06,12.642
1986-12-27,,1.11,3.904,3.304,13.865
1986-12-28,,1.087,2.606,2.532,12.391
1986-12-29,,1.087,2.019,1.42,13.848
1986-12-30,,1.182,4.841,1.746,13.972
1986-12-31,,1.507,3.258,1.844,13.774
1987-01-01,,1.861,2.642,3.199,13.814
1987-01-02,,2.072,3.69,2.602,13.311
1987-01-03,,2.102,9.35,3.871,13.728
1987-01-04,,2.054,5.527,2.639,12.257
1987-01-05,,1.909,5.474,3.193,12.701
1987-01-06,,1.819,5.005,3.107,13.133
1987-01-07,,1.691,6.391,2.257,11.667
1987-01-08,,1.638,7.063,2.743,12.914
1987-01-09,,1.588,5.908,2.509,11.287
1987-01-10,,1.563,10.968,2.21,11.45
1987-01-11,,1.556,5.838,1.643,12.569
1987-01-12,,1.549,2.534,2.881,14.564
1987-01-13,,1.537,6.567,3.68,14.33
1987-01-14,,1.472,10.019,3.004,12.329
1987-01-15,,1.335,7.539,3.556,12.603
1987-01-16,,1.233,4.287,3.059,13.098
1987-01-17,,1.188,5.493,3.786,13.932
1987-01-18,,1.191,3.107,2.432,14.881
1987-01-19,,1.226,1.353,2.376,14.709
1987-01-20,,1.271,4.306,3.094,14.034
1987-01-21,,1.318,4.945,2.994,12.917
1987-01-22,,1.391,9.048,3.107,11.285
1987-01-23,,1.577,6.028,2.975,10.754
1987-01-24,,1.858,6.641,2.64,11.218
1987-01-25,,2.066,5.549,3.314,13.463
1987-01-26,,2.189,10.195,2.991,13.14
1987-01-27,,2.325,12.53,2.663,11.562
1987-01-28,,2.385,2.671,3.774,12.497
1987-01-29,,2.433,3.117,3.67,14.434
1987-01-30,,2.447,2.911,4.18,14.828
1987-01-31,,2.446,0.887,3.354,16.212
1987-02-01,,2.107,1.525,2.12,14.659
1987-02-02,,2.042,9.925,2.691,14.362
1987-02-03,,1.9,1.611,2.518,15.416
1987-02-04,,1.77,1.001,1.873,15.168
1987-02-05,,1.682,0.192,0.141,15.626
1987-02-06,,1.573,0.239,1.158,15.771
1987-02-07,,1.438,0.627,2.06,15.111
1987-02-08,,1.252,3.464,1.861,15.13
1987-02-09,,1.109,3.794,3.429,12.205
1987-02-10,,1.018,10.428,3.503,13.341
1987-02-11,,1.004,7.043,2.123,13.896
1987-02-12,,1.096,7.346,2.275,13.828
1987-02-13,,1.268,7.478,2.118,12.508
1987-02-14,,1.476,5.582,1.07,13.0
1987-02-15,,1.584,3.952,1.043,12.318
1987-02-16,,1.646,0.404,0.56,14.34
1987-02-17,,1.585,0.343,1.904,14.964
1987-02-18,,1.487,3.116,1.889,14.866
1987-02-19,,1.295,2.209,2.691,15.27
1987-02-20,,1.111,0.549,2.223,15.567
1987-02-21,,0.94,0.395,0.728,16.426
1987-02-22,,0.791,1.111,1.129,16.123
1987-02-23,,0.696,3.192,2.021,15.985
1987-02-24,,0.626,1.933,2.219,16.039
1987-02-25,,0.599,4.943,2.415,16.272
1987-02-26,,0.59,1.335,2.837,15.75
1987-02-27,,0.582,1.962,3.214,14.626
1987-02-28,,0.566,1.454,2.733,14.684
1987-03-01,,0.591,5.244,2.999,15.423
1987-03-02,,0.593,5.596,2.393,14.817
1987-03-03,,0.617,2.628,2.025,15.008
1987-03-04,,0.681,0.348,1.508,16.268
1987-03-05,,0.739,1.426,1.354,15.2
1987-03-06,,0.786,4.459,2.412,14.216
1987-03-07,,0.775,2.791,1.604,13.956
1987-03-08,,0.758,2.26,1.786,13.144
1987-03-09,,0.757,0.716,0.365,14.939
1987-03-10,,0.742,1.765,-0.39,13.006
1987-03-11,,0.71,1.002,0.529,13.896
1987-03-12,,0.666,0.439,0.614,13.701
1987-03-13,,0.629,0.04,-1.372,13.189
1987-03-14,,0.609,0.396,-1.634,12.455
1987-03-15,,0.598,0.628,-0.721,12.34
1987-03-16,,0.582,0.892,-0.156,12.431
1987-03-17,,0.56,1.07,-0.686,13.135
1987-03-18,,0.537,1.388,0.366,14.19
1987-03-19,,0.53,0.824,0.981,13.808
1987-03-20,,0.539,1.006,0.574,14.683
1987-03-21,,0.556,8.494,1.646,13.648
1987-03-22,,0.581,4.167,1.036,13.41
1987-03-23,,0.626,1.369,-0.348,14.717
1987-03-24,,0.692,0.998,0.807,14.907
1987-03-25,,0.72,0.745,0.736,15.272
1987-03-26,,0.717,0.01,-1.105,16.117
1987-03-27,,0.68,1.058,-0.299,15.783
1987-03-28,,0.613,1.458,0.818,15.828
1987-03-29,,0.544,3.081,1.918,14.864
1987-03-30,,0.487,0.528,0.932,15.706
1987-03-31,,0.441,0.429,1.021,16.242
1987-04-01,,0.394,1.183,-0.522,15.164
1987-04-02,,0.385,3.16,1.031,13.479
1987-04-03,,0.384,1.055,2.042,13.063
1987-04-04,,0.404,0.767,1.895,14.594
1987-04-05,,0.447,0.215,-0.25,15.797
1987-04-06,,0.48,0.09,-0.295,16.118
1987-04-07,,0.471,0.011,-0.493,16.415
1987-04-08,,0.438,0.027,-0.943,16.591
1987-04-09,,0.391,0.097,-0.151,15.572
1987-04-10,,0.355,0.239,-0.041,15.312
1987-04-11,,0.33,1.644,1.612,14.146
1987-04-12,,0.306,0.591,1.398,15.473
1987-04-13,,0.306,0.68,1.016,15.476
1987-04-14,,0.324,1.416,1.168,14.782
1987-04-15,,0.34,1.762,1.121,14.402
1987-04-16,,0.361,0.421,1.117,13.699
1987-04-17,,0.383,0.522,-0.579,14.05
1987-04-18,,0.393,0.657,2.058,14.127
1987-04-19,,0.397,0.314,0.465,14.923
1987-04-20,,0.399,0.332,-2.698,15.831
1987-04-21,,0.394,0.73,-1.379,13.789
1987-04-22,,0.387,0.785,-0.627,10.978
1987-04-23,,0.371,0.063,-0.47,12.539
1987-04-24,,0.351,0.004,-2.126,14.641
1987-04-25,,0.333,0.048,-1.492,15.07
1987-04-26,,0.305,0.0,-4.325,14.716
1987-04-27,,0.281,0.0,-4.756,14.882
1987-04-28,,0.262,0.15,-3.622,14.801
1987-04-29,,0.236,0.053,-2.004,15.289
1987-04-30,,0.214,0.0,-1.3,15.148
1987-05-01,,0.206,0.253,-3.017,15.623
1987-05-02,,0.195,0.57,-3.088,15.476
1987-05-03,,0.183,1.173,-1.905,15.147
1987-05-04,,0.177,1.201,-2.595,14.531
1987-05-05,,0.175,3.752,-0.221,12.279
1987-05-06,,0.176,1.614,-2.358,13.707
1987-05-07,,0.182,0.324,-3.15,13.417
1987-05-08,,0.192,1.342,-4.331,15.125
1987-05-09,,0.198,1.043,-1.496,13.761
1987-05-10,,0.203,1.581,-2.612,15.012
1987-05-11,,0.207,0.013,-3.86,14.709
1987-05-12,,0.21,0.268,-3.343,15.146
1987-05-13,,0.207,0.002,-3.698,15.538
1987-05-14,,0.203,0.228,-3.214,16.122
1987-05-15,,0.197,0.063,-5.437,15.651
1987-05-16,,0.192,0.525,-5.441,14.72
1987-05-17,,0.183,0.157,-4.189,12.785
1987-05-18,,0.176,0.142,-0.995,12.139
1987-05-19,,0.17,0.026,-2.791,14.73
1987-05-20,,0.163,0.001,-7.201,14.602
1987-05-21,,0.16,0.113,-8.6,14.815
1987-05-22,,0.159,0.518,-6.299,13.285
1987-05-23,,0.155,0.0,-5.982,13.541
1987-05-24,,0.152,0.0,-6.138,13.717
1987-05-25,,0.148,0.016,-5.411,13.299
1987-05-26,,0.144,0.018,-4.748,13.858
1987-05-27,,0.141,0.041,-4.702,14.97
1987-05-28,,0.137,0.156,-5.76,15.304
1987-05-29,,0.136,0.025,-6.853,14.457
1987-05-30,,0.135,0.045,-6.306,15.313
1987-05-31,,0.135,0.398,-7.209,14.148
1987-06-01,,0.133,0.038,-7.0,13.896
1987-06-02,,0.132,0.0,-7.191,14.924
1987-06-03,,0.131,0.0,-8.28,15.102
1987-06-04,,0.13,0.0,-8.616,15.523
1987-06-05,,0.129,0.002,-7.051,14.979
1987-06-06,,0.127,0.0,-8.657,14.379
1987-06-07,,0.125,0.189,-8.083,14.158
1987-06-08,,0.124,0.084,-7.729,13.862
1987-06-09,,0.122,0.339,-4.422,12.927
1987-06-10,,0.122,0.086,-4.086,13.717
1987-06-11,,0.124,0.0,-7.381,14.264
1987-06-12,,0.126,0.023,-8.388,14.911
1987-06-13,,0.127,0.001,-5.973,14.056
1987-06-14,,0.127,0.026,-6.262,13.409
1987-06-15,,0.125,0.003,-6.422,13.684
1987-06-16,,0.122,0.23,-5.169,12.883
1987-06-17,,0.119,0.184,-4.619,13.286
1987-06-18,,0.115,0.223,-2.651,12.611
1987-06-19,,0.115,0.0,-2.868,11.862
1987-06-20,,0.115,0.0,-6.281,13.852
1987-06-21,,0.115,0.132,-7.603,13.827
1987-06-22,,0.117,0.09,-7.848,14.192
1987-06-23,,0.117,0.103,-7.309,13.583
1987-06-24,,0.115,0.263,-6.434,12.66
1987-06-25,,0.115,0.275,-4.969,11.741
1987-06-26,,0.117,0.516,-3.589,10.757
1987-06-27,,0.121,0.003,-3.234,11.994
1987-06-28,,0.126,0.035,-6.335,13.212
1987-06-29,,0.129,0.024,-6.08,13.729
1987-06-30,,0.131,0.056,-8.472,13.296
1987-07-01,,0.137,1.913,-4.179,11.442
1987-07-02,,0.137,2.956,-3.428,8.232
1987-07-03,,0.153,1.215,-2.403,8.678
1987-07-04,,0.189,0.206,-3.206,10.164
1987-07-05,,0.248,0.022,-5.861,10.379
1987-07-06,,0.285,0.018,-7.49,12.205
1987-07-07,,0.297,0.0,-7.015,12.665
1987-07-08,,0.295,0.0,-7.504,12.899
1987-07-09,,0.279,0.135,-7.279,13.158
1987-07-10,,0.257,0.0,-7.464,13.101
1987-07-11,,0.22,0.556,-6.747,14.359
1987-07-12,,0.186,0.0,-6.811,15.264
1987-07-13,,0.16,0.0,-8.318,15.414
1987-07-14,,0.144,0.0,-9.333,15.248
1987-07-15,,0.129,0.0,-8.173,15.128
1987-07-16,,0.114,0.005,-8.136,15.436
1987-07-17,,0.108,0.024,-7.763,15.828
1987-07-18,,0.103,0.764,-7.185,15.656
1987-07-19,,0.1,3.26,-5.988,11.938
1987-07-20,,0.098,0.02,-4.538,13.928
1987-07-21,,0.096,0.009,-4.288,14.581
1987-07-22,,0.095,0.108,-5.832,14.873
1987-07-23,,0.094,0.637,-8.996,15.407
1987-07-24,,0.093,0.613,-8.205,15.897
1987-07-25,,0.093,0.01,-6.021,15.149
1987-07-26,,0.093,0.001,-8.892,14.65
1987-07-27,,0.092,0.0,-7.905,14.04
1987-07-28,,0.092,0.0,-8.988,13.303
1987-07-29,,0.091,0.173,-11.815,12.991
1987-07-30,,0.091,0.552,-10.354,13.648
1987-07-31,,0.09,0.0,-9.636,13.818
1987-08-01,,0.085,0.064,-8.455,14.582
1987-08-02,,0.084,0.005,-7.833,14.85
1987-08-03,,0.084,0.0,-7.146,14.822
1987-08-04,,0.083,0.0,-3.668,14.891
1987-08-05,,0.083,0.076,-7.754,13.867
1987-08-06,,0.083,0.427,-8.849,15.143
1987-08-07,,0.083,0.0,-7.754,15.462
1987-08-08,,0.083,0.0,-7.267,15.674
1987-08-09,,0.082,0.003,-7.606,16.064
1987-08-10,,0.082,0.004,-6.796,16.538
1987-08-11,,0.082,0.002,-6.244,15.577
1987-08-12,,0.081,0.037,-6.758,16.046
1987-08-13,,0.08,0.001,-5.923,16.535
1987-08-14,,0.08,0.019,-5.54,16.504
1987-08-15,,0.079,0.001,-6.372,16.358
1987-08-16,,0.078,0.004,-6.355,16.383
1987-08-17,,0.078,0.008,-6.195,15.543
1987-08-18,,0.077,0.346,-5.159,15.401
1987-08-19,,0.077,0.597,-4.27,14.423
1987-08-20,,0.079,0.416,-1.965,13.298
1987-08-21,,0.083,0.067,-3.566,13.846
1987-08-22,,0.086,0.033,-4.849,14.356
1987-08-23,,0.09,0.218,-5.09,14.314
1987-08-24,,0.094,0.104,-4.689,13.19
1987-08-25,,0.1,0.071,-5.847,14.72
1987-08-26,,0.104,0.005,-5.899,15.616
1987-08-27,,0.104,0.001,-4.732,16.075
1987-08-28,,0.102,0.003,-5.089,17.161
1987-08-29,,0.096,0.022,-4.705,16.377
1987-08-30,,0.091,0.036,-5.286,16.172
1987-08-31,,0.087,0.007,-5.132,15.813
1987-09-01,,0.071,0.032,-3.858,16.562
1987-09-02,,0.07,0.008,-3.947,17.751
1987-09-03,,0.068,0.05,-2.309,15.322
1987-09-04,,0.066,0.002,-4.044,16.277
1987-09-05,,0.065,0.0,-5.703,17.508
1987-09-06,,0.065,0.543,-4.115,16.203
1987-09-07,,0.064,0.014,-2.327,16.659
1987-09-08,,0.063,0.49,-2.745,15.896
1987-09-09,,0.063,0.423,-1.537,16.472
1987-09-10,,0.064,0.205,-1.712,16.198
1987-09-11,,0.065,0.119,-0.876,14.92
1987-09-12,,0.067,0.174,1.583,13.788
1987-09-13,,0.069,1.051,0.418,13.343
1987-09-14,,0.07,0.12,-1.193,14.989
1987-09-15,,0.071,0.001,-6.346,16.541
1987-09-16,,0.072,0.009,-3.322,16.276
1987-09-17,,0.072,0.002,-2.434,16.086
1987-09-18,,0.072,0.001,-3.331,16.671
1987-09-19,,0.071,0.004,-0.05,15.436
1987-09-20,,0.07,0.013,-3.709,15.974
1987-09-21,,0.067,0.244,-4.337,16.073
1987-09-22,,0.066,0.086,-1.839,16.542
1987-09-23,,0.064,0.049,-5.659,15.812
1987-09-24,,0.063,0.004,-4.14,15.391
1987-09-25,,0.062,0.007,-2.344,16.534
1987-09-26,,0.061,0.063,-4.153,17.208
1987-09-27,,0.061,0.002,-4.843,17.436
1987-09-28,,0.06,0.421,-2.378,16.73
1987-09-29,,0.06,0.536,-1.568,17.22
1987-09-30,,0.059,0.006,-2.91,17.624
1987-10-01,,0.051,0.0,-3.315,17.444
1987-10-02,,0.051,0.0,-0.132,16.461
1987-10-03,,0.051,0.0,-0.647,17.989
1987-10-04,,0.05,0.0,-3.91,18.39
1987-10-05,,0.05,0.002,-5.302,18.136
1987-10-06,,0.05,0.004,-1.884,17.906
1987-10-07,,0.049,0.003,-1.342,17.508
1987-10-08,,0.048,0.097,-0.201,18.525
1987-10-09,,0.048,0.472,-0.432,16.79
1987-10-10,,0.048,1.369,1.798,16.452
1987-10-11,,0.05,3.669,0.587,17.554
1987-10-12,,0.053,3.928,-0.11,16.702
1987-10-13,,0.056,2.894,2.025,14.513
1987-10-14,,0.06,4.299,1.505,14.07
1987-10-15,,0.066,2.998,0.352,15.873
1987-10-16,,0.07,4.861,1.558,16.236
1987-10-17,,0.072,4.259,2.676,14.02
1987-10-18,,0.077,0.757,2.32,14.52
1987-10-19,,0.086,0.667,1.738,12.495
1987-10-20,,0.093,2.127,0.901,13.618
1987-10-21,,0.105,0.062,-1.201,15.705
1987-10-22,,0.119,0.174,-0.941,14.686
1987-10-23,,0.128,0.139,-2.456,16.389
1987-10-24,,0.128,0.004,-3.705,17.001
1987-10-25,,0.12,0.0,-3.24,17.082
1987-10-26,,0.107,0.257,-3.313,16.576
1987-10-27,,0.093,1.117,-0.145,14.853
1987-10-28,,0.086,0.804,0.516,14.237
1987-10-29,,0.08,0.802,1.039,15.375
1987-10-30,,0.077,0.067,-0.966,17.896
1987-10-31,,0.076,0.003,-2.947,17.354
1987-11-01,,0.066,0.166,-2.304,17.949
1987-11-02,,0.062,0.798,0.052,16.367
1987-11-03,,0.058,1.581,0.229,14.901
1987-11-04,,0.056,4.928,0.809,15.501
1987-11-05,,0.057,1.449,2.426,16.179
1987-11-06,,0.063,2.851,1.824,15.785
1987-11-07,,0.072,3.679,1.34,14.659
1987-11-08,,0.08,1.937,2.175,16.094
1987-11-09,,0.087,4.723,1.092,14.587
1987-11-10,,0.091,4.603,0.675,14.731
1987-11-11,,0.099,3.414,2.004,15.907
1987-11-12,,0.106,2.82,2.249,16.027
1987-11-13,,0.112,6.082,2.086,15.658
1987-11-14,,0.117,2.613,2.028,16.534
1987-11-15,,0.121,0.796,1.565,16.543
1987-11-16,,0.123,2.284,2.054,15.087
1987-11-17,,0.118,0.271,1.351,16.828
1987-11-18,,0.11,0.279,1.579,16.413
1987-11-19,,0.101,0.473,0.27,16.274
1987-11-20,,0.091,0.501,2.615,15.039
1987-11-21,,0.085,2.39,2.793,15.942
1987-11-22,,0.079,2.941,2.354,15.827
1987-11-23,,0.078,3.286,2.149,15.815
1987-11-24,,0.08,7.946,2.19,15.599
1987-11-25,,0.087,14.778,1.603,15.408
1987-11-26,,0.105,5.266,0.25,12.174
1987-11-27,,0.155,5.701,1.587,13.682
1987-11-28,,0.249,6.71,2.174,14.075
1987-11-29,,0.322,5.743,3.017,14.04
1987-11-30,,0.398,1.558,3.842,14.157
1987-12-01,,0.498,1.918,2.535,15.14
1987-12-02,,0.462,1.027,3.471,15.801
1987-12-03,,0.375,0.171,0.338,17.119
1987-12-04,,0.297,1.435,-0.43,17.391
1987-12-05,,0.213,1.929,1.571,15.562
1987-12-06,,0.172,1.994,0.925,15.018
1987-12-07,,0.142,2.117,1.226,15.237
1987-12-08,,0.117,1.372,-0.199,17.076
1987-12-09,,0.106,1.651,1.806,15.687
1987-12-10,,0.099,0.708,3.206,15.848
1987-12-11,,0.095,2.992,2.048,16.302
1987-12-12,,0.089,3.892,-0.194,16.052
1987-12-13,,0.086,13.775,2.602,14.742
1987-12-14,,0.09,9.86,1.864,14.084
1987-12-15,,0.122,6.492,2.872,14.155
1987-12-16,,0.204,3.969,3.091,15.767
1987-12-17,,0.32,1.105,0.388,17.299
1987-12-18,,0.386,1.186,2.798,15.841
1987-12-19,,0.378,0.791,2.305,17.02
1987-12-20,,0.321,0.901,2.37,17.272
1987-12-21,,0.247,2.614,2.06,16.543
1987-12-22,,0.184,2.212,2.859,16.493
1987-12-23,,0.146,0.774,2.293,15.955
1987-12-24,,0.12,6.642,3.594,15.361
1987-12-25,,0.112,2.324,2.536,13.127
1987-12-26,,0.128,4.267,2.225,14.187
1987-12-27,,0.179,1.412,0.606,14.732
1987-12-28,,0.229,1.242,-0.225,13.145
1987-12-29,,0.273,0.689,0.471,14.195
1987-12-30,,0.271,1.799,1.921,13.634
1987-12-31,,0.23,3.271,2.447,14.672
1988-01-01,,0.225,4.571,2.659,15.853
1988-01-02,,0.198,2.336,2.02,15.798
1988-01-03,,0.185,3.81,3.025,15.69
1988-01-04,,0.183,6.185,3.383,14.888
1988-01-05,,0.192,4.646,3.543,14.855
1988-01-06,,0.21,5.312,3.481,14.162
1988-01-07,,0.234,3.139,3.851,13.544
1988-01-08,,0.247,2.606,4.059,16.047
1988-01-09,,0.249,4.947,4.011,15.257
1988-01-10,,0.248,6.753,4.421,13.9
1988-01-11,,0.241,5.476,4.131,14.03
1988-01-12,,0.251,4.894,3.489,14.249
1988-01-13,,0.283,7.463,3.18,12.74
1988-01-14,,0.347,3.494,3.281,14.571
1988-01-15,,0.439,5.336,3.337,12.365
1988-01-16,,0.534,7.647,3.696,12.456
1988-01-17,,0.619,10.681,3.159,10.709
1988-01-18,,0.765,7.649,2.832,10.367
1988-01-19,,1.004,4.301,3.254,12.914
1988-01-20,,1.215,7.361,2.383,13.19
1988-01-21,,1.377,7.487,2.942,12.642
1988-01-22,,1.523,7.149,3.238,12.524
1988-01-23,,1.576,6.58,3.494,12.201
1988-01-24,,1.603,4.446,2.825,11.273
1988-01-25,,1.627,5.022,3.192,11.473
1988-01-26,,1.64,4.538,3.331,13.058
1988-01-27,,1.635,2.405,3.552,13.182
1988-01-28,,1.619,2.318,3.735,13.184
1988-01-29,,1.603,1.297,3.252,13.846
1988-01-30,,1.578,0.726,1.562,13.557
1988-01-31,,1.533,2.292,2.06,13.838
1988-02-01,,1.358,3.269,3.132,13.672
1988-02-02,,1.256,4.372,3.314,14.168
1988-02-03,,1.165,5.21,3.461,13.618
1988-02-04,,1.084,8.2,3.76,13.695
1988-02-05,,1.022,2.692,3.425,13.243
1988-02-06,,0.995,2.076,3.091,15.257
1988-02-07,,1.011,1.046,3.723,16.059
1988-02-08,,0.994,1.136,4.056,16.755
1988-02-09,,0.909,1.747,3.644,16.245
1988-02-10,,0.779,3.235,4.165,13.488
1988-02-11,,0.671,4.485,2.349,14.177
1988-02-12,,0.599,3.673,1.494,15.824
1988-02-13,,0.559,4.436,2.649,15.467
1988-02-14,,0.552,10.286,3.233,13.991
1988-02-15,,0.589,5.413,2.252,12.478
1988-02-16,,0.672,2.329,2.364,14.434
1988-02-17,,0.787,1.08,2.038,15.854
1988-02-18,,0.876,2.525,2.298,15.318
1988-02-19,,0.868,4.557,0.676,13.922
1988-02-20,,0.783,3.644,2.276,14.755
1988-02-21,,0.712,2.513,1.977,14.766
1988-02-22,,0.67,0.829,2.762,14.858
1988-02-23,,0.646,0.402,2.734,15.823
1988-02-24,,0.637,0.171,1.536,16.393
1988-02-25,,0.604,0.112,1.54,15.942
1988-02-26,,0.549,0.55,0.693,14.71
1988-02-27,,0.476,1.3,1.145,14.946
1988-02-28,,0.391,2.011,1.442,14.212
1988-02-29,,0.327,0.62,2.151,14.485
1988-03-01,,0.364,0.089,0.803,14.609
1988-03-02,,0.333,0.271,0.518,13.819
1988-03-03,,0.314,1.409,2.174,13.679
1988-03-04,,0.307,0.854,2.457,14.9
1988-03-05,,0.319,1.618,3.461,15.536
1988-03-06,,0.374,1.814,3.142,14.623
1988-03-07,,0.449,4.059,3.924,12.699
1988-03-08,,0.524,3.504,3.743,13.054
1988-03-09,,0.617,3.75,3.731,13.095
1988-03-10,,0.732,4.189,2.957,12.728
1988-03-11,,0.946,3.532,2.895,14.126
1988-03-12,,1.186,4.157,2.947,11.638
1988-03-13,,1.421,5.453,3.219,11.675
1988-03-14,,1.577,1.888,2.603,11.513
1988-03-15,,1.667,3.838,2.666,11.548
1988-03-16,,1.729,4.169,1.815,12.835
1988-03-17,,1.769,5.182,2.647,10.748
1988-03-18,,1.723,2.397,2.406,12.885
1988-03-19,,1.652,2.286,2.871,13.478
1988-03-20,,1.573,2.033,2.908,13.153
1988-03-21,,1.5,1.04,3.333,14.187
1988-03-22,,1.438,1.632,3.554,14.363
1988-03-23,,1.341,1.459,3.549,14.948
1988-03-24,,1.243,2.767,3.652,13.008
1988-03-25,,1.169,1.577,3.421,13.418
1988-03-26,,1.112,2.366,3.192,14.164
1988-03-27,,1.088,1.373,3.107,13.678
1988-03-28,,1.08,2.183,3.258,13.895
1988-03-29,,1.078,2.242,4.098,13.773
1988-03-30,,1.082,3.333,3.622,12.432
1988-03-31,,1.09,1.84,2.827,12.804
1988-04-01,,1.042,6.712,2.762,12.091
1988-04-02,,1.084,1.721,2.459,12.426
1988-04-03,,1.131,8.725,2.92,12.399
1988-04-04,,1.234,4.136,1.265,12.129
1988-04-05,,1.411,4.902,2.128,11.495
1988-04-06,,1.587,7.043,2.541,12.818
1988-04-07,,1.709,4.439,1.689,12.509
1988-04-08,,1.797,1.155,2.397,14.696
1988-04-09,,1.83,4.547,3.233,11.217
1988-04-10,,1.794,1.645,1.641,14.127
1988-04-11,,1.709,3.385,2.854,13.645
1988-04-12,,1.611,0.753,2.142,13.789
1988-04-13,,1.504,0.448,-0.169,13.783
1988-04-14,,1.382,5.825,1.162,11.607
1988-04-15,,1.239,0.274,0.272,13.821
1988-04-16,,1.118,0.518,-0.525,14.314
1988-04-17,,1.019,1.365,1.45,13.464
1988-04-18,,0.909,0.227,0.243,14.252
1988-04-19,,0.821,0.791,-1.198,15.114
1988-04-20,,0.733,1.196,2.142,13.864
1988-04-21,,0.69,1.815,0.378,14.901
1988-04-22,,0.626,1.195,-0.458,13.714
1988-04-23,,0.587,1.37,0.017,14.326
1988-04-24,,0.552,3.054,1.539,12.789
1988-04-25,,0.527,1.542,0.485,13.67
1988-04-26,,0.515,3.802,2.207,12.582
1988-04-27,,0.513,2.288,0.03,13.882
1988-04-28,,0.535,1.585,0.872,12.65
1988-04-29,,0.584,1.061,-0.989,12.824
1988-04-30,,0.627,0.844,0.162,14.1
1988-05-01,,0.656,0.306,-0.791,14.17
1988-05-02,,0.645,1.616,-1.671,14.829
1988-05-03,,0.616,0.944,-1.156,14.651
1988-05-04,,0.592,0.483,-0.928,14.013
1988-05-05,,0.584,0.506,-0.783,13.858
1988-05-06,,0.583,0.861,-1.89,13.797
1988-05-07,,0.572,1.195,-1.268,13.714
1988-05-08,,0.544,2.448,0.158,11.944
1988-05-09,,0.527,4.733,0.605,12.485
1988-05-10,,0.538,1.45,-1.937,11.892
1988-05-11,,0.6,0.0,-3.377,13.363
1988-05-12,,0.688,0.0,-5.05,14.395
1988-05-13,,0.734,0.0,-3.827,13.485
1988-05-14,,0.728,0.0,-3.968,14.179
1988-05-15,,0.68,0.0,-4.809,13.319
1988-05-16,,0.6,0.097,-4.648,13.934
1988-05-17,,0.527,0.266,-4.71,14.327
1988-05-18,,0.442,0.037,-4.836,14.326
1988-05-19,,0.38,0.116,-3.564,14.897
1988-05-20,,0.334,0.578,-3.022,13.612
1988-05-21,,0.3,0.482,-1.992,13.19
1988-05-22,,0.28,0.027,-1.47,13.513
1988-05-23,,0.263,0.004,-1.16,13.559
1988-05-24,,0.25,0.106,-2.774,14.521
1988-05-25,,0.246,0.195,-3.381,14.229
1988-05-26,,0.239,0.314,-3.006,13.478
1988-05-27,,0.236,1.288,-1.891,13.575
1988-05-28,,0.235,0.594,0.004,13.119
1988-05-29,,0.247,0.114,-3.29,13.587
1988-05-30,,0.278,0.223,-8.546,13.719
1988-05-31,,0.304,0.001,-6.912,13.394
1988-06-01,,0.331,0.054,-8.03,13.613
1988-06-02,,0.326,0.0,-7.922,14.252
1988-06-03,,0.303,0.007,-7.403,13.492
1988-06-04,,0.28,0.025,-6.167,12.472
1988-06-05,,0.258,0.0,-6.554,12.993
1988-06-06,,0.238,0.013,-6.937,13.153
1988-06-07,,0.218,0.004,-7.93,13.489
1988-06-08,,0.203,0.008,-7.274,13.168
1988-06-09,,0.191,0.007,-6.889,12.1
1988-06-10,,0.181,0.002,-7.469,12.903
1988-06-11,,0.174,0.002,-8.648,13.121
1988-06-12,,0.167,0.0,-9.643,13.196
1988-06-13,,0.162,0.012,-9.173,13.624
1988-06-14,,0.16,0.014,-7.59,13.45
1988-06-15,,0.157,0.011,-7.364,13.743
1988-06-16,,0.153,0.001,-8.098,12.889
1988-06-17,,0.152,0.071,-8.866,12.762
1988-06-18,,0.148,0.06,-7.482,12.623
1988-06-19,,0.145,0.009,-5.578,14.227
1988-06-20,,0.143,0.0,-7.174,15.652
1988-06-21,,0.141,0.002,-7.787,15.938
1988-06-22,,0.138,0.003,-7.745,15.192
1988-06-23,,0.135,0.003,-8.843,14.791
1988-06-24,,0.133,0.1,-7.263,14.832
1988-06-25,,0.131,0.002,-6.066,14.511
1988-06-26,,0.129,0.344,-6.765,14.656
1988-06-27,,0.128,0.004,-5.665,14.549
1988-06-28,,0.126,0.038,-3.995,14.041
1988-06-29,,0.124,0.0,-6.855,14.677
1988-06-30,,0.122,0.0,-5.586,15.042
1988-07-01,,0.125,0.0,-5.497,14.925
1988-07-02,,0.122,0.003,-6.022,15.391
1988-07-03,,0.119,0.0,-7.374,14.788
1988-07-04,,0.117,0.0,-8.271,14.149
1988-07-05,,0.114,0.062,-7.126,14.688
1988-07-06,,0.113,0.163,-7.417,14.235
1988-07-07,,0.112,0.034,-6.647,14.201
1988-07-08,,0.111,0.0,-5.765,14.556
1988-07-09,,0.109,0.0,-5.976,14.744
1988-07-10,,0.108,0.0,-6.204,14.797
1988-07-11,,0.106,0.0,-7.242,13.458
1988-07-12,,0.105,0.0,-7.849,13.841
1988-07-13,,0.104,0.0,-10.338,14.262
1988-07-14,,0.103,0.013,-9.731,14.626
1988-07-15,,0.102,0.0,-9.09,14.497
1988-07-16,,0.101,0.001,-8.704,14.988
1988-07-17,,0.1,0.0,-9.387,14.26
1988-07-18,,0.099,0.0,-9.529,13.793
1988-07-19,,0.098,0.0,-10.275,13.362
1988-07-20,,0.096,0.008,-8.014,12.231
1988-07-21,,0.095,0.0,-7.96,13.215
1988-07-22,,0.093,0.002,-7.916,12.735
1988-07-23,,0.092,0.053,-8.043,12.175
1988-07-24,,0.092,0.017,-4.764,12.245
1988-07-25,,0.091,0.004,-5.777,12.661
1988-07-26,,0.091,0.0,-6.051,12.582
1988-07-27,,0.091,0.001,-7.497,14.039
1988-07-28,,0.09,0.0,-6.842,15.176
1988-07-29,,0.09,0.0,-6.925,14.717
1988-07-30,,0.09,0.0,-6.787,15.12
1988-07-31,,0.089,0.0,-7.17,15.159
1988-08-01,,0.083,0.0,-5.904,15.281
1988-08-02,,0.082,0.0,-4.969,15.795
1988-08-03,,0.081,0.0,-4.899,15.81
1988-08-04,,0.08,0.0,-6.237,16.811
1988-08-05,,0.079,0.0,-5.436,16.637
1988-08-06,,0.077,0.039,-6.25,16.958
1988-08-07,,0.077,0.032,-6.193,16.132
1988-08-08,,0.076,0.023,-5.571,16.211
1988-08-09,,0.076,0.007,-5.691,15.414
1988-08-10,,0.075,0.002,-6.667,15.748
1988-08-11,,0.075,0.0,-7.023,16.234
1988-08-12,,0.074,0.078,-8.835,15.538
1988-08-13,,0.074,0.0,-8.015,15.565
1988-08-14,,0.074,0.001,-5.523,15.642
1988-08-15,,0.074,0.001,-6.592,15.902
1988-08-16,,0.074,0.001,-4.753,14.946
1988-08-17,,0.074,0.001,-3.468,14.821
1988-08-18,,0.074,0.0,-5.712,15.062
1988-08-19,,0.073,0.0,-6.966,15.789
1988-08-20,,0.072,0.0,-8.535,16.092
1988-08-21,,0.072,0.016,-8.217,16.168
1988-08-22,,0.071,0.005,-6.013,15.245
1988-08-23,,0.07,0.001,-6.979,16.879
1988-08-24,,0.07,0.052,-6.717,17.8
1988-08-25,,0.069,0.0,-8.095,17.36
1988-08-26,,0.068,0.0,-7.633,17.237
1988-08-27,,0.067,0.001,-6.421,16.546
1988-08-28,,0.067,0.012,-5.602,16.035
1988-08-29,,0.066,0.036,-5.212,15.477
1988-08-30,,0.066,0.008,-6.321,16.571
1988-08-31,,0.066,0.005,-4.883,16.615
1988-09-01,,0.057,0.0,-5.739,16.343
1988-09-02,,0.057,0.002,-3.964,14.529
1988-09-03,,0.057,0.603,-2.463,14.841
1988-09-04,,0.057,0.681,-1.375,14.605
1988-09-05,,0.059,0.273,-0.948,13.882
1988-09-06,,0.066,0.154,-0.209,15.629
1988-09-07,,0.072,0.04,-1.486,15.395
1988-09-08,,0.076,0.012,-2.416,15.668
1988-09-09,,0.077,0.016,-4.484,15.811
1988-09-10,,0.076,0.003,-3.108,16.686
1988-09-11,,0.074,0.182,-2.748,16.07
1988-09-12,,0.071,0.24,-2.761,16.744
1988-09-13,,0.069,0.183,-2.732,16.993
1988-09-14,,0.066,0.325,-2.513,16.611
1988-09-15,,0.063,1.168,-0.088,12.348
1988-09-16,,0.06,0.054,-1.388,13.903
1988-09-17,,0.059,0.007,-7.313,14.215
1988-09-18,,0.058,0.109,-5.085,14.521
1988-09-19,,0.058,0.401,-2.899,14.468
1988-09-20,,0.058,0.026,-3.49,15.023
1988-09-21,,0.058,0.13,-2.41,16.821
1988-09-22,,0.058,0.377,-2.891,17.585
1988-09-23,,0.058,1.219,-1.564,16.091
1988-09-24,,0.057,0.412,0.946,15.611
1988-09-25,,0.057,0.243,0.636,14.857
1988-09-26,,0.058,0.645,0.468,15.807
1988-09-27,,0.058,1.134,-1.373,15.543
1988-09-28,,0.059,0.411,-0.398,15.447
1988-09-29,,0.06,0.003,-4.801,16.314
1988-09-30,,0.064,0.114,-6.433,16.253
1988-10-01,,0.055,0.001,-4.485,17.024
1988-10-02,,0.054,0.009,-2.733,16.861
1988-10-03,,0.053,0.323,-0.731,16.355
1988-10-04,,0.052,0.432,-0.362,16.048
1988-10-05,,0.052,0.111,0.195,14.918
1988-10-06,,0.053,2.249,0.695,13.56
1988-10-07,,0.055,2.119,-0.138,11.54
1988-10-08,,0.062,2.009,0.039,11.975
1988-10-09,,0.073,1.923,-1.865,11.734
1988-10-10,,0.085,0.828,-1.12,11.35
1988-10-11,,0.093,2.401,-1.288,13.755
1988-10-12,,0.099,0.352,-4.456,16.663
1988-10-13,,0.101,1.085,-1.049,15.801
1988-10-14,,0.097,1.021,-1.48,16.6
1988-10-15,,0.092,1.419,-2.555,17.415
1988-10-16,,0.086,0.03,-1.986,16.501
1988-10-17,,0.08,0.001,-2.613,16.387
1988-10-18,,0.072,0.066,-2.801,17.374
1988-10-19,,0.067,0.063,-2.396,18.413
1988-10-20,,0.06,0.137,-1.652,18.28
1988-10-21,,0.056,0.234,-0.962,17.498
1988-10-22,,0.053,0.967,1.213,16.837
1988-10-23,,0.05,0.153,0.402,18.424
1988-10-24,,0.048,1.026,0.451,17.473
1988-10-25,,0.047,0.864,-0.805,17.977
1988-10-26,,0.047,2.345,0.599,17.748
1988-10-27,,0.048,2.395,2.139,14.027
1988-10-28,,0.048,0.494,-0.653,16.35
1988-10-29,,0.048,0.401,-3.28,17.824
1988-10-30,,0.048,0.551,-0.685,17.838
1988-10-31,,0.047,1.086,1.55,17.464
1988-11-01,,0.038,0.803,2.265,15.748
1988-11-02,,0.037,0.222,0.006,15.622
1988-11-03,,0.037,0.241,0.889,15.629
1988-11-04,,0.038,0.027,1.243,16.456
1988-11-05,,0.039,0.11,-0.753,16.771
1988-11-06,,0.039,0.223,-1.886,15.139
1988-11-07,,0.039,0.166,-0.584,14.539
1988-11-08,,0.039,0.112,-0.484,15.289
1988-11-09,,0.038,0.202,-1.166,15.78
1988-11-10,,0.038,0.016,-2.43,15.765
1988-11-11,,0.037,0.34,-1.737,15.865
1988-11-12,,0.036,1.202,-0.697,16.348
1988-11-13,,0.034,1.189,-0.995,16.042
1988-11-14,,0.033,2.039,0.028,16.338
1988-11-15,,0.033,1.213,0.619,15.437
1988-11-16,,0.035,1.433,-0.395,15.552
1988-11-17,,0.037,0.825,-1.108,16.742
1988-11-18,,0.039,0.365,-0.162,17.268
1988-11-19,,0.039,0.015,-0.934,18.085
1988-11-20,,0.039,0.238,-2.476,16.725
1988-11-21,,0.038,0.373,-0.955,18.086
1988-11-22,,0.036,0.608,-0.459,15.497
1988-11-23,,0.033,2.071,0.723,15.409
1988-11-24,,0.032,0.605,-1.211,16.375
1988-11-25,,0.033,0.532,-0.968,17.601
1988-11-26,,0.036,0.162,-0.007,18.021
1988-11-27,,0.037,0.345,-0.284,16.422
1988-11-28,,0.037,0.497,1.221,16.102
1988-11-29,,0.037,0.336,-0.397,16.591
1988-11-30,,0.035,1.484,-0.321,15.485
1988-12-01,,0.029,3.289,0.554,15.007
1988-12-02,,0.03,4.858,-0.515,14.642
1988-12-03,,0.032,0.503,-0.608,15.244
1988-12-04,,0.034,1.771,-0.278,15.515
1988-12-05,,0.037,4.689,-0.415,14.371
1988-12-06,,0.039,3.663,-0.458,13.078
1988-12-07,,0.042,0.108,-0.779,15.811
1988-12-08,,0.045,0.042,-1.745,16.528
1988-12-09,,0.046,1.274,-0.646,16.208
1988-12-10,,0.045,2.123,1.231,14.274
1988-12-11,,0.042,0.728,0.72,14.543
1988-12-12,,0.039,0.712,0.761,14.947
1988-12-13,,0.035,1.066,0.016,15.701
1988-12-14,,0.033,1.895,0.953,14.22
1988-12-15,,0.033,6.673,2.834,14.432
1988-12-16,,0.034,8.072,1.056,10.676
1988-12-17,,0.046,3.964,1.825,12.843
1988-12-18,,0.065,0.432,0.27,14.894
1988-12-19,,0.078,2.093,2.02,14.17
1988-12-20,,0.09,1.593,2.395,12.909
1988-12-21,,0.098,1.338,2.461,13.062
1988-12-22,,0.103,1.069,0.988,12.974
1988-12-23,,0.105,2.21,2.234,13.984
1988-12-24,,0.104,1.559,3.242,11.839
1988-12-25,,0.102,3.009,1.27,10.876
1988-12-26,,0.102,11.132,2.136,11.35
1988-12-27,,0.105,6.036,1.479,12.899
1988-12-28,,0.116,5.365,1.235,11.543
1988-12-29,,0.145,9.771,1.709,9.973
1988-12-30,,0.183,5.544,1.107,11.657
1988-12-31,,0.236,4.552,2.157,11.103
1989-01-01,,0.368,6.84,1.642,11.795
1989-01-02,,0.498,6.494,1.892,11.19
1989-01-03,,0.59,6.181,2.324,11.809
1989-01-04,,0.643,4.869,2.177,12.206
1989-01-05,,0.667,3.593,2.259,12.81
1989-01-06,,0.668,5.68,2.266,13.298
1989-01-07,,0.655,12.446,1.719,12.525
1989-01-08,,0.637,5.074,0.572,12.637
1989-01-09,,0.622,4.244,0.484,11.87
1989-01-10,,0.616,4.976,1.993,10.727
1989-01-11,,0.615,1.985,2.141,10.889
1989-01-12,,0.616,1.368,1.535,11.742
1989-01-13,,0.615,1.591,2.448,12.542
1989-01-14,,0.591,2.248,1.781,13.36
1989-01-15,,0.546,3.109,2.43,13.92
1989-01-16,,0.479,0.938,1.781,13.663
1989-01-17,,0.407,2.404,1.609,13.504
1989-01-18,,0.343,1.69,2.234,12.499
1989-01-19,,0.301,1.921,1.618,13.559
1989-01-20,,0.273,1.616,2.086,13.94
1989-01-21,,0.266,4.969,2.701,12.562
1989-01-22,,0.263,3.905,2.617,13.45
1989-01-23,,0.266,6.689,2.501,12.456
1989-01-24,,0.293,5.724,3.232,13.557
1989-01-25,,0.351,4.572,2.447,13.563
1989-01-26,,0.445,6.814,1.843,12.007
1989-01-27,,0.531,16.202,1.584,9.504
1989-01-28,,0.6,2.423,0.613,12.686
1989-01-29,,0.704,3.093,0.956,12.318
1989-01-30,,0.857,3.31,1.71,11.788
1989-01-31,,0.976,0.99,1.536,12.403
1989-02-01,,0.953,2.115,2.225,12.154
1989-02-02,,0.93,5.472,2.242,12.203
1989-02-03,,0.882,5.317,2.449,11.605
1989-02-04,,0.857,5.327,2.527,10.845
1989-02-05,,0.885,3.782,2.433,12.405
1989-02-06,,1.0,3.335,2.425,12.265
1989-02-07,,1.129,8.34,2.454,13.231
1989-02-08,,1.243,8.853,2.462,11.006
1989-02-09,,1.327,4.658,2.455,11.676
1989-02-10,,1.402,1.297,1.825,11.643
1989-02-11,,1.441,0.741,2.259,13.378
1989-02-12,,1.42,0.941,2.14,13.434
1989-02-13,,1.285,0.368,1.317,14.271
1989-02-14,,1.112,4.768,2.029,13.325
1989-02-15,,0.924,4.656,1.981,12.697
1989-02-16,,0.754,1.278,1.466,12.633
1989-02-17,,0.697,2.012,1.829,11.064
1989-02-18,,0.671,1.408,2.431,11.971
1989-02-19,,0.654,1.578,2.249,11.967
1989-02-20,,0.631,4.184,2.583,12.781
1989-02-21,,0.6,3.713,2.231,13.936
1989-02-22,,0.581,1.063,1.733,14.232
1989-02-23,,0.57,0.915,1.148,14.21
1989-02-24,,0.558,2.751,1.453,11.82
1989-02-25,,0.523,7.479,1.93,11.282
1989-02-26,,0.497,3.688,0.962,12.304
1989-02-27,,0.501,2.998,1.778,13.898
1989-02-28,,0.54,4.172,1.84,13.566
1989-03-01,,0.594,2.99,2.082,13.696
1989-03-02,,0.593,3.609,2.251,13.974
1989-03-03,,0.587,3.982,2.183,12.859
1989-03-04,,0.592,4.197,1.633,12.859
1989-03-05,,0.599,12.049,1.883,11.265
1989-03-06,,0.622,3.31,1.304,12.339
1989-03-07,,0.664,2.766,2.161,12.644
1989-03-08,,0.724,8.467,1.816,12.297
1989-03-09,,0.805,4.085,2.613,11.975
1989-03-10,,0.85,6.5,2.243,12.155
1989-03-11,,0.898,8.893,2.106,11.487
1989-03-12,,0.933,6.937,2.072,9.991
1989-03-13,,0.975,4.378,2.04,12.494
1989-03-14,,1.056,2.388,2.066,12.991
1989-03-15,,1.128,1.371,2.557,13.46
1989-03-16,,1.195,0.769,1.625,13.71
1989-03-17,,1.193,1.123,1.587,12.063
1989-03-18,,1.112,0.774,0.886,13.434
1989-03-19,,0.963,0.837,0.992,12.406
1989-03-20,,0.809,1.5,0.827,13.264
1989-03-21,,0.699,1.726,0.038,11.727
1989-03-22,,0.629,0.609,-0.472,11.994
1989-03-23,,0.593,2.902,0.117,10.923
1989-03-24,,0.566,2.816,0.645,11.436
1989-03-25,,0.539,8.11,0.63,10.912
1989-03-26,,0.532,6.608,0.225,11.392
1989-03-27,,0.575,3.471,0.418,10.235
1989-03-28,,0.651,2.083,0.847,11.563
1989-03-29,,0.732,2.578,1.029,11.402
1989-03-30,,0.799,2.119,0.964,11.214
1989-03-31,,0.799,5.155,0.389,11.557
1989-04-01,,0.729,5.047,0.27,11.544
1989-04-02,,0.729,4.771,0.796,10.77
1989-04-03,,0.767,2.657,-0.389,12.153
1989-04-04,,0.858,4.288,-0.056,12.562
1989-04-05,,0.957,3.726,0.576,12.477
1989-04-06,,1.011,1.558,1.421,11.843
1989-04-07,,1.013,0.116,-0.725,13.441
1989-04-08,,0.992,0.583,-0.062,13.273
1989-04-09,,0.901,0.212,1.336,14.062
1989-04-10,,0.831,0.887,-1.29,14.526
1989-04-11,,0.739,0.83,0.811,12.355
1989-04-12,,0.682,0.456,0.159,12.915
1989-04-13,,0.613,2.177,1.315,13.085
1989-04-14,,0.567,1.847,1.86,13.214
1989-04-15,,0.527,1.498,1.602,12.367
1989-04-16,,0.523,1.999,1.206,13.548
1989-04-17,,0.543,0.784,1.843,13.667
1989-04-18,,0.572,0.853,2.032,13.641
1989-04-19,,0.591,4.621,1.046,11.625
1989-04-20,,0.593,4.19,1.3,13.139
1989-04-21,,0.598,1.037,0.762,13.88
1989-04-22,,0.632,0.115,-0.523,14.271
1989-04-23,,0.685,0.421,-1.267,14.75
1989-04-24,,0.705,0.054,-0.829,14.1
1989-04-25,,0.697,0.74,-1.067,13.657
1989-04-26,,0.653,3.225,0.048,12.205
1989-04-27,,0.609,2.137,-0.859,11.591
1989-04-28,,0.582,0.149,-4.534,12.846
1989-04-29,,0.57,1.002,-2.797,12.361
1989-04-30,,0.559,0.433,-3.374,13.375
1989-05-01,,0.53,0.395,-2.575,13.061
1989-05-02,,0.489,0.102,-1.715,13.407
1989-05-03,,0.435,0.489,-2.847,13.259
1989-05-04,,0.383,0.448,-3.298,13.647
1989-05-05,,0.342,0.715,-2.276,14.179
1989-05-06,,0.306,2.715,-1.477,13.017
1989-05-07,,0.281,0.191,-2.805,13.457
1989-05-08,,0.265,0.301,-2.325,14.515
1989-05-09,,0.255,0.241,-3.269,14.497
1989-05-10,,0.255,0.221,-3.244,13.514
1989-05-11,,0.256,0.01,-5.041,13.311
1989-05-12,,0.252,0.017,-6.123,13.887
1989-05-13,,0.245,0.006,-5.842,13.97
1989-05-14,,0.232,0.002,-3.602,14.634
1989-05-15,,0.217,0.09,-5.135,14.612
1989-05-16,,0.204,0.617,-1.968,13.611
1989-05-17,,0.193,0.477,-0.502,13.948
1989-05-18,,0.182,0.255,-1.948,13.47
1989-05-19,,0.177,0.28,-2.031,13.295
1989-05-20,,0.175,0.03,-4.491,12.442
1989-05-21,,0.171,0.327,-5.091,12.738
1989-05-22,,0.166,0.506,-5.056,12.215
1989-05-23,,0.161,0.377,-4.936,12.512
1989-05-24,,0.157,0.608,-4.255,12.135
1989-05-25,,0.153,0.219,-3.913,11.852
1989-05-26,,0.152,0.294,-3.757,12.795
1989-05-27,,0.152,0.202,-3.435,12.998
1989-05-28,,0.149,0.166,-4.485,13.664
1989-05-29,,0.145,0.549,-2.841,13.353
1989-05-30,,0.141,0.848,-4.259,13.565
1989-05-31,,0.143,1.076,-3.315,12.135
1989-06-01,,0.153,0.262,-3.317,11.059
1989-06-02,,0.167,0.147,-4.219,11.623
1989-06-03,,0.184,0.001,-4.429,11.769
1989-06-04,,0.197,0.058,-2.988,12.662
1989-06-05,,0.2,0.325,-2.776,12.573
1989-06-06,,0.195,0.074,-4.015,13.181
1989-06-07,,0.185,0.001,-3.874,13.446
1989-06-08,,0.177,0.016,-5.543,14.142
1989-06-09,,0.167,0.011,-5.551,14.262
1989-06-10,,0.159,0.289,-5.795,13.973
1989-06-11,,0.148,0.121,-6.779,13.427
1989-06-12,,0.135,0.01,-5.789,12.681
1989-06-13,,0.126,0.002,-6.739,13.674
1989-06-14,,0.115,0.013,-6.432,13.905
1989-06-15,,0.11,0.031,-9.017,13.752
1989-06-16,,0.106,0.14,-7.68,12.999
1989-06-17,,0.103,0.241,-7.448,12.42
1989-06-18,,0.101,0.231,-4.425,11.957
1989-06-19,,0.101,0.475,-2.997,11.36
1989-06-20,,0.103,0.157,-5.563,12.179
1989-06-21,,0.109,0.34,-6.855,13.017
1989-06-22,,0.122,0.037,-5.758,13.861
1989-06-23,,0.131,0.276,-6.737,12.735
1989-06-24,,0.136,0.391,-6.457,12.768
1989-06-25,,0.134,0.214,-5.431,12.343
1989-06-26,,0.127,0.107,-5.854,13.666
1989-06-27,,0.115,0.183,-7.929,15.12
1989-06-28,,0.106,0.186,-8.231,14.516
1989-06-29,,0.101,0.222,-6.176,13.235
1989-06-30,,0.096,0.202,-9.111,13.475
1989-07-01,,0.09,0.026,-7.575,13.606
1989-07-02,,0.089,0.198,-5.773,11.931
1989-07-03,,0.086,0.213,-4.772,10.346
1989-07-04,,0.085,0.0,-7.747,11.386
1989-07-05,,0.083,0.101,-7.61,10.853
1989-07-06,,0.082,0.0,-8.001,11.911
1989-07-07,,0.081,0.002,-7.713,12.447
1989-07-08,,0.079,0.001,-6.413,11.892
1989-07-09,,0.078,0.0,-7.099,11.606
1989-07-10,,0.077,0.0,-8.457,12.241
1989-07-11,,0.075,0.0,-9.688,12.312
1989-07-12,,0.074,0.017,-9.224,11.483
1989-07-13,,0.073,0.0,-8.832,12.221
1989-07-14,,0.073,0.002,-7.62,11.35
1989-07-15,,0.072,0.094,-6.039,9.921
1989-07-16,,0.072,0.003,-7.706,12.021
1989-07-17,,0.073,0.0,-8.41,13.591
1989-07-18,,0.074,0.0,-7.956,14.263
1989-07-19,,0.076,0.0,-8.068,14.099
1989-07-20,,0.076,0.018,-7.36,14.263
1989-07-21,,0.075,0.281,-7.261,14.571
1989-07-22,,0.073,0.045,-7.223,14.166
1989-07-23,,0.072,0.001,-7.119,14.64
1989-07-24,,0.07,0.144,-7.644,13.411
1989-07-25,,0.069,0.069,-7.707,12.66
1989-07-26,,0.067,0.072,-6.206,12.917
1989-07-27,,0.067,0.005,-6.591,14.594
1989-07-28,,0.066,0.245,-6.536,14.729
1989-07-29,,0.065,0.004,-8.23,13.875
1989-07-30,,0.065,0.001,-10.149,12.198
1989-07-31,,0.064,0.182,-8.951,13.237
1989-08-01,,0.06,0.427,-6.598,13.119
1989-08-02,,0.059,0.155,-5.635,13.541
1989-08-03,,0.059,1.16,-5.571,12.859
1989-08-04,,0.059,0.536,-6.011,13.591
1989-08-05,,0.06,0.708,-5.777,13.374
1989-08-06,,0.063,0.174,-5.424,13.543
1989-08-07,,0.068,0.01,-5.291,12.521
1989-08-08,,0.081,0.15,-4.345,11.423
1989-08-09,,0.103,0.471,-4.479,12.355
1989-08-10,,0.12,0.285,-7.895,13.05
1989-08-11,,0.129,0.05,-8.096,12.725
1989-08-12,,0.121,0.199,-5.604,12.912
1989-08-13,,0.111,1.154,-7.205,13.776
1989-08-14,,0.1,0.694,-6.804,12.822
1989-08-15,,0.089,1.014,-6.493,11.877
1989-08-16,,0.082,0.034,-6.623,12.326
1989-08-17,,0.076,1.317,-5.614,11.522
1989-08-18,,0.074,0.006,-5.657,12.35
1989-08-19,,0.075,0.026,-5.953,13.26
1989-08-20,,0.078,0.24,-5.124,13.251
1989-08-21,,0.082,0.05,-6.714,14.084
1989-08-22,,0.085,0.265,-9.898,14.622
1989-08-23,,0.086,0.011,-8.752,14.864
1989-08-24,,0.084,0.0,-8.695,14.756
1989-08-25,,0.079,0.122,-7.617,15.518
1989-08-26,,0.073,0.008,-5.364,14.418
1989-08-27,,0.068,0.04,-5.543,14.254
1989-08-28,,0.063,0.269,-4.2,14.196
1989-08-29,,0.06,1.478,-1.786,12.848
1989-08-30,,0.06,0.801,-3.113,13.273
1989-08-31,,0.066,0.113,-1.628,13.562
1989-09-01,,0.066,0.666,-2.017,14.033
1989-09-02,,0.071,1.181,-2.84,14.169
1989-09-03,,0.074,0.113,-4.842,14.976
1989-09-04,,0.075,0.001,-6.133,15.282
1989-09-05,,0.077,0.008,-7.72,15.742
1989-09-06,,0.077,0.122,-4.339,15.216
1989-09-07,,0.075,0.124,-2.779,15.057
1989-09-08,,0.072,0.555,-3.627,15.584
1989-09-09,,0.068,0.001,-4.844,15.916
1989-09-10,,0.061,0.004,-4.824,15.88
1989-09-11,,0.057,0.512,-3.996,16.659
1989-09-12,,0.052,0.992,-2.642,17.194
1989-09-13,,0.049,1.099,-3.241,15.83
1989-09-14,,0.047,0.869,-3.272,14.896
1989-09-15,,0.046,4.116,-1.172,14.604
1989-09-16,,0.048,2.172,-1.088,14.602
1989-09-17,,0.056,1.313,-2.739,14.175
1989-09-18,,0.07,0.129,-4.498,15.811
1989-09-19,,0.078,0.126,-3.911,16.526
1989-09-20,,0.082,0.038,-2.96,16.203
1989-09-21,,0.082,0.036,-3.001,16.921
1989-09-22,,0.078,0.114,-2.447,16.111
1989-09-23,,0.074,0.261,-1.086,15.459
1989-09-24,,0.07,0.691,-1.131,15.415
1989-09-25,,0.064,1.431,-0.715,14.173
1989-09-26,,0.06,2.169,-1.086,14.615
1989-09-27,,0.063,0.65,-1.141,14.027
1989-09-28,,0.07,0.566,-2.224,13.633
1989-09-29,,0.074,1.043,-1.388,13.583
1989-09-30,,0.078,0.373,-1.088,13.549
1989-10-01,,0.069,0.584,-0.882,13.408
1989-10-02,,0.069,0.005,-2.88,15.688
1989-10-03,,0.068,0.203,-4.452,15.765
1989-10-04,,0.065,0.127,-2.076,13.781
1989-10-05,,0.061,0.001,-3.286,15.319
1989-10-06,,0.058,0.306,-2.992,14.74
1989-10-07,,0.056,1.355,-1.536,14.977
1989-10-08,,0.054,1.398,-2.055,14.782
1989-10-09,,0.053,2.66,-1.134,15.027
1989-10-10,,0.051,3.432,-0.089,12.981
1989-10-11,,0.053,1.648,-1.495,14.486
1989-10-12,,0.057,3.433,-0.632,14.662
1989-10-13,,0.063,3.105,-1.611,14.062
1989-10-14,,0.066,2.758,-0.111,15.342
1989-10-15,,0.066,1.799,-1.086,15.528
1989-10-16,,0.066,1.279,-0.211,15.882
1989-10-17,,0.065,1.276,0.67,14.105
1989-10-18,,0.063,0.416,0.058,15.406
1989-10-19,,0.06,0.22,-2.941,16.397
1989-10-20,,0.057,1.856,-1.798,15.911
1989-10-21,,0.054,1.234,-1.006,15.841
1989-10-22,,0.05,1.489,-0.791,14.894
1989-10-23,,0.047,2.431,-0.55,13.785
1989-10-24,,0.048,2.752,0.425,14.931
1989-10-25,,0.053,0.001,-1.161,15.118
1989-10-26,,0.058,0.468,-0.535,15.86
1989-10-27,,0.064,2.538,0.089,14.672
1989-10-28,,0.067,0.511,-0.576,16.591
1989-10-29,,0.067,0.32,-1.395,16.447
1989-10-30,,0.066,0.936,-1.174,16.893
1989-10-31,,0.063,3.076,-0.506,16.388
1989-11-01,,0.051,2.198,1.704,13.599
1989-11-02,,0.052,1.722,0.049,15.08
1989-11-03,,0.059,1.327,0.424,16.434
1989-11-04,,0.07,1.781,0.69,16.157
1989-11-05,,0.077,5.047,1.852,14.51
1989-11-06,,0.082,2.405,0.752,15.412
1989-11-07,,0.086,1.577,-0.359,15.914
1989-11-08,,0.089,0.164,-2.272,16.627
1989-11-09,,0.089,0.353,-3.018,15.635
1989-11-10,,0.085,0.285,-2.047,16.266
1989-11-11,,0.079,0.019,-4.559,17.323
1989-11-12,,0.072,0.082,-3.966,17.112
1989-11-13,,0.063,0.013,-4.312,16.471
1989-11-14,,0.054,0.099,-4.602,16.677
1989-11-15,,0.046,0.775,-2.091,16.737
1989-11-16,,0.041,1.974,-1.608,15.535
1989-11-17,,0.038,2.663,-0.185,14.678
1989-11-18,,0.039,4.255,-1.012,13.993
1989-11-19,,0.045,1.149,-2.126,15.727
1989-11-20,,0.057,0.275,-3.157,16.719
1989-11-21,,0.07,0.16,-2.843,17.008
1989-11-22,,0.076,0.349,-0.896,14.495
1989-11-23,,0.077,0.367,-0.842,15.447
1989-11-24,,0.072,1.459,-0.781,15.738
1989-11-25,,0.066,2.236,-1.305,15.819
1989-11-26,,0.059,1.97,-2.217,16.366
1989-11-27,,0.056,3.004,-0.519,13.943
1989-11-28,,0.056,1.671,-0.101,13.166
1989-11-29,,0.059,0.495,-0.545,14.546
1989-11-30,,0.067,0.77,-0.191,15.454
1989-12-01,,0.067,1.077,-0.253,15.902
1989-12-02,,0.067,1.118,-1.561,16.7
1989-12-03,,0.065,0.1,-2.288,17.189
1989-12-04,,0.059,0.032,-2.234,16.549
1989-12-05,,0.053,0.545,-1.496,16.539
1989-12-06,,0.042,0.621,-0.817,17.714
1989-12-07,,0.036,0.182,-1.245,18.217
1989-12-08,,0.033,0.399,0.376,18.047
1989-12-09,,0.031,0.79,1.082,16.866
1989-12-10,,0.029,0.876,2.699,16.503
1989-12-11,,0.028,2.866,1.934,17.357
1989-12-12,,0.028,0.406,2.74,16.775
1989-12-13,,0.03,2.184,-0.5,15.713
1989-12-14,,0.031,1.621,-0.409,15.853
1989-12-15,,0.032,7.813,2.787,14.618
1989-12-16,,0.032,1.351,2.952,17.211
1989-12-17,,0.032,1.657,1.329,17.23
1989-12-18,,0.033,4.89,1.978,13.312
1989-12-19,,0.033,3.652,1.82,12.982
1989-12-20,,0.037,3.267,1.621,14.172
1989-12-21,,0.05,3.763,1.829,14.966
1989-12-22,,0.063,1.756,-0.36,15.417
1989-12-23,,0.073,1.518,1.241,15.225
1989-12-24,,0.078,1.848,0.591,15.26
1989-12-25,,0.078,0.923,0.602,15.158
1989-12-26,,0.076,1.027,0.911,15.666
1989-12-27,,0.072,2.252,0.45,15.189
1989-12-28,,0.067,4.0,0.636,14.395
1989-12-29,,0.063,3.471,-0.239,13.632
1989-12-30,,0.063,5.412,-0.215,13.818
1989-12-31,,0.069,11.087,0.254,12.472
1990-01-01,,0.085,4.284,1.474,13.019
1990-01-02,,0.139,2.195,2.056,13.212
1990-01-03,,0.238,3.925,2.538,13.977
1990-01-04,,0.318,4.826,2.791,13.899
1990-01-05,,0.362,5.315,2.544,12.658
1990-01-06,,0.391,5.601,3.506,12.998
1990-01-07,,0.432,5.55,3.157,12.491
1990-01-08,,0.498,3.594,2.527,12.419
1990-01-09,,0.561,2.672,2.112,13.581
1990-01-10,,0.6,1.205,2.222,14.327
1990-01-11,,0.6,2.073,1.4,13.592
1990-01-12,,0.549,1.789,1.715,13.182
1990-01-13,,0.464,3.38,2.699,13.109
1990-01-14,,0.363,3.447,2.856,11.698
1990-01-15,,0.317,2.033,2.839,13.025
1990-01-16,,0.308,0.945,2.82,13.683
1990-01-17,,0.31,0.227,2.352,15.672
1990-01-18,,0.31,1.873,2.989,13.012
1990-01-19,,0.305,1.308,2.812,13.525
1990-01-20,,0.283,1.814,2.7,13.151
1990-01-21,,0.27,2.692,2.43,14.004
1990-01-22,,0.266,4.458,2.426,13.834
1990-01-23,,0.282,1.839,2.458,14.07
1990-01-24,,0.327,1.729,2.157,14.022
1990-01-25,,0.382,4.845,2.398,12.939
1990-01-26,,0.439,1.813,1.929,12.805
1990-01-27,,0.482,1.562,0.68,13.463
1990-01-28,,0.53,1.73,1.948,14.178
1990-01-29,,0.556,2.735,2.347,13.949
1990-01-30,,0.556,2.825,2.221,14.287
1990-01-31,,0.533,1.262,1.392,14.834
1990-02-01,,0.53,1.32,2.323,14.834
1990-02-02,,0.493,0.867,1.691,15.55
1990-02-03,,0.419,0.567,1.326,15.55
1990-02-04,,0.344,1.656,1.065,15.314
1990-02-05,,0.279,1.033,2.399,16.063
1990-02-06,,0.209,1.615,2.741,14.798
1990-02-07,,0.115,3.406,2.449,14.346
1990-02-08,,0.089,2.168,2.171,14.834
1990-02-09,,0.064,0.32,0.413,15.868
1990-02-10,,0.061,0.095,0.775,15.847
1990-02-11,,0.058,0.658,0.887,16.193
1990-02-12,,0.053,1.294,1.209,15.029
1990-02-13,,0.051,1.385,1.553,14.529
1990-02-14,,0.058,0.86,2.011,13.658
1990-02-15,,0.061,1.881,0.999,13.957
1990-02-16,,0.073,8.778,1.89,13.58
1990-02-17,,0.091,8.537,1.296,13.339
1990-02-18,,0.123,7.678,0.702,11.528
1990-02-19,,0.283,2.397,0.293,11.583
1990-02-20,,0.449,2.67,0.571,13.882
1990-02-21,,0.581,3.229,1.061,14.355
1990-02-22,,0.622,2.3,1.349,14.47
1990-02-23,,0.6,0.594,2.092,15.82
1990-02-24,,0.546,1.159,1.425,16.569
1990-02-25,,0.482,0.145,-0.143,14.312
1990-02-26,,0.394,1.952,1.557,12.768
1990-02-27,,0.31,6.972,2.263,13.247
1990-02-28,,0.268,4.069,1.513,13.675
1990-03-01,,0.318,2.444,1.061,13.773
1990-03-02,,0.353,1.191,1.198,12.5
1990-03-03,,0.394,1.266,0.248,12.701
1990-03-04,,0.397,2.227,1.357,13.123
1990-03-05,,0.367,1.983,0.643,14.663
1990-03-06,,0.336,1.185,0.669,14.706
1990-03-07,,0.317,2.641,1.153,14.378
1990-03-08,,0.303,4.44,1.699,13.527
1990-03-09,,0.301,5.527,1.987,13.686
1990-03-10,,0.321,3.101,1.411,14.493
1990-03-11,,0.41,4.429,2.026,13.939
1990-03-12,,0.506,8.174,2.45,14.589
1990-03-13,,0.602,7.677,2.674,14.274
1990-03-14,,0.691,2.143,1.488,16.06
1990-03-15,,0.72,3.129,0.355,15.431
1990-03-16,,0.711,2.685,1.159,14.429
1990-03-17,,0.667,4.13,0.841,13.393
1990-03-18,,0.619,2.683,-0.268,13.331
1990-03-19,,0.588,1.061,0.061,14.065
1990-03-20,,0.556,1.968,-1.288,15.272
1990-03-21,,0.515,1.156,-1.329,15.235
1990-03-22,,0.472,0.285,-0.654,15.325
1990-03-23,,0.415,0.071,-1.257,16.439
1990-03-24,,0.335,0.3,-0.368,16.757
1990-03-25,,0.283,2.794,0.116,16.785
1990-03-26,,0.232,0.294,-0.873,16.963
1990-03-27,,0.165,0.061,-2.416,16.175
1990-03-28,,0.134,0.248,-1.817,15.023
1990-03-29,,0.116,0.48,-2.376,15.388
1990-03-30,,0.108,0.801,-2.088,14.36
1990-03-31,,0.1,1.898,-0.167,13.504
1990-04-01,,0.096,3.425,1.792,11.887
1990-04-02,,0.102,2.171,1.572,12.372
1990-04-03,,0.142,1.519,0.723,13.33
1990-04-04,,0.21,0.731,-0.133,13.619
1990-04-05,,0.279,1.278,-1.655,13.233
1990-04-06,,0.33,2.684,1.815,14.086
1990-04-07,,0.343,3.837,1.591,14.167
1990-04-08,,0.343,1.751,0.621,14.215
1990-04-09,,0.353,1.253,0.766,14.721
1990-04-10,,0.373,0.948,-0.29,15.861
1990-04-11,,0.39,0.795,1.602,14.552
1990-04-12,,0.393,0.344,2.17,14.648
1990-04-13,,0.387,0.319,1.244,15.333
1990-04-14,,0.369,0.078,0.635,15.727
1990-04-15,,0.34,0.024,-0.442,16.252
1990-04-16,,0.295,0.0,-1.428,15.329
1990-04-17,,0.255,0.227,-2.027,15.467
1990-04-18,,0.206,1.739,-1.639,14.526
1990-04-19,,0.159,0.242,-0.916,15.128
1990-04-20,,0.129,0.024,-3.257,15.069
1990-04-21,,0.102,0.218,-3.913,14.644
1990-04-22,,0.091,0.209,-3.535,14.761
1990-04-23,,0.083,0.463,-4.322,13.779
1990-04-24,,0.079,0.173,-2.114,12.907
1990-04-25,,0.078,0.285,-0.995,13.757
1990-04-26,,0.078,0.575,-1.213,15.636
1990-04-27,,0.078,0.425,-3.112,15.496
1990-04-28,,0.078,0.003,-3.003,16.131
1990-04-29,,0.078,0.199,-3.2,16.31
1990-04-30,,0.078,0.014,-1.899,15.969
1990-05-01,,0.075,0.007,-2.678,16.18
1990-05-02,,0.072,0.0,-4.368,16.469
1990-05-03,,0.068,0.016,-5.388,15.605
1990-05-04,,0.065,0.0,-5.162,15.553
1990-05-05,,0.062,0.008,-4.809,15.274
1990-05-06,,0.06,0.001,-3.371,15.338
1990-05-07,,0.055,0.01,-3.135,15.041
1990-05-08,,0.049,0.078,-2.519,15.564
1990-05-09,,0.049,0.575,-3.472,15.809
1990-05-10,,0.049,0.118,-4.85,16.068
1990-05-11,,0.049,0.284,-5.07,15.779
1990-05-12,,0.054,1.247,-3.754,14.3
1990-05-13,,0.056,1.15,-2.842,14.523
1990-05-14,,0.057,1.209,-1.574,14.514
1990-05-15,,0.062,0.691,-1.7,14.276
1990-05-16,,0.067,1.231,-1.01,13.815
1990-05-17,,0.08,1.805,-3.135,14.23
1990-05-18,,0.101,1.812,0.049,12.44
1990-05-19,,0.117,1.903,-0.84,12.15
1990-05-20,,0.126,2.551,-2.732,13.712
1990-05-21,,0.129,0.356,-3.691,14.657
1990-05-22,,0.136,0.137,-2.267,13.976
1990-05-23,,0.154,0.012,-4.36,14.802
1990-05-24,,0.171,0.073,-4.761,16.035
1990-05-25,,0.174,0.035,-3.933,15.807
1990-05-26,,0.159,0.045,-4.508,15.35
1990-05-27,,0.139,0.009,-7.032,15.528
1990-05-28,,0.111,0.007,-5.762,14.803
1990-05-29,,0.09,0.05,-6.469,13.618
1990-05-30,,0.076,0.007,-6.08,12.649
1990-05-31,,0.068,0.16,-6.556,13.44
1990-06-01,,0.059,2.052,-3.431,11.144
1990-06-02,,0.059,0.986,-2.841,11.667
1990-06-03,,0.073,0.136,-4.125,11.919
1990-06-04,,0.103,0.034,-5.663,13.244
1990-06-05,,0.148,0.047,-4.87,14.274
1990-06-06,,0.166,1.352,-3.296,12.738
1990-06-07,,0.162,1.94,-3.86,13.265
1990-06-08,,0.148,6.728,-5.417,12.336
1990-06-09,,0.136,6.751,-2.424,11.768
1990-06-10,,0.156,9.054,-2.192,10.947
1990-06-11,,0.229,0.938,-2.036,10.024
1990-06-12,,0.34,0.035,-5.013,11.152
1990-06-13,,0.442,0.0,-8.174,12.506
1990-06-14,,0.527,0.016,-8.16,12.559
1990-06-15,,0.55,0.435,-8.644,12.043
1990-06-16,,0.506,0.35,-5.956,12.019
1990-06-17,,0.428,0.169,-5.183,12.39
1990-06-18,,0.359,0.0,-7.14,13.049
1990-06-19,,0.285,0.056,-7.92,14.184
1990-06-20,,0.229,0.703,-8.482,14.129
1990-06-21,,0.173,0.154,-6.872,13.665
1990-06-22,,0.131,0.005,-7.67,13.621
1990-06-23,,0.099,0.222,-7.046,12.822
1990-06-24,,0.08,1.746,-6.219,10.857
1990-06-25,,0.067,1.544,-6.154,10.817
1990-06-26,,0.061,0.553,-5.205,10.053
1990-06-27,,0.061,0.098,-8.005,11.132
1990-06-28,,0.066,0.013,-8.394,11.388
1990-06-29,,0.07,0.226,-8.524,12.119
1990-06-30,,0.069,0.004,-5.913,11.645
1990-07-01,,0.063,0.0,-5.315,11.329
1990-07-02,,0.056,0.0,-6.415,10.763
1990-07-03,,0.049,0.002,-7.898,10.608
1990-07-04,,0.045,0.0,-7.102,11.594
1990-07-05,,0.04,0.0,-8.667,12.732
1990-07-06,,0.035,0.0,-8.417,13.105
1990-07-07,,0.035,0.0,-8.873,12.917
1990-07-08,,0.033,0.011,-7.768,12.182
1990-07-09,,0.032,0.042,-9.593,12.213
1990-07-10,,0.032,0.223,-9.582,13.121
1990-07-11,,0.032,0.073,-7.679,11.053
1990-07-12,,0.032,0.021,-3.616,12.346
1990-07-13,,0.032,0.0,-5.6,13.385
1990-07-14,,0.032,0.008,-7.855,13.839
1990-07-15,,0.031,0.0,-7.86,12.952
1990-07-16,,0.031,0.018,-8.272,13.417
1990-07-17,,0.031,0.012,-7.869,13.298
1990-07-18,,0.03,0.357,-7.927,13.491
1990-07-19,,0.03,0.331,-6.653,13.464
1990-07-20,,0.03,0.06,-7.188,13.598
1990-07-21,,0.03,0.184,-6.809,12.743
1990-07-22,,0.03,0.006,-5.432,12.18
1990-07-23,,0.03,0.0,-7.342,14.18
1990-07-24,,0.031,0.003,-9.454,13.349
1990-07-25,,0.031,0.0,-9.46,12.87
1990-07-26,,0.031,0.0,-10.097,12.941
1990-07-27,,0.03,0.005,-7.655,12.575
1990-07-28,,0.03,0.0,-6.021,12.531
1990-07-29,,0.029,0.022,-7.861,12.974
1990-07-30,,0.029,0.055,-6.766,12.693
1990-07-31,,0.029,0.0,-7.247,12.763
1990-08-01,,0.024,0.0,-8.072,12.769
1990-08-02,,0.024,0.0,-9.43,13.318
1990-08-03,,0.024,0.0,-9.299,13.9
1990-08-04,,0.024,0.0,-8.583,13.704
1990-08-05,,0.024,0.0,-8.552,13.702
1990-08-06,,0.024,0.001,-8.645,13.757
1990-08-07,,0.023,0.001,-7.623,13.367
1990-08-08,,0.023,0.054,-7.714,14.112
1990-08-09,,0.023,0.154,-7.644,13.536
1990-08-10,,0.023,0.005,-7.454,13.987
1990-08-11,,0.024,0.0,-7.953,14.057
1990-08-12,,0.024,0.002,-8.767,14.029
1990-08-13,,0.023,0.0,-9.081,14.894
1990-08-14,,0.023,0.002,-7.36,16.003
1990-08-15,,0.023,0.021,-6.114,15.86
1990-08-16,,0.023,0.408,-5.862,16.129
1990-08-17,,0.023,0.85,-2.884,15.917
1990-08-18,,0.023,0.195,-1.234,15.891
1990-08-19,,0.023,0.234,-4.701,15.991
1990-08-20,,0.024,0.184,-5.603,15.586
1990-08-21,,0.026,0.961,-2.9,11.828
1990-08-22,,0.03,0.748,-4.034,12.71
1990-08-23,,0.032,0.271,-4.779,12.487
1990-08-24,,0.043,0.408,-3.155,12.372
1990-08-25,,0.055,0.951,-3.113,12.59
1990-08-26,,0.064,0.092,-3.946,12.941
1990-08-27,,0.068,0.013,-8.887,14.14
1990-08-28,,0.068,0.024,-7.757,15.308
1990-08-29,,0.063,0.035,-5.187,14.648
1990-08-30,,0.058,0.059,-7.883,14.278
1990-08-31,,0.05,0.0,-7.34,14.317
1990-09-01,,0.04,0.001,-7.48,14.892
1990-09-02,,0.034,0.0,-9.169,15.215
1990-09-03,,0.025,0.007,-8.024,14.977
1990-09-04,,0.021,0.073,-4.731,14.408
1990-09-05,,0.02,0.124,-2.132,13.19
1990-09-06,,0.02,0.21,-1.111,13.682
1990-09-07,,0.02,0.096,-2.134,13.619
1990-09-08,,0.02,0.057,-4.172,14.906
1990-09-09,,0.021,0.043,-3.265,16.074
1990-09-10,,0.021,0.063,-3.252,16.698
1990-09-11,,0.02,0.101,-3.801,16.631
1990-09-12,,0.02,0.123,-6.647,16.12
1990-09-13,,0.02,0.287,-2.664,14.704
1990-09-14,,0.019,0.147,-3.373,15.071
1990-09-15,,0.018,0.415,-3.067,15.116
1990-09-16,,0.018,0.108,-3.48,15.571
1990-09-17,,0.019,0.015,-1.42,14.845
1990-09-18,,0.02,0.007,-3.568,14.992
1990-09-19,,0.026,0.0,-4.681,14.766
1990-09-20,,0.034,0.0,-6.271,15.539
1990-09-21,,0.035,0.025,-5.062,15.349
1990-09-22,,0.033,0.112,-5.618,15.772
1990-09-23,,0.029,0.14,-4.739,16.308
1990-09-24,,0.022,0.446,-1.602,14.738
1990-09-25,,0.021,1.107,-2.038,14.212
1990-09-26,,0.021,3.498,-1.839,14.314
1990-09-27,,0.026,0.844,-1.485,15.035
1990-09-28,,0.042,0.268,-0.853,16.391
1990-09-29,,0.056,0.047,-3.188,16.83
1990-09-30,,0.066,0.004,-4.954,15.629
1990-10-01,,0.057,0.028,-4.413,15.987
1990-10-02,,0.056,0.001,-4.459,15.911
1990-10-03,,0.052,0.002,-3.032,14.705
1990-10-04,,0.045,0.012,-0.786,14.759
1990-10-05,,0.042,0.003,-1.978,16.297
1990-10-06,,0.04,0.281,-2.431,16.803
1990-10-07,,0.038,0.489,-0.943,16.393
1990-10-08,,0.037,2.58,-0.806,15.994
1990-10-09,,0.035,4.682,-0.277,16.388
1990-10-10,,0.035,6.265,1.533,14.46
1990-10-11,,0.04,0.89,-0.784,16.364
1990-10-12,,0.048,0.345,-1.921,17.629
1990-10-13,,0.057,0.483,-1.427,16.779
1990-10-14,,0.062,3.086,-0.334,16.657
1990-10-15,,0.064,4.384,2.281,15.467
1990-10-16,,0.067,7.507,1.135,14.028
1990-10-17,,0.07,0.692,-0.505,16.095
1990-10-18,,0.072,2.127,-0.836,15.282
1990-10-19,,0.073,2.553,0.448,14.99
1990-10-20,,0.072,6.785,1.921,11.903
1990-10-21,,0.072,7.228,0.802,13.135
1990-10-22,,0.079,6.939,0.539,13.64
1990-10-23,,0.09,4.081,0.848,14.904
1990-10-24,,0.108,2.356,1.696,14.031
1990-10-25,,0.127,2.129,1.833,13.608
1990-10-26,,0.141,4.136,0.3,14.062
1990-10-27,,0.146,4.968,0.465,14.557
1990-10-28,,0.145,2.956,0.884,14.956
1990-10-29,,0.144,3.137,-0.199,14.391
1990-10-30,,0.145,3.833,1.373,14.133
1990-10-31,,0.148,6.084,0.947,14.224
1990-11-01,,0.163,3.687,1.494,15.011
1990-11-02,,0.165,2.624,1.468,15.024
1990-11-03,,0.181,1.751,0.036,15.89
1990-11-04,,0.187,0.338,-1.112,16.196
1990-11-05,,0.179,2.358,0.369,15.742
1990-11-06,,0.154,1.847,1.586,15.412
1990-11-07,,0.134,1.009,0.883,16.636
1990-11-08,,0.115,3.066,1.15,15.72
1990-11-09,,0.101,3.701,1.956,15.03
1990-11-10,,0.097,3.256,2.364,15.04
1990-11-11,,0.106,4.571,2.056,14.067
1990-11-12,,0.133,5.927,1.478,13.018
1990-11-13,,0.165,2.468,1.002,13.885
1990-11-14,,0.21,4.012,0.749,14.522
1990-11-15,,0.274,3.06,1.327,14.012
1990-11-16,,0.332,1.839,0.868,15.449
1990-11-17,,0.467,4.194,2.142,14.5
1990-11-18,,0.555,4.687,1.04,15.755
1990-11-19,,0.601,4.149,2.124,14.26
1990-11-20,,0.645,1.261,1.148,15.953
1990-11-21,,0.641,0.003,0.971,15.773
1990-11-22,,0.566,0.021,0.778,15.999
1990-11-23,,0.479,0.585,1.841,15.955
1990-11-24,,0.334,0.0,1.202,15.655
1990-11-25,,0.271,0.326,-1.238,15.731
1990-11-26,,0.211,0.804,0.21,16.097
1990-11-27,,0.187,2.28,1.186,13.242
1990-11-28,,0.181,1.924,0.229,14.489
1990-11-29,,0.209,2.66,0.69,13.99
1990-11-30,,0.305,3.543,0.544,13.614
1990-12-01,,0.628,6.548,0.916,13.679
1990-12-02,,1.103,6.074,0.654,14.579
1990-12-03,,1.864,5.778,1.287,13.667
1990-12-04,,2.509,8.986,0.683,12.822
1990-12-05,,2.744,3.911,0.028,14.166
1990-12-06,,2.51,0.465,-0.62,15.207
1990-12-07,,2.129,3.944,1.115,15.542
1990-12-08,,1.703,5.894,0.301,12.479
1990-12-09,,1.349,1.254,-0.385,14.999
1990-12-10,,1.103,0.216,-2.03,16.008
1990-12-11,,0.925,0.101,-1.102,14.976
1990-12-12,,0.756,0.363,0.386,14.025
1990-12-13,,0.576,1.406,0.296,13.517
1990-12-14,,0.432,0.832,0.696,14.043
1990-12-15,,0.311,0.959,1.091,15.33
1990-12-16,,0.231,0.875,2.5,13.967
1990-12-17,,0.193,1.029,1.73,14.495
1990-12-18,,0.177,0.16,0.292,15.497
1990-12-19,,0.159,0.281,-0.564,15.359
1990-12-20,,0.152,1.549,1.548,15.323
1990-12-21,,0.148,1.873,2.479,14.898
1990-12-22,,0.15,2.961,2.139,13.727
1990-12-23,,0.165,1.355,2.361,12.395
1990-12-24,,0.207,2.022,1.641,13.651
1990-12-25,,0.298,2.191,1.856,13.087
1990-12-26,,0.399,4.906,0.958,13.581
1990-12-27,,0.559,3.716,2.0,13.809
1990-12-28,,0.783,3.293,1.353,14.42
1990-12-29,,1.088,2.788,2.63,12.797
1990-12-30,,1.403,4.099,2.152,13.683
1990-12-31,,1.68,7.293,2.605,12.301
1991-01-01,,1.729,9.124,2.966,12.821
1991-01-02,,1.867,9.897,2.442,12.961
1991-01-03,,1.997,15.664,1.822,12.062
1991-01-04,,2.118,9.524,1.655,12.331
1991-01-05,,2.367,3.698,0.479,14.746
1991-01-06,,2.468,0.686,1.0,15.971
1991-01-07,,2.519,0.134,-0.211,16.518
1991-01-08,,2.496,0.99,0.737,16.655
1991-01-09,,2.371,1.642,2.88,14.545
1991-01-10,,2.042,6.11,3.705,14.66
1991-01-11,,1.735,2.999,2.546,15.187
1991-01-12,,1.495,1.296,1.698,15.988
1991-01-13,,1.261,0.725,1.3,15.073
1991-01-14,,1.113,0.335,-0.472,16.784
1991-01-15,,0.95,0.125,-0.695,16.312
1991-01-16,,0.787,3.258,2.312,14.174
1991-01-17,,0.671,7.226,3.147,12.69
1991-01-18,,0.631,4.615,3.067,13.527
1991-01-19,,0.681,5.861,3.035,12.97
1991-01-20,,0.837,3.078,2.768,13.897
1991-01-21,,1.029,1.79,1.646,14.588
1991-01-22,,1.165,2.116,2.339,12.834
1991-01-23,,1.235,2.158,2.813,13.562
1991-01-24,,1.244,0.377,2.415,14.624
1991-01-25,,1.217,7.053,1.717,15.275
1991-01-26,,1.192,2.46,1.36,14.361
1991-01-27,,1.226,3.998,3.986,14.452
1991-01-28,,1.377,4.271,3.494,14.445
1991-01-29,,1.596,2.801,3.259,15.281
1991-01-30,,1.687,0.941,2.665,16.244
1991-01-31,,1.688,1.207,1.703,15.061
1991-02-01,,1.521,0.322,1.667,14.941
1991-02-02,,1.367,0.324,1.762,14.868
1991-02-03,,1.169,0.378,1.353,15.401
1991-02-04,,0.989,0.414,1.267,15.559
1991-02-05,,0.793,0.788,1.701,15.715
1991-02-06,,0.669,1.33,2.994,14.458
1991-02-07,,0.584,0.772,1.505,15.979
1991-02-08,,0.523,0.197,1.297,16.749
1991-02-09,,0.483,0.464,1.812,15.604
1991-02-10,,0.446,4.557,2.406,15.186
1991-02-11,,0.412,10.607,1.934,13.52
1991-02-12,,0.411,2.58,3.149,13.159
1991-02-13,,0.465,3.298,3.694,13.574
1991-02-14,,0.561,9.628,2.983,11.503
1991-02-15,,0.68,3.824,1.971,12.849
1991-02-16,,0.799,1.495,2.734,14.317
1991-02-17,,0.93,2.811,2.448,14.837
1991-02-18,,1.013,10.606,2.954,14.383
1991-02-19,,1.029,4.976,2.323,13.319
1991-02-20,,1.056,11.223,2.467,11.356
1991-02-21,,1.105,3.221,3.055,12.556
1991-02-22,,1.169,1.418,3.164,13.62
1991-02-23,,1.209,0.972,1.968,13.797
1991-02-24,,1.193,1.376,1.695,14.67
1991-02-25,,1.128,1.055,2.619,15.527
1991-02-26,,1.023,0.29,0.783,15.079
1991-02-27,,0.87,1.243,2.514,16.276
1991-02-28,,0.734,3.593,2.371,15.791
1991-03-01,,0.645,0.36,2.437,15.363
1991-03-02,,0.594,0.553,2.389,15.67
1991-03-03,,0.547,0.365,2.92,15.225
1991-03-04,,0.514,1.295,2.668,14.923
1991-03-05,,0.484,5.963,2.833,12.493
1991-03-06,,0.468,2.554,2.619,14.52
1991-03-07,,0.478,5.04,2.407,14.114
1991-03-08,,0.521,6.18,1.966,13.301
1991-03-09,,0.6,6.17,1.714,12.722
1991-03-10,,0.705,5.18,3.007,12.626
1991-03-11,,0.848,3.827,2.948,12.265
1991-03-12,,1.055,3.955,2.949,14.744
1991-03-13,,1.209,3.255,1.954,13.742
1991-03-14,,1.339,8.038,2.271,13.787
1991-03-15,,1.408,4.904,2.747,13.539
1991-03-16,,1.441,6.082,3.085,14.141
1991-03-17,,1.494,6.525,2.954,14.016
1991-03-18,,1.522,15.429,2.859,13.278
1991-03-19,,1.537,2.705,0.864,14.617
1991-03-20,,1.575,5.068,0.856,14.367
1991-03-21,,1.605,3.278,2.526,13.762
1991-03-22,,1.613,4.651,3.376,14.77
1991-03-23,,1.591,2.608,3.197,13.411
1991-03-24,,1.528,1.808,2.693,13.273
1991-03-25,,1.484,1.258,1.804,13.904
1991-03-26,,1.412,1.931,1.938,13.106
1991-03-27,,1.299,1.616,1.44,12.972
1991-03-28,,1.2,0.092,1.688,13.101
1991-03-29,,1.138,0.043,0.45,12.589
1991-03-30,,1.086,0.118,-0.295,13.287
1991-03-31,,1.003,0.328,-0.795,13.496
1991-04-01,,0.833,1.15,-1.377,12.051
1991-04-02,,0.744,2.805,-0.92,12.279
1991-04-03,,0.694,0.771,-0.257,13.244
1991-04-04,,0.64,1.113,0.422,13.488
1991-04-05,,0.603,0.584,1.292,13.243
1991-04-06,,0.59,0.163,0.617,15.049
1991-04-07,,0.575,0.713,-0.703,15.495
1991-04-08,,0.56,0.368,-0.876,14.868
1991-04-09,,0.529,1.991,-0.382,14.296
1991-04-10,,0.504,3.047,0.39,13.714
1991-04-11,,0.482,0.815,-0.986,13.424
1991-04-12,,0.479,0.253,-1.105,14.051
1991-04-13,,0.479,0.211,-1.44,13.53
1991-04-14,,0.468,0.571,0.276,13.115
1991-04-15,,0.442,4.028,0.419,13.464
1991-04-16,,0.422,1.951,1.506,14.514
1991-04-17,,0.429,4.715,1.276,14.161
1991-04-18,,0.459,2.322,1.348,13.873
1991-04-19,,0.498,4.787,0.347,13.328
1991-04-20,,0.528,3.861,1.149,12.501
1991-04-21,,0.557,0.227,0.209,14.238
1991-04-22,,0.57,0.168,-0.004,14.905
1991-04-23,,0.563,0.367,-0.098,15.622
1991-04-24,,0.527,0.541,0.776,14.821
1991-04-25,,0.48,0.023,-2.296,15.309
1991-04-26,,0.422,0.042,-2.409,15.195
1991-04-27,,0.38,0.144,-0.069,15.101
1991-04-28,,0.341,0.129,-1.735,14.262
1991-04-29,,0.303,0.587,-1.327,13.444
1991-04-30,,0.282,0.752,0.596,13.074
1991-05-01,,0.278,0.006,-4.891,14.298
1991-05-02,,0.279,0.013,-4.69,14.922
1991-05-03,,0.28,0.148,-3.492,15.132
1991-05-04,,0.274,0.111,-3.189,14.886
1991-05-05,,0.26,0.34,-1.963,14.095
1991-05-06,,0.245,2.108,-0.966,13.943
1991-05-07,,0.238,2.202,-2.201,14.05
1991-05-08,,0.25,1.862,-2.256,14.065
1991-05-09,,0.289,2.643,-1.983,13.26
1991-05-10,,0.357,1.373,-0.673,13.682
1991-05-11,,0.449,1.923,-1.766,13.974
1991-05-12,,0.527,0.987,-1.814,13.197
1991-05-13,,0.545,0.024,-5.448,14.186
1991-05-14,,0.523,0.073,-3.62,15.214
1991-05-15,,0.456,0.0,-5.273,15.487
1991-05-16,,0.384,0.132,-4.378,15.438
1991-05-17,,0.327,0.001,-4.509,15.036
1991-05-18,,0.272,0.01,-5.677,14.718
1991-05-19,,0.234,0.022,-6.578,14.061
1991-05-20,,0.201,0.031,-4.841,13.756
1991-05-21,,0.175,0.0,-4.787,14.349
1991-05-22,,0.159,0.013,-5.439,13.949
1991-05-23,,0.152,0.0,-5.563,14.396
1991-05-24,,0.144,0.032,-3.54,14.565
1991-05-25,,0.137,0.042,-6.275,14.987
1991-05-26,,0.132,0.079,-5.82,15.383
1991-05-27,,0.129,0.0,-6.66,15.554
1991-05-28,,0.126,0.081,-7.233,16.243
1991-05-29,,0.123,0.0,-7.525,15.547
1991-05-30,,0.117,0.158,-7.62,15.759
1991-05-31,,0.113,0.265,-8.213,15.234
1991-06-01,,0.108,0.0,-7.081,14.918
1991-06-02,,0.105,0.0,-7.218,14.916
1991-06-03,,0.102,0.109,-6.59,15.487
1991-06-04,,0.101,0.033,-7.269,15.203
1991-06-05,,0.099,0.175,-7.284,14.444
1991-06-06,,0.096,0.545,-5.952,14.357
1991-06-07,,0.096,4.029,-2.87,12.281
1991-06-08,,0.106,4.002,-2.994,10.458
1991-06-09,,0.158,10.85,-3.759,12.358
1991-06-10,,0.268,0.117,-7.189,11.743
1991-06-11,,0.404,0.004,-7.692,12.028
1991-06-12,,0.563,0.001,-7.377,12.796
1991-06-13,,0.643,0.01,-7.577,12.436
1991-06-14,,0.643,0.291,-7.184,12.256
1991-06-15,,0.571,0.033,-8.133,12.52
1991-06-16,,0.498,0.021,-8.262,13.023
1991-06-17,,0.389,0.003,-8.428,12.716
1991-06-18,,0.335,0.006,-8.003,12.447
1991-06-19,,0.263,0.099,-10.322,13.292
1991-06-20,,0.209,0.0,-9.614,13.186
1991-06-21,,0.165,0.063,-8.762,13.58
1991-06-22,,0.136,0.375,-8.816,13.432
1991-06-23,,0.113,0.17,-9.117,14.408
1991-06-24,,0.101,0.189,-7.081,14.227
1991-06-25,,0.093,0.028,-7.848,14.4
1991-06-26,,0.088,0.001,-7.839,13.693
1991-06-27,,0.083,0.047,-9.811,13.975
1991-06-28,,0.081,0.046,-9.273,13.106
1991-06-29,,0.08,0.002,-10.394,12.945
1991-06-30,,0.078,0.0,-9.708,13.889
1991-07-01,,0.075,0.0,-9.667,13.32
1991-07-02,,0.074,0.0,-10.168,13.438
1991-07-03,,0.073,0.001,-9.543,13.887
1991-07-04,,0.072,0.0,-10.16,14.073
1991-07-05,,0.071,0.002,-8.595,14.855
1991-07-06,,0.07,0.002,-9.108,13.648
1991-07-07,,0.07,0.0,-8.494,13.247
1991-07-08,,0.069,0.0,-9.148,13.661
1991-07-09,,0.068,0.022,-9.047,14.271
1991-07-10,,0.067,0.0,-9.868,13.767
1991-07-11,,0.067,0.0,-9.727,13.752
1991-07-12,,0.066,0.074,-9.193,13.006
1991-07-13,,0.065,0.115,-8.465,11.486
1991-07-14,,0.065,0.058,-8.248,12.315
1991-07-15,,0.065,0.202,-6.476,11.902
1991-07-16,,0.065,0.002,-6.416,12.874
1991-07-17,,0.067,0.0,-8.164,12.643
1991-07-18,,0.069,0.0,-7.524,12.944
1991-07-19,,0.071,0.0,-8.793,13.352
1991-07-20,,0.072,0.004,-7.694,13.148
1991-07-21,,0.072,0.275,-6.072,13.943
1991-07-22,,0.072,0.265,-8.704,13.342
1991-07-23,,0.072,0.0,-7.289,12.664
1991-07-24,,0.071,0.0,-8.581,14.019
1991-07-25,,0.069,0.001,-7.382,13.993
1991-07-26,,0.067,0.0,-6.394,14.595
1991-07-27,,0.064,0.0,-7.285,14.064
1991-07-28,,0.062,0.0,-7.362,14.643
1991-07-29,,0.06,0.0,-7.662,14.539
1991-07-30,,0.058,0.0,-7.571,14.116
1991-07-31,,0.057,0.001,-8.36,15.287
1991-08-01,,0.054,0.189,-8.468,15.249
1991-08-02,,0.053,0.265,-4.651,13.787
1991-08-03,,0.052,0.033,-4.61,14.503
1991-08-04,,0.051,0.062,-3.92,15.069
1991-08-05,,0.051,0.004,-6.41,15.146
1991-08-06,,0.051,0.0,-7.582,15.778
1991-08-07,,0.05,0.0,-7.481,14.974
1991-08-08,,0.049,0.001,-7.122,15.453
1991-08-09,,0.049,0.0,-7.702,14.822
1991-08-10,,0.048,0.007,-5.916,14.554
1991-08-11,,0.048,0.399,-6.047,14.736
1991-08-12,,0.048,0.058,-4.932,13.629
1991-08-13,,0.047,0.005,-5.859,14.259
1991-08-14,,0.047,0.044,-9.775,14.009
1991-08-15,,0.047,0.026,-11.575,14.397
1991-08-16,,0.047,0.054,-10.202,15.208
1991-08-17,,0.047,0.094,-10.147,15.346
1991-08-18,,0.046,0.06,-9.732,15.591
1991-08-19,,0.046,0.005,-9.513,15.031
1991-08-20,,0.046,0.002,-9.266,15.972
1991-08-21,,0.046,0.0,-6.822,15.755
1991-08-22,,0.046,0.001,-5.829,15.537
1991-08-23,,0.045,0.001,-6.336,15.795
1991-08-24,,0.045,0.006,-4.803,15.343
1991-08-25,,0.045,0.0,-5.298,16.551
1991-08-26,,0.044,0.044,-4.546,16.692
1991-08-27,,0.044,0.07,-3.648,14.83
1991-08-28,,0.044,0.061,-4.308,14.972
1991-08-29,,0.045,0.144,-5.244,14.932
1991-08-30,,0.045,0.287,-5.697,14.924
1991-08-31,,0.046,0.052,-3.358,15.222
1991-09-01,0.063,0.041,0.069,-2.331,13.343
1991-09-02,0.065,0.041,0.188,-2.183,13.917
1991-09-03,0.065,0.041,0.147,-3.404,15.11
1991-09-04,0.068,0.041,0.472,-2.722,14.574
1991-09-05,0.068,0.041,0.05,-3.363,14.634
1991-09-06,0.066,0.042,0.137,-3.526,14.159
1991-09-07,0.07,0.042,0.208,-5.313,13.781
1991-09-08,0.07,0.043,0.268,-4.592,12.328
1991-09-09,0.066,0.043,0.293,-3.411,11.682
1991-09-10,0.068,0.044,0.827,-5.814,12.872
1991-09-11,0.066,0.046,0.247,-4.336,13.17
1991-09-12,0.065,0.051,0.004,-4.974,14.087
1991-09-13,0.063,0.056,0.009,-7.469,15.64
1991-09-14,0.061,0.059,0.013,-7.171,16.087
1991-09-15,0.06,0.06,0.084,-5.232,15.706
1991-09-16,0.06,0.058,0.066,-5.3,14.969
1991-09-17,0.06,0.056,0.0,-3.638,15.224
1991-09-18,0.061,0.053,0.002,-4.325,14.413
1991-09-19,0.058,0.051,0.845,-2.513,11.678
1991-09-20,0.06,0.05,0.377,-3.289,12.354
1991-09-21,0.06,0.051,0.0,-5.922,14.969
1991-09-22,0.061,0.055,0.0,-5.512,16.309
1991-09-23,0.061,0.058,0.001,-4.882,15.506
1991-09-24,0.06,0.058,0.135,-2.689,16.079
1991-09-25,0.058,0.055,0.168,-2.492,15.644
1991-09-26,0.06,0.051,0.049,-2.481,15.8
1991-09-27,0.056,0.048,0.268,-0.669,15.189
1991-09-28,0.06,0.047,0.139,-0.972,15.318
1991-09-29,0.06,0.047,0.164,-2.003,16.058
1991-09-30,0.058,0.048,0.065,-3.245,16.743
1991-10-01,0.05,0.042,0.036,-3.103,16.964
1991-10-02,0.05,0.041,0.105,-3.368,16.263
1991-10-03,0.05,0.039,0.6,0.47,16.438
1991-10-04,0.05,0.038,2.106,0.479,15.249
1991-10-05,0.05,0.037,0.252,-0.019,17.131
1991-10-06,0.05,0.035,0.131,-1.842,17.77
1991-10-07,,0.035,0.674,-0.822,14.376
1991-10-08,0.049,0.035,0.252,-1.634,16.31
1991-10-09,0.047,0.034,0.209,-4.779,16.16
1991-10-10,0.045,0.034,0.211,-4.067,16.012
1991-10-11,0.045,0.033,0.041,-3.5,16.622
1991-10-12,0.045,0.031,0.066,-4.252,16.747
1991-10-13,0.045,0.03,0.342,-2.333,17.32
1991-10-14,0.045,0.029,1.333,-2.417,18.023
1991-10-15,0.046,0.028,1.086,-1.858,17.237
1991-10-16,0.048,0.027,0.578,-1.053,15.453
1991-10-17,0.048,0.028,2.216,-0.754,14.279
1991-10-18,0.048,0.032,1.478,-0.683,12.216
1991-10-19,0.048,0.039,2.017,-0.958,13.244
1991-10-20,0.047,0.051,1.134,-0.316,12.682
1991-10-21,0.047,0.06,1.815,-1.293,13.264
1991-10-22,0.046,0.069,1.417,-2.126,15.673
1991-10-23,0.045,0.073,1.713,-2.421,16.191
1991-10-24,0.044,0.076,1.073,-1.044,15.031
1991-10-25,0.045,0.076,1.323,-0.577,14.584
1991-10-26,0.045,0.073,0.547,-2.003,14.307
1991-10-27,0.045,0.069,0.765,-0.206,13.502
1991-10-28,0.045,0.065,2.555,0.359,13.272
1991-10-29,0.046,0.059,3.724,-0.203,13.258
1991-10-30,0.046,0.059,5.743,-0.717,14.121
1991-10-31,0.046,0.066,2.101,0.165,14.486
1991-11-01,0.056,0.065,1.767,-0.166,13.746
1991-11-02,0.056,0.074,6.83,-0.336,13.385
1991-11-03,0.056,0.08,2.093,-0.504,14.248
1991-11-04,0.056,0.086,1.024,-1.974,14.834
1991-11-05,0.056,0.089,0.45,-1.842,14.861
1991-11-06,,0.089,1.191,-1.088,14.626
1991-11-07,,0.085,5.586,-0.231,13.156
1991-11-08,,0.079,2.307,-1.284,14.827
1991-11-09,0.055,0.076,2.3,-0.969,14.332
1991-11-10,0.054,0.073,1.499,-1.669,15.762
1991-11-11,0.053,0.07,0.35,-3.353,16.121
1991-11-12,0.053,0.068,0.121,-3.118,16.48
1991-11-13,0.053,0.062,0.189,-3.773,16.502
1991-11-14,,0.056,0.054,-3.531,16.509
1991-11-15,,0.051,0.153,-1.057,16.325
1991-11-16,0.054,0.044,0.004,-3.439,17.067
1991-11-17,0.056,0.04,0.121,-4.268,17.216
1991-11-18,0.059,0.034,0.492,-1.036,16.094
1991-11-19,0.058,0.029,0.233,0.369,14.831
1991-11-20,0.057,0.028,1.301,0.146,14.124
1991-11-21,0.057,0.028,2.399,1.189,13.78
1991-11-22,0.056,0.033,0.455,-1.122,15.717
1991-11-23,0.056,0.041,0.981,-1.578,17.175
1991-11-24,0.053,0.05,1.769,1.313,14.701
1991-11-25,0.046,0.058,2.847,1.784,14.572
1991-11-26,0.048,0.068,3.665,0.85,12.985
1991-11-27,0.051,0.078,2.0,1.108,13.721
1991-11-28,0.052,0.093,0.461,0.888,14.928
1991-11-29,0.053,0.111,0.742,1.115,14.924
1991-11-30,0.052,0.12,2.702,1.255,14.999
1991-12-01,0.028,0.12,3.865,2.336,13.845
1991-12-02,0.045,0.112,6.632,2.209,13.937
1991-12-03,0.073,0.116,5.818,1.199,14.764
1991-12-04,0.089,0.149,3.107,0.539,13.781
1991-12-05,0.121,0.192,0.411,-1.186,15.255
1991-12-06,0.241,0.25,1.685,-0.067,14.553
1991-12-07,0.244,0.277,2.272,0.961,13.672
1991-12-08,0.248,0.266,3.022,0.498,12.59
1991-12-09,0.268,0.229,0.536,-0.032,15.231
1991-12-10,0.317,0.203,0.393,-1.857,16.504
1991-12-11,0.33,0.187,0.296,-2.213,17.694
1991-12-12,0.234,0.165,0.277,-1.696,16.509
1991-12-13,0.209,0.141,0.11,-1.427,15.644
1991-12-14,0.192,0.106,0.117,-2.464,14.847
1991-12-15,0.177,0.087,0.244,-2.821,15.407
1991-12-16,0.155,0.072,1.692,-1.575,16.089
1991-12-17,0.124,0.062,0.431,-1.34,16.714
1991-12-18,0.121,0.051,0.152,-0.891,17.824
1991-12-19,0.113,0.039,0.339,-0.76,16.169
1991-12-20,0.101,0.034,0.816,-0.176,17.151
1991-12-21,0.085,0.031,1.127,1.234,16.405
1991-12-22,0.081,0.029,1.065,0.82,18.118
1991-12-23,0.077,0.029,1.054,1.721,16.823
1991-12-24,0.077,0.029,0.932,2.499,15.555
1991-12-25,0.077,0.031,1.615,1.598,13.986
1991-12-26,0.073,0.033,6.012,1.442,14.964
1991-12-27,0.073,0.035,8.229,2.783,12.634
1991-12-28,0.089,0.049,11.271,1.793,13.274
1991-12-29,0.105,0.071,5.649,1.241,12.249
1991-12-30,0.121,0.112,6.676,2.102,12.464
1991-12-31,0.113,0.197,11.851,1.817,12.622
1992-01-01,0.483,0.345,8.639,1.706,12.893
1992-01-02,0.518,0.457,2.212,1.782,14.791
1992-01-03,0.574,0.516,6.401,2.02,12.402
1992-01-04,0.559,0.523,2.838,3.378,13.341
1992-01-05,0.549,0.48,5.157,3.274,13.629
1992-01-06,0.57,0.43,4.603,2.79,14.14
1992-01-07,0.624,0.381,4.849,2.012,15.101
1992-01-08,0.709,0.359,4.934,2.158,14.865
1992-01-09,0.746,0.348,3.208,2.439,14.306
1992-01-10,0.806,0.33,6.278,1.857,12.579
1992-01-11,0.859,0.311,5.258,2.51,13.667
1992-01-12,0.893,0.301,4.794,2.403,13.441
1992-01-13,0.916,0.284,6.877,2.4,11.573
1992-01-14,0.983,0.273,4.318,0.146,12.91
1992-01-15,1.015,0.258,2.563,1.554,14.523
1992-01-16,0.928,0.243,3.117,1.507,12.745
1992-01-17,0.87,0.234,5.136,2.3,14.186
1992-01-18,0.854,0.24,9.837,2.195,13.855
1992-01-19,0.928,0.262,8.536,2.526,13.297
1992-01-20,1.054,0.31,8.569,2.194,13.822
1992-01-21,1.398,0.396,8.051,2.718,14.481
1992-01-22,1.549,0.51,0.834,2.997,14.488
1992-01-23,1.407,0.584,1.427,1.972,15.067
1992-01-24,1.238,0.608,5.212,2.405,13.744
1992-01-25,1.183,0.578,4.084,0.971,13.033
1992-01-26,1.139,0.5,0.6,-0.513,14.794
1992-01-27,1.103,0.394,0.931,-0.691,14.52
1992-01-28,1.021,0.305,0.785,-0.758,14.234
1992-01-29,0.958,0.223,0.24,-0.941,15.182
1992-01-30,0.881,0.161,1.272,-0.405,14.739
1992-01-31,0.827,0.114,0.897,0.224,15.409
1992-02-01,0.484,0.078,0.022,-1.174,15.948
1992-02-02,0.476,0.061,0.028,-0.825,17.09
1992-02-03,0.468,0.055,0.003,-0.671,16.435
1992-02-04,0.484,0.045,0.629,0.475,15.906
1992-02-05,0.492,0.041,1.7,0.401,13.448
1992-02-06,0.504,0.037,4.186,1.743,10.374
1992-02-07,0.512,0.043,1.792,1.855,13.598
1992-02-08,0.521,0.061,0.741,0.854,15.046
1992-02-09,0.525,0.089,0.206,1.2,15.526
1992-02-10,0.525,0.119,0.549,0.537,15.932
1992-02-11,0.538,0.139,2.902,1.599,15.357
1992-02-12,0.593,0.122,3.893,2.412,13.563
1992-02-13,0.829,0.107,3.947,2.436,13.835
1992-02-14,1.0,0.096,5.802,2.132,14.618
1992-02-15,1.308,0.092,2.85,3.03,14.861
1992-02-16,1.158,0.105,3.709,2.855,14.038
1992-02-17,0.899,0.107,4.73,2.758,13.939
1992-02-18,0.842,0.119,5.828,3.03,12.904
1992-02-19,0.842,0.173,5.812,2.484,12.937
1992-02-20,0.975,0.229,2.192,0.94,14.065
1992-02-21,1.266,0.27,2.146,0.695,14.482
1992-02-22,1.139,0.284,1.198,1.303,14.351
1992-02-23,0.929,0.285,1.343,2.232,14.437
1992-02-24,0.952,0.273,3.024,2.291,14.638
1992-02-25,0.693,0.249,4.406,3.554,13.297
1992-02-26,0.704,0.196,4.528,2.951,14.455
1992-02-27,0.71,0.167,6.867,2.91,13.794
1992-02-28,0.698,0.182,4.236,3.419,14.139
1992-02-29,,0.226,3.523,2.902,15.043
1992-03-01,0.676,0.329,4.718,2.986,14.731
1992-03-02,0.693,0.394,2.176,2.419,15.343
1992-03-03,0.71,0.425,3.377,1.316,15.633
1992-03-04,0.739,0.442,1.397,1.357,15.371
1992-03-05,0.776,0.441,4.325,1.82,14.351
1992-03-06,0.87,0.418,7.467,1.68,13.499
1992-03-07,0.967,0.393,1.07,1.226,13.393
1992-03-08,1.067,0.384,0.41,-0.355,15.055
1992-03-09,1.186,0.407,0.412,-0.144,15.118
1992-03-10,1.158,0.407,2.741,-0.628,14.822
1992-03-11,1.111,0.357,8.263,1.685,14.298
1992-03-12,1.024,0.316,8.186,1.752,13.91
1992-03-13,0.952,0.307,3.963,2.196,14.117
1992-03-14,0.892,0.335,0.896,1.555,16.359
1992-03-15,0.809,0.39,0.167,1.036,16.546
1992-03-16,0.783,0.403,0.76,-0.142,15.646
1992-03-17,0.745,0.358,0.937,0.253,16.088
1992-03-18,0.676,0.305,0.256,0.781,16.301
1992-03-19,0.598,0.258,0.399,-0.452,16.049
1992-03-20,0.492,0.196,0.987,0.416,15.87
1992-03-21,0.382,0.139,0.928,0.259,15.703
1992-03-22,0.355,0.116,0.668,-1.364,15.299
1992-03-23,0.333,0.107,2.131,1.093,13.407
1992-03-24,0.319,0.104,0.579,-0.016,15.522
1992-03-25,0.314,0.097,0.097,-1.376,15.235
1992-03-26,0.307,0.093,0.266,-1.878,15.287
1992-03-27,0.294,0.089,0.881,-2.122,14.063
1992-03-28,0.292,0.086,0.527,-2.084,15.363
1992-03-29,0.29,0.078,1.18,0.44,15.385
1992-03-30,0.28,0.072,2.444,0.833,12.636
1992-03-31,0.273,0.075,1.535,-0.942,14.279
1992-04-01,0.268,0.088,0.885,-0.106,13.638
1992-04-02,0.283,0.096,2.828,-0.504,15.339
1992-04-03,0.303,0.124,6.166,-0.175,14.682
1992-04-04,0.327,0.146,4.695,-0.37,14.735
1992-04-05,0.342,0.184,1.606,0.522,14.892
1992-04-06,0.342,0.23,0.723,0.987,15.889
1992-04-07,0.303,0.257,0.691,0.536,14.514
1992-04-08,0.257,0.263,2.015,2.0,14.902
1992-04-09,0.252,0.245,0.591,0.707,16.137
1992-04-10,0.252,0.221,0.786,1.19,16.204
1992-04-11,0.247,0.202,0.0,-0.701,16.55
1992-04-12,0.247,0.181,0.034,-2.209,16.373
1992-04-13,0.242,0.161,0.156,-2.429,15.451
1992-04-14,0.237,0.142,0.114,-2.677,15.033
1992-04-15,0.231,0.123,0.131,-2.613,15.033
1992-04-16,0.216,0.099,0.0,-1.379,15.501
1992-04-17,0.21,0.091,0.014,-2.991,15.835
1992-04-18,0.2,0.081,0.019,-2.786,15.855
1992-04-19,0.195,0.078,0.027,-3.052,14.982
1992-04-20,0.189,0.078,0.121,-3.783,14.648
1992-04-21,0.178,0.078,0.026,-5.379,15.76
1992-04-22,0.168,0.076,0.0,-3.911,16.291
1992-04-23,0.157,0.075,0.081,-1.793,16.776
1992-04-24,0.151,0.072,0.345,-1.626,16.155
1992-04-25,0.146,0.072,0.117,-2.346,15.502
1992-04-26,0.146,0.072,2.01,-1.194,14.835
1992-04-27,0.146,0.072,1.811,0.497,13.623
1992-04-28,0.14,0.076,0.369,0.682,16.238
1992-04-29,0.135,0.078,0.547,-5.377,16.033
1992-04-30,0.135,0.092,0.177,-3.756,16.47
1992-05-01,0.084,0.11,0.064,-4.413,16.062
1992-05-02,0.078,0.111,0.119,-5.04,15.91
1992-05-03,0.072,0.103,0.1,-5.904,15.274
1992-05-04,0.078,0.092,0.051,-6.124,14.989
1992-05-05,0.084,0.08,0.196,-5.469,14.572
1992-05-06,0.084,0.072,0.002,-5.758,15.848
1992-05-07,0.089,0.066,0.25,-5.241,15.841
1992-05-08,0.089,0.064,0.073,-3.941,15.74
1992-05-09,0.084,0.061,0.0,-2.996,16.689
1992-05-10,0.078,0.06,0.055,-2.696,16.588
1992-05-11,0.078,0.06,0.21,-2.168,17.525
1992-05-12,0.072,0.06,0.158,-3.168,16.996
1992-05-13,0.072,0.056,0.219,-3.151,16.146
1992-05-14,0.072,0.056,0.105,-4.348,16.048
1992-05-15,0.066,0.054,0.027,-5.631,16.293
1992-05-16,0.066,0.049,0.035,-5.249,16.287
1992-05-17,0.06,0.049,0.086,-5.128,16.313
1992-05-18,0.06,0.049,0.086,-5.55,16.533
1992-05-19,0.054,0.043,0.057,-5.162,15.974
1992-05-20,0.049,0.028,0.12,-4.188,15.668
1992-05-21,0.049,0.024,0.006,-4.512,16.0
1992-05-22,0.049,0.023,0.03,-5.624,15.964
1992-05-23,0.054,0.026,0.01,-5.171,15.935
1992-05-24,0.049,0.027,0.017,-3.199,15.763
1992-05-25,0.049,0.03,0.004,-3.089,16.036
1992-05-26,0.043,0.033,0.098,-3.846,16.841
1992-05-27,0.043,0.03,0.024,-3.736,16.565
1992-05-28,0.049,0.028,0.007,-6.66,15.837
1992-05-29,0.049,0.035,0.001,-6.042,15.91
1992-05-30,0.049,0.043,0.007,-5.365,15.198
1992-05-31,0.043,0.049,0.083,-4.171,14.148
1992-06-01,0.036,0.047,0.939,-5.387,13.767
1992-06-02,0.036,0.048,0.492,-1.444,13.341
1992-06-03,0.035,0.049,0.213,-1.803,13.686
1992-06-04,0.035,0.048,0.202,-4.269,13.729
1992-06-05,0.035,0.047,0.27,-10.171,14.22
1992-06-06,0.033,0.047,0.108,-9.116,14.653
1992-06-07,0.032,0.046,0.269,-4.976,13.345
1992-06-08,0.03,0.046,0.231,-7.29,13.983
1992-06-09,0.027,0.046,0.231,-7.424,14.369
1992-06-10,0.025,0.045,0.291,-7.819,14.453
1992-06-11,0.023,0.043,0.503,-9.593,14.66
1992-06-12,0.021,0.036,0.237,-5.9,13.916
1992-06-13,0.021,0.035,0.017,-4.428,13.715
1992-06-14,0.024,0.032,0.102,-4.948,14.205
1992-06-15,0.026,0.03,0.144,-5.6,14.329
1992-06-16,0.026,0.028,0.415,-5.733,14.354
1992-06-17,0.026,0.028,0.251,-6.231,14.309
1992-06-18,,0.028,0.087,-5.984,13.955
1992-06-19,0.027,0.03,0.014,-6.154,13.879
1992-06-20,0.028,0.036,0.164,-6.13,13.936
1992-06-21,0.03,0.043,0.086,-7.15,14.216
1992-06-22,0.03,0.045,0.035,-6.546,14.64
1992-06-23,0.028,0.045,0.038,-6.131,14.616
1992-06-24,0.024,0.045,0.077,-6.631,15.125
1992-06-25,0.022,0.045,0.006,-5.308,14.679
1992-06-26,0.022,0.044,0.031,-5.708,14.235
1992-06-27,0.022,0.042,0.24,-6.277,14.469
1992-06-28,,0.033,1.059,-5.255,14.205
1992-06-29,,0.03,0.592,-2.652,14.038
1992-06-30,,0.03,2.697,-2.502,11.342
1992-07-01,0.047,0.033,0.516,-4.169,9.438
1992-07-02,0.047,0.043,0.067,-7.93,11.195
1992-07-03,0.048,0.062,0.043,-9.419,12.277
1992-07-04,0.047,0.076,0.001,-8.919,13.431
1992-07-05,0.048,0.082,1.135,-7.657,13.346
1992-07-06,0.047,0.078,0.013,-7.692,12.567
1992-07-07,0.047,0.07,0.06,-7.145,12.084
1992-07-08,0.047,0.059,0.0,-8.313,13.071
1992-07-09,0.048,0.049,0.0,-8.799,12.662
1992-07-10,0.047,0.042,0.019,-9.591,12.754
1992-07-11,0.047,0.035,0.0,-8.894,13.788
1992-07-12,0.047,0.035,0.024,-9.537,13.599
1992-07-13,0.047,0.032,0.289,-8.219,13.64
1992-07-14,0.047,0.031,0.618,-7.545,13.864
1992-07-15,0.046,0.028,0.447,-6.773,13.283
1992-07-16,0.046,0.026,0.062,-5.708,12.73
1992-07-17,0.047,0.026,0.0,-6.891,13.117
1992-07-18,0.047,0.024,0.001,-6.257,12.593
1992-07-19,0.047,0.025,0.127,-5.863,11.836
1992-07-20,0.048,0.026,0.002,-5.891,13.01
1992-07-21,0.046,0.027,0.008,-7.596,12.517
1992-07-22,0.046,0.029,0.0,-8.051,13.326
1992-07-23,0.047,0.03,0.002,-7.49,13.535
1992-07-24,0.047,0.031,0.0,-6.614,14.596
1992-07-25,0.046,0.03,0.0,-9.707,14.466
1992-07-26,0.045,0.029,0.012,-8.542,14.577
1992-07-27,0.045,0.027,0.022,-8.124,14.86
1992-07-28,0.045,0.023,0.008,-7.239,14.752
1992-07-29,,0.022,0.014,-6.441,15.022
1992-07-30,,0.021,0.129,-7.593,15.07
1992-07-31,,0.021,0.192,-7.174,15.446
1992-08-01,0.054,0.02,0.498,-6.257,15.433
1992-08-02,0.051,0.02,0.008,-6.667,13.985
1992-08-03,0.047,0.022,0.045,-5.632,14.43
1992-08-04,0.044,0.023,0.429,-6.174,13.301
1992-08-05,0.041,0.024,0.735,-5.102,12.544
1992-08-06,0.041,0.026,0.002,-6.675,13.614
1992-08-07,0.041,0.031,0.024,-6.017,13.656
1992-08-08,0.038,0.031,0.23,-6.418,13.242
1992-08-09,0.038,0.032,0.0,-8.556,12.801
1992-08-10,0.038,0.031,0.111,-10.873,13.573
1992-08-11,,0.031,0.039,-8.642,13.641
1992-08-12,,0.03,0.0,-5.929,14.495
1992-08-13,0.036,0.026,0.002,-6.22,14.454
1992-08-14,0.036,0.025,0.0,-6.146,14.035
1992-08-15,0.036,0.023,0.024,-8.45,13.724
1992-08-16,,0.022,0.465,-7.046,14.121
1992-08-17,0.038,0.021,0.472,-5.371,13.926
1992-08-18,0.041,0.021,0.8,-5.473,13.687
1992-08-19,0.044,0.021,3.299,-4.992,12.403
1992-08-20,0.051,0.026,6.119,-3.301,10.449
1992-08-21,0.054,0.047,19.337,-4.26,11.612
1992-08-22,0.058,0.098,0.58,-5.323,10.646
1992-08-23,0.062,0.2,0.452,-5.881,10.972
1992-08-24,0.062,0.27,0.801,-5.671,10.168
1992-08-25,0.062,0.275,4.413,-4.757,10.026
1992-08-26,0.067,0.277,0.462,-4.234,11.897
1992-08-27,0.067,0.272,0.043,-3.948,13.506
1992-08-28,0.062,0.262,0.531,-5.735,14.113
1992-08-29,0.058,0.24,0.206,-3.915,13.09
1992-08-30,0.058,0.176,0.006,-8.605,13.802
1992-08-31,0.054,0.136,0.003,-6.363,13.95
1992-09-01,0.053,0.08,0.382,-3.538,12.871
1992-09-02,0.052,0.072,0.003,-3.857,13.338
1992-09-03,0.051,0.061,0.0,-6.313,13.976
1992-09-04,0.05,0.051,0.014,-4.877,15.228
1992-09-05,0.05,0.043,0.028,-4.268,15.818
1992-09-06,0.051,0.038,0.001,-3.528,15.354
1992-09-07,0.052,0.032,0.186,-3.194,14.293
1992-09-08,0.051,0.024,0.036,-2.902,14.499
1992-09-09,0.05,0.022,0.022,-2.647,15.346
1992-09-10,0.05,0.022,0.007,-4.71,15.663
1992-09-11,0.051,0.021,0.022,-4.935,15.979
1992-09-12,0.05,0.021,0.245,-3.854,14.917
1992-09-13,0.048,0.02,0.231,-4.772,14.742
1992-09-14,0.047,0.02,0.302,-6.834,14.185
1992-09-15,0.046,0.019,0.307,-4.872,14.079
1992-09-16,0.045,0.019,0.021,-3.407,14.461
1992-09-17,0.044,0.019,0.232,-6.733,15.135
1992-09-18,0.043,0.02,0.004,-7.22,15.321
1992-09-19,0.044,0.02,0.006,-5.221,15.063
1992-09-20,0.045,0.02,0.02,-3.964,14.725
1992-09-21,0.043,0.019,0.007,-3.294,15.819
1992-09-22,0.046,0.02,0.02,-4.671,16.372
1992-09-23,0.047,0.02,0.057,-3.133,16.296
1992-09-24,0.047,0.02,0.0,-2.708,16.955
1992-09-25,0.047,0.021,0.034,-0.633,16.899
1992-09-26,,0.021,0.178,-0.302,15.752
1992-09-27,,0.021,0.086,-3.851,16.113
1992-09-28,,0.021,0.861,-2.054,15.553
1992-09-29,0.046,0.021,1.456,0.357,13.568
1992-09-30,0.047,0.03,0.491,-1.302,15.12
1992-10-01,0.039,0.037,0.918,-3.93,15.811
1992-10-02,0.058,0.045,0.0,-2.977,15.858
1992-10-03,0.042,0.052,0.024,-3.152,15.578
1992-10-04,0.042,0.053,0.0,-3.044,15.183
1992-10-05,0.044,0.05,0.106,-2.823,16.572
1992-10-06,0.044,0.045,0.606,-3.796,16.711
1992-10-07,0.042,0.04,0.831,0.103,16.682
1992-10-08,0.042,0.036,0.118,-2.298,17.532
1992-10-09,0.045,0.031,0.289,-1.935,15.531
1992-10-10,0.045,0.028,2.855,-0.192,15.757
1992-10-11,0.042,0.028,4.958,1.157,12.6
1992-10-12,0.039,0.032,3.268,0.117,11.633
1992-10-13,0.037,0.04,2.827,-0.399,11.746
1992-10-14,0.037,0.053,1.818,-1.327,13.234
1992-10-15,0.037,0.066,1.153,0.554,14.632
1992-10-16,,0.075,1.456,-2.187,16.344
1992-10-17,,0.081,0.671,-0.289,14.011
1992-10-18,,0.084,2.184,0.178,12.65
1992-10-19,,0.084,1.636,-0.126,13.165
1992-10-20,0.042,0.083,2.541,-0.272,13.42
1992-10-21,0.041,0.082,3.668,-1.238,13.873
1992-10-22,0.041,0.083,2.48,0.352,15.576
1992-10-23,0.041,0.083,5.528,-0.468,14.749
1992-10-24,0.042,0.083,5.079,0.371,13.334
1992-10-25,0.044,0.084,3.546,-0.366,13.847
1992-10-26,0.047,0.086,4.211,-0.915,14.964
1992-10-27,0.045,0.088,2.123,-0.307,15.248
1992-10-28,0.045,0.088,0.137,0.666,16.35
1992-10-29,0.044,0.087,0.821,-0.547,16.256
1992-10-30,0.042,0.083,0.064,-2.627,16.826
1992-10-31,0.041,0.077,0.146,-0.587,15.789
1992-11-01,0.04,0.059,0.004,-1.691,16.376
1992-11-02,0.038,0.052,0.001,-3.338,17.054
1992-11-03,0.037,0.044,0.687,-3.236,17.302
1992-11-04,0.036,0.039,0.004,-3.653,17.531
1992-11-05,0.035,0.031,0.0,-0.526,16.764
1992-11-06,0.034,0.028,0.905,-2.397,17.259
1992-11-07,0.033,0.021,1.102,-1.313,16.98
1992-11-08,0.031,0.017,0.136,-4.099,16.895
1992-11-09,0.029,0.017,0.036,-3.503,17.74
1992-11-10,0.027,0.016,0.196,-2.462,17.725
1992-11-11,0.028,0.016,0.228,-0.444,16.863
1992-11-12,0.029,0.014,0.34,-0.49,16.159
1992-11-13,0.03,0.016,5.116,0.993,14.642
1992-11-14,0.031,0.017,6.829,0.482,13.343
1992-11-15,0.032,0.03,3.827,0.733,13.944
1992-11-16,0.033,0.052,7.643,1.644,13.193
1992-11-17,0.035,0.074,11.054,1.363,11.635
1992-11-18,0.036,0.095,8.524,1.057,12.56
1992-11-19,0.036,0.127,3.838,0.511,13.737
1992-11-20,0.037,0.161,2.758,-0.19,14.742
1992-11-21,0.042,0.188,1.157,1.424,15.806
1992-11-22,0.045,0.189,3.138,0.634,13.778
1992-11-23,0.048,0.179,9.953,0.659,12.702
1992-11-24,0.059,0.16,1.268,-0.618,14.141
1992-11-25,0.079,0.154,3.738,-0.762,13.876
1992-11-26,0.098,0.157,2.789,-0.668,13.646
1992-11-27,0.125,0.157,1.503,-0.557,14.849
1992-11-28,0.142,0.15,1.124,-0.65,16.061
1992-11-29,0.15,0.141,1.237,1.199,16.097
1992-11-30,0.166,0.126,2.009,0.926,16.448
1992-12-01,0.154,0.114,1.155,0.019,14.977
1992-12-02,0.15,0.097,3.303,1.297,14.62
1992-12-03,0.154,0.085,0.725,1.037,14.873
1992-12-04,0.116,0.076,1.801,-0.25,14.045
1992-12-05,0.107,0.069,4.384,-0.234,15.233
1992-12-06,0.116,0.067,10.336,0.654,15.486
1992-12-07,0.125,0.07,14.229,1.764,13.959
1992-12-08,0.198,0.082,6.969,0.581,14.315
1992-12-09,0.289,0.11,0.097,0.365,16.715
1992-12-10,0.362,0.152,0.518,-1.202,16.125
1992-12-11,0.513,0.174,0.222,-0.266,14.799
1992-12-12,0.414,0.164,1.013,1.29,14.864
1992-12-13,0.289,0.145,3.037,2.107,12.898
1992-12-14,0.223,0.112,1.903,-0.039,15.67
1992-12-15,0.188,0.095,3.172,1.365,15.115
1992-12-16,0.17,0.086,0.802,1.204,17.164
1992-12-17,0.15,0.084,0.065,1.609,17.536
1992-12-18,0.146,0.082,0.789,0.613,17.025
1992-12-19,0.139,0.079,0.109,-0.967,17.146
1992-12-20,0.128,0.075,0.28,-1.125,17.311
1992-12-21,0.113,0.067,2.015,0.195,15.763
1992-12-22,0.093,0.06,3.276,-0.472,14.441
1992-12-23,0.088,0.057,6.109,1.92,13.971
1992-12-24,0.079,0.063,7.719,2.086,13.298
1992-12-25,0.072,0.078,7.614,2.288,11.011
1992-12-26,0.093,0.109,5.643,2.554,11.32
1992-12-27,0.101,0.174,3.756,2.457,12.816
1992-12-28,0.146,0.264,2.589,2.928,12.709
1992-12-29,0.27,0.366,2.547,1.727,14.268
1992-12-30,0.347,0.47,0.714,1.133,13.21
1992-12-31,0.491,0.502,0.86,1.211,11.506
1993-01-01,0.354,0.513,7.963,1.86,12.3
1993-01-02,0.328,0.445,8.449,1.52,11.884
1993-01-03,0.309,0.367,4.994,1.516,12.33
1993-01-04,0.319,0.355,6.023,1.492,13.377
1993-01-05,0.396,0.382,1.16,1.879,14.159
1993-01-06,0.546,0.414,2.098,0.483,14.54
1993-01-07,0.494,0.391,0.003,-0.294,14.271
1993-01-08,0.411,0.332,0.081,-0.106,14.959
1993-01-09,0.331,0.259,3.769,0.266,14.311
1993-01-10,0.285,0.191,5.364,0.992,14.918
1993-01-11,0.257,0.145,1.703,1.295,13.373
1993-01-12,0.254,0.13,2.018,2.157,14.057
1993-01-13,0.263,0.139,6.133,1.682,11.651
1993-01-14,0.252,0.156,7.886,1.21,10.272
1993-01-15,0.252,0.181,4.946,1.934,11.318
1993-01-16,0.282,0.236,7.773,2.365,12.464
1993-01-17,0.386,0.331,4.586,1.888,13.171
1993-01-18,0.515,0.473,7.415,2.379,12.695
1993-01-19,0.773,0.6,4.038,2.541,12.651
1993-01-20,0.842,0.71,7.545,2.406,11.842
1993-01-21,0.885,0.78,6.547,2.892,11.886
1993-01-22,0.954,0.838,7.285,3.021,12.982
1993-01-23,1.055,0.904,7.983,2.957,11.675
1993-01-24,1.104,0.962,10.179,3.143,12.096
1993-01-25,1.14,1.037,13.249,2.161,10.109
1993-01-26,1.356,1.12,17.275,2.183,10.175
1993-01-27,1.816,1.279,7.583,2.343,10.353
1993-01-28,2.011,1.626,5.519,2.459,11.798
1993-01-29,2.086,1.978,2.308,2.483,12.218
1993-01-30,2.118,2.321,2.273,2.898,12.096
1993-01-31,1.896,2.376,2.137,3.19,13.175
1993-02-01,1.908,1.989,1.051,2.121,12.951
1993-02-02,1.671,1.782,2.129,2.571,12.939
1993-02-03,1.412,1.503,1.708,3.034,13.359
1993-02-04,1.301,1.188,3.664,3.215,12.972
1993-02-05,1.232,0.969,2.974,3.421,13.759
1993-02-06,1.24,0.797,4.02,2.252,14.421
1993-02-07,1.218,0.722,2.525,2.958,14.38
1993-02-08,1.075,0.675,0.541,0.833,14.576
1993-02-09,0.935,0.611,2.564,1.894,14.045
1993-02-10,0.81,0.538,3.585,2.463,14.216
1993-02-11,0.695,0.474,7.579,2.293,13.622
1993-02-12,0.711,0.425,4.677,2.083,11.732
1993-02-13,0.863,0.428,2.406,2.301,13.371
1993-02-14,0.962,0.469,0.664,0.617,13.482
1993-02-15,0.905,0.499,0.547,0.115,14.185
1993-02-16,0.771,0.495,0.068,0.1,14.342
1993-02-17,0.654,0.45,0.056,-0.485,14.545
1993-02-18,0.587,0.373,0.022,-0.299,15.08
1993-02-19,0.51,0.304,2.127,0.651,14.055
1993-02-20,0.465,0.257,1.75,1.164,11.911
1993-02-21,0.445,0.201,1.069,0.513,12.421
1993-02-22,0.465,0.192,1.139,0.674,13.526
1993-02-23,0.477,0.192,5.026,1.941,14.263
1993-02-24,0.425,0.197,2.542,1.2,13.928
1993-02-25,0.418,0.198,2.323,0.07,13.619
1993-02-26,0.494,0.205,1.663,1.555,12.589
1993-02-27,0.615,0.221,5.8,2.053,13.565
1993-02-28,0.559,0.257,4.97,2.24,11.706
1993-03-01,0.679,0.373,7.73,1.46,12.003
1993-03-02,0.792,0.471,5.743,1.177,11.723
1993-03-03,1.011,0.578,4.435,1.399,12.261
1993-03-04,1.087,0.685,6.688,1.417,11.432
1993-03-05,1.173,0.79,10.329,1.451,12.137
1993-03-06,1.147,0.914,11.102,1.492,11.615
1993-03-07,1.433,1.075,7.598,1.874,10.673
1993-03-08,1.534,1.235,4.747,1.907,11.493
1993-03-09,1.518,1.452,8.309,1.885,12.299
1993-03-10,1.471,1.58,3.188,1.602,12.303
1993-03-11,1.448,1.626,0.878,1.104,13.479
1993-03-12,1.44,1.613,0.302,0.463,14.256
1993-03-13,1.365,1.524,0.915,1.449,14.402
1993-03-14,1.201,1.342,0.259,1.312,14.826
1993-03-15,1.03,1.127,0.549,1.313,14.927
1993-03-16,0.927,0.909,2.198,1.446,14.394
1993-03-17,0.83,0.729,1.413,2.096,13.617
1993-03-18,0.765,0.64,1.586,2.669,13.797
1993-03-19,0.749,0.583,2.236,1.909,13.43
1993-03-20,0.699,0.548,1.866,2.483,13.65
1993-03-21,0.65,0.535,0.527,1.748,14.301
1993-03-22,0.581,0.53,1.171,0.912,13.679
1993-03-23,0.59,0.529,3.017,1.899,12.658
1993-03-24,0.563,0.518,3.844,0.686,11.898
1993-03-25,0.542,0.511,2.489,-0.141,11.909
1993-03-26,0.559,0.523,6.85,0.696,11.207
1993-03-27,0.567,0.565,3.33,0.638,11.127
1993-03-28,0.572,0.619,1.137,0.721,11.965
1993-03-29,0.704,0.693,3.949,-0.575,12.552
1993-03-30,0.824,0.737,1.027,0.868,12.253
1993-03-31,0.729,0.749,0.637,0.704,13.059
1993-04-01,0.671,0.703,2.657,2.32,12.654
1993-04-02,0.691,0.664,1.085,2.187,13.299
1993-04-03,0.71,0.612,3.298,0.173,15.104
1993-04-04,0.724,0.57,1.769,0.385,14.328
1993-04-05,0.734,0.537,1.029,0.877,14.247
1993-04-06,0.695,0.522,3.81,1.163,12.539
1993-04-07,0.72,0.511,2.197,1.827,13.676
1993-04-08,0.695,0.51,1.574,-0.411,14.995
1993-04-09,0.72,0.508,2.973,1.324,13.003
1993-04-10,0.782,0.498,3.198,1.212,13.453
1993-04-11,0.691,0.474,1.419,0.124,14.753
1993-04-12,0.662,0.457,3.404,-0.175,14.516
1993-04-13,0.647,0.46,1.562,0.701,13.813
1993-04-14,0.619,0.472,2.637,-0.458,14.457
1993-04-15,0.527,0.48,3.453,0.384,13.088
1993-04-16,0.551,0.479,1.191,1.949,11.905
1993-04-17,0.623,0.47,1.135,1.437,12.951
1993-04-18,0.72,0.455,1.343,0.159,12.688
1993-04-19,0.72,0.441,1.31,1.094,11.651
1993-04-20,0.667,0.417,0.99,-0.964,13.172
1993-04-21,0.652,0.394,3.189,1.003,13.138
1993-04-22,0.671,0.382,0.379,1.349,12.207
1993-04-23,0.652,0.371,0.148,-1.006,13.418
1993-04-24,0.671,0.364,0.666,-1.436,13.872
1993-04-25,0.681,0.351,1.498,-1.858,13.859
1993-04-26,0.575,0.332,0.519,-3.047,14.237
1993-04-27,0.513,0.301,0.946,-1.195,13.336
1993-04-28,0.513,0.28,1.33,0.231,12.298
1993-04-29,0.498,0.267,4.202,1.115,12.152
1993-04-30,0.46,0.281,2.656,0.444,11.797
1993-05-01,0.499,0.339,0.261,0.09,11.612
1993-05-02,0.527,0.421,0.105,-0.583,14.473
1993-05-03,0.566,0.497,0.059,-4.26,15.217
1993-05-04,0.633,0.516,0.056,-6.13,15.992
1993-05-05,0.542,0.489,0.034,-5.174,15.647
1993-05-06,0.479,0.428,0.012,-3.194,14.974
1993-05-07,0.436,0.362,0.359,-3.757,14.411
1993-05-08,0.402,0.306,1.11,-2.637,13.096
1993-05-09,0.383,0.266,0.384,-0.8,12.952
1993-05-10,0.376,0.242,1.226,0.058,13.796
1993-05-11,0.354,0.239,0.276,-2.595,14.835
1993-05-12,0.354,0.255,0.235,-2.354,15.054
1993-05-13,0.349,0.272,0.253,-2.86,15.657
1993-05-14,0.33,0.28,0.317,-3.906,15.674
1993-05-15,0.306,0.268,0.038,-1.56,13.824
1993-05-16,0.282,0.252,0.0,-6.464,13.196
1993-05-17,0.263,0.234,0.008,-4.339,13.532
1993-05-18,0.253,0.21,0.158,-4.507,13.9
1993-05-19,0.248,0.182,0.0,-5.998,13.818
1993-05-20,0.234,0.158,0.0,-6.221,14.262
1993-05-21,0.224,0.141,0.0,-5.994,14.43
1993-05-22,0.21,0.128,0.013,-5.164,14.481
1993-05-23,0.205,0.113,0.073,-5.708,14.058
1993-05-24,0.181,0.104,0.045,-3.599,13.824
1993-05-25,0.191,0.097,0.232,-5.313,13.657
1993-05-26,0.176,0.094,0.082,-3.376,12.497
1993-05-27,0.172,0.093,0.117,-1.68,11.519
1993-05-28,0.162,0.092,0.287,0.042,11.777
1993-05-29,0.152,0.094,0.088,-0.0,13.553
1993-05-30,0.148,0.099,0.267,-7.571,13.12
1993-05-31,0.144,0.108,0.314,-8.575,13.284
1993-06-01,0.143,0.116,0.001,-8.089,13.436
1993-06-02,0.133,0.124,0.0,-6.722,14.341
1993-06-03,0.133,0.122,0.0,-7.671,14.758
1993-06-04,0.128,0.115,0.022,-7.791,14.825
1993-06-05,0.123,0.106,0.0,-9.025,14.22
1993-06-06,0.119,0.098,0.0,-8.382,14.095
1993-06-07,0.11,0.09,0.542,-7.996,13.144
1993-06-08,0.109,0.086,0.284,-3.766,10.126
1993-06-09,0.104,0.094,0.297,-5.797,11.153
1993-06-10,0.104,0.116,0.08,-8.073,12.971
1993-06-11,0.104,0.146,0.106,-7.116,13.14
1993-06-12,,0.156,0.003,-6.781,14.143
1993-06-13,,0.154,0.105,-5.514,12.777
1993-06-14,0.108,0.15,0.068,-5.576,13.052
1993-06-15,0.099,0.142,0.114,-5.878,12.519
1993-06-16,0.095,0.129,0.142,-6.809,11.885
1993-06-17,0.09,0.114,0.017,-8.152,13.216
1993-06-18,0.085,0.103,0.011,-10.3,13.573
1993-06-19,0.08,0.095,0.0,-9.495,13.621
1993-06-20,0.08,0.088,0.0,-8.701,14.36
1993-06-21,0.084,0.081,0.038,-8.894,14.639
1993-06-22,0.08,0.075,0.002,-9.438,14.3
1993-06-23,0.08,0.069,0.007,-8.29,13.88
1993-06-24,0.071,0.065,0.3,-7.347,13.313
1993-06-25,0.061,0.062,0.033,-8.892,12.428
1993-06-26,0.061,0.06,0.002,-10.546,12.97
1993-06-27,0.056,0.059,0.001,-10.734,14.188
1993-06-28,0.067,0.058,0.001,-9.922,14.652
1993-06-29,0.056,0.057,0.0,-8.979,15.517
1993-06-30,0.056,0.057,0.068,-8.75,15.766
1993-07-01,0.07,0.052,0.211,-8.164,15.771
1993-07-02,0.07,0.051,0.004,-6.318,15.513
1993-07-03,0.07,0.05,0.0,-6.018,14.125
1993-07-04,0.069,0.049,0.426,-3.48,14.374
1993-07-05,0.069,0.049,0.026,-4.681,14.302
1993-07-06,0.068,0.049,0.305,-5.318,14.205
1993-07-07,0.067,0.049,0.0,-3.585,10.638
1993-07-08,0.067,0.048,0.001,-8.78,11.553
1993-07-09,0.066,0.048,0.047,-11.066,12.678
1993-07-10,0.065,0.048,0.047,-8.003,12.446
1993-07-11,0.065,0.048,0.078,-4.867,11.479
1993-07-12,0.064,0.048,0.389,-8.95,12.155
1993-07-13,0.064,0.053,0.026,-7.021,12.685
1993-07-14,0.063,0.062,0.01,-6.865,12.951
1993-07-15,0.063,0.068,0.079,-5.067,12.052
1993-07-16,0.063,0.071,0.057,-5.451,13.07
1993-07-17,,0.068,0.0,-4.879,12.285
1993-07-18,,0.065,0.0,-7.857,12.472
1993-07-19,0.063,0.061,0.0,-9.136,13.949
1993-07-20,0.063,0.057,0.0,-8.698,14.108
1993-07-21,0.063,0.053,0.008,-10.724,13.765
1993-07-22,,0.049,0.007,-9.181,13.846
1993-07-23,,0.047,0.028,-7.403,14.387
1993-07-24,0.062,0.045,0.005,-6.502,14.093
1993-07-25,0.062,0.044,0.0,-6.272,14.608
1993-07-26,0.062,0.043,0.0,-6.548,14.556
1993-07-27,0.061,0.042,0.0,-8.202,14.246
1993-07-28,0.061,0.041,0.003,-7.607,13.945
1993-07-29,0.06,0.04,0.126,-6.931,13.429
1993-07-30,0.06,0.04,0.085,-5.769,13.0
1993-07-31,0.06,0.039,0.085,-4.172,14.075
1993-08-01,0.061,0.037,0.003,-9.428,14.208
1993-08-02,0.06,0.037,0.01,-7.84,15.216
1993-08-03,0.06,0.037,0.016,-8.563,15.321
1993-08-04,0.06,0.036,0.0,-8.947,15.004
1993-08-05,0.06,0.036,0.0,-10.591,15.417
1993-08-06,0.06,0.036,0.0,-11.785,14.656
1993-08-07,0.059,0.035,0.022,-12.013,14.066
1993-08-08,0.058,0.035,0.034,-8.444,13.729
1993-08-09,0.057,0.035,0.505,-6.03,12.768
1993-08-10,0.057,0.036,0.942,-3.363,11.966
1993-08-11,0.057,0.04,2.533,-1.498,10.28
1993-08-12,,0.05,0.041,-2.205,11.476
1993-08-13,,0.072,0.0,-5.874,13.352
1993-08-14,,0.1,0.0,-7.267,13.755
1993-08-15,,0.123,0.195,-8.57,13.919
1993-08-16,,0.14,0.196,-6.044,14.022
1993-08-17,,0.124,1.477,-3.299,11.265
1993-08-18,0.058,0.112,2.23,-2.453,9.458
1993-08-19,0.059,0.108,0.316,-1.877,12.077
1993-08-20,0.059,0.113,0.794,-4.017,12.775
1993-08-21,0.058,0.124,0.287,-2.826,12.171
1993-08-22,0.058,0.139,0.0,-6.157,13.173
1993-08-23,0.057,0.129,0.0,-8.588,13.929
1993-08-24,0.056,0.115,0.033,-8.061,14.053
1993-08-25,0.057,0.102,0.008,-7.95,14.766
1993-08-26,0.056,0.087,0.011,-7.548,14.846
1993-08-27,0.056,0.075,0.053,-6.614,15.331
1993-08-28,0.056,0.064,0.002,-6.386,15.175
1993-08-29,,0.055,0.971,-4.875,15.43
1993-08-30,0.056,0.048,0.843,-3.185,14.883
1993-08-31,0.056,0.046,1.447,-3.301,12.892
1993-09-01,0.063,0.043,0.364,-4.585,14.027
1993-09-02,0.063,0.048,0.867,-4.577,13.706
1993-09-03,0.061,0.054,0.07,-5.663,14.028
1993-09-04,0.063,0.059,0.03,-6.861,12.513
1993-09-05,0.058,0.062,0.022,-6.289,12.918
1993-09-06,0.056,0.061,0.002,-7.293,14.415
1993-09-07,0.058,0.059,0.024,-6.046,14.622
1993-09-08,0.049,0.054,0.036,-3.556,12.611
1993-09-09,0.047,0.048,0.522,-2.461,11.89
1993-09-10,0.045,0.044,0.463,-2.248,12.86
1993-09-11,0.045,0.042,1.415,-2.193,11.306
1993-09-12,0.041,0.043,0.151,0.07,12.139
1993-09-13,0.049,0.047,0.158,-3.359,13.152
1993-09-14,0.047,0.054,0.196,-6.203,14.557
1993-09-15,0.049,0.058,0.005,-2.221,14.785
1993-09-16,0.047,0.058,0.489,0.468,15.329
1993-09-17,0.047,0.056,0.195,-0.178,15.309
1993-09-18,0.047,0.052,0.781,-1.639,16.133
1993-09-19,,0.048,0.457,-1.724,15.956
1993-09-20,0.043,0.045,1.54,-2.143,15.6
1993-09-21,0.047,0.045,0.919,-0.706,14.83
1993-09-22,0.045,0.048,1.165,0.934,15.487
1993-09-23,0.045,0.054,0.643,-2.338,16.076
1993-09-24,0.045,0.058,1.53,-1.51,14.682
1993-09-25,,0.059,3.314,1.303,13.602
1993-09-26,0.041,0.06,1.432,-0.632,15.222
1993-09-27,0.045,0.064,0.418,-2.669,15.523
1993-09-28,0.049,0.069,0.049,-4.398,15.765
1993-09-29,0.045,0.071,0.839,-4.946,16.386
1993-09-30,0.045,0.071,0.377,-1.747,16.117
1993-10-01,0.045,0.057,0.944,-2.271,15.521
1993-10-02,0.043,0.053,2.54,-0.533,14.697
1993-10-03,0.041,0.048,1.193,0.236,14.476
1993-10-04,0.039,0.047,2.66,0.505,14.777
1993-10-05,0.037,0.053,4.165,0.307,13.016
1993-10-06,0.041,0.058,2.78,1.053,12.344
1993-10-07,0.045,0.069,10.141,0.116,12.876
1993-10-08,0.058,0.085,4.047,-1.418,12.478
1993-10-09,0.127,0.109,1.259,-2.155,14.098
1993-10-10,0.104,0.146,1.801,-0.833,14.096
1993-10-11,0.082,0.191,0.648,-0.546,13.363
1993-10-12,0.104,0.204,0.156,0.836,15.422
1993-10-13,0.104,0.2,0.177,-0.92,15.522
1993-10-14,0.096,0.171,1.25,-1.424,15.204
1993-10-15,0.082,0.145,0.146,-1.915,15.401
1993-10-16,0.078,0.123,2.426,-0.458,16.177
1993-10-17,0.075,0.105,3.436,-1.521,16.419
1993-10-18,0.069,0.092,3.735,-1.283,15.794
1993-10-19,0.066,0.086,3.12,1.185,14.107
1993-10-20,0.069,0.086,4.426,0.401,14.222
1993-10-21,0.069,0.088,4.971,1.136,14.217
1993-10-22,0.104,0.092,0.269,-0.557,15.429
1993-10-23,0.1,0.096,0.547,-1.88,16.702
1993-10-24,0.092,0.098,0.161,-0.244,16.651
1993-10-25,0.089,0.096,3.267,-0.111,16.729
1993-10-26,0.089,0.091,2.557,0.487,15.606
1993-10-27,0.096,0.085,1.848,0.697,14.14
1993-10-28,0.082,0.078,0.607,-1.242,15.383
1993-10-29,0.078,0.074,5.888,0.064,15.944
1993-10-30,0.075,0.074,5.812,1.538,14.494
1993-10-31,0.075,0.078,1.595,0.154,15.157
1993-11-01,0.11,0.084,0.507,-1.443,14.974
1993-11-02,0.119,0.098,0.555,0.476,13.439
1993-11-03,0.141,0.108,0.413,2.094,13.91
1993-11-04,0.165,0.108,0.077,0.021,15.858
1993-11-05,0.15,0.105,0.305,-0.431,17.447
1993-11-06,0.143,0.1,4.913,0.168,15.912
1993-11-07,0.145,0.096,8.58,0.344,14.136
1993-11-08,0.152,0.105,5.826,1.632,13.155
1993-11-09,0.15,0.145,12.195,1.693,13.191
1993-11-10,0.165,0.231,9.442,1.499,13.513
1993-11-11,0.278,0.408,2.693,0.817,14.65
1993-11-12,0.527,0.715,6.392,1.87,13.95
1993-11-13,0.845,0.895,6.448,2.221,13.209
1993-11-14,0.829,1.017,3.662,2.773,13.291
1993-11-15,0.829,1.041,1.374,0.771,15.748
1993-11-16,0.895,0.989,0.328,-0.655,16.151
1993-11-17,0.895,0.829,1.552,2.261,15.157
1993-11-18,0.708,0.72,3.288,1.309,14.701
1993-11-19,0.493,0.527,2.248,0.358,13.397
1993-11-20,0.395,0.372,1.227,0.929,15.205
1993-11-21,0.363,0.305,1.186,1.044,16.104
1993-11-22,0.355,0.268,3.041,1.665,15.805
1993-11-23,0.342,0.229,0.475,1.902,14.45
1993-11-24,0.313,0.206,1.628,0.611,14.399
1993-11-25,0.317,0.194,1.216,1.654,15.32
1993-11-26,0.372,0.188,2.493,1.964,15.243
1993-11-27,0.35,0.184,1.505,1.782,14.856
1993-11-28,0.317,0.18,0.918,0.293,14.224
1993-11-29,0.297,0.179,2.278,0.795,15.055
1993-11-30,0.305,0.174,1.963,-0.154,15.792
1993-12-01,0.301,0.184,1.922,-1.028,15.695
1993-12-02,0.271,0.179,2.818,2.578,14.362
1993-12-03,0.247,0.172,7.501,0.744,15.589
1993-12-04,0.24,0.176,4.303,1.796,13.573
1993-12-05,0.267,0.185,1.484,2.524,14.513
1993-12-06,0.355,0.205,1.206,2.042,14.689
1993-12-07,0.515,0.232,3.67,2.869,16.355
1993-12-08,0.395,0.251,3.365,2.842,12.869
1993-12-09,0.337,0.268,5.654,3.256,13.867
1993-12-10,0.329,0.296,7.234,3.355,14.083
1993-12-11,0.381,0.347,13.045,3.57,12.75
1993-12-12,0.482,0.479,10.124,2.229,12.044
1993-12-13,0.645,0.657,4.151,2.778,13.654
1993-12-14,1.156,0.911,7.64,2.601,13.125
1993-12-15,1.669,1.103,3.699,2.753,13.847
1993-12-16,1.565,1.188,14.614,3.745,12.789
1993-12-17,1.553,1.233,5.269,2.569,12.353
1993-12-18,1.791,1.213,0.349,2.015,14.928
1993-12-19,1.979,1.162,2.554,1.119,15.24
1993-12-20,1.656,1.097,1.341,2.584,14.567
1993-12-21,1.261,0.954,1.249,2.795,13.326
1993-12-22,0.956,0.767,2.039,1.944,14.97
1993-12-23,0.774,0.586,1.283,2.039,15.684
1993-12-24,0.619,0.458,2.39,3.01,15.24
1993-12-25,0.556,0.343,2.303,1.556,14.315
1993-12-26,0.532,0.293,1.44,2.839,12.997
1993-12-27,0.587,0.261,1.885,2.569,13.529
1993-12-28,0.562,0.248,2.068,2.133,13.905
1993-12-29,0.606,0.23,4.288,1.512,14.69
1993-12-30,0.672,0.219,5.003,2.645,12.532
1993-12-31,0.686,0.209,1.618,2.826,12.864
1994-01-01,0.777,0.253,4.648,2.039,14.444
1994-01-02,0.951,0.278,3.263,1.682,14.874
1994-01-03,1.017,0.314,3.668,1.407,13.143
1994-01-04,0.93,0.343,3.432,1.819,12.293
1994-01-05,0.857,0.355,2.761,1.79,13.269
1994-01-06,0.925,0.368,3.303,3.019,13.393
1994-01-07,1.097,0.4,3.567,2.805,14.143
1994-01-08,1.163,0.432,5.889,2.59,14.298
1994-01-09,1.268,0.473,5.388,2.412,12.254
1994-01-10,1.371,0.528,8.08,2.613,11.084
1994-01-11,1.458,0.592,0.439,1.16,13.713
1994-01-12,1.642,0.712,0.339,2.213,14.207
1994-01-13,1.62,0.865,0.092,-0.165,14.701
1994-01-14,1.325,0.928,1.266,0.434,16.393
1994-01-15,1.086,0.877,2.969,1.364,15.102
1994-01-16,0.898,0.744,4.4,1.453,12.577
1994-01-17,0.832,0.618,5.979,1.002,13.023
1994-01-18,0.807,0.558,8.315,2.041,12.641
1994-01-19,0.739,0.556,8.433,2.202,11.695
1994-01-20,0.93,0.641,4.968,2.777,11.633
1994-01-21,1.306,0.857,7.297,2.73,13.287
1994-01-22,1.563,1.1,8.152,2.747,11.783
1994-01-23,1.591,1.317,5.5,3.516,12.677
1994-01-24,1.761,1.601,3.24,3.247,11.931
1994-01-25,1.815,1.844,5.337,3.652,13.181
1994-01-26,1.799,1.932,3.287,3.666,13.868
1994-01-27,1.769,1.938,7.426,3.558,12.904
1994-01-28,1.731,1.887,5.883,3.35,13.311
1994-01-29,1.753,1.839,3.624,2.884,13.604
1994-01-30,1.708,1.795,1.674,3.092,12.508
1994-01-31,1.701,1.811,4.819,3.105,11.709
1994-02-01,1.5,1.663,6.648,2.076,12.506
1994-02-02,1.57,1.643,1.637,2.634,12.515
1994-02-03,1.577,1.623,2.827,3.069,11.827
1994-02-04,1.563,1.657,2.751,2.485,12.847
1994-02-05,1.479,1.673,6.026,2.768,11.704
1994-02-06,1.398,1.665,3.909,2.716,12.414
1994-02-07,1.332,1.67,6.101,2.968,12.46
1994-02-08,1.332,1.686,6.692,3.196,12.91
1994-02-09,1.274,1.709,7.093,3.51,11.87
1994-02-10,1.391,1.74,7.988,3.073,11.888
1994-02-11,1.731,1.789,7.367,2.94,10.467
1994-02-12,1.956,1.867,5.697,3.165,11.4
1994-02-13,2.013,1.937,6.963,3.333,12.228
1994-02-14,1.845,1.979,9.483,2.611,13.572
1994-02-15,1.799,2.028,7.058,3.028,13.301
1994-02-16,1.838,2.08,8.422,3.322,12.939
1994-02-17,1.964,2.106,5.35,3.395,12.569
1994-02-18,2.021,2.152,5.272,3.604,12.316
1994-02-19,2.112,2.206,4.532,3.162,13.102
1994-02-20,2.07,2.239,4.545,3.47,13.59
1994-02-21,2.021,2.259,2.961,2.881,15.161
1994-02-22,1.822,2.25,0.409,2.443,15.89
1994-02-23,1.577,2.157,0.323,1.208,15.276
1994-02-24,1.371,2.025,0.158,0.754,15.007
1994-02-25,1.193,1.839,4.802,2.167,14.733
1994-02-26,1.063,1.622,4.397,2.503,12.996
1994-02-27,0.968,1.476,4.002,2.86,13.967
1994-02-28,1.08,1.371,1.434,1.771,15.197
1994-03-01,1.199,1.24,4.921,2.095,14.137
1994-03-02,1.051,1.226,2.108,3.04,12.963
1994-03-03,0.909,1.201,2.48,2.053,13.038
1994-03-04,0.725,1.173,0.619,1.747,14.007
1994-03-05,0.556,1.134,0.495,-0.786,13.922
1994-03-06,0.415,1.08,4.12,0.52,13.37
1994-03-07,0.356,0.995,3.384,1.076,12.524
1994-03-08,0.347,0.931,2.211,0.292,11.638
1994-03-09,0.385,0.89,4.505,-0.016,12.428
1994-03-10,0.454,0.877,1.017,0.217,12.177
1994-03-11,0.601,0.872,1.839,0.275,12.857
1994-03-12,0.749,0.86,1.4,0.916,13.429
1994-03-13,0.787,0.838,2.244,1.431,13.937
1994-03-14,0.782,0.824,2.858,2.275,13.776
1994-03-15,0.73,0.809,5.234,1.997,14.005
1994-03-16,0.744,0.809,7.967,2.309,13.74
1994-03-17,0.837,0.837,6.147,2.122,13.735
1994-03-18,1.051,0.919,4.334,2.46,12.71
1994-03-19,1.411,1.051,5.253,2.213,14.349
1994-03-20,1.493,1.162,4.264,1.334,14.399
1994-03-21,1.358,1.201,6.558,2.483,13.574
1994-03-22,1.28,1.174,6.363,2.529,12.878
1994-03-23,1.325,1.135,3.63,2.173,13.284
1994-03-24,1.549,1.12,4.004,1.066,14.031
1994-03-25,1.5,1.125,3.126,1.679,12.852
1994-03-26,1.205,1.106,16.589,1.149,12.911
1994-03-27,1.057,1.075,5.801,0.437,12.108
1994-03-28,1.169,1.112,9.73,1.3,13.456
1994-03-29,1.521,1.299,4.041,1.457,12.791
1994-03-30,1.83,1.546,1.09,1.864,13.832
1994-03-31,2.037,1.676,0.361,1.81,14.231
1994-04-01,1.908,1.582,0.431,1.917,14.165
1994-04-02,1.535,1.481,0.401,1.259,13.776
1994-04-03,1.332,1.276,0.413,0.264,13.827
1994-04-04,1.074,1.069,0.513,-0.302,13.796
1994-04-05,0.941,0.873,0.625,0.716,14.729
1994-04-06,0.872,0.747,0.902,-0.188,14.418
1994-04-07,0.802,0.687,1.418,1.329,12.772
1994-04-08,0.802,0.625,0.746,0.517,13.065
1994-04-09,0.763,0.589,3.344,0.336,13.178
1994-04-10,0.739,0.57,3.404,0.131,12.277
1994-04-11,0.749,0.575,4.549,0.658,11.321
1994-04-12,0.758,0.605,3.855,-0.456,13.656
1994-04-13,0.832,0.654,5.271,1.345,12.898
1994-04-14,0.898,0.708,3.214,0.087,12.297
1994-04-15,0.962,0.792,3.081,1.159,11.282
1994-04-16,1.046,0.959,2.24,0.81,12.872
1994-04-17,0.995,1.126,1.385,0.463,14.633
1994-04-18,1.001,1.232,1.333,-0.149,11.78
1994-04-19,1.046,1.256,1.765,-0.002,13.174
1994-04-20,1.017,1.184,2.84,1.378,12.663
1994-04-21,1.006,1.056,1.332,-1.146,13.586
1994-04-22,0.93,0.926,0.758,1.629,13.776
1994-04-23,0.903,0.83,0.983,0.022,13.685
1994-04-24,0.877,0.756,3.486,2.25,14.074
1994-04-25,0.877,0.717,4.101,1.437,14.164
1994-04-26,0.898,0.7,0.563,1.954,14.766
1994-04-27,0.941,0.701,2.149,0.869,15.166
1994-04-28,0.903,0.706,2.772,0.773,12.606
1994-04-29,0.857,0.704,2.216,1.304,12.3
1994-04-30,0.827,0.694,2.629,2.624,14.144
1994-05-01,0.817,0.68,0.188,0.877,13.996
1994-05-02,0.827,0.657,0.122,0.167,14.731
1994-05-03,0.777,0.62,0.157,-0.821,14.845
1994-05-04,0.73,0.575,0.176,-0.32,13.627
1994-05-05,0.909,0.523,1.048,-0.601,13.604
1994-05-06,0.623,0.475,0.561,0.71,14.152
1994-05-07,0.58,0.447,0.265,-1.325,14.491
1994-05-08,0.623,0.453,0.604,-0.771,13.627
1994-05-09,0.657,0.479,0.6,-0.823,13.05
1994-05-10,0.52,0.481,0.78,1.719,12.522
1994-05-11,0.52,0.469,0.708,-2.348,12.462
1994-05-12,0.559,0.452,0.402,-4.44,13.755
1994-05-13,0.539,0.439,0.328,-4.937,13.646
1994-05-14,0.58,0.407,0.158,-4.99,13.487
1994-05-15,0.439,0.381,0.061,-6.237,13.325
1994-05-16,0.399,0.343,0.006,-5.898,14.747
1994-05-17,0.355,0.309,0.086,-5.958,14.776
1994-05-18,0.341,0.284,0.11,-5.282,14.937
1994-05-19,0.322,0.263,0.0,-4.877,14.442
1994-05-20,0.309,0.246,0.249,-5.254,14.726
1994-05-21,0.285,0.233,0.065,-2.435,14.866
1994-05-22,0.263,0.22,0.053,-2.994,15.041
1994-05-23,0.257,0.211,0.055,-4.968,15.009
1994-05-24,0.247,0.204,0.004,-4.706,15.664
1994-05-25,0.236,0.198,0.119,-4.409,15.112
1994-05-26,0.222,0.193,0.0,-4.467,14.569
1994-05-27,0.217,0.185,0.042,-4.326,14.235
1994-05-28,0.213,0.181,0.112,-6.199,14.793
1994-05-29,0.199,0.176,0.0,-5.276,14.645
1994-05-30,0.195,0.171,0.001,-4.879,14.355
1994-05-31,0.195,0.166,0.008,-5.746,14.652
1994-06-01,0.187,0.167,0.06,-6.331,14.054
1994-06-02,0.183,0.164,0.083,-5.841,14.16
1994-06-03,0.179,0.16,0.199,-7.406,14.41
1994-06-04,0.175,0.157,0.133,-6.258,14.058
1994-06-05,0.175,0.153,0.018,-6.611,15.159
1994-06-06,0.167,0.148,0.034,-5.938,14.384
1994-06-07,0.167,0.144,0.238,-5.098,13.752
1994-06-08,0.16,0.14,0.032,-5.785,13.534
1994-06-09,0.16,0.135,0.142,-5.903,13.005
1994-06-10,0.153,0.132,0.0,-7.792,12.986
1994-06-11,0.153,0.129,0.034,-8.352,13.895
1994-06-12,0.149,0.127,0.123,-5.325,12.219
1994-06-13,0.153,0.125,0.042,-6.298,12.264
1994-06-14,0.146,0.124,0.009,-7.832,13.553
1994-06-15,0.146,0.126,0.02,-7.511,14.097
1994-06-16,0.146,0.127,0.007,-6.651,13.895
1994-06-17,0.14,0.126,0.012,-5.75,13.189
1994-06-18,0.136,0.123,0.014,-5.987,11.468
1994-06-19,0.133,0.116,0.121,-5.996,12.622
1994-06-20,0.078,0.112,0.0,-7.009,12.125
1994-06-21,0.136,0.109,0.025,-10.876,12.871
1994-06-22,0.136,0.106,0.0,-11.427,12.985
1994-06-23,0.133,0.103,0.0,-10.256,13.93
1994-06-24,0.13,0.102,0.0,-10.945,12.239
1994-06-25,0.13,0.101,0.042,-10.825,13.427
1994-06-26,0.127,0.099,0.006,-8.303,13.698
1994-06-27,0.127,0.096,0.0,-8.508,14.024
1994-06-28,0.124,0.095,0.003,-7.702,13.919
1994-06-29,0.077,0.094,0.002,-7.165,14.42
1994-06-30,0.121,0.092,0.002,-6.903,14.193
1994-07-01,0.119,0.09,0.078,-6.042,13.125
1994-07-02,0.119,0.089,0.273,-6.324,12.081
1994-07-03,0.119,0.087,0.146,-6.186,11.442
1994-07-04,0.116,0.086,0.049,-3.099,10.868
1994-07-05,0.11,0.085,0.0,-4.742,12.585
1994-07-06,0.113,0.084,0.001,-8.264,12.209
1994-07-07,0.113,0.083,0.0,-9.407,13.136
1994-07-08,0.113,0.083,0.053,-7.489,12.092
1994-07-09,0.11,0.081,0.0,-6.935,13.145
1994-07-10,0.113,0.08,0.01,-5.431,13.62
1994-07-11,0.11,0.079,0.133,-5.175,14.313
1994-07-12,0.108,0.077,0.04,-7.696,15.148
1994-07-13,0.108,0.076,0.057,-7.578,14.755
1994-07-14,0.11,0.075,0.072,-8.415,15.398
1994-07-15,0.103,0.074,0.0,-10.467,13.977
1994-07-16,0.103,0.073,0.0,-9.016,13.877
1994-07-17,0.1,0.073,0.001,-7.098,13.574
1994-07-18,0.098,0.072,0.0,-6.543,13.637
1994-07-19,0.095,0.071,0.0,-8.604,14.164
1994-07-20,0.093,0.07,0.067,-9.362,14.996
1994-07-21,0.095,0.07,0.003,-9.05,14.765
1994-07-22,0.091,0.069,0.02,-10.595,15.092
1994-07-23,0.1,0.068,0.005,-8.556,14.661
1994-07-24,0.087,0.067,0.006,-8.646,15.038
1994-07-25,0.084,0.067,0.003,-10.491,14.53
1994-07-26,0.084,0.066,0.0,-11.126,14.062
1994-07-27,0.087,0.065,0.08,-9.04,14.56
1994-07-28,0.084,0.065,0.001,-5.853,14.225
1994-07-29,0.084,0.064,0.0,-5.014,13.967
1994-07-30,0.082,0.064,0.001,-5.227,14.499
1994-07-31,0.084,0.063,0.008,-6.606,15.141
1994-08-01,0.087,0.059,0.509,-6.654,15.106
1994-08-02,0.087,0.058,0.361,-8.145,16.156
1994-08-03,0.084,0.058,0.006,-4.815,14.457
1994-08-04,0.082,0.058,0.001,-5.383,15.291
1994-08-05,0.084,0.058,0.008,-5.01,15.192
1994-08-06,0.082,0.058,0.004,-6.07,14.868
1994-08-07,0.08,0.058,0.001,-6.874,15.355
1994-08-08,0.075,0.057,0.0,-8.606,14.879
1994-08-09,0.074,0.057,0.024,-10.932,13.066
1994-08-10,0.074,0.056,0.186,-9.654,11.013
1994-08-11,0.074,0.055,0.136,-7.466,12.575
1994-08-12,,0.054,0.001,-8.928,12.998
1994-08-13,,0.054,0.005,-7.604,13.689
1994-08-14,0.073,0.054,0.001,-7.022,14.019
1994-08-15,0.073,0.053,0.08,-7.647,14.979
1994-08-16,0.073,0.053,0.004,-7.495,14.735
1994-08-17,0.076,0.052,0.005,-6.593,15.09
1994-08-18,0.074,0.051,0.003,-6.732,16.269
1994-08-19,0.071,0.05,0.01,-5.518,16.699
1994-08-20,0.071,0.049,0.063,-5.869,16.571
1994-08-21,0.074,0.048,0.012,-7.185,16.042
1994-08-22,0.067,0.048,0.109,-7.202,16.282
1994-08-23,0.069,0.047,0.006,-7.688,15.981
1994-08-24,0.067,0.047,0.002,-7.215,15.584
1994-08-25,0.064,0.047,0.0,-7.747,15.738
1994-08-26,0.065,0.046,0.0,-6.653,15.912
1994-08-27,0.06,0.046,0.042,-5.246,16.732
1994-08-28,0.065,0.046,0.053,-5.954,16.724
1994-08-29,0.062,0.045,0.068,-5.921,16.733
1994-08-30,0.064,0.045,0.166,-5.268,16.357
1994-08-31,0.06,0.045,0.55,-5.984,15.272
1994-09-01,0.059,0.042,0.384,-3.299,14.014
1994-09-02,0.059,0.046,0.072,-1.622,13.162
1994-09-03,0.059,0.053,0.553,-2.111,14.575
1994-09-04,0.059,0.059,0.24,-1.853,14.814
1994-09-05,0.059,0.061,0.2,-2.162,14.688
1994-09-06,0.059,0.063,1.157,-1.547,15.309
1994-09-07,0.058,0.062,0.177,-2.178,14.898
1994-09-08,0.058,0.06,0.077,-5.402,14.363
1994-09-09,0.059,0.058,0.025,-5.567,15.336
1994-09-10,0.057,0.054,0.122,-5.794,15.375
1994-09-11,0.058,0.051,0.149,-4.352,15.987
1994-09-12,0.057,0.047,0.143,-3.433,16.531
1994-09-13,0.057,0.044,0.044,-3.497,16.056
1994-09-14,0.057,0.042,0.413,-2.738,15.045
1994-09-15,0.057,0.041,0.0,-3.82,15.878
1994-09-16,0.057,0.039,0.283,-2.932,15.524
1994-09-17,0.058,0.038,1.021,-0.83,14.992
1994-09-18,0.057,0.038,1.626,-1.44,15.302
1994-09-19,0.057,0.039,1.968,-1.226,15.905
1994-09-20,0.057,0.041,0.788,-1.56,15.945
1994-09-21,0.057,0.043,0.312,-2.201,16.31
1994-09-22,0.057,0.044,0.308,-1.757,15.473
1994-09-23,0.057,0.044,1.015,-2.248,15.999
1994-09-24,0.056,0.044,0.013,-3.944,16.484
1994-09-25,0.057,0.043,0.056,-3.033,16.003
1994-09-26,0.058,0.042,0.11,-2.361,14.161
1994-09-27,0.055,0.041,0.459,-2.604,14.91
1994-09-28,0.055,0.04,1.938,0.364,14.15
1994-09-29,0.055,0.04,1.058,0.391,13.894
1994-09-30,0.053,0.042,0.802,-2.08,13.565
1994-10-01,0.055,0.04,0.021,-4.603,14.768
1994-10-02,0.055,0.044,0.001,-3.891,14.965
1994-10-03,0.055,0.046,0.116,-4.08,14.947
1994-10-04,0.055,0.046,0.003,-3.453,15.638
1994-10-05,,0.044,0.006,-2.624,16.408
1994-10-06,0.054,0.042,0.061,-1.924,16.831
1994-10-07,0.055,0.039,0.006,-1.628,16.476
1994-10-08,0.054,0.036,0.052,-4.478,16.949
1994-10-09,0.053,0.034,0.12,-5.359,17.704
1994-10-10,0.054,0.03,0.114,-3.069,17.764
1994-10-11,0.054,0.029,0.15,-1.602,15.248
1994-10-12,0.053,0.028,5.95,-0.596,16.393
1994-10-13,0.053,0.03,1.489,-1.357,14.641
1994-10-14,0.053,0.039,4.966,-0.588,13.745
1994-10-15,,0.053,1.542,-0.492,14.382
1994-10-16,,0.062,0.169,-0.267,15.782
1994-10-17,0.054,0.07,0.933,-0.622,16.805
1994-10-18,0.055,0.074,1.613,-1.414,17.118
1994-10-19,0.055,0.074,0.219,-0.493,16.786
1994-10-20,0.054,0.071,0.861,-0.144,16.357
1994-10-21,0.054,0.067,2.921,-0.608,15.003
1994-10-22,0.054,0.061,1.466,0.578,14.918
1994-10-23,0.053,0.058,1.768,-0.137,15.431
1994-10-24,0.053,0.055,1.651,-0.14,15.091
1994-10-25,0.053,0.054,1.105,0.515,16.092
1994-10-26,0.052,0.054,0.792,0.127,16.909
1994-10-27,0.052,0.053,0.001,-0.287,16.346
1994-10-28,0.052,0.051,0.239,-1.938,17.557
1994-10-29,0.052,0.048,2.567,1.342,14.413
1994-10-30,0.052,0.045,6.937,1.535,13.587
1994-10-31,0.051,0.044,0.876,-0.139,15.577
1994-11-01,0.07,0.038,3.819,-0.718,16.654
1994-11-02,0.08,0.042,5.589,2.086,14.649
1994-11-03,0.08,0.046,2.285,1.123,13.668
1994-11-04,0.08,0.055,1.992,1.287,14.347
1994-11-05,,0.065,0.754,-1.808,15.349
1994-11-06,0.075,0.07,0.595,1.01,15.417
1994-11-07,0.096,0.073,2.458,2.276,14.429
1994-11-08,0.101,0.072,2.11,1.785,15.11
1994-11-09,0.116,0.07,2.155,1.402,15.351
1994-11-10,0.111,0.07,4.096,1.495,15.181
1994-11-11,0.111,0.071,1.788,0.507,14.987
1994-11-12,0.111,0.075,3.135,2.022,14.736
1994-11-13,0.131,0.08,4.275,1.569,15.876
1994-11-14,0.141,0.083,4.605,1.103,15.594
1994-11-15,0.136,0.085,2.345,1.778,15.342
1994-11-16,0.141,0.09,1.632,0.98,16.529
1994-11-17,0.111,0.097,0.181,-1.6,16.354
1994-11-18,0.121,0.102,1.549,-0.474,15.778
1994-11-19,0.16,0.101,4.288,2.188,15.031
1994-11-20,0.151,0.097,3.203,1.485,15.333
1994-11-21,0.146,0.092,1.886,0.116,14.66
1994-11-22,0.136,0.091,6.635,0.224,14.709
1994-11-23,0.121,0.094,1.225,0.605,14.719
1994-11-24,0.126,0.104,1.22,0.111,16.112
1994-11-25,0.146,0.121,0.183,0.137,17.593
1994-11-26,0.146,0.135,0.684,-0.603,16.899
1994-11-27,0.165,0.128,0.496,0.047,16.279
1994-11-28,0.136,0.113,0.277,0.045,17.17
1994-11-29,0.106,0.095,1.165,-0.063,17.053
1994-11-30,0.091,0.082,1.669,0.863,15.419
1994-12-01,0.08,0.069,1.469,0.381,16.015
1994-12-02,0.07,0.059,0.834,1.255,15.904
1994-12-03,0.033,0.052,3.507,2.098,15.153
1994-12-04,0.054,0.043,0.977,1.286,15.471
1994-12-05,0.07,0.042,0.539,-0.162,15.284
1994-12-06,0.065,0.043,0.816,1.712,14.098
1994-12-07,0.08,0.043,2.451,1.744,13.826
1994-12-08,0.07,0.043,2.275,1.644,16.125
1994-12-09,0.07,0.045,3.479,2.463,14.673
1994-12-10,0.049,0.054,10.577,2.679,14.191
1994-12-11,0.043,0.063,7.887,2.447,14.337
1994-12-12,0.07,0.08,10.359,2.538,12.815
1994-12-13,0.146,0.117,4.003,1.023,14.203
1994-12-14,0.253,0.187,6.128,0.959,15.65
1994-12-15,0.395,0.273,8.905,1.493,13.496
1994-12-16,0.47,0.337,3.213,2.913,14.399
1994-12-17,0.47,0.381,4.692,3.056,14.39
1994-12-18,0.513,0.407,5.28,3.324,13.306
1994-12-19,0.588,0.402,2.423,2.406,15.243
1994-12-20,0.463,0.389,0.298,1.338,17.244
1994-12-21,0.624,0.358,0.298,0.539,17.542
1994-12-22,0.568,0.314,0.609,-1.232,17.985
1994-12-23,0.448,0.249,3.697,1.621,14.227
1994-12-24,0.367,0.185,1.614,1.03,13.629
1994-12-25,0.318,0.145,4.199,1.834,12.565
1994-12-26,0.297,0.115,5.359,2.322,12.294
1994-12-27,0.305,0.112,4.652,2.569,13.061
1994-12-28,0.305,0.134,5.983,2.681,13.946
1994-12-29,0.41,0.171,2.73,2.861,14.721
1994-12-30,0.478,0.21,1.918,3.95,13.034
1994-12-31,0.568,0.272,4.322,3.708,13.958
1995-01-01,0.635,0.344,3.672,3.787,14.388
1995-01-02,0.591,0.354,5.878,2.908,14.063
1995-01-03,0.462,0.347,4.671,3.43,14.742
1995-01-04,0.411,0.339,1.372,2.79,15.534
1995-01-05,0.414,0.343,0.0,2.218,14.579
1995-01-06,0.5,0.348,5.965,2.194,15.229
1995-01-07,0.5,0.335,3.208,3.659,15.742
1995-01-08,0.477,0.309,3.894,3.379,15.64
1995-01-09,0.469,0.283,7.519,3.019,16.08
1995-01-10,0.454,0.268,7.342,1.946,12.366
1995-01-11,0.421,0.263,4.407,1.795,14.097
1995-01-12,0.418,0.277,10.541,1.012,12.1
1995-01-13,0.532,0.326,7.219,0.454,12.121
1995-01-14,0.8,0.414,3.054,1.159,13.856
1995-01-15,1.077,0.52,4.99,2.663,13.91
1995-01-16,1.102,0.582,1.989,2.37,13.813
1995-01-17,0.918,0.593,1.938,2.526,13.725
1995-01-18,1.017,0.585,1.481,1.73,14.518
1995-01-19,1.005,0.556,3.574,2.696,13.892
1995-01-20,0.902,0.518,3.074,2.308,14.535
1995-01-21,0.754,0.467,0.689,2.54,14.429
1995-01-22,0.715,0.43,1.161,1.459,14.443
1995-01-23,0.677,0.402,0.5,2.492,14.894
1995-01-24,0.705,0.373,0.938,1.848,13.695
1995-01-25,0.561,0.342,2.766,1.387,14.935
1995-01-26,0.508,0.305,5.169,2.858,12.75
1995-01-27,0.54,0.277,2.332,2.638,14.476
1995-01-28,0.548,0.304,3.926,2.692,15.402
1995-01-29,0.635,0.357,2.342,2.515,16.067
1995-01-30,0.663,0.432,0.047,1.425,16.804
1995-01-31,0.561,0.441,0.004,0.664,15.474
1995-02-01,0.524,0.432,0.013,0.194,15.877
1995-02-02,0.429,0.354,0.142,0.988,16.031
1995-02-03,0.407,0.277,0.427,1.955,16.202
1995-02-04,0.367,0.198,0.533,1.347,17.747
1995-02-05,0.319,0.106,1.319,2.388,15.184
1995-02-06,0.299,0.067,0.024,1.658,16.265
1995-02-07,0.335,0.058,0.374,1.211,16.932
1995-02-08,0.316,0.047,0.054,-0.022,16.889
1995-02-09,0.293,0.039,0.6,-0.471,17.305
1995-02-10,0.273,0.033,7.432,2.817,16.474
1995-02-11,0.279,0.036,3.264,2.398,16.303
1995-02-12,0.284,0.054,0.459,2.327,15.662
1995-02-13,0.313,0.086,0.18,0.575,16.344
1995-02-14,0.326,0.165,0.82,2.862,15.561
1995-02-15,0.322,0.209,9.264,3.248,14.345
1995-02-16,0.332,0.23,3.795,2.661,14.457
1995-02-17,0.332,0.262,4.796,2.967,13.305
1995-02-18,0.357,0.305,5.823,3.073,13.62
1995-02-19,0.411,0.366,4.397,3.409,12.307
1995-02-20,0.447,0.413,4.515,3.229,13.122
1995-02-21,0.508,0.451,3.37,3.38,13.386
1995-02-22,0.578,0.487,4.595,2.963,12.116
1995-02-23,0.608,0.514,4.012,2.249,12.637
1995-02-24,0.663,0.537,3.758,2.437,12.978
1995-02-25,0.667,0.547,5.504,2.331,11.314
1995-02-26,0.88,0.558,8.756,2.248,12.835
1995-02-27,1.077,0.57,4.112,2.442,12.22
1995-02-28,1.237,0.615,8.874,2.522,11.759
1995-03-01,1.389,0.701,3.366,2.713,12.841
1995-03-02,1.676,0.775,4.284,3.165,14.44
1995-03-03,1.582,0.829,2.241,3.143,14.45
1995-03-04,1.326,0.825,2.241,2.563,15.47
1995-03-05,1.178,0.775,1.639,2.261,14.704
1995-03-06,0.975,0.71,5.512,2.321,13.917
1995-03-07,0.858,0.646,7.112,3.08,12.747
1995-03-08,0.842,0.615,6.515,3.02,13.571
1995-03-09,1.011,0.641,5.079,2.933,12.997
1995-03-10,1.096,0.713,8.909,2.591,11.447
1995-03-11,1.244,0.833,4.431,3.103,12.911
1995-03-12,1.375,0.963,3.754,2.974,12.079
1995-03-13,1.499,1.101,9.883,2.528,11.687
1995-03-14,1.757,1.198,8.637,1.608,11.977
1995-03-15,1.749,1.326,7.23,1.252,10.646
1995-03-16,1.79,1.537,3.548,1.912,10.629
1995-03-17,1.969,1.817,1.265,1.206,12.0
1995-03-18,1.926,2.05,1.689,2.202,13.359
1995-03-19,1.684,2.187,1.627,1.378,15.119
1995-03-20,1.447,2.187,0.707,1.653,14.567
1995-03-21,1.278,2.037,1.461,1.662,15.087
1995-03-22,1.102,1.791,3.751,2.477,13.204
1995-03-23,0.975,1.476,4.143,0.483,15.014
1995-03-24,0.902,1.173,6.014,1.949,13.838
1995-03-25,1.059,0.985,9.206,2.351,13.349
1995-03-26,0.975,0.903,3.115,2.953,13.759
1995-03-27,1.083,0.941,3.686,3.387,14.501
1995-03-28,1.333,1.059,1.89,2.74,14.492
1995-03-29,1.231,1.118,2.687,0.363,14.75
1995-03-30,1.159,1.099,5.587,3.431,14.417
1995-03-31,1.059,1.003,2.197,1.457,15.574
1995-04-01,1.035,0.817,1.551,2.157,13.682
1995-04-02,1.185,0.73,0.814,2.124,13.901
1995-04-03,1.121,0.694,0.539,2.591,14.372
1995-04-04,0.964,0.644,0.137,1.637,15.367
1995-04-05,1.492,0.603,0.143,1.341,16.111
1995-04-06,0.729,0.566,1.208,1.894,16.304
1995-04-07,0.658,0.514,0.484,0.947,15.754
1995-04-08,0.608,0.467,2.733,0.589,15.562
1995-04-09,0.574,0.422,1.623,1.711,15.137
1995-04-10,0.528,0.403,3.454,1.97,14.734
1995-04-11,0.553,0.411,2.232,2.971,14.465
1995-04-12,0.582,0.442,3.607,2.597,13.636
1995-04-13,0.586,0.499,0.911,2.564,14.751
1995-04-14,0.622,0.552,0.383,-1.85,15.526
1995-04-15,0.691,0.59,0.177,-1.905,15.149
1995-04-16,0.653,0.598,0.72,0.146,15.696
1995-04-17,0.578,0.58,1.384,0.376,14.932
1995-04-18,0.508,0.53,0.137,0.605,14.621
1995-04-19,0.454,0.478,0.23,-2.686,14.277
1995-04-20,0.5,0.418,1.35,-2.508,13.285
1995-04-21,0.492,0.376,0.219,-0.219,12.647
1995-04-22,0.469,0.344,0.131,-0.667,14.593
1995-04-23,0.447,0.322,0.007,-1.904,14.795
1995-04-24,0.447,0.299,0.017,-2.304,15.384
1995-04-25,0.397,0.28,0.313,-4.106,14.954
1995-04-26,0.37,0.264,0.017,-2.687,15.442
1995-04-27,0.38,0.242,0.001,-2.547,15.337
1995-04-28,0.357,0.222,0.011,-3.306,15.591
1995-04-29,0.344,0.208,0.036,-3.02,14.627
1995-04-30,0.357,0.195,0.017,-3.831,15.333
1995-05-01,0.281,0.188,0.276,-1.614,14.612
1995-05-02,0.259,0.178,1.096,0.417,14.473
1995-05-03,0.249,0.171,0.803,-2.195,14.823
1995-05-04,0.234,0.168,0.044,-2.612,14.947
1995-05-05,0.229,0.165,0.0,-6.898,14.784
1995-05-06,0.22,0.164,0.056,-7.141,15.531
1995-05-07,0.211,0.162,0.016,-7.477,15.332
1995-05-08,0.193,0.158,0.035,-7.956,13.989
1995-05-09,0.211,0.152,0.0,-6.782,14.866
1995-05-10,0.202,0.147,0.003,-6.845,16.156
1995-05-11,0.189,0.141,0.049,-5.538,16.649
1995-05-12,0.185,0.136,0.006,-4.636,16.446
1995-05-13,0.177,0.132,0.008,-2.182,16.623
1995-05-14,0.17,0.128,0.089,-3.204,15.845
1995-05-15,0.162,0.124,0.011,-3.009,15.235
1995-05-16,0.155,0.119,0.923,-1.333,14.504
1995-05-17,0.162,0.117,1.107,-1.115,12.736
1995-05-18,0.152,0.119,1.224,0.253,10.304
1995-05-19,0.152,0.131,0.759,-1.39,14.159
1995-05-20,0.148,0.147,0.379,-1.032,15.409
1995-05-21,0.145,0.164,0.592,-3.019,15.694
1995-05-22,0.142,0.179,0.003,-4.698,15.605
1995-05-23,0.139,0.178,0.002,-6.529,14.957
1995-05-24,0.145,0.167,0.003,-7.559,14.556
1995-05-25,0.142,0.153,0.105,-7.846,14.368
1995-05-26,0.148,0.14,0.002,-7.667,15.122
1995-05-27,0.145,0.127,0.006,-7.588,15.416
1995-05-28,0.145,0.112,0.008,-6.588,15.455
1995-05-29,0.142,0.103,0.015,-6.487,15.674
1995-05-30,0.132,0.096,0.0,-6.188,15.696
1995-05-31,0.129,0.092,0.004,-7.495,15.61
1995-06-01,0.129,0.09,0.002,-7.146,15.191
1995-06-02,0.123,0.087,0.001,-6.504,14.525
1995-06-03,0.118,0.084,0.102,-7.836,14.758
1995-06-04,0.115,0.083,0.03,-6.739,15.166
1995-06-05,0.112,0.082,0.069,-6.265,15.21
1995-06-06,0.112,0.08,0.025,-7.321,14.915
1995-06-07,0.11,0.079,0.01,-7.32,14.358
1995-06-08,0.107,0.078,0.004,-6.378,14.527
1995-06-09,0.102,0.077,0.002,-5.366,14.597
1995-06-10,0.11,0.076,0.044,-5.135,15.075
1995-06-11,0.11,0.075,0.044,-6.387,15.294
1995-06-12,0.107,0.074,0.0,-6.101,14.721
1995-06-13,0.107,0.073,0.015,-8.329,15.012
1995-06-14,0.102,0.072,0.006,-6.839,14.445
1995-06-15,0.099,0.071,0.041,-6.898,15.498
1995-06-16,0.097,0.07,0.018,-6.483,14.835
1995-06-17,0.095,0.07,0.341,-7.203,15.003
1995-06-18,0.092,0.069,0.168,-6.025,14.207
1995-06-19,0.09,0.068,0.044,-4.098,13.594
1995-06-20,0.086,0.068,0.05,-5.879,14.009
1995-06-21,0.084,0.069,0.03,-6.618,13.455
1995-06-22,0.086,0.069,0.021,-6.584,13.14
1995-06-23,0.078,0.069,0.031,-6.048,12.513
1995-06-24,0.076,0.068,0.02,-8.6,12.542
1995-06-25,0.076,0.067,0.113,-8.85,13.332
1995-06-26,0.072,0.066,0.009,-7.821,13.098
1995-06-27,0.072,0.065,0.03,-8.66,13.335
1995-06-28,0.084,0.065,0.049,-4.022,12.606
1995-06-29,0.084,0.064,0.348,-5.545,13.194
1995-06-30,0.079,0.063,0.127,-5.567,13.375
1995-07-01,0.084,0.061,0.016,-5.232,14.102
1995-07-02,0.082,0.061,0.0,-5.535,14.17
1995-07-03,0.082,0.06,0.0,-5.176,14.417
1995-07-04,0.079,0.06,0.045,-5.15,14.297
1995-07-05,0.078,0.059,0.012,-5.0,15.062
1995-07-06,0.079,0.058,0.014,-6.129,15.334
1995-07-07,0.072,0.057,0.0,-6.137,15.243
1995-07-08,0.072,0.056,0.0,-5.676,14.837
1995-07-09,0.07,0.055,0.0,-6.764,15.654
1995-07-10,0.07,0.054,0.0,-7.434,15.368
1995-07-11,0.072,0.054,0.011,-5.632,15.159
1995-07-12,0.07,0.053,0.085,-6.171,13.781
1995-07-13,0.072,0.052,0.068,-6.397,13.971
1995-07-14,0.072,0.051,0.093,-6.056,14.31
1995-07-15,0.068,0.051,0.106,-5.949,13.988
1995-07-16,0.066,0.051,0.065,-5.696,13.578
1995-07-17,0.068,0.051,0.264,-3.076,12.705
1995-07-18,0.065,0.051,0.07,-5.083,12.885
1995-07-19,0.065,0.051,0.122,-7.361,12.633
1995-07-20,0.065,0.052,0.063,-8.174,11.934
1995-07-21,0.068,0.052,0.029,-6.442,12.69
1995-07-22,0.068,0.053,0.004,-8.423,13.513
1995-07-23,0.066,0.052,0.02,-9.82,15.123
1995-07-24,0.066,0.052,0.013,-8.893,16.342
1995-07-25,0.068,0.051,0.003,-8.149,15.637
1995-07-26,0.065,0.05,0.045,-6.721,15.016
1995-07-27,0.061,0.048,0.051,-6.269,15.525
1995-07-28,0.06,0.048,0.016,-6.809,16.525
1995-07-29,0.058,0.047,0.082,-7.848,15.867
1995-07-30,0.058,0.046,0.136,-8.286,14.742
1995-07-31,0.058,0.046,0.145,-6.752,16.339
1995-08-01,0.06,0.043,0.414,-5.448,16.392
1995-08-02,0.058,0.043,0.026,-5.773,16.316
1995-08-03,0.058,0.043,0.336,-5.589,16.24
1995-08-04,0.056,0.043,0.451,-5.748,13.5
1995-08-05,0.058,0.043,0.104,-6.435,15.919
1995-08-06,0.058,0.043,0.058,-5.635,16.293
1995-08-07,0.06,0.043,0.011,-4.859,17.12
1995-08-08,0.06,0.042,0.0,-6.134,17.059
1995-08-09,0.06,0.042,0.01,-5.885,15.989
1995-08-10,0.058,0.041,0.015,-6.672,16.135
1995-08-11,0.053,0.04,0.001,-6.123,16.455
1995-08-12,0.052,0.04,0.0,-3.971,16.062
1995-08-13,0.052,0.039,0.0,-6.406,15.703
1995-08-14,0.052,0.038,0.002,-5.056,15.894
1995-08-15,,0.038,0.055,-5.14,16.171
1995-08-16,0.047,0.038,0.21,-1.212,14.874
1995-08-17,0.048,0.038,0.122,-1.43,12.917
1995-08-18,0.051,0.039,0.005,-2.483,13.913
1995-08-19,0.052,0.042,0.001,-5.797,15.432
1995-08-20,0.047,0.044,0.0,-7.017,16.38
1995-08-21,0.047,0.044,0.006,-6.691,16.814
1995-08-22,0.048,0.044,0.017,-5.655,17.543
1995-08-23,0.047,0.043,0.011,-5.272,17.807
1995-08-24,0.049,0.041,0.004,-6.322,18.062
1995-08-25,0.047,0.039,0.001,-6.129,18.141
1995-08-26,0.049,0.038,0.002,-8.033,17.271
1995-08-27,0.047,0.036,0.007,-7.573,17.467
1995-08-28,0.049,0.036,0.004,-7.801,17.072
1995-08-29,0.048,0.035,0.009,-8.37,17.419
1995-08-30,0.055,0.034,0.062,-7.015,17.342
1995-08-31,0.045,0.033,0.01,-8.782,16.559
1995-09-01,0.051,0.025,0.112,-7.017,17.72
1995-09-02,0.051,0.024,0.056,-5.177,15.759
1995-09-03,0.049,0.024,0.053,-4.548,15.248
1995-09-04,0.048,0.023,0.073,-6.137,15.524
1995-09-05,0.047,0.022,0.163,-5.973,15.492
1995-09-06,0.048,0.022,0.028,-6.149,14.861
1995-09-07,0.047,0.022,0.065,-3.807,15.485
1995-09-08,0.047,0.022,0.02,-2.281,15.411
1995-09-09,0.045,0.022,0.101,-3.024,15.917
1995-09-10,0.047,0.022,0.164,-1.966,16.546
1995-09-11,0.048,0.022,0.968,-2.454,17.049
1995-09-12,0.047,0.024,0.707,-0.322,14.616
1995-09-13,0.05,0.03,0.394,0.506,15.95
1995-09-14,0.05,0.036,0.817,-0.7,14.98
1995-09-15,0.047,0.04,1.159,0.22,15.547
1995-09-16,0.049,0.042,0.214,-0.288,15.44
1995-09-17,0.048,0.044,0.611,0.001,15.17
1995-09-18,0.048,0.047,1.532,-1.863,16.745
1995-09-19,0.048,0.05,1.26,-0.476,15.726
1995-09-20,,0.052,0.342,-1.533,14.956
1995-09-21,0.047,0.053,0.279,-1.138,15.563
1995-09-22,0.049,0.054,0.201,-3.773,16.065
1995-09-23,0.05,0.053,0.215,-3.383,15.771
1995-09-24,0.047,0.05,0.573,-3.635,15.772
1995-09-25,0.049,0.047,0.554,-2.051,15.805
1995-09-26,0.048,0.044,0.338,-3.473,16.567
1995-09-27,0.047,0.043,0.005,-2.568,17.439
1995-09-28,0.045,0.042,0.433,-4.768,16.571
1995-09-29,0.047,0.04,0.45,-3.347,15.71
1995-09-30,0.046,0.038,0.267,-0.661,15.206
1995-10-01,0.046,0.03,3.825,-0.055,15.812
1995-10-02,0.046,0.032,6.064,1.087,15.273
1995-10-03,0.043,0.038,2.211,-0.257,15.213
1995-10-04,0.047,0.047,4.555,0.025,14.782
1995-10-05,0.045,0.058,1.065,-2.092,16.242
1995-10-06,0.044,0.066,0.0,-3.562,17.172
1995-10-07,0.05,0.069,0.0,-3.441,17.697
1995-10-08,0.047,0.069,0.102,-1.826,17.681
1995-10-09,0.047,0.066,0.068,-2.744,17.569
1995-10-10,0.044,0.059,0.0,-4.868,16.63
1995-10-11,0.044,0.054,0.165,-2.705,18.048
1995-10-12,0.042,0.047,0.058,-2.182,18.497
1995-10-13,0.043,0.041,0.205,-1.962,19.12
1995-10-14,0.043,0.036,1.328,-0.254,17.876
1995-10-15,0.042,0.031,0.049,-2.006,17.679
1995-10-16,0.043,0.028,0.867,-0.866,17.316
1995-10-17,0.042,0.026,0.737,0.985,16.798
1995-10-18,0.042,0.026,0.215,-1.344,17.366
1995-10-19,0.041,0.029,0.104,-1.105,17.318
1995-10-20,0.041,0.032,0.129,-1.756,17.816
1995-10-21,0.04,0.034,0.385,-1.118,16.731
1995-10-22,0.04,0.033,0.247,-2.158,17.659
1995-10-23,0.042,0.031,0.081,-0.439,17.841
1995-10-24,0.043,0.03,0.127,-1.327,17.994
1995-10-25,0.041,0.028,0.068,-0.184,16.913
1995-10-26,0.039,0.027,0.008,-0.12,16.122
1995-10-27,0.039,0.024,0.005,0.023,16.541
1995-10-28,0.039,0.021,0.548,1.257,16.451
1995-10-29,0.04,0.02,0.038,2.209,16.328
1995-10-30,0.039,0.02,0.291,-1.759,16.861
1995-10-31,0.039,0.021,0.008,-1.882,16.849
1995-11-01,0.059,0.018,0.029,-1.459,17.222
1995-11-02,0.059,0.019,0.094,-2.015,18.049
1995-11-03,0.074,0.02,0.541,-3.255,18.365
1995-11-04,0.068,0.02,0.204,-4.494,17.538
1995-11-05,0.068,0.019,0.015,-0.138,17.771
1995-11-06,0.079,0.018,0.43,-2.079,18.032
1995-11-07,0.056,0.017,1.43,-1.087,16.833
1995-11-08,0.056,0.017,3.403,2.417,16.34
1995-11-09,0.053,0.019,4.523,0.813,15.782
1995-11-10,0.056,0.028,3.824,1.28,15.621
1995-11-11,0.062,0.038,0.417,-0.871,16.651
1995-11-12,0.065,0.047,1.463,1.252,16.092
1995-11-13,0.082,0.055,1.233,0.559,15.848
1995-11-14,0.077,0.059,1.597,1.705,15.363
1995-11-15,0.059,0.062,2.598,0.457,16.354
1995-11-16,0.059,0.067,2.361,1.478,15.089
1995-11-17,0.05,0.078,2.046,1.88,16.022
1995-11-18,0.053,0.1,3.863,0.068,13.68
1995-11-19,0.062,0.143,4.844,0.949,14.845
1995-11-20,0.059,0.192,11.841,2.788,14.432
1995-11-21,0.102,0.265,4.404,0.606,13.453
1995-11-22,0.115,0.319,4.696,1.917,15.478
1995-11-23,0.123,0.425,1.137,-0.676,17.163
1995-11-24,0.134,0.47,0.201,-0.129,17.316
1995-11-25,0.134,0.426,0.022,-0.534,17.174
1995-11-26,0.131,0.321,1.075,-1.55,17.983
1995-11-27,0.091,0.254,0.029,-1.569,17.287
1995-11-28,0.107,0.18,2.69,0.076,16.085
1995-11-29,0.099,0.13,2.132,0.648,15.573
1995-11-30,0.102,0.104,0.583,0.254,16.771
1995-12-01,0.11,0.095,1.963,0.078,16.738
1995-12-02,0.096,0.093,3.827,2.438,15.973
1995-12-03,0.118,0.091,4.491,1.744,14.928
1995-12-04,0.102,0.093,4.0,2.587,14.335
1995-12-05,0.096,0.097,3.315,2.533,15.196
1995-12-06,0.123,0.103,5.101,0.29,15.567
1995-12-07,0.139,0.107,3.823,0.365,15.223
1995-12-08,0.161,0.113,11.32,1.265,13.363
1995-12-09,0.183,0.13,3.586,0.132,11.133
1995-12-10,0.181,0.166,0.046,-0.11,16.082
1995-12-11,0.181,0.217,1.448,-1.207,16.264
1995-12-12,0.183,0.267,0.099,-2.492,12.752
1995-12-13,0.19,0.254,0.369,-1.504,16.655
1995-12-14,0.164,0.204,0.585,-0.936,15.508
1995-12-15,0.164,0.157,0.734,-0.947,16.006
1995-12-16,0.139,0.113,0.193,-1.429,16.349
1995-12-17,0.118,0.087,0.676,0.228,16.868
1995-12-18,0.102,0.071,0.464,0.37,15.549
1995-12-19,0.123,0.06,1.066,0.095,16.328
1995-12-20,0.11,0.051,0.274,0.779,14.709
1995-12-21,0.096,0.043,5.151,0.71,13.548
1995-12-22,0.091,0.041,3.172,-0.173,13.991
1995-12-23,0.099,0.046,6.269,0.173,14.373
1995-12-24,0.085,0.061,8.77,2.2,13.029
1995-12-25,0.079,0.08,5.392,2.029,11.937
1995-12-26,0.11,0.124,11.564,2.346,11.149
1995-12-27,0.118,0.203,11.25,1.001,11.282
1995-12-28,0.123,0.33,8.145,1.685,10.951
1995-12-29,0.141,0.531,8.379,2.355,12.514
1995-12-30,0.181,0.719,2.083,1.429,14.159
1995-12-31,0.238,0.859,0.471,1.018,14.995
1996-01-01,0.283,0.976,0.816,2.031,14.144
1996-01-02,0.298,0.916,3.942,2.309,14.538
1996-01-03,0.271,0.754,4.435,3.011,14.874
1996-01-04,0.229,0.589,0.644,1.663,15.35
1996-01-05,0.192,0.479,1.895,2.224,15.407
1996-01-06,0.18,0.399,2.244,1.676,15.052
1996-01-07,0.201,0.344,0.402,0.736,16.157
1996-01-08,0.204,0.282,0.715,1.478,15.668
1996-01-09,0.167,0.226,1.175,1.53,15.777
1996-01-10,0.16,0.178,0.314,1.462,15.003
1996-01-11,0.162,0.131,5.247,1.556,15.544
1996-01-12,0.156,0.107,6.93,2.385,14.783
1996-01-13,0.158,0.097,3.505,1.798,11.725
1996-01-14,0.154,0.103,1.946,2.174,12.719
1996-01-15,0.152,0.139,8.751,2.961,12.531
1996-01-16,0.165,0.203,4.617,2.381,11.728
1996-01-17,0.192,0.295,8.398,2.191,12.19
1996-01-18,0.248,0.425,11.627,1.74,11.571
1996-01-19,0.334,0.561,6.133,1.963,12.293
1996-01-20,0.46,0.739,3.987,1.696,11.206
1996-01-21,0.566,0.947,5.891,2.541,12.287
1996-01-22,0.619,1.106,1.909,2.575,12.803
1996-01-23,0.619,1.169,3.292,2.512,13.55
1996-01-24,0.561,1.17,7.596,3.285,12.891
1996-01-25,0.659,1.137,13.031,2.799,11.255
1996-01-26,0.69,1.11,7.678,1.895,11.012
1996-01-27,0.68,1.169,8.298,1.663,11.482
1996-01-28,1.023,1.295,7.328,1.309,12.601
1996-01-29,1.256,1.442,4.072,1.578,12.019
1996-01-30,1.476,1.531,5.758,2.129,11.033
1996-01-31,1.599,1.546,3.153,2.297,10.394
1996-02-01,1.546,1.448,6.22,2.164,12.173
1996-02-02,1.476,1.425,2.954,2.82,12.867
1996-02-03,1.425,1.362,5.226,2.54,14.623
1996-02-04,1.572,1.266,4.548,2.617,14.726
1996-02-05,1.563,1.15,2.792,1.714,14.461
1996-02-06,1.343,1.054,8.063,2.148,12.708
1996-02-07,1.232,0.953,2.795,2.767,13.666
1996-02-08,1.085,0.897,3.746,2.715,13.444
1996-02-09,1.271,0.89,3.321,4.04,12.805
1996-02-10,1.303,0.899,4.021,3.955,13.909
1996-02-11,1.485,0.881,2.392,2.543,12.688
1996-02-12,1.21,0.851,2.902,2.427,13.125
1996-02-13,1.064,0.822,2.06,2.271,15.029
1996-02-14,0.976,0.779,2.385,3.055,14.097
1996-02-15,0.924,0.744,1.853,2.29,14.717
1996-02-16,0.825,0.739,2.182,2.781,13.417
1996-02-17,0.937,0.755,1.334,3.412,13.078
1996-02-18,0.937,0.769,2.382,3.09,13.677
1996-02-19,0.779,0.754,0.552,2.758,13.171
1996-02-20,0.773,0.723,3.922,2.405,13.548
1996-02-21,0.701,0.688,8.261,2.061,12.662
1996-02-22,0.675,0.656,0.456,1.249,13.169
1996-02-23,0.943,0.663,3.67,2.04,14.205
1996-02-24,1.295,0.689,2.403,3.513,13.619
1996-02-25,1.05,0.699,4.069,3.367,14.237
1996-02-26,0.911,0.678,2.771,3.51,14.287
1996-02-27,0.717,0.651,3.538,3.224,14.501
1996-02-28,0.825,0.643,1.831,2.414,15.422
1996-02-29,,0.65,2.31,3.861,12.012
1996-03-01,0.784,0.671,2.006,2.991,13.361
1996-03-02,0.701,0.672,2.77,3.23,13.562
1996-03-03,0.808,0.662,4.784,3.15,14.395
1996-03-04,0.756,0.652,7.963,2.994,13.517
1996-03-05,0.837,0.673,2.839,2.215,14.59
1996-03-06,1.107,0.707,1.784,3.015,14.372
1996-03-07,1.303,0.745,1.14,1.208,15.042
1996-03-08,1.128,0.758,1.305,1.91,15.346
1996-03-09,0.924,0.719,1.014,1.578,14.951
1996-03-10,0.723,0.66,1.433,2.849,15.561
1996-03-11,0.599,0.593,0.2,0.943,16.33
1996-03-12,0.494,0.521,0.583,-0.464,16.09
1996-03-13,0.473,0.465,0.935,0.448,16.684
1996-03-14,0.42,0.412,0.664,0.081,15.242
1996-03-15,0.372,0.343,0.942,1.252,14.941
1996-03-16,0.34,0.303,0.441,0.005,15.746
1996-03-17,0.317,0.277,1.841,0.518,15.387
1996-03-18,0.301,0.252,1.329,0.147,13.476
1996-03-19,0.277,0.232,2.842,0.172,12.873
1996-03-20,0.268,0.221,4.65,1.517,12.71
1996-03-21,0.265,0.251,7.913,1.928,13.217
1996-03-22,0.262,0.3,3.218,1.822,13.381
1996-03-23,0.334,0.41,3.42,2.18,12.289
1996-03-24,0.409,0.495,4.525,2.238,13.282
1996-03-25,0.503,0.58,7.273,2.428,14.524
1996-03-26,0.529,0.651,6.969,1.141,13.697
1996-03-27,0.594,0.738,7.511,2.499,12.473
1996-03-28,0.79,0.868,5.007,2.861,13.473
1996-03-29,0.956,0.99,4.107,2.64,14.014
1996-03-30,1.05,1.084,3.965,3.375,13.827
1996-03-31,1.15,1.111,1.173,3.181,14.404
1996-04-01,1.706,1.014,1.456,1.606,14.807
1996-04-02,1.305,0.899,2.855,1.737,15.215
1996-04-03,1.127,0.775,3.173,1.659,12.816
1996-04-04,0.919,0.695,4.946,2.325,11.954
1996-04-05,0.844,0.626,1.841,2.455,13.099
1996-04-06,0.881,0.599,3.144,2.568,14.005
1996-04-07,1.009,0.602,2.882,2.273,14.848
1996-04-08,0.862,0.612,2.753,2.574,14.227
1996-04-09,0.948,0.613,2.629,0.92,14.335
1996-04-10,1.04,0.609,1.447,1.26,13.963
1996-04-11,1.029,0.599,3.27,2.1,14.157
1996-04-12,0.862,0.585,3.34,1.213,14.102
1996-04-13,0.817,0.559,2.383,0.625,13.355
1996-04-14,0.799,0.517,2.047,1.572,13.749
1996-04-15,0.646,0.483,0.732,1.564,14.612
1996-04-16,0.631,0.459,2.002,0.43,14.817
1996-04-17,0.881,0.442,2.146,1.466,13.206
1996-04-18,0.692,0.419,0.336,0.033,12.71
1996-04-19,0.661,0.396,0.226,-1.042,13.654
1996-04-20,0.602,0.386,0.626,-2.053,14.868
1996-04-21,0.484,0.369,0.02,-1.528,15.415
1996-04-22,0.455,0.343,0.239,-2.76,14.73
1996-04-23,0.41,0.305,0.212,-1.157,14.9
1996-04-24,0.345,0.276,0.468,-0.285,15.543
1996-04-25,0.313,0.248,1.214,-0.388,15.595
1996-04-26,0.284,0.224,0.831,0.055,14.905
1996-04-27,0.284,0.212,0.2,1.257,15.321
1996-04-28,0.264,0.214,0.507,-0.938,14.885
1996-04-29,0.245,0.218,0.206,-0.545,13.781
1996-04-30,0.238,0.218,0.822,-0.114,14.406
1996-05-01,0.252,0.218,2.347,2.025,14.261
1996-05-02,0.231,0.213,2.349,-0.022,13.637
1996-05-03,0.249,0.222,0.688,1.057,14.129
1996-05-04,0.224,0.257,0.438,-0.831,14.417
1996-05-05,0.245,0.299,0.64,0.185,14.288
1996-05-06,0.238,0.332,0.453,-1.602,14.834
1996-05-07,0.207,0.341,0.278,-1.912,14.882
1996-05-08,0.177,0.333,1.325,-2.32,15.702
1996-05-09,0.185,0.313,0.82,0.339,15.668
1996-05-10,0.198,0.291,0.888,-0.506,14.859
1996-05-11,0.182,0.272,1.832,0.721,14.313
1996-05-12,0.177,0.264,1.82,-0.903,15.361
1996-05-13,0.177,0.257,2.636,-2.117,13.84
1996-05-14,0.179,0.25,0.429,-2.158,13.715
1996-05-15,0.171,0.241,0.012,-0.721,13.296
1996-05-16,0.168,0.227,0.015,-3.833,12.64
1996-05-17,0.163,0.21,0.0,-6.506,13.315
1996-05-18,0.157,0.189,0.0,-5.789,15.216
1996-05-19,0.147,0.165,0.003,-4.382,15.53
1996-05-20,0.147,0.148,0.329,-3.725,15.394
1996-05-21,0.149,0.133,0.09,-2.397,14.722
1996-05-22,0.142,0.117,0.018,-4.15,14.965
1996-05-23,0.132,0.108,0.392,-3.041,13.808
1996-05-24,0.123,0.102,1.064,-2.227,12.618
1996-05-25,0.119,0.097,0.711,-3.457,13.701
1996-05-26,0.115,0.095,0.271,-4.903,13.97
1996-05-27,0.111,0.093,0.173,-4.147,14.481
1996-05-28,0.115,0.093,0.011,-5.04,15.056
1996-05-29,0.115,0.092,0.177,-5.413,14.482
1996-05-30,0.109,0.092,0.0,-5.309,15.541
1996-05-31,0.107,0.09,0.0,-4.933,13.569
1996-06-01,0.111,0.089,0.003,-4.69,13.455
1996-06-02,0.113,0.086,0.127,-4.85,14.038
1996-06-03,0.109,0.083,0.001,-4.002,13.143
1996-06-04,0.101,0.082,0.0,-6.216,12.843
1996-06-05,0.099,0.081,0.0,-9.401,12.269
1996-06-06,0.093,0.079,0.012,-7.607,11.77
1996-06-07,0.092,0.078,0.045,-9.036,12.807
1996-06-08,0.093,0.076,0.022,-7.485,13.445
1996-06-09,0.099,0.074,0.066,-7.342,14.217
1996-06-10,0.095,0.072,0.009,-7.321,14.697
1996-06-11,0.095,0.071,0.005,-7.062,15.503
1996-06-12,0.092,0.07,0.027,-7.195,15.145
1996-06-13,0.09,0.068,0.0,-7.021,15.58
1996-06-14,0.085,0.067,0.031,-6.811,14.308
1996-06-15,0.086,0.066,0.025,-7.336,14.213
1996-06-16,0.085,0.066,0.213,-6.865,14.31
1996-06-17,0.088,0.065,0.256,-6.438,13.158
1996-06-18,0.088,0.064,0.093,-4.766,14.09
1996-06-19,0.081,0.064,0.158,-3.382,14.339
1996-06-20,0.083,0.064,0.001,-4.352,14.84
1996-06-21,0.081,0.064,0.013,-3.904,15.012
1996-06-22,0.081,0.064,0.001,-5.413,15.737
1996-06-23,0.08,0.064,0.024,-4.26,15.091
1996-06-24,0.075,0.063,0.068,-4.213,15.208
1996-06-25,0.07,0.062,0.002,-5.21,13.933
1996-06-26,0.07,0.061,0.0,-7.386,13.819
1996-06-27,0.075,0.061,0.025,-11.714,13.116
1996-06-28,0.077,0.06,0.001,-11.819,13.284
1996-06-29,0.073,0.06,0.001,-11.88,13.545
1996-06-30,0.075,0.059,0.011,-12.09,13.691
1996-07-01,0.072,0.056,0.0,-10.392,14.538
1996-07-02,0.073,0.056,0.001,-9.768,14.512
1996-07-03,0.075,0.055,0.0,-9.833,14.595
1996-07-04,0.073,0.054,0.0,-8.797,13.919
1996-07-05,0.073,0.053,0.001,-8.939,15.15
1996-07-06,0.072,0.052,0.0,-8.897,14.706
1996-07-07,0.07,0.051,0.0,-9.446,13.998
1996-07-08,0.072,0.05,0.058,-9.701,13.789
1996-07-09,0.072,0.05,0.433,-7.668,12.104
1996-07-10,0.075,0.05,0.33,-3.039,12.019
1996-07-11,0.075,0.053,0.043,-3.02,12.254
1996-07-12,0.073,0.059,0.015,-7.897,11.566
1996-07-13,0.072,0.066,0.0,-8.867,13.064
1996-07-14,0.072,0.071,0.0,-8.338,14.081
1996-07-15,0.069,0.071,0.023,-6.436,13.101
1996-07-16,0.07,0.068,0.006,-7.227,13.588
1996-07-17,0.069,0.065,0.128,-7.3,14.872
1996-07-18,0.066,0.06,0.008,-8.263,14.332
1996-07-19,0.066,0.056,0.004,-9.407,14.309
1996-07-20,0.063,0.053,0.147,-7.107,14.557
1996-07-21,0.059,0.049,0.008,-5.836,14.045
1996-07-22,0.065,0.048,0.001,-5.892,14.868
1996-07-23,0.059,0.047,0.001,-6.008,15.437
1996-07-24,0.057,0.046,0.019,-6.566,15.452
1996-07-25,0.053,0.045,0.006,-6.565,14.821
1996-07-26,0.059,0.045,0.325,-7.238,13.405
1996-07-27,0.062,0.044,0.022,-9.355,12.517
1996-07-28,0.061,0.044,0.036,-8.869,12.814
1996-07-29,0.059,0.044,0.01,-5.282,13.548
1996-07-30,0.059,0.043,0.0,-5.825,14.169
1996-07-31,0.058,0.043,0.0,-7.274,14.278
1996-08-01,0.061,0.041,0.001,-6.798,14.234
1996-08-02,0.061,0.04,0.003,-6.793,14.572
1996-08-03,0.059,0.04,0.001,-6.597,15.43
1996-08-04,0.057,0.039,0.029,-7.079,15.404
1996-08-05,0.058,0.039,0.022,-6.125,15.416
1996-08-06,0.058,0.038,0.212,-5.025,15.713
1996-08-07,0.059,0.038,0.13,-3.489,14.746
1996-08-08,0.056,0.038,0.734,-3.06,15.415
1996-08-09,0.053,0.038,0.363,-4.196,15.598
1996-08-10,0.053,0.038,0.025,-4.585,15.56
1996-08-11,0.053,0.038,0.045,-5.016,16.44
1996-08-12,,0.038,0.593,-4.116,15.796
1996-08-13,,0.038,0.682,-3.07,14.008
1996-08-14,0.052,0.038,0.334,-4.808,14.242
1996-08-15,0.053,0.038,0.562,-5.477,13.573
1996-08-16,0.053,0.04,0.273,-4.304,13.197
1996-08-17,0.052,0.042,0.842,-3.739,12.957
1996-08-18,0.052,0.044,0.198,-2.991,11.871
1996-08-19,0.051,0.047,0.079,-5.055,12.202
1996-08-20,0.051,0.051,0.199,-6.04,12.829
1996-08-21,0.049,0.056,0.03,-6.686,13.929
1996-08-22,0.05,0.057,0.004,-5.237,14.081
1996-08-23,0.051,0.056,0.042,-4.255,14.344
1996-08-24,0.051,0.053,0.045,-4.081,15.21
1996-08-25,0.05,0.048,0.045,-3.015,15.243
1996-08-26,0.049,0.046,0.36,-3.973,13.845
1996-08-27,0.049,0.043,0.788,-2.459,13.867
1996-08-28,0.045,0.042,1.251,-0.771,13.156
1996-08-29,0.044,0.043,1.891,-0.297,12.773
1996-08-30,0.043,0.045,0.905,-1.632,12.919
1996-08-31,0.046,0.049,0.0,-9.439,13.574
1996-09-01,0.047,0.048,0.0,-7.995,15.277
1996-09-02,0.047,0.051,0.166,-6.662,16.295
1996-09-03,0.047,0.051,0.0,-6.38,15.747
1996-09-04,0.047,0.048,0.167,-7.195,16.253
1996-09-05,0.046,0.045,0.116,-8.492,15.86
1996-09-06,0.047,0.042,0.548,-6.76,15.631
1996-09-07,0.047,0.039,0.01,-7.5,16.002
1996-09-08,0.047,0.037,0.193,-8.003,16.529
1996-09-09,,0.035,0.674,-6.142,16.503
1996-09-10,0.049,0.033,1.03,-3.117,15.45
1996-09-11,0.049,0.032,0.998,-1.09,15.77
1996-09-12,0.048,0.033,1.177,-0.371,16.54
1996-09-13,0.047,0.035,1.213,-2.153,16.495
1996-09-14,0.046,0.037,1.823,-1.94,15.867
1996-09-15,0.045,0.038,0.465,-0.837,15.745
1996-09-16,0.046,0.038,0.002,-2.55,15.864
1996-09-17,0.044,0.037,0.109,-2.409,16.733
1996-09-18,0.044,0.036,0.04,0.229,16.042
1996-09-19,0.045,0.034,0.01,-2.161,16.68
1996-09-20,0.047,0.033,0.103,-1.27,15.838
1996-09-21,0.044,0.032,0.441,-2.357,16.918
1996-09-22,0.044,0.032,0.196,-2.878,16.319
1996-09-23,0.044,0.033,1.921,-1.2,15.984
1996-09-24,,0.033,0.089,-2.014,15.627
1996-09-25,,0.035,0.383,-3.11,15.695
1996-09-26,0.042,0.038,3.348,-1.671,13.573
1996-09-27,0.043,0.042,0.872,-0.742,11.046
1996-09-28,0.042,0.049,0.03,-1.21,14.139
1996-09-29,0.04,0.058,0.038,-2.633,14.037
1996-09-30,0.043,0.064,0.031,-2.275,15.566
1996-10-01,0.042,0.055,0.059,-2.858,16.894
1996-10-02,0.042,0.054,0.0,-4.578,16.256
1996-10-03,0.042,0.05,0.012,-3.677,16.361
1996-10-04,,0.044,0.102,-3.97,16.952
1996-10-05,,0.038,0.022,-2.694,17.168
1996-10-06,,0.034,1.044,-1.136,16.261
1996-10-07,,0.029,0.779,1.239,15.474
1996-10-08,0.041,0.027,3.52,1.023,15.426
1996-10-09,0.039,0.027,2.519,0.892,16.435
1996-10-10,0.043,0.031,0.512,-0.393,16.636
1996-10-11,0.04,0.037,3.777,0.322,17.269
1996-10-12,0.04,0.039,7.603,0.316,16.359
1996-10-13,0.04,0.041,1.179,-1.78,16.364
1996-10-14,0.041,0.042,0.131,-0.805,16.473
1996-10-15,0.041,0.042,0.247,-3.384,16.608
1996-10-16,0.04,0.042,0.071,-2.199,17.998
1996-10-17,0.041,0.04,0.098,-2.309,19.051
1996-10-18,0.04,0.037,0.028,-1.862,18.334
1996-10-19,0.04,0.033,0.188,-2.108,18.197
1996-10-20,0.04,0.029,0.189,-1.836,18.046
1996-10-21,0.04,0.025,0.096,0.178,15.982
1996-10-22,0.038,0.019,1.273,0.29,15.291
1996-10-23,0.04,0.018,1.658,2.254,14.764
1996-10-24,0.04,0.02,2.445,-0.572,15.208
1996-10-25,0.047,0.028,0.906,1.346,14.95
1996-10-26,0.049,0.035,0.354,-0.992,16.814
1996-10-27,0.044,0.041,0.118,-1.589,16.913
1996-10-28,0.042,0.044,0.953,-2.018,16.957
1996-10-29,0.044,0.045,3.029,-0.247,15.384
1996-10-30,0.044,0.045,3.939,-1.425,15.09
1996-10-31,0.043,0.045,5.488,1.139,14.898
1996-11-01,0.054,0.041,2.699,0.612,15.598
1996-11-02,0.062,0.046,0.884,-0.59,17.079
1996-11-03,0.059,0.052,2.114,-2.078,17.85
1996-11-04,0.064,0.054,0.507,1.035,14.084
1996-11-05,0.069,0.054,4.013,-0.276,15.948
1996-11-06,0.072,0.052,3.599,1.105,14.987
1996-11-07,0.082,0.052,1.573,1.792,15.62
1996-11-08,0.074,0.054,4.281,0.36,13.796
1996-11-09,0.065,0.059,3.697,-0.585,13.667
1996-11-10,0.067,0.069,6.973,0.494,14.591
1996-11-11,0.069,0.078,2.941,0.353,13.273
1996-11-12,0.072,0.09,5.022,1.421,13.139
1996-11-13,0.072,0.112,3.662,1.045,14.34
1996-11-14,0.069,0.149,1.324,-0.439,15.717
1996-11-15,0.069,0.19,1.562,-0.409,15.521
1996-11-16,0.076,0.211,1.567,-1.279,16.582
1996-11-17,0.072,0.204,4.75,1.761,14.243
1996-11-18,0.069,0.178,7.174,1.496,14.817
1996-11-19,0.069,0.15,3.978,1.16,14.786
1996-11-20,0.086,0.145,1.221,0.887,14.754
1996-11-21,0.122,0.153,0.562,0.062,15.577
1996-11-22,0.145,0.162,0.06,-3.314,15.945
1996-11-23,0.145,0.157,1.068,-1.858,16.355
1996-11-24,0.117,0.141,2.21,0.022,14.858
1996-11-25,0.112,0.117,3.961,1.235,15.298
1996-11-26,0.149,0.1,1.148,-0.48,16.631
1996-11-27,0.136,0.09,0.842,-0.266,16.517
1996-11-28,0.128,0.084,1.615,-0.011,16.617
1996-11-29,0.128,0.078,1.658,0.018,16.341
1996-11-30,0.125,0.072,2.696,-0.053,15.289
1996-12-01,0.128,0.062,1.388,1.68,13.763
1996-12-02,0.122,0.059,2.227,1.253,16.253
1996-12-03,0.112,0.059,2.512,0.209,15.022
1996-12-04,0.084,0.059,1.977,0.183,14.201
1996-12-05,0.08,0.062,3.909,1.747,14.015
1996-12-06,0.095,0.065,5.896,2.127,13.451
1996-12-07,0.095,0.072,2.43,1.953,14.621
1996-12-08,0.107,0.082,1.319,0.083,14.97
1996-12-09,0.122,0.095,2.706,-0.183,13.751
1996-12-10,0.152,0.103,2.762,0.906,12.198
1996-12-11,0.179,0.104,2.975,1.419,12.67
1996-12-12,0.165,0.1,3.875,0.093,13.158
1996-12-13,0.176,0.097,7.854,1.302,10.464
1996-12-14,0.183,0.098,3.796,1.227,12.718
1996-12-15,0.246,0.111,4.532,0.226,13.977
1996-12-16,0.354,0.141,1.372,2.039,15.444
1996-12-17,0.386,0.164,0.489,1.572,16.262
1996-12-18,0.373,0.187,11.128,1.819,16.433
1996-12-19,0.354,0.199,4.877,1.987,14.362
1996-12-20,0.33,0.225,2.924,2.503,14.501
1996-12-21,0.319,0.276,2.583,2.416,14.285
1996-12-22,0.324,0.324,2.633,2.053,15.694
1996-12-23,0.393,0.348,5.638,2.204,15.642
1996-12-24,0.354,0.344,4.057,2.574,13.34
1996-12-25,0.36,0.329,3.208,3.101,13.558
1996-12-26,0.342,0.336,5.698,3.091,14.152
1996-12-27,0.59,0.356,9.185,3.254,13.422
1996-12-28,0.618,0.387,4.266,3.028,12.569
1996-12-29,0.763,0.431,1.573,2.228,14.03
1996-12-30,0.881,0.492,3.071,1.291,14.395
1996-12-31,1.483,0.532,2.142,2.907,14.394
1997-01-01,0.571,0.545,3.753,-0.725,15.716
1997-01-02,0.427,0.474,4.63,2.515,11.087
1997-01-03,0.351,0.382,2.5,3.157,13.052
1997-01-04,0.309,0.337,0.296,3.015,15.406
1997-01-05,0.347,0.346,5.113,2.238,16.34
1997-01-06,0.514,0.378,1.931,3.728,15.501
1997-01-07,0.384,0.405,1.0,2.479,13.947
1997-01-08,0.358,0.412,2.122,2.821,15.043
1997-01-09,0.373,0.403,2.124,2.849,12.858
1997-01-10,0.354,0.389,4.978,2.865,12.626
1997-01-11,0.299,0.383,6.756,3.297,12.104
1997-01-12,0.309,0.413,5.068,3.004,11.93
1997-01-13,0.329,0.472,3.25,2.279,13.84
1997-01-14,0.538,0.559,3.003,2.034,12.724
1997-01-15,0.709,0.645,3.899,3.153,12.735
1997-01-16,0.622,0.71,6.35,3.141,13.445
1997-01-17,0.492,0.753,5.987,3.187,12.38
1997-01-18,0.767,0.807,9.459,3.229,12.348
1997-01-19,1.144,0.924,2.901,3.12,11.875
1997-01-20,1.383,1.079,9.729,2.702,11.761
1997-01-21,1.546,1.207,9.2,1.686,12.352
1997-01-22,1.845,1.349,3.711,1.672,11.827
1997-01-23,2.239,1.548,3.498,2.612,13.267
1997-01-24,2.474,1.725,3.077,2.55,13.477
1997-01-25,2.087,1.84,2.196,2.636,13.534
1997-01-26,1.742,1.815,4.938,2.71,13.234
1997-01-27,1.662,1.678,6.477,2.66,12.745
1997-01-28,1.348,1.56,9.647,2.545,13.808
1997-01-29,1.374,1.472,6.836,2.147,11.729
1997-01-30,1.867,1.486,6.772,1.949,11.979
1997-01-31,2.374,1.582,2.842,1.291,11.373
1997-02-01,2.849,1.584,1.105,0.636,13.497
1997-02-02,2.513,1.681,0.08,-0.45,12.023
1997-02-03,2.087,1.647,1.033,0.477,13.726
1997-02-04,1.584,1.499,2.18,2.422,13.716
1997-02-05,1.28,1.245,7.848,2.763,13.191
1997-02-06,1.191,1.05,8.726,1.858,10.63
1997-02-07,1.231,0.907,8.713,2.732,11.059
1997-02-08,1.472,0.905,2.477,2.987,12.984
1997-02-09,1.527,1.029,6.515,2.796,13.05
1997-02-10,1.546,1.169,7.512,2.792,11.799
1997-02-11,1.509,1.297,3.527,2.684,12.644
1997-02-12,1.537,1.404,5.214,2.686,12.76
1997-02-13,1.623,1.46,6.353,2.796,13.534
1997-02-14,1.472,1.497,8.958,2.354,12.226
1997-02-15,1.681,1.55,6.781,2.051,13.472
1997-02-16,1.997,1.691,9.53,3.042,12.925
1997-02-17,2.578,1.845,7.087,2.608,13.153
1997-02-18,2.578,1.948,5.17,2.484,10.583
1997-02-19,2.436,2.002,5.392,3.086,13.6
1997-02-20,2.449,2.013,7.357,3.235,11.174
1997-02-21,2.204,2.009,7.598,3.414,11.596
1997-02-22,2.361,2.003,5.833,3.075,12.529
1997-02-23,2.526,2.054,3.145,3.808,12.466
1997-02-24,2.312,2.115,3.595,3.19,13.771
1997-02-25,2.053,2.239,3.245,2.908,14.625
1997-02-26,1.909,2.266,0.907,2.172,14.843
1997-02-27,1.613,2.261,0.616,1.582,14.046
1997-02-28,1.331,2.192,5.309,3.454,14.235
1997-03-01,1.169,1.984,9.115,3.147,13.93
1997-03-02,1.152,1.903,8.229,3.353,13.801
1997-03-03,1.466,1.927,15.502,1.826,12.322
1997-03-04,1.722,2.091,8.155,0.813,11.859
1997-03-05,1.984,2.385,9.772,1.045,10.843
1997-03-06,2.042,2.602,6.497,0.522,12.087
1997-03-07,2.115,3.014,9.881,0.599,12.26
1997-03-08,2.115,3.123,5.306,0.699,11.835
1997-03-09,2.108,3.142,7.381,1.486,13.5
1997-03-10,2.086,3.147,5.057,1.171,13.341
1997-03-11,2.042,3.244,3.495,1.667,12.625
1997-03-12,2.027,3.143,3.336,1.467,13.407
1997-03-13,2.027,3.142,1.287,-0.197,14.769
1997-03-14,2.013,3.109,1.342,1.703,14.445
1997-03-15,1.949,2.927,1.061,2.176,13.745
1997-03-16,1.83,2.66,1.722,1.907,13.842
1997-03-17,1.689,2.509,4.289,1.637,13.957
1997-03-18,1.617,2.319,1.445,2.345,14.412
1997-03-19,1.572,2.134,1.664,-0.382,14.382
1997-03-20,1.547,1.985,2.721,0.487,13.665
1997-03-21,1.509,1.845,3.968,0.48,13.107
1997-03-22,1.46,1.721,4.275,1.151,13.534
1997-03-23,1.454,1.634,3.769,1.295,14.813
1997-03-24,1.541,1.596,3.699,-0.044,14.705
1997-03-25,1.46,1.556,1.068,0.776,14.646
1997-03-26,1.429,1.518,1.788,0.15,14.198
1997-03-27,1.46,1.456,4.78,0.631,11.627
1997-03-28,1.264,1.362,4.012,0.734,10.769
1997-03-29,1.31,1.277,2.183,1.26,11.681
1997-03-30,1.497,1.275,0.709,1.223,12.313
1997-03-31,1.454,1.332,0.129,0.62,13.602
1997-04-01,1.339,1.295,0.06,-2.209,14.35
1997-04-02,1.213,1.263,0.295,-1.754,14.628
1997-04-03,1.082,1.157,0.228,-1.511,14.438
1997-04-04,0.929,1.011,1.205,-1.669,15.113
1997-04-05,0.924,0.862,2.821,0.362,12.889
1997-04-06,0.881,0.78,3.934,-0.788,12.315
1997-04-07,0.895,0.75,4.439,-0.44,12.399
1997-04-08,0.905,0.761,3.237,-0.405,11.611
1997-04-09,0.954,0.82,3.411,-0.649,10.497
1997-04-10,1.158,0.902,1.534,-2.399,12.058
1997-04-11,1.287,1.03,1.024,-1.19,11.608
1997-04-12,1.202,1.083,3.46,-0.605,10.782
1997-04-13,1.03,1.051,0.969,-0.584,10.803
1997-04-14,0.964,0.992,0.148,-0.106,13.403
1997-04-15,0.999,0.901,0.054,-2.308,13.801
1997-04-16,0.994,0.837,3.248,-1.956,13.421
1997-04-17,0.885,0.759,3.333,1.052,12.037
1997-04-18,0.833,0.712,0.131,1.024,14.136
1997-04-19,0.876,0.692,1.26,-1.542,15.675
1997-04-20,1.02,0.671,0.25,-2.238,15.926
1997-04-21,0.914,0.643,0.103,-2.182,15.576
1997-04-22,0.806,0.609,0.099,-3.778,14.17
1997-04-23,0.743,0.567,0.285,-3.843,14.144
1997-04-24,0.695,0.511,0.313,-3.33,15.035
1997-04-25,0.316,0.456,0.016,-2.794,14.111
1997-04-26,0.645,0.41,0.02,-1.638,13.721
1997-04-27,0.629,0.378,0.954,-3.331,13.566
1997-04-28,0.613,0.351,1.185,-2.005,12.879
1997-04-29,0.597,0.341,0.231,-0.617,12.805
1997-04-30,0.597,0.342,0.159,-3.187,13.088
1997-05-01,0.295,0.345,0.11,-4.277,13.668
1997-05-02,0.575,0.346,0.12,-3.773,14.188
1997-05-03,0.528,0.34,0.848,-2.95,13.947
1997-05-04,0.475,0.327,1.361,-1.018,13.605
1997-05-05,0.435,0.304,0.894,-2.544,13.9
1997-05-06,0.369,0.292,0.168,-2.379,14.4
1997-05-07,0.356,0.288,0.316,-2.998,13.347
1997-05-08,0.33,0.298,0.205,-3.664,13.975
1997-05-09,0.295,0.314,0.558,-1.996,13.722
1997-05-10,0.289,0.328,0.093,-2.44,13.264
1997-05-11,0.284,0.33,0.0,-4.112,13.014
1997-05-12,0.278,0.324,0.003,-4.454,13.143
1997-05-13,0.273,0.311,0.064,-5.114,13.662
1997-05-14,0.262,0.294,0.0,-5.134,13.911
1997-05-15,0.262,0.274,0.009,-4.711,13.571
1997-05-16,0.262,0.249,0.245,-4.823,13.756
1997-05-17,0.247,0.229,0.66,-3.999,13.441
1997-05-18,0.242,0.211,1.319,-2.86,12.488
1997-05-19,0.237,0.203,0.349,-0.774,13.286
1997-05-20,0.242,0.207,0.31,-3.093,14.066
1997-05-21,0.224,0.218,0.57,-2.035,14.375
1997-05-22,0.219,0.23,1.26,-4.61,13.867
1997-05-23,0.206,0.232,0.388,-1.537,12.828
1997-05-24,0.198,0.231,0.008,-6.316,13.51
1997-05-25,0.194,0.232,0.005,-6.795,13.711
1997-05-26,0.19,0.231,0.001,-7.749,13.697
1997-05-27,0.186,0.222,0.046,-8.5,14.532
1997-05-28,0.182,0.207,0.008,-8.176,14.016
1997-05-29,0.182,0.188,0.007,-7.141,13.423
1997-05-30,0.182,0.17,0.025,-6.845,13.785
1997-05-31,,0.155,0.0,-6.914,13.925
1997-06-01,0.186,0.148,0.058,-6.64,13.498
1997-06-02,0.178,0.138,0.052,-6.629,13.451
1997-06-03,0.174,0.131,0.037,-7.686,13.228
1997-06-04,0.174,0.126,0.041,-8.782,14.326
1997-06-05,0.171,0.121,0.039,-8.503,14.227
1997-06-06,0.167,0.116,0.027,-8.086,14.296
1997-06-07,0.167,0.113,0.062,-9.74,13.213
1997-06-08,0.16,0.111,0.0,-11.382,12.935
1997-06-09,0.157,0.109,0.032,-10.774,13.614
1997-06-10,0.157,0.106,0.036,-8.745,13.502
1997-06-11,0.153,0.104,0.001,-10.262,12.711
1997-06-12,0.143,0.103,0.045,-9.361,12.957
1997-06-13,0.14,0.102,0.012,-10.43,13.244
1997-06-14,0.137,0.1,0.031,-10.102,15.089
1997-06-15,0.131,0.099,0.005,-8.923,14.582
1997-06-16,0.131,0.098,0.05,-8.421,15.265
1997-06-17,0.134,0.096,0.091,-6.806,14.279
1997-06-18,0.137,0.095,0.17,-6.379,13.964
1997-06-19,0.134,0.094,0.009,-5.331,13.088
1997-06-20,0.134,0.093,0.0,-10.627,13.779
1997-06-21,0.128,0.092,0.036,-9.297,14.981
1997-06-22,0.125,0.092,0.0,-8.876,14.537
1997-06-23,0.123,0.091,0.0,-8.909,14.722
1997-06-24,0.12,0.09,0.093,-6.685,13.863
1997-06-25,0.12,0.088,0.019,-8.08,14.302
1997-06-26,0.12,0.087,0.008,-5.915,14.393
1997-06-27,,0.085,0.037,-6.819,15.185
1997-06-28,0.117,0.084,0.066,-5.276,14.341
1997-06-29,0.117,0.083,0.189,-3.959,14.19
1997-06-30,0.117,0.082,0.222,-3.583,14.382
1997-07-01,0.102,0.08,0.0,-5.933,14.144
1997-07-02,0.103,0.08,0.0,-5.56,15.005
1997-07-03,0.102,0.08,0.0,-5.974,14.977
1997-07-04,0.1,0.079,0.004,-6.239,15.288
1997-07-05,0.099,0.078,0.006,-8.507,14.117
1997-07-06,0.097,0.077,0.01,-7.102,15.069
1997-07-07,0.096,0.075,0.082,-5.186,15.067
1997-07-08,0.096,0.074,0.0,-5.94,14.722
1997-07-09,0.094,0.073,0.0,-6.099,14.514
1997-07-10,0.093,0.072,0.014,-8.828,14.409
1997-07-11,0.091,0.071,0.058,-9.814,14.253
1997-07-12,0.097,0.07,0.164,-9.182,14.338
1997-07-13,0.09,0.069,0.098,-7.643,14.873
1997-07-14,0.091,0.068,0.019,-7.034,13.713
1997-07-15,0.091,0.068,0.004,-6.608,13.096
1997-07-16,0.09,0.067,0.099,-7.842,14.105
1997-07-17,0.091,0.067,0.045,-7.81,13.528
1997-07-18,0.091,0.067,0.0,-6.687,14.076
1997-07-19,0.09,0.067,0.107,-7.182,13.975
1997-07-20,0.09,0.066,0.145,-6.012,13.818
1997-07-21,0.09,0.065,0.047,-7.175,14.311
1997-07-22,,0.065,0.026,-7.797,14.61
1997-07-23,0.089,0.064,0.04,-6.735,14.499
1997-07-24,0.087,0.063,0.064,-5.35,14.072
1997-07-25,0.086,0.062,0.034,-5.215,13.733
1997-07-26,0.085,0.062,0.0,-6.841,14.717
1997-07-27,0.085,0.061,0.0,-6.885,13.855
1997-07-28,0.083,0.061,0.0,-7.999,15.133
1997-07-29,0.082,0.061,0.03,-7.931,15.327
1997-07-30,0.082,0.06,0.033,-7.329,14.678
1997-07-31,0.083,0.059,0.101,-5.91,14.493
1997-08-01,0.085,0.056,0.034,-6.321,14.355
1997-08-02,0.085,0.055,0.01,-4.117,13.647
1997-08-03,0.083,0.055,0.264,-4.561,14.177
1997-08-04,0.082,0.054,0.0,-6.681,14.519
1997-08-05,0.081,0.054,0.017,-5.784,14.515
1997-08-06,0.081,0.053,0.415,-5.854,15.01
1997-08-07,0.079,0.055,0.478,-2.261,12.123
1997-08-08,0.078,0.059,0.2,-1.42,9.737
1997-08-09,0.078,0.07,0.132,-4.605,9.569
1997-08-10,0.077,0.083,0.562,-4.254,10.954
1997-08-11,0.076,0.096,3.874,-6.624,10.661
1997-08-12,0.076,0.113,0.308,-5.921,9.343
1997-08-13,0.077,0.155,0.16,-5.257,10.707
1997-08-14,0.077,0.194,0.04,-5.71,12.2
1997-08-15,0.077,0.227,0.004,-6.437,12.417
1997-08-16,,0.218,0.374,-6.762,13.06
1997-08-17,0.076,0.188,0.657,-6.909,14.237
1997-08-18,0.076,0.158,0.27,-6.131,14.122
1997-08-19,0.074,0.119,0.287,-4.87,13.343
1997-08-20,0.076,0.102,0.187,-4.204,14.508
1997-08-21,0.074,0.087,1.007,-2.999,13.634
1997-08-22,0.077,0.077,0.295,-2.261,15.026
1997-08-23,0.077,0.071,0.563,-4.487,14.877
1997-08-24,0.077,0.066,2.109,-2.936,14.514
1997-08-25,0.076,0.065,1.501,-2.481,14.272
1997-08-26,0.077,0.068,0.28,-2.331,14.254
1997-08-27,0.078,0.074,0.261,-3.577,14.844
1997-08-28,0.079,0.079,0.112,-3.101,15.037
1997-08-29,0.078,0.079,0.272,-3.954,14.6
1997-08-30,0.078,0.075,0.02,-5.588,13.919
1997-08-31,0.077,0.071,0.029,-5.218,13.783
1997-09-01,0.085,0.057,0.018,-5.897,14.741
1997-09-02,0.082,0.052,0.001,-6.915,15.47
1997-09-03,0.082,0.048,0.001,-7.166,16.0
1997-09-04,0.082,0.044,0.009,-6.103,16.532
1997-09-05,0.083,0.042,0.045,-4.552,17.06
1997-09-06,0.082,0.041,0.026,-6.177,16.708
1997-09-07,0.082,0.039,0.047,-5.712,17.241
1997-09-08,0.082,0.038,0.044,-5.468,17.971
1997-09-09,0.08,0.037,0.043,-4.359,17.623
1997-09-10,0.082,0.036,0.535,-5.328,16.65
1997-09-11,0.08,0.036,0.024,-1.091,15.173
1997-09-12,0.08,0.037,0.199,1.564,17.051
1997-09-13,0.08,0.038,0.319,2.192,16.908
1997-09-14,0.079,0.04,1.003,2.201,14.056
1997-09-15,0.08,0.042,0.613,1.334,15.261
1997-09-16,0.079,0.045,0.939,1.526,13.817
1997-09-17,0.076,0.05,0.617,-0.448,15.654
1997-09-18,0.076,0.059,0.172,-1.632,15.51
1997-09-19,0.075,0.07,0.338,-3.214,15.77
1997-09-20,0.076,0.08,0.863,-2.01,15.264
1997-09-21,0.076,0.089,0.693,-4.019,15.313
1997-09-22,0.074,0.102,0.194,-3.794,15.699
1997-09-23,0.075,0.108,0.198,-2.626,14.504
1997-09-24,0.075,0.108,0.36,0.36,14.12
1997-09-25,0.072,0.105,0.958,1.665,14.044
1997-09-26,0.074,0.096,3.654,1.295,14.452
1997-09-27,0.074,0.091,6.077,0.782,10.738
1997-09-28,0.074,0.096,3.234,0.904,12.789
1997-09-29,0.078,0.11,3.416,0.932,12.893
1997-09-30,0.078,0.138,0.719,-0.393,13.05
1997-10-01,0.14,0.151,0.0,-3.375,13.663
1997-10-02,0.079,0.176,0.001,-3.416,16.206
1997-10-03,0.079,0.176,0.002,-3.456,17.749
1997-10-04,0.079,0.152,0.449,-3.761,17.687
1997-10-05,,0.128,0.012,-2.18,17.177
1997-10-06,,0.109,0.833,-2.3,15.81
1997-10-07,0.078,0.094,1.735,-0.035,15.676
1997-10-08,0.076,0.086,2.259,2.294,15.214
1997-10-09,0.076,0.083,0.572,3.038,15.956
1997-10-10,0.075,0.082,1.446,1.109,16.345
1997-10-11,0.075,0.082,3.69,1.448,15.489
1997-10-12,0.074,0.083,2.416,1.6,16.809
1997-10-13,0.074,0.084,5.757,2.57,15.796
1997-10-14,0.074,0.086,4.987,1.859,15.261
1997-10-15,0.075,0.09,5.523,2.352,14.666
1997-10-16,0.078,0.097,5.086,0.801,16.279
1997-10-17,0.076,0.108,1.613,1.158,15.98
1997-10-18,0.076,0.111,0.398,-2.892,16.294
1997-10-19,0.085,0.11,0.099,-2.788,17.535
1997-10-20,0.085,0.104,0.156,-2.395,17.67
1997-10-21,0.08,0.094,0.525,-1.8,15.515
1997-10-22,0.078,0.086,0.014,-1.702,16.947
1997-10-23,0.075,0.078,1.805,1.669,16.393
1997-10-24,0.075,0.071,2.213,1.637,17.18
1997-10-25,0.074,0.066,0.02,-1.276,17.665
1997-10-26,0.074,0.062,0.155,-0.759,18.364
1997-10-27,0.071,0.059,0.061,-0.098,17.563
1997-10-28,0.071,0.057,0.512,1.286,17.498
1997-10-29,0.07,0.054,0.307,0.058,18.075
1997-10-30,0.068,0.051,1.579,1.885,17.299
1997-10-31,0.074,0.05,2.793,2.171,15.282
1997-11-01,0.08,0.043,7.353,2.184,15.608
1997-11-02,0.145,0.057,8.016,2.436,14.117
1997-11-03,0.152,0.083,3.61,1.945,14.067
1997-11-04,0.152,0.129,7.621,2.691,14.541
1997-11-05,0.155,0.204,4.719,2.274,15.827
1997-11-06,0.183,0.295,1.818,1.701,15.943
1997-11-07,0.195,0.351,3.029,2.292,15.495
1997-11-08,0.275,0.395,10.409,1.677,15.544
1997-11-09,0.283,0.419,6.856,0.541,15.775
1997-11-10,0.308,0.46,3.992,2.247,14.883
1997-11-11,0.474,0.51,1.172,1.04,15.62
1997-11-12,0.58,0.568,0.233,-1.968,15.688
1997-11-13,0.491,0.58,0.674,-3.277,16.253
1997-11-14,0.457,0.532,0.259,-2.556,14.676
1997-11-15,0.192,0.457,1.921,-1.422,15.152
1997-11-16,0.275,0.327,1.618,0.03,15.409
1997-11-17,0.238,0.275,0.393,-0.304,16.031
1997-11-18,0.22,0.213,2.787,0.891,15.648
1997-11-19,0.204,0.166,1.127,0.428,16.152
1997-11-20,0.192,0.139,1.083,1.192,17.298
1997-11-21,0.192,0.117,2.75,1.454,17.904
1997-11-22,0.192,0.106,10.067,3.233,14.042
1997-11-23,0.204,0.11,5.701,2.38,14.004
1997-11-24,0.204,0.146,2.279,1.919,15.737
1997-11-25,0.204,0.225,0.029,0.743,16.401
1997-11-26,0.224,0.313,0.508,-1.179,17.493
1997-11-27,0.267,0.354,1.984,-0.833,17.114
1997-11-28,0.252,0.339,2.115,1.309,17.065
1997-11-29,0.21,0.303,0.561,1.637,17.982
1997-11-30,0.198,0.252,1.127,0.153,18.652
1997-12-01,0.185,0.222,1.07,0.116,18.86
1997-12-02,0.174,0.185,0.213,0.593,16.687
1997-12-03,0.18,0.152,0.635,0.368,18.978
1997-12-04,0.174,0.121,0.143,-0.526,18.057
1997-12-05,0.163,0.101,1.498,1.151,16.985
1997-12-06,0.155,0.089,4.883,0.204,16.928
1997-12-07,0.15,0.079,6.966,2.38,16.124
1997-12-08,0.147,0.08,4.73,2.16,16.151
1997-12-09,0.147,0.101,4.47,2.91,15.021
1997-12-10,0.165,0.154,4.274,2.758,15.847
1997-12-11,0.165,0.21,5.502,2.785,17.153
1997-12-12,0.207,0.278,3.438,2.811,17.283
1997-12-13,0.231,0.324,1.169,1.201,18.367
1997-12-14,0.22,0.342,0.731,1.164,17.972
1997-12-15,0.217,0.326,3.141,3.202,18.033
1997-12-16,0.207,0.296,1.483,3.526,17.623
1997-12-17,0.198,0.251,2.647,2.451,15.823
1997-12-18,0.185,0.209,2.069,2.51,14.797
1997-12-19,0.174,0.192,4.413,2.657,15.64
1997-12-20,0.163,0.191,3.137,3.412,13.359
1997-12-21,0.158,0.222,15.235,3.319,13.49
1997-12-22,0.18,0.344,9.338,2.986,13.815
1997-12-23,0.21,0.645,7.327,2.676,14.586
1997-12-24,0.252,1.128,5.442,2.769,15.143
1997-12-25,0.362,1.742,3.559,3.986,14.039
1997-12-26,0.711,2.15,1.934,3.787,14.964
1997-12-27,0.791,2.25,1.093,2.233,16.734
1997-12-28,0.742,2.08,1.502,2.76,17.256
1997-12-29,0.601,1.753,2.231,2.312,16.78
1997-12-30,0.48,1.356,0.567,1.835,15.778
1997-12-31,0.372,1.055,1.626,1.76,15.733
1998-01-01,0.355,0.874,6.66,3.435,16.348
1998-01-02,0.321,0.665,7.09,3.861,14.822
1998-01-03,0.304,0.589,7.974,3.862,16.225
1998-01-04,0.304,0.619,3.331,4.424,15.598
1998-01-05,0.344,0.794,4.973,3.759,15.95
1998-01-06,0.441,1.075,7.31,3.914,14.922
1998-01-07,0.54,1.269,7.724,3.181,14.896
1998-01-08,0.646,1.508,2.967,3.906,13.572
1998-01-09,0.786,1.642,1.721,3.638,16.269
1998-01-10,0.719,1.708,1.661,3.21,17.218
1998-01-11,0.746,1.692,2.035,3.725,16.851
1998-01-12,0.666,1.647,4.412,3.849,16.356
1998-01-13,0.549,1.587,0.785,4.258,14.62
1998-01-14,0.513,1.559,0.365,3.127,16.435
1998-01-15,0.513,1.577,0.252,2.778,16.521
1998-01-16,0.47,1.606,0.685,1.355,16.538
1998-01-17,0.41,1.603,0.017,0.992,16.973
1998-01-18,0.369,1.556,2.47,0.818,17.068
1998-01-19,0.337,1.475,2.205,3.282,15.831
1998-01-20,0.311,1.354,4.608,3.666,16.745
1998-01-21,0.264,1.272,5.675,3.711,16.205
1998-01-22,0.289,1.268,0.737,4.249,17.108
1998-01-23,0.292,1.356,3.096,3.714,17.161
1998-01-24,0.304,1.535,8.518,4.149,16.933
1998-01-25,0.355,1.709,6.556,4.061,14.729
1998-01-26,0.348,1.937,9.033,3.993,16.688
1998-01-27,0.458,2.173,5.358,4.529,15.406
1998-01-28,0.54,2.449,4.891,3.738,16.431
1998-01-29,0.549,2.551,6.235,4.169,15.753
1998-01-30,0.93,2.617,5.405,4.31,14.826
1998-01-31,0.85,2.713,2.48,3.655,17.536
1998-02-01,1.091,2.779,0.067,3.766,17.935
1998-02-02,0.914,2.863,0.746,3.869,17.62
1998-02-03,0.738,2.849,2.517,3.889,17.796
1998-02-04,0.566,2.765,1.038,4.055,17.688
1998-02-05,0.51,2.602,3.156,3.857,17.659
1998-02-06,0.437,2.513,3.065,4.093,17.197
1998-02-07,0.413,2.365,5.551,4.381,17.02
1998-02-08,0.379,2.22,5.007,4.426,14.315
1998-02-09,0.433,2.076,4.571,4.644,15.742
1998-02-10,0.529,1.998,13.845,4.307,14.522
1998-02-11,0.689,1.984,9.851,3.735,10.334
1998-02-12,0.711,2.01,2.319,3.851,15.377
1998-02-13,1.385,2.067,1.523,3.804,16.937
1998-02-14,1.436,2.096,2.607,3.407,17.234
1998-02-15,1.256,2.103,7.517,3.763,16.037
1998-02-16,1.062,2.079,5.194,3.766,17.518
1998-02-17,0.927,2.01,3.163,3.599,17.641
1998-02-18,1.142,1.953,5.547,3.423,17.137
1998-02-19,1.142,1.933,7.913,3.161,16.143
1998-02-20,1.12,1.894,8.286,2.962,14.685
1998-02-21,1.098,1.844,4.594,3.892,15.207
1998-02-22,1.24,1.815,7.662,4.76,14.805
1998-02-23,1.336,1.812,11.599,4.653,14.532
1998-02-24,1.377,1.84,5.796,3.999,16.222
1998-02-25,1.743,1.908,6.52,3.882,16.181
1998-02-26,1.9,1.986,0.901,3.534,15.576
1998-02-27,1.705,2.017,2.621,3.291,16.625
1998-02-28,1.352,1.986,4.802,3.903,15.847
1998-03-01,1.157,1.797,4.019,3.798,15.771
1998-03-02,1.105,1.676,2.768,3.582,16.599
1998-03-03,1.12,1.587,1.057,1.689,16.54
1998-03-04,1.014,1.497,0.687,2.16,17.127
1998-03-05,0.901,1.397,0.417,2.1,17.548
1998-03-06,0.761,1.278,0.42,2.1,17.712
1998-03-07,0.657,1.169,1.228,2.009,17.476
1998-03-08,0.566,1.064,1.068,1.984,16.941
1998-03-09,0.515,0.956,0.731,2.627,16.261
1998-03-10,0.45,0.878,1.927,3.053,16.99
1998-03-11,0.429,0.816,4.905,3.795,15.924
1998-03-12,0.433,0.784,6.109,2.627,14.856
1998-03-13,0.433,0.783,5.349,3.272,14.869
1998-03-14,0.547,0.822,8.991,3.851,14.764
1998-03-15,0.82,0.92,10.187,4.055,12.826
1998-03-16,1.105,1.091,9.151,3.244,12.654
1998-03-17,1.256,1.321,4.791,3.315,14.344
1998-03-18,1.522,1.6,4.301,3.402,16.329
1998-03-19,1.705,1.807,5.16,3.045,16.4
1998-03-20,1.791,1.883,3.544,3.633,15.796
1998-03-21,1.368,1.839,1.94,3.727,16.802
1998-03-22,1.256,1.689,0.962,1.749,17.397
1998-03-23,1.091,1.546,0.674,1.736,17.821
1998-03-24,0.966,1.344,0.973,1.744,16.721
1998-03-25,0.802,1.16,1.284,1.574,16.88
1998-03-26,0.722,0.992,1.129,3.202,16.061
1998-03-27,0.626,0.842,2.103,1.723,17.061
1998-03-28,0.566,0.749,2.873,1.989,16.735
1998-03-29,0.529,0.696,2.352,3.297,15.068
1998-03-30,0.501,0.67,6.639,2.685,15.679
1998-03-31,0.479,0.683,15.059,3.496,15.139
1998-04-01,0.481,0.724,11.031,2.85,14.732
1998-04-02,0.737,0.898,5.468,2.813,13.653
1998-04-03,1.142,1.227,3.225,3.218,14.441
1998-04-04,1.666,1.535,0.955,3.364,15.491
1998-04-05,1.303,1.682,0.41,1.065,16.123
1998-04-06,0.995,1.676,0.22,0.899,16.409
1998-04-07,0.797,1.549,0.55,0.186,16.315
1998-04-08,0.627,1.325,0.052,-0.311,16.286
1998-04-09,0.575,1.095,0.355,0.98,15.879
1998-04-10,0.527,0.87,1.332,1.091,16.469
1998-04-11,0.737,0.738,0.461,1.126,15.672
1998-04-12,0.438,0.681,0.535,1.127,15.126
1998-04-13,0.434,0.629,1.365,2.493,15.543
1998-04-14,0.414,0.598,0.24,2.837,16.507
1998-04-15,0.418,0.584,1.165,2.215,16.513
1998-04-16,0.418,0.574,0.403,0.899,16.733
1998-04-17,0.414,0.565,0.778,-1.518,17.251
1998-04-18,0.41,0.547,0.008,-0.35,16.575
1998-04-19,0.371,0.527,0.018,-1.253,16.605
1998-04-20,0.342,0.502,0.002,0.263,16.68
1998-04-21,0.303,0.47,0.755,-0.461,16.587
1998-04-22,0.304,0.439,0.164,1.281,16.46
1998-04-23,0.294,0.402,0.052,-1.096,16.893
1998-04-24,0.284,0.379,0.015,-1.344,16.76
1998-04-25,0.278,0.355,0.084,0.997,16.244
1998-04-26,0.272,0.339,0.065,-0.109,15.778
1998-04-27,0.266,0.324,0.455,-2.526,17.401
1998-04-28,0.263,0.302,0.25,-2.724,17.246
1998-04-29,0.257,0.293,0.17,-1.626,17.184
1998-04-30,0.254,0.281,0.078,-1.528,17.327
1998-05-01,0.214,0.279,0.0,-1.617,17.349
1998-05-02,0.204,0.275,0.0,-3.474,17.154
1998-05-03,0.2,0.267,0.105,-2.661,16.532
1998-05-04,0.191,0.264,0.001,-4.469,16.232
1998-05-05,0.182,0.255,0.055,-4.125,16.331
1998-05-06,0.173,0.246,0.031,-4.786,15.907
1998-05-07,0.169,0.237,0.0,-4.837,16.162
1998-05-08,0.161,0.228,0.0,-5.526,16.337
1998-05-09,0.157,0.219,0.014,-5.301,17.05
1998-05-10,0.153,0.211,0.0,-6.81,16.359
1998-05-11,0.142,0.204,0.001,-5.253,16.379
1998-05-12,0.142,0.197,0.16,-3.912,15.836
1998-05-13,0.132,0.19,0.653,1.248,15.725
1998-05-14,0.129,0.182,0.216,-2.496,15.602
1998-05-15,0.125,0.177,0.006,-5.757,15.807
1998-05-16,0.122,0.175,0.0,-5.461,15.609
1998-05-17,0.122,0.172,0.004,-7.875,14.968
1998-05-18,0.119,0.171,0.0,-7.407,15.463
1998-05-19,0.116,0.167,0.0,-6.559,16.207
1998-05-20,0.116,0.162,0.002,-6.621,16.421
1998-05-21,0.11,0.159,0.0,-7.422,16.052
1998-05-22,0.105,0.154,0.0,-5.777,16.965
1998-05-23,0.105,0.151,0.0,-5.112,17.181
1998-05-24,0.105,0.147,0.01,-4.08,16.868
1998-05-25,0.102,0.144,0.013,-3.815,16.696
1998-05-26,0.099,0.141,0.074,-6.41,16.023
1998-05-27,0.099,0.138,0.241,-5.768,15.159
1998-05-28,0.096,0.136,0.002,-5.321,14.893
1998-05-29,0.094,0.135,0.045,-8.022,15.342
1998-05-30,0.094,0.134,0.777,-6.673,15.388
1998-05-31,0.091,0.133,0.0,-4.369,14.878
1998-06-01,0.091,0.13,0.467,-5.177,14.955
1998-06-02,0.089,0.129,0.183,-5.939,14.947
1998-06-03,0.084,0.127,0.05,-6.797,14.498
1998-06-04,0.084,0.126,0.001,-6.739,14.858
1998-06-05,0.073,0.123,0.022,-7.152,14.916
1998-06-06,0.073,0.119,0.001,-6.904,14.92
1998-06-07,0.08,0.115,0.065,-6.373,15.337
1998-06-08,0.078,0.113,0.01,-5.708,15.15
1998-06-09,0.075,0.11,0.041,-4.727,15.759
1998-06-10,0.075,0.108,0.0,-4.504,15.054
1998-06-11,0.073,0.106,0.071,-7.966,15.39
1998-06-12,0.075,0.103,0.011,-5.473,15.482
1998-06-13,0.073,0.103,0.005,-4.929,15.771
1998-06-14,0.073,0.102,0.088,-4.451,14.396
1998-06-15,0.067,0.101,0.018,-5.141,14.369
1998-06-16,0.071,0.1,0.05,-4.723,15.833
1998-06-17,0.069,0.1,0.084,-4.322,16.344
1998-06-18,0.069,0.098,0.387,-6.134,15.474
1998-06-19,0.069,0.097,0.017,-7.816,15.477
1998-06-20,0.071,0.096,0.241,-5.955,14.842
1998-06-21,0.069,0.095,0.18,-5.504,14.076
1998-06-22,0.067,0.094,0.047,-1.967,13.655
1998-06-23,0.067,0.093,1.233,-2.943,13.689
1998-06-24,0.065,0.095,1.368,0.105,11.47
1998-06-25,0.065,0.103,0.77,-0.695,10.556
1998-06-26,0.067,0.123,0.013,-2.762,13.368
1998-06-27,0.064,0.148,0.02,-6.286,13.127
1998-06-28,0.065,0.164,0.006,-5.262,12.396
1998-06-29,0.064,0.17,0.014,-4.861,13.507
1998-06-30,0.064,0.164,0.039,-4.136,14.523
1998-07-01,0.067,0.159,0.0,-6.1,14.759
1998-07-02,0.067,0.143,0.064,-6.751,15.23
1998-07-03,0.066,0.126,0.044,-6.878,14.542
1998-07-04,0.066,0.11,0.037,-7.018,14.044
1998-07-05,0.067,0.101,0.0,-6.318,14.791
1998-07-06,0.066,0.092,0.0,-6.328,14.504
1998-07-07,0.065,0.088,0.027,-6.302,15.25
1998-07-08,0.064,0.085,0.145,-5.671,16.359
1998-07-09,0.065,0.082,0.261,-5.414,15.055
1998-07-10,0.065,0.08,0.018,-5.537,15.125
1998-07-11,0.064,0.078,0.061,-7.13,14.842
1998-07-12,0.065,0.077,0.0,-4.955,14.85
1998-07-13,0.064,0.076,0.0,-7.416,14.791
1998-07-14,0.064,0.075,0.0,-8.461,14.941
1998-07-15,0.063,0.074,0.005,-8.653,14.687
1998-07-16,0.064,0.074,0.0,-7.093,14.392
1998-07-17,0.063,0.073,0.0,-6.87,14.822
1998-07-18,0.063,0.072,0.0,-6.327,15.408
1998-07-19,0.062,0.072,0.019,-5.823,14.874
1998-07-20,0.062,0.071,0.0,-5.226,15.681
1998-07-21,0.062,0.07,0.0,-5.175,15.656
1998-07-22,,0.07,0.001,-5.712,16.053
1998-07-23,0.061,0.069,0.018,-6.612,15.261
1998-07-24,0.062,0.068,0.001,-6.508,15.457
1998-07-25,0.061,0.068,0.105,-6.111,15.778
1998-07-26,0.062,0.067,0.009,-5.48,15.348
1998-07-27,0.061,0.067,0.0,-6.966,15.828
1998-07-28,0.061,0.067,0.001,-7.08,15.962
1998-07-29,0.059,0.066,0.0,-6.528,15.297
1998-07-30,0.059,0.065,0.0,-6.835,15.403
1998-07-31,0.059,0.065,0.0,-7.109,15.738
1998-08-01,0.059,0.06,0.0,-9.117,15.383
1998-08-02,,0.06,0.001,-9.448,14.931
1998-08-03,,0.06,0.003,-8.608,16.644
1998-08-04,0.058,0.059,0.002,-7.378,17.518
1998-08-05,0.058,0.059,0.2,-8.639,16.22
1998-08-06,0.057,0.059,0.0,-8.686,15.355
1998-08-07,0.057,0.058,0.007,-6.473,15.888
1998-08-08,0.056,0.058,0.001,-6.397,15.781
1998-08-09,0.056,0.058,0.003,-5.073,15.901
1998-08-10,0.056,0.058,0.01,-4.818,15.541
1998-08-11,,0.057,0.001,-3.173,15.187
1998-08-12,0.055,0.057,0.202,-0.947,16.059
1998-08-13,0.055,0.057,0.114,-2.683,16.053
1998-08-14,0.055,0.057,0.086,-4.6,15.313
1998-08-15,0.056,0.056,0.0,-4.55,15.403
1998-08-16,0.055,0.056,0.054,-4.061,16.306
1998-08-17,0.055,0.056,0.157,-3.821,16.845
1998-08-18,0.055,0.056,0.194,-3.294,16.205
1998-08-19,0.055,0.056,0.001,-4.69,15.857
1998-08-20,0.055,0.055,0.167,-3.989,15.041
1998-08-21,0.055,0.055,0.006,-2.628,15.169
1998-08-22,0.055,0.055,0.003,-2.39,15.987
1998-08-23,0.054,0.055,0.0,-2.395,17.188
1998-08-24,0.055,0.054,0.031,-2.827,17.736
1998-08-25,0.054,0.054,0.12,-1.307,17.335
1998-08-26,0.054,0.054,0.122,-2.163,15.97
1998-08-27,0.053,0.053,0.163,-0.34,15.36
1998-08-28,0.053,0.053,0.061,-2.838,15.94
1998-08-29,0.053,0.054,0.666,-2.637,14.398
1998-08-30,0.052,0.054,0.005,-2.374,15.744
1998-08-31,0.054,0.055,0.012,-2.143,16.222
1998-09-01,0.048,0.049,0.014,-1.744,16.521
1998-09-02,0.046,0.05,0.215,-2.766,17.277
1998-09-03,0.063,0.049,0.133,-4.981,16.608
1998-09-04,0.063,0.048,0.006,-3.921,16.676
1998-09-05,0.061,0.047,0.19,-1.794,16.841
1998-09-06,0.059,0.045,0.28,-0.857,15.026
1998-09-07,0.053,0.045,0.221,-5.474,16.472
1998-09-08,0.053,0.044,0.074,-7.892,15.773
1998-09-09,0.055,0.044,0.078,-7.746,15.919
1998-09-10,0.055,0.044,0.003,-4.551,16.236
1998-09-11,0.055,0.044,0.005,-5.967,17.786
1998-09-12,,0.043,0.005,-4.812,17.851
1998-09-13,,0.043,0.001,-4.535,17.844
1998-09-14,,0.042,0.018,-4.785,17.118
1998-09-15,,0.042,0.003,-3.02,16.886
1998-09-16,,0.041,0.0,-4.198,18.096
1998-09-17,0.051,0.041,0.002,-3.761,17.79
1998-09-18,0.053,0.041,0.023,-2.807,18.249
1998-09-19,0.049,0.04,0.134,-2.103,17.166
1998-09-20,0.051,0.04,0.0,-4.669,17.46
1998-09-21,0.051,0.039,0.051,-4.79,17.231
1998-09-22,0.049,0.039,0.064,-2.4,16.579
1998-09-23,0.051,0.038,0.044,-2.569,16.833
1998-09-24,0.051,0.038,0.046,-2.153,17.268
1998-09-25,0.051,0.038,0.109,-1.278,16.673
1998-09-26,,0.038,0.335,0.029,17.754
1998-09-27,0.049,0.039,0.364,-2.154,18.432
1998-09-28,0.051,0.039,0.385,-2.936,17.895
1998-09-29,0.046,0.039,1.395,-2.041,17.062
1998-09-30,0.048,0.039,1.19,-0.24,14.942
1998-10-01,0.045,0.035,0.476,-3.112,17.01
1998-10-02,0.045,0.037,0.962,-1.641,17.163
1998-10-03,0.045,0.04,1.328,-0.291,17.434
1998-10-04,0.046,0.042,2.056,-0.527,18.378
1998-10-05,0.045,0.043,1.898,-1.03,18.249
1998-10-06,0.045,0.042,1.632,0.919,18.287
1998-10-07,0.045,0.042,0.381,-1.531,18.364
1998-10-08,0.042,0.042,2.097,-0.907,15.285
1998-10-09,0.043,0.042,4.241,-0.811,14.887
1998-10-10,0.043,0.043,2.405,0.299,16.903
1998-10-11,0.042,0.045,0.655,-2.139,18.66
1998-10-12,0.042,0.048,1.297,-1.98,17.42
1998-10-13,0.042,0.051,5.017,0.958,15.101
1998-10-14,0.045,0.051,1.221,0.969,14.852
1998-10-15,0.043,0.05,0.046,-1.125,18.244
1998-10-16,0.042,0.049,0.422,-3.192,18.397
1998-10-17,0.043,0.048,0.87,-1.245,16.997
1998-10-18,0.045,0.046,4.408,0.688,16.375
1998-10-19,0.042,0.045,5.396,1.439,15.321
1998-10-20,0.043,0.049,7.128,2.606,15.462
1998-10-21,0.045,0.055,5.587,0.703,15.202
1998-10-22,0.048,0.064,5.314,0.411,14.223
1998-10-23,0.048,0.072,4.23,1.366,14.472
1998-10-24,0.053,0.08,2.174,1.714,15.36
1998-10-25,0.061,0.086,2.563,1.939,15.999
1998-10-26,0.113,0.089,0.892,0.124,17.356
1998-10-27,0.135,0.089,2.709,0.605,17.526
1998-10-28,0.12,0.086,7.133,2.221,14.665
1998-10-29,0.11,0.083,4.827,1.878,13.301
1998-10-30,0.107,0.084,4.422,1.487,14.958
1998-10-31,0.097,0.088,3.63,1.244,13.988
1998-11-01,0.102,0.089,0.108,-0.448,16.305
1998-11-02,0.091,0.093,0.526,-4.677,16.461
1998-11-03,0.109,0.091,0.195,-3.387,17.289
1998-11-04,0.121,0.087,0.001,-4.107,16.613
1998-11-05,0.116,0.078,0.07,-3.158,16.118
1998-11-06,0.111,0.07,0.296,-1.227,16.465
1998-11-07,0.102,0.06,0.759,1.129,17.281
1998-11-08,0.095,0.052,1.455,-0.34,17.833
1998-11-09,0.086,0.045,1.303,0.24,17.198
1998-11-10,0.078,0.042,0.904,0.239,17.747
1998-11-11,0.077,0.039,0.01,0.169,17.957
1998-11-12,0.075,0.037,0.63,-1.852,18.069
1998-11-13,0.073,0.036,0.606,1.121,16.154
1998-11-14,0.073,0.036,2.341,1.061,16.292
1998-11-15,0.077,0.04,4.0,2.36,15.061
1998-11-16,0.073,0.052,8.21,1.263,13.961
1998-11-17,0.08,0.083,6.311,1.642,13.674
1998-11-18,0.088,0.16,6.49,1.698,14.413
1998-11-19,0.097,0.317,4.377,2.131,14.464
1998-11-20,0.097,0.513,3.266,1.995,15.651
1998-11-21,0.119,0.632,6.372,2.463,16.34
1998-11-22,0.153,0.64,6.672,1.545,16.525
1998-11-23,0.177,0.593,1.732,2.035,16.338
1998-11-24,0.187,0.531,0.311,1.205,17.518
1998-11-25,0.191,0.465,1.49,-0.686,16.45
1998-11-26,0.214,0.346,2.056,1.563,14.865
1998-11-27,0.227,0.288,3.563,0.899,15.132
1998-11-28,0.191,0.229,2.446,0.405,16.033
1998-11-29,0.187,0.191,17.719,1.652,15.182
1998-11-30,0.195,0.185,3.436,-0.074,11.739
1998-12-01,0.268,0.24,0.432,-0.054,16.852
1998-12-02,0.223,0.329,0.011,-2.065,16.942
1998-12-03,0.219,0.413,0.399,0.184,16.517
1998-12-04,0.503,0.412,0.721,-0.083,17.258
1998-12-05,0.347,0.337,2.918,1.118,17.114
1998-12-06,0.287,0.257,1.359,2.9,15.957
1998-12-07,0.235,0.192,2.352,2.075,16.534
1998-12-08,0.21,0.154,1.491,1.441,16.111
1998-12-09,0.191,0.134,1.381,1.005,16.874
1998-12-10,0.184,0.118,0.835,2.753,13.747
1998-12-11,0.187,0.112,0.255,1.116,16.628
1998-12-12,0.18,0.107,0.207,1.434,17.316
1998-12-13,0.173,0.099,0.075,0.952,16.616
1998-12-14,0.184,0.09,0.4,1.043,16.632
1998-12-15,0.187,0.079,0.33,1.782,17.0
1998-12-16,0.18,0.072,0.899,2.31,17.56
1998-12-17,0.147,0.065,0.153,1.677,14.57
1998-12-18,0.135,0.06,1.101,2.429,15.532
1998-12-19,0.13,0.059,1.782,1.322,14.874
1998-12-20,0.124,0.062,2.269,2.642,13.831
1998-12-21,0.116,0.07,2.969,1.079,14.927
1998-12-22,0.116,0.085,9.898,-0.136,12.38
1998-12-23,0.121,0.116,2.932,0.674,11.786
1998-12-24,0.135,0.184,2.48,1.49,13.346
1998-12-25,0.132,0.303,1.55,1.197,14.91
1998-12-26,0.15,0.462,1.356,0.943,14.399
1998-12-27,0.21,0.591,1.331,0.551,14.962
1998-12-28,0.21,0.645,3.299,0.651,16.602
1998-12-29,0.191,0.624,2.091,0.289,16.162
1998-12-30,0.177,0.566,1.666,1.714,14.982
1998-12-31,0.153,0.503,3.191,2.799,12.602
1999-01-01,0.171,0.465,3.557,2.294,14.088
1999-01-02,0.166,0.386,2.642,3.501,14.516
1999-01-03,0.171,0.332,2.653,3.114,15.502
1999-01-04,0.207,0.308,3.954,2.224,15.509
1999-01-05,0.225,0.289,5.378,1.032,15.497
1999-01-06,0.23,0.271,5.597,3.164,14.91
1999-01-07,0.255,0.267,3.975,2.489,14.029
1999-01-08,0.255,0.285,1.309,2.149,15.586
1999-01-09,0.255,0.324,11.179,1.994,14.834
1999-01-10,0.43,0.358,6.237,2.171,13.771
1999-01-11,0.815,0.418,3.866,2.576,13.514
1999-01-12,0.849,0.497,2.771,2.25,13.571
1999-01-13,1.018,0.568,1.964,2.741,14.427
1999-01-14,0.863,0.593,4.284,3.367,14.183
1999-01-15,0.717,0.576,2.036,2.829,13.734
1999-01-16,0.594,0.531,0.898,2.065,15.655
1999-01-17,0.531,0.47,0.702,0.899,15.686
1999-01-18,0.526,0.395,0.668,0.262,16.727
1999-01-19,0.458,0.319,1.23,1.408,15.412
1999-01-20,0.43,0.252,1.753,1.273,14.481
1999-01-21,0.331,0.196,3.529,2.152,13.243
1999-01-22,0.306,0.158,2.782,2.577,14.049
1999-01-23,0.271,0.151,3.148,2.776,15.04
1999-01-24,0.255,0.165,4.23,2.886,14.71
1999-01-25,0.255,0.198,1.24,2.787,14.397
1999-01-26,0.271,0.242,3.099,2.628,12.952
1999-01-27,0.331,0.3,2.963,2.931,14.381
1999-01-28,0.32,0.363,4.133,3.022,13.437
1999-01-29,0.295,0.468,3.957,2.848,13.013
1999-01-30,0.306,0.575,5.316,2.861,12.663
1999-01-31,0.375,0.704,3.168,3.201,12.218
1999-02-01,0.4,0.804,2.926,2.412,12.978
1999-02-02,0.379,0.902,7.031,2.442,10.243
1999-02-03,0.521,0.932,4.344,1.58,13.77
1999-02-04,0.521,0.903,7.375,3.124,13.006
1999-02-05,0.717,0.843,2.96,2.946,10.866
1999-02-06,0.309,0.82,3.458,2.699,12.832
1999-02-07,0.781,0.813,2.307,2.747,14.426
1999-02-08,0.775,0.83,2.813,3.549,12.587
1999-02-09,0.755,0.834,4.193,3.701,13.611
1999-02-10,0.681,0.808,1.424,3.544,13.99
1999-02-11,0.622,0.782,3.076,3.157,13.687
1999-02-12,0.634,0.765,3.084,3.157,11.804
1999-02-13,0.639,0.754,12.23,3.15,15.283
1999-02-14,0.578,0.753,6.12,3.534,12.882
1999-02-15,0.749,0.804,5.495,2.909,12.709
1999-02-16,0.835,0.941,4.192,3.209,12.372
1999-02-17,0.935,1.107,4.713,3.075,11.74
1999-02-18,1.226,1.256,3.518,2.629,11.611
1999-02-19,1.208,1.421,4.098,2.334,11.44
1999-02-20,1.244,1.525,2.644,2.39,12.809
1999-02-21,1.252,1.592,2.197,2.966,13.968
1999-02-22,1.026,1.654,3.918,2.765,11.597
1999-02-23,0.935,1.643,4.822,2.123,12.847
1999-02-24,1.05,1.577,4.331,2.689,14.107
1999-02-25,1.191,1.522,6.527,2.759,11.555
1999-02-26,1.066,1.501,3.912,2.867,11.837
1999-02-27,1.208,1.518,4.676,3.151,12.262
1999-02-28,1.334,1.533,2.63,2.734,13.386
1999-03-01,1.138,1.472,3.385,2.629,13.044
1999-03-02,1.027,1.468,4.122,2.202,10.929
1999-03-03,1.021,1.46,7.503,0.974,12.884
1999-03-04,1.125,1.479,4.608,1.673,12.404
1999-03-05,1.027,1.563,4.133,2.183,12.223
1999-03-06,1.027,1.686,4.875,2.742,12.321
1999-03-07,1.105,1.838,5.115,2.768,12.907
1999-03-08,1.178,1.883,4.829,2.546,12.414
1999-03-09,1.509,1.893,7.697,2.074,12.077
1999-03-10,1.654,1.887,3.44,2.438,12.379
1999-03-11,1.573,1.894,5.461,2.665,11.901
1999-03-12,1.573,1.938,1.709,2.033,12.822
1999-03-13,1.533,1.989,4.298,2.312,12.775
1999-03-14,1.462,2.085,3.602,2.163,13.091
1999-03-15,1.342,2.173,13.314,2.408,13.256
1999-03-16,1.342,2.23,6.186,2.47,12.135
1999-03-17,1.549,2.261,6.949,2.462,13.108
1999-03-18,2.024,2.312,8.447,2.391,13.232
1999-03-19,2.255,2.384,7.955,2.594,9.947
1999-03-20,1.941,2.395,2.723,2.214,11.429
1999-03-21,1.969,2.423,2.981,1.907,13.019
1999-03-22,2.034,2.418,4.544,2.765,13.537
1999-03-23,1.654,2.39,2.622,2.797,12.812
1999-03-24,1.549,2.361,1.355,2.443,14.527
1999-03-25,1.756,2.321,4.024,2.873,13.313
1999-03-26,1.589,2.275,1.345,2.62,14.139
1999-03-27,1.386,2.212,1.449,2.933,14.172
1999-03-28,1.234,2.129,2.424,2.012,15.334
1999-03-29,1.158,2.036,3.544,2.135,13.788
1999-03-30,1.056,1.967,0.8,1.799,13.742
1999-03-31,1.327,1.894,1.448,2.074,13.323
1999-04-01,1.447,1.708,2.416,1.835,12.333
1999-04-02,1.158,1.64,7.016,2.314,12.846
1999-04-03,1.111,1.575,4.315,1.303,12.86
1999-04-04,1.32,1.551,2.909,1.547,11.824
1999-04-05,1.394,1.597,5.54,0.748,12.34
1999-04-06,1.416,1.666,4.461,1.159,12.72
1999-04-07,1.192,1.731,2.395,2.233,13.54
1999-04-08,1.262,1.807,8.933,1.114,13.443
1999-04-09,1.248,1.815,2.869,1.478,12.528
1999-04-10,1.276,1.748,3.057,0.473,13.071
1999-04-11,1.605,1.7,0.988,0.501,13.82
1999-04-12,1.431,1.652,1.33,1.445,13.819
1999-04-13,1.138,1.573,1.656,1.275,13.392
1999-04-14,0.972,1.486,0.486,-0.393,13.902
1999-04-15,0.888,1.339,0.584,0.172,14.767
1999-04-16,0.854,1.21,3.249,0.353,13.975
1999-04-17,0.771,1.09,3.154,2.324,12.142
1999-04-18,0.698,0.978,5.506,2.184,12.245
1999-04-19,0.719,0.898,2.446,0.256,13.237
1999-04-20,0.848,0.89,4.661,0.304,12.409
1999-04-21,0.947,0.937,0.334,-0.914,13.222
1999-04-22,0.917,0.988,0.177,-2.312,14.193
1999-04-23,1.002,1.003,0.044,-3.169,13.186
1999-04-24,0.953,0.985,0.278,-1.447,13.351
1999-04-25,0.787,0.89,0.845,-0.081,12.585
1999-04-26,0.683,0.806,2.089,-0.796,14.059
1999-04-27,0.625,0.732,1.487,-0.662,13.953
1999-04-28,0.611,0.696,3.852,0.533,13.466
1999-04-29,0.592,0.659,3.863,-0.585,13.28
1999-04-30,0.592,0.641,3.898,1.216,12.216
1999-05-01,0.638,0.652,2.092,0.663,11.661
1999-05-02,0.654,0.683,2.099,0.803,12.153
1999-05-03,0.679,0.719,0.829,0.189,13.707
1999-05-04,0.741,0.759,0.171,-1.23,14.457
1999-05-05,0.983,0.799,0.084,-2.298,14.559
1999-05-06,1.005,0.777,0.083,-3.724,14.733
1999-05-07,0.705,0.73,0.54,-3.563,14.441
1999-05-08,0.583,0.679,0.204,-1.479,13.474
1999-05-09,0.491,0.611,0.039,-2.886,15.163
1999-05-10,0.439,0.551,0.473,-3.418,14.08
1999-05-11,0.404,0.493,0.476,-3.067,13.971
1999-05-12,0.381,0.438,0.204,-2.576,12.921
1999-05-13,0.359,0.389,0.214,-2.042,13.508
1999-05-14,0.339,0.364,0.125,-2.545,13.954
1999-05-15,0.324,0.343,0.096,-2.007,13.748
1999-05-16,0.305,0.331,0.051,-2.471,13.973
1999-05-17,0.282,0.314,0.121,-5.008,14.246
1999-05-18,0.273,0.3,0.133,-4.605,13.813
1999-05-19,0.265,0.289,0.126,-4.321,12.767
1999-05-20,0.252,0.28,0.0,-4.349,12.532
1999-05-21,0.248,0.268,0.011,-4.306,13.626
1999-05-22,0.236,0.263,0.192,-1.954,14.978
1999-05-23,0.233,0.254,0.109,-3.595,15.398
1999-05-24,0.218,0.247,0.136,-3.753,15.178
1999-05-25,0.21,0.24,0.245,-2.363,12.992
1999-05-26,0.21,0.235,0.431,-3.692,13.963
1999-05-27,0.203,0.226,0.298,-6.488,13.718
1999-05-28,0.203,0.221,0.334,-5.351,13.15
1999-05-29,0.196,0.217,0.479,-3.102,14.714
1999-05-30,0.19,0.212,1.025,-2.664,14.426
1999-05-31,0.183,0.208,0.267,-2.952,14.811
1999-06-01,0.183,0.207,0.243,-4.621,14.389
1999-06-02,0.18,0.204,0.149,-4.56,15.221
1999-06-03,0.18,0.201,0.389,-4.502,15.38
1999-06-04,0.174,0.2,0.37,-3.799,13.299
1999-06-05,0.171,0.197,0.153,-2.404,14.187
1999-06-06,0.171,0.193,0.044,-5.304,14.818
1999-06-07,0.165,0.19,0.096,-5.08,15.031
1999-06-08,0.159,0.186,0.278,-5.88,14.429
1999-06-09,0.153,0.182,0.327,-5.76,14.142
1999-06-10,0.148,0.176,0.224,-4.78,13.008
1999-06-11,0.148,0.171,0.016,-3.321,12.423
1999-06-12,0.145,0.167,0.016,-7.589,12.309
1999-06-13,0.145,0.164,0.006,-8.593,12.968
1999-06-14,0.14,0.162,0.0,-8.416,13.701
1999-06-15,0.137,0.16,0.003,-8.518,13.829
1999-06-16,0.135,0.158,0.078,-7.865,13.632
1999-06-17,0.137,0.153,0.007,-6.915,13.669
1999-06-18,0.132,0.149,0.101,-8.639,13.604
1999-06-19,0.129,0.145,0.002,-10.01,13.626
1999-06-20,0.129,0.141,0.001,-11.084,12.942
1999-06-21,0.127,0.136,0.038,-9.713,14.155
1999-06-22,0.127,0.134,0.0,-8.254,15.266
1999-06-23,0.125,0.132,0.015,-7.316,14.952
1999-06-24,0.122,0.13,0.102,-7.241,14.603
1999-06-25,0.122,0.129,0.057,-6.7,14.051
1999-06-26,0.118,0.127,0.242,-5.936,13.278
1999-06-27,0.113,0.125,0.081,-4.116,12.422
1999-06-28,0.115,0.122,0.0,-8.125,13.54
1999-06-29,0.113,0.119,0.0,-10.928,13.515
1999-06-30,0.113,0.117,0.0,-9.72,13.927
1999-07-01,0.108,0.119,0.0,-8.455,13.008
1999-07-02,0.108,0.116,0.001,-7.422,13.061
1999-07-03,0.103,0.114,0.11,-6.469,12.959
1999-07-04,0.106,0.113,0.003,-7.845,12.54
1999-07-05,0.103,0.111,0.178,-5.973,11.357
1999-07-06,0.103,0.109,0.026,-4.645,11.187
1999-07-07,0.103,0.108,0.011,-6.338,12.74
1999-07-08,,0.108,0.0,-7.539,13.571
1999-07-09,,0.109,0.0,-7.864,13.574
1999-07-10,0.1,0.109,0.0,-8.253,12.999
1999-07-11,0.098,0.107,0.0,-8.437,12.98
1999-07-12,0.093,0.105,0.006,-8.76,13.166
1999-07-13,0.091,0.103,0.006,-8.401,13.247
1999-07-14,0.091,0.101,0.069,-7.631,13.303
1999-07-15,0.093,0.099,0.181,-7.193,13.252
1999-07-16,0.091,0.096,0.22,-6.122,12.25
1999-07-17,0.086,0.095,0.309,-4.975,11.245
1999-07-18,0.082,0.093,0.064,-5.343,10.987
1999-07-19,0.084,0.092,0.011,-6.029,12.792
1999-07-20,0.084,0.092,0.009,-6.505,13.495
1999-07-21,0.084,0.091,0.135,-5.441,14.28
1999-07-22,0.082,0.09,0.174,-6.817,12.7
1999-07-23,0.084,0.09,0.011,-6.037,12.992
1999-07-24,0.084,0.09,0.026,-4.782,12.899
1999-07-25,0.082,0.089,0.0,-5.801,13.326
1999-07-26,0.078,0.088,0.007,-7.168,14.879
1999-07-27,0.082,0.087,0.054,-7.193,14.423
1999-07-28,0.08,0.087,0.001,-7.077,14.621
1999-07-29,0.081,0.086,0.002,-6.024,15.763
1999-07-30,0.078,0.085,0.198,-6.214,15.303
1999-07-31,0.076,0.084,0.001,-6.32,14.042
1999-08-01,0.076,0.077,0.108,-6.01,13.499
1999-08-02,0.076,0.077,0.0,-6.592,13.354
1999-08-03,0.074,0.077,0.0,-8.328,13.84
1999-08-04,0.072,0.077,0.0,-7.915,15.3
1999-08-05,0.072,0.077,0.0,-6.563,14.23
1999-08-06,0.07,0.076,0.0,-7.047,14.234
1999-08-07,0.07,0.075,0.023,-8.392,13.594
1999-08-08,0.068,0.074,0.001,-6.634,13.612
1999-08-09,0.066,0.073,0.005,-6.078,14.095
1999-08-10,0.065,0.072,0.0,-7.057,14.413
1999-08-11,0.065,0.072,0.0,-7.526,15.269
1999-08-12,0.065,0.071,0.0,-7.237,15.563
1999-08-13,0.063,0.071,0.253,-6.422,14.808
1999-08-14,0.063,0.07,0.001,-5.451,13.893
1999-08-15,0.063,0.07,0.001,-4.028,14.725
1999-08-16,,0.069,0.013,-5.13,15.503
1999-08-17,0.061,0.069,0.005,-4.632,15.812
1999-08-18,0.059,0.068,0.0,-1.868,14.591
1999-08-19,0.061,0.068,0.0,-6.046,15.77
1999-08-20,0.058,0.068,0.001,-6.392,15.697
1999-08-21,0.059,0.068,0.007,-6.832,16.054
1999-08-22,0.059,0.067,0.001,-6.153,14.999
1999-08-23,0.058,0.067,0.009,-4.048,14.828
1999-08-24,0.058,0.066,0.012,-6.931,14.931
1999-08-25,0.058,0.065,0.03,-4.857,15.231
1999-08-26,,0.064,0.003,-4.691,15.296
1999-08-27,0.056,0.064,0.001,-6.281,16.027
1999-08-28,0.058,0.063,0.043,-4.884,15.807
1999-08-29,0.058,0.062,0.22,-3.728,14.962
1999-08-30,0.058,0.061,0.051,-4.058,15.655
1999-08-31,0.056,0.061,0.27,-4.01,15.028
1999-09-01,0.059,0.054,0.159,-5.245,15.156
1999-09-02,0.059,0.054,1.275,-2.41,15.633
1999-09-03,0.061,0.056,1.788,-2.519,14.076
1999-09-04,0.059,0.06,1.058,-1.832,13.699
1999-09-05,0.064,0.068,0.011,-5.669,15.353
1999-09-06,0.061,0.072,0.03,-6.783,16.615
1999-09-07,0.059,0.075,0.0,-5.957,16.945
1999-09-08,0.059,0.075,0.0,-7.221,16.845
1999-09-09,0.059,0.073,0.152,-6.688,16.41
1999-09-10,0.056,0.071,0.018,-5.887,15.648
1999-09-11,0.056,0.067,0.039,-6.613,15.877
1999-09-12,0.059,0.063,0.099,-5.607,16.693
1999-09-13,0.054,0.059,0.006,-4.675,16.528
1999-09-14,0.051,0.057,0.542,-4.281,16.304
1999-09-15,0.054,0.055,1.09,-2.887,15.069
1999-09-16,0.051,0.054,3.15,-0.862,12.455
1999-09-17,0.056,0.057,2.581,-0.56,12.774
1999-09-18,0.061,0.066,1.449,-0.23,13.699
1999-09-19,0.061,0.076,1.336,-0.156,13.973
1999-09-20,0.064,0.084,0.363,-0.785,13.319
1999-09-21,0.059,0.088,0.442,-2.737,14.281
1999-09-22,0.056,0.089,0.803,-2.89,14.755
1999-09-23,0.054,0.088,0.242,-1.616,14.773
1999-09-24,0.056,0.087,0.373,-2.381,14.59
1999-09-25,0.056,0.083,1.882,-1.717,14.667
1999-09-26,0.059,0.08,2.379,-1.589,13.852
1999-09-27,0.056,0.077,1.708,-1.176,13.031
1999-09-28,0.059,0.076,1.884,-0.113,14.207
1999-09-29,0.051,0.076,2.311,0.158,15.089
1999-09-30,0.054,0.079,0.801,-0.38,15.51
1999-10-01,0.056,0.07,1.191,-0.213,15.372
1999-10-02,0.051,0.072,1.026,-0.155,15.475
1999-10-03,0.054,0.076,5.614,1.54,12.953
1999-10-04,0.064,0.082,3.183,-0.132,12.747
1999-10-05,0.088,0.094,3.903,-1.71,12.51
1999-10-06,0.073,0.124,1.574,-0.939,13.232
1999-10-07,0.108,0.187,1.898,-2.532,13.554
1999-10-08,0.091,0.271,2.158,-1.502,13.643
1999-10-09,0.08,0.303,4.19,-0.74,14.792
1999-10-10,0.095,0.303,2.287,-1.423,15.219
1999-10-11,0.108,0.271,1.438,-0.688,13.557
1999-10-12,0.108,0.224,0.72,-0.872,14.387
1999-10-13,0.1,0.187,0.526,-1.271,14.254
1999-10-14,0.088,0.152,5.165,-1.505,14.363
1999-10-15,0.088,0.134,1.627,0.237,13.773
1999-10-16,0.091,0.127,1.421,-0.021,16.416
1999-10-17,0.104,0.133,1.938,0.446,15.619
1999-10-18,0.095,0.141,2.404,1.045,13.818
1999-10-19,0.118,0.143,0.408,-0.176,14.28
1999-10-20,0.128,0.141,0.228,-0.858,16.319
1999-10-21,0.139,0.139,0.211,-1.916,16.986
1999-10-22,0.133,0.134,3.767,-0.006,15.16
1999-10-23,0.128,0.127,0.857,0.879,14.432
1999-10-24,0.118,0.123,0.002,-0.021,15.892
1999-10-25,0.1,0.118,0.001,0.075,15.77
1999-10-26,0.091,0.111,0.103,0.321,15.27
1999-10-27,0.088,0.105,1.198,-1.9,15.71
1999-10-28,0.084,0.095,0.754,-2.984,15.816
1999-10-29,0.077,0.088,0.926,-3.372,14.572
1999-10-30,0.077,0.081,1.941,-0.367,14.577
1999-10-31,0.073,0.077,2.154,0.592,15.396
1999-11-01,0.086,0.067,1.779,-0.495,17.746
1999-11-02,0.086,0.068,1.887,-0.054,16.929
1999-11-03,0.078,0.071,3.039,-1.082,16.988
1999-11-04,0.076,0.078,0.638,-0.367,15.484
1999-11-05,0.082,0.085,0.84,-4.635,16.475
1999-11-06,0.082,0.09,0.24,-2.911,17.406
1999-11-07,0.082,0.09,0.004,-3.172,17.865
1999-11-08,0.08,0.086,0.91,-3.04,17.507
1999-11-09,0.078,0.08,4.067,-0.457,15.074
1999-11-10,0.08,0.076,5.532,-0.603,12.571
1999-11-11,0.076,0.08,0.479,-0.647,14.564
1999-11-12,0.078,0.095,0.094,-2.844,15.833
1999-11-13,0.076,0.115,1.11,-1.61,16.787
1999-11-14,0.074,0.126,3.749,0.88,13.755
1999-11-15,0.076,0.126,0.826,-0.1,15.927
1999-11-16,0.076,0.122,1.353,0.933,16.068
1999-11-17,0.074,0.122,0.273,0.4,15.405
1999-11-18,0.074,0.121,0.087,-1.094,17.263
1999-11-19,0.076,0.113,0.156,-1.555,18.217
1999-11-20,0.076,0.103,0.004,-3.558,15.902
1999-11-21,0.08,0.091,0.025,-3.514,16.434
1999-11-22,0.07,0.082,2.018,-2.244,15.806
1999-11-23,0.07,0.074,0.605,-0.822,15.381
1999-11-24,0.066,0.068,0.204,-1.673,16.302
1999-11-25,0.063,0.065,0.5,-3.107,16.896
1999-11-26,0.063,0.064,0.936,-0.769,15.767
1999-11-27,0.063,0.063,1.725,-0.532,15.53
1999-11-28,0.059,0.063,0.823,-1.504,17.011
1999-11-29,0.058,0.062,0.307,-1.777,16.827
1999-11-30,0.059,0.061,0.498,-0.072,16.449
1999-12-01,0.059,0.056,1.705,-1.215,16.756
1999-12-02,0.055,0.052,0.212,-0.993,16.372
1999-12-03,0.055,0.046,1.422,1.628,15.089
1999-12-04,0.053,0.044,2.405,0.909,14.984
1999-12-05,0.056,0.043,0.87,0.476,16.0
1999-12-06,0.055,0.045,0.76,-1.046,16.652
1999-12-07,0.055,0.046,1.196,0.131,15.709
1999-12-08,0.055,0.046,3.587,0.823,15.132
1999-12-09,,0.046,5.992,1.618,14.235
1999-12-10,0.053,0.053,2.133,1.884,15.26
1999-12-11,0.053,0.061,3.248,0.852,16.413
1999-12-12,0.053,0.07,1.69,0.418,16.239
1999-12-13,0.056,0.076,2.79,1.613,15.992
1999-12-14,0.061,0.077,2.452,0.57,14.92
1999-12-15,0.072,0.076,10.095,2.236,13.421
1999-12-16,0.07,0.077,4.134,0.748,13.579
1999-12-17,0.07,0.084,1.005,0.09,16.673
1999-12-18,0.07,0.095,1.113,-1.184,17.007
1999-12-19,0.072,0.104,0.81,-0.175,16.006
1999-12-20,0.122,0.103,7.768,3.03,14.124
1999-12-21,0.114,0.095,4.313,2.521,11.437
1999-12-22,0.103,0.089,2.341,1.584,14.029
1999-12-23,0.108,0.091,5.23,2.182,11.622
1999-12-24,0.131,0.11,3.264,1.075,14.936
1999-12-25,0.151,0.143,1.935,1.223,14.387
1999-12-26,0.296,0.172,1.747,1.102,13.676
1999-12-27,0.345,0.194,7.179,1.761,12.147
1999-12-28,0.29,0.21,9.469,1.784,13.099
1999-12-29,0.242,0.249,3.024,1.94,13.672
1999-12-30,0.263,0.305,1.611,2.236,14.106
1999-12-31,0.263,0.371,3.524,2.361,14.455
2000-01-01,0.321,0.478,9.481,2.972,13.708
2000-01-02,0.334,0.499,1.643,2.532,14.226
2000-01-03,0.334,0.497,1.049,1.179,16.081
2000-01-04,0.343,0.483,3.558,1.831,15.689
2000-01-05,0.402,0.47,10.436,1.607,13.823
2000-01-06,0.35,0.44,0.501,1.368,11.304
2000-01-07,0.308,0.419,2.071,0.84,12.428
2000-01-08,0.308,0.423,4.524,1.625,13.03
2000-01-09,0.327,0.43,0.774,1.799,13.624
2000-01-10,0.314,0.43,3.394,2.437,13.262
2000-01-11,0.347,0.421,6.71,2.023,12.156
2000-01-12,0.374,0.414,7.242,2.824,12.591
2000-01-13,0.394,0.442,3.362,2.481,13.078
2000-01-14,0.412,0.537,7.678,1.716,14.515
2000-01-15,0.423,0.677,4.657,2.221,11.799
2000-01-16,0.461,0.89,10.644,1.449,10.261
2000-01-17,0.481,1.061,3.804,1.608,11.177
2000-01-18,0.621,1.145,3.09,1.391,12.459
2000-01-19,0.89,1.209,4.448,2.26,9.996
2000-01-20,0.964,1.235,2.411,2.615,12.714
2000-01-21,0.825,1.238,1.555,1.658,15.392
2000-01-22,0.757,1.225,8.675,2.474,14.422
2000-01-23,0.658,1.215,4.41,3.066,11.763
2000-01-24,0.608,1.218,4.176,2.555,14.792
2000-01-25,0.599,1.266,7.499,3.441,10.65
2000-01-26,0.617,1.377,4.58,3.005,12.056
2000-01-27,0.678,1.544,9.655,3.151,13.34
2000-01-28,0.913,1.663,8.891,2.915,11.459
2000-01-29,0.976,1.84,4.597,2.751,11.565
2000-01-30,1.214,1.969,6.48,2.5,11.586
2000-01-31,1.697,2.149,5.837,2.729,11.903
2000-02-01,1.844,2.073,3.833,2.902,11.95
2000-02-02,1.828,2.112,6.113,2.953,14.743
2000-02-03,1.556,2.189,10.778,3.176,13.496
2000-02-04,1.386,2.222,2.49,2.212,12.965
2000-02-05,1.533,2.202,7.937,3.188,13.114
2000-02-06,1.587,2.136,5.122,1.018,12.633
2000-02-07,1.533,2.096,2.371,3.051,13.124
2000-02-08,1.657,2.028,3.166,3.643,13.644
2000-02-09,1.587,1.941,8.189,3.554,12.33
2000-02-10,1.633,1.845,12.221,2.597,11.36
2000-02-11,1.657,1.771,11.535,1.842,12.809
2000-02-12,1.904,1.791,4.386,2.363,11.546
2000-02-13,2.454,1.91,1.254,1.789,13.89
2000-02-14,2.319,2.042,2.489,0.949,12.119
2000-02-15,1.887,2.082,3.796,2.077,12.037
2000-02-16,1.511,2.036,5.748,1.606,10.825
2000-02-17,1.33,1.939,3.994,1.452,10.699
2000-02-18,1.393,1.87,0.811,1.141,12.231
2000-02-19,1.372,1.868,2.122,1.57,12.311
2000-02-20,1.207,1.868,2.477,1.93,11.677
2000-02-21,1.036,1.837,7.2,2.327,11.29
2000-02-22,0.976,1.756,4.386,2.296,12.11
2000-02-23,1.012,1.683,5.758,2.707,11.672
2000-02-24,1.079,1.665,4.757,2.985,11.796
2000-02-25,1.174,1.674,4.522,2.252,13.486
2000-02-26,1.174,1.691,3.691,1.789,12.183
2000-02-27,1.518,1.757,4.056,2.932,12.877
2000-02-28,1.87,1.849,2.759,2.806,12.831
2000-02-29,,1.904,1.742,2.719,12.551
2000-03-01,1.498,1.815,3.528,2.242,13.664
2000-03-02,1.515,1.755,1.974,3.076,14.299
2000-03-03,1.438,1.668,1.938,2.734,14.727
2000-03-04,1.339,1.586,4.847,2.278,13.322
2000-03-05,1.169,1.48,2.015,2.398,12.782
2000-03-06,1.075,1.402,6.288,2.755,12.518
2000-03-07,0.979,1.364,10.664,3.252,11.485
2000-03-08,0.946,1.403,4.985,3.021,12.345
2000-03-09,1.184,1.533,8.419,2.617,11.509
2000-03-10,1.299,1.724,10.665,2.39,11.868
2000-03-11,1.541,1.952,9.657,1.564,11.276
2000-03-12,2.212,2.103,8.524,2.358,11.911
2000-03-13,2.592,2.231,2.282,1.645,12.838
2000-03-14,2.854,2.385,4.012,2.053,13.463
2000-03-15,2.765,2.431,2.185,2.632,12.574
2000-03-16,2.323,2.429,2.165,1.112,14.963
2000-03-17,1.999,2.329,1.282,1.244,12.551
2000-03-18,1.686,2.193,3.49,0.815,14.314
2000-03-19,1.429,2.021,3.178,2.063,13.337
2000-03-20,1.283,1.86,2.136,1.613,12.665
2000-03-21,1.339,1.716,0.838,1.192,13.574
2000-03-22,1.214,1.611,1.877,0.766,13.986
2000-03-23,1.068,1.5,5.814,2.843,11.816
2000-03-24,0.946,1.386,3.323,2.143,13.016
2000-03-25,0.959,1.304,0.046,0.766,13.248
2000-03-26,0.973,1.303,2.631,0.002,14.238
2000-03-27,0.87,1.326,0.905,0.931,15.007
2000-03-28,0.746,1.295,0.648,-0.367,12.955
2000-03-29,0.686,1.208,1.369,0.091,13.0
2000-03-30,0.629,1.106,1.478,0.059,13.771
2000-03-31,0.594,1.0,0.368,-0.17,12.875
2000-04-01,0.579,0.84,0.773,0.105,12.344
2000-04-02,0.565,0.784,0.853,0.407,13.386
2000-04-03,0.51,0.736,0.547,-1.344,12.955
2000-04-04,0.471,0.708,1.139,-0.837,13.454
2000-04-05,0.442,0.682,0.518,-0.449,13.839
2000-04-06,0.425,0.645,0.066,-0.503,14.013
2000-04-07,0.394,0.617,0.588,-0.15,15.097
2000-04-08,0.376,0.595,0.524,-0.036,14.523
2000-04-09,0.361,0.571,0.618,-0.981,12.7
2000-04-10,0.354,0.548,0.059,-1.747,14.763
2000-04-11,0.347,0.536,0.087,-4.547,14.831
2000-04-12,0.34,0.528,0.043,-2.56,14.868
2000-04-13,0.336,0.519,0.28,-2.079,14.29
2000-04-14,0.326,0.499,0.155,-2.535,13.275
2000-04-15,0.309,0.468,0.417,-2.459,13.711
2000-04-16,0.306,0.435,1.727,1.023,13.341
2000-04-17,0.303,0.407,1.142,0.721,14.244
2000-04-18,0.3,0.399,0.975,-1.631,14.498
2000-04-19,0.3,0.4,0.917,1.457,12.753
2000-04-20,0.3,0.402,0.867,-1.512,14.633
2000-04-21,0.296,0.394,0.627,-0.76,14.247
2000-04-22,0.293,0.391,0.867,-0.715,14.509
2000-04-23,0.296,0.386,0.411,0.326,14.024
2000-04-24,0.296,0.383,1.821,-0.415,14.092
2000-04-25,0.293,0.374,0.615,-0.221,15.277
2000-04-26,0.296,0.366,0.436,-1.064,15.54
2000-04-27,0.333,0.355,0.62,-0.489,14.362
2000-04-28,0.316,0.343,0.797,-2.248,15.199
2000-04-29,0.3,0.33,0.762,-1.161,14.582
2000-04-30,0.29,0.308,0.238,-2.787,15.402
2000-05-01,0.265,0.299,0.006,-3.835,15.11
2000-05-02,0.242,0.287,0.271,-4.082,15.297
2000-05-03,0.231,0.273,0.065,-2.158,15.002
2000-05-04,0.225,0.26,1.303,-2.592,14.259
2000-05-05,0.215,0.252,0.052,-0.927,14.767
2000-05-06,0.205,0.259,2.208,-1.83,14.41
2000-05-07,0.2,0.278,0.376,-1.188,14.569
2000-05-08,0.21,0.302,0.067,-3.358,15.065
2000-05-09,0.2,0.336,0.165,-4.565,15.148
2000-05-10,0.2,0.357,0.144,-5.434,15.255
2000-05-11,0.195,0.356,0.02,-3.496,15.484
2000-05-12,0.191,0.337,0.121,-2.291,15.775
2000-05-13,0.177,0.304,0.025,-3.614,14.963
2000-05-14,0.169,0.278,1.145,-2.533,11.984
2000-05-15,0.169,0.257,0.0,-0.703,14.719
2000-05-16,0.164,0.257,0.111,-5.614,15.174
2000-05-17,0.164,0.279,0.01,-3.896,14.867
2000-05-18,0.16,0.296,0.073,-2.308,14.38
2000-05-19,0.16,0.297,0.454,-2.81,14.021
2000-05-20,0.156,0.282,0.044,-4.183,13.901
2000-05-21,0.152,0.258,0.0,-5.69,14.495
2000-05-22,0.149,0.236,0.0,-2.932,14.888
2000-05-23,0.145,0.211,0.165,-5.13,14.531
2000-05-24,0.141,0.191,0.001,-4.692,15.071
2000-05-25,0.138,0.175,0.047,-4.867,16.329
2000-05-26,0.134,0.161,0.018,-5.384,16.037
2000-05-27,0.134,0.153,0.018,-5.517,15.732
2000-05-28,0.127,0.148,0.267,-6.125,15.71
2000-05-29,0.127,0.143,0.0,-6.485,15.804
2000-05-30,0.127,0.139,0.039,-6.973,15.335
2000-05-31,0.124,0.136,0.14,-5.642,14.664
2000-06-01,0.115,0.133,1.082,-4.791,13.269
2000-06-02,0.121,0.132,0.036,-2.213,13.525
2000-06-03,0.118,0.134,0.152,-9.335,13.88
2000-06-04,0.112,0.139,0.129,-8.583,14.888
2000-06-05,0.109,0.145,0.408,-6.14,14.312
2000-06-06,0.106,0.147,0.394,-2.526,13.709
2000-06-07,0.106,0.145,1.658,-0.69,12.933
2000-06-08,0.106,0.146,3.434,-0.447,10.923
2000-06-09,0.112,0.153,1.412,-1.26,11.17
2000-06-10,0.106,0.169,0.137,-1.912,12.988
2000-06-11,0.103,0.198,0.026,-4.615,13.456
2000-06-12,0.109,0.222,0.172,-5.451,14.153
2000-06-13,0.109,0.23,0.394,-6.457,13.973
2000-06-14,0.103,0.224,0.099,-5.366,13.291
2000-06-15,0.103,0.204,1.012,-7.1,13.265
2000-06-16,0.1,0.182,0.253,-6.783,12.9
2000-06-17,0.095,0.162,0.438,-3.646,12.517
2000-06-18,0.092,0.149,0.018,-3.436,12.754
2000-06-19,0.095,0.136,0.0,-7.308,13.371
2000-06-20,0.092,0.129,0.0,-8.687,13.393
2000-06-21,0.09,0.123,0.267,-9.941,14.031
2000-06-22,0.09,0.117,0.001,-9.614,13.594
2000-06-23,0.087,0.113,0.001,-8.643,14.013
2000-06-24,0.087,0.108,0.041,-7.902,14.266
2000-06-25,0.082,0.104,0.122,-7.971,13.987
2000-06-26,0.082,0.102,0.14,-7.267,13.624
2000-06-27,0.085,0.1,0.128,-6.462,14.133
2000-06-28,0.082,0.098,0.213,-6.706,15.028
2000-06-29,0.08,0.096,0.033,-7.713,15.554
2000-06-30,0.08,0.095,0.129,-9.385,15.488
2000-07-01,0.09,0.092,0.396,-8.443,15.384
2000-07-02,0.09,0.091,0.0,-8.42,13.602
2000-07-03,0.089,0.091,0.506,-6.458,13.098
2000-07-04,0.092,0.09,0.0,-3.584,12.015
2000-07-05,0.089,0.09,0.008,-5.623,11.726
2000-07-06,0.087,0.09,0.006,-5.917,13.008
2000-07-07,0.089,0.089,0.033,-6.685,13.132
2000-07-08,0.086,0.089,0.209,-5.539,13.523
2000-07-09,0.083,0.088,0.132,-5.116,12.547
2000-07-10,0.083,0.087,0.01,-6.84,12.563
2000-07-11,0.083,0.087,0.062,-12.226,12.354
2000-07-12,,0.086,0.129,-10.982,12.387
2000-07-13,0.084,0.086,0.0,-5.604,12.241
2000-07-14,0.082,0.085,0.0,-5.933,12.86
2000-07-15,0.084,0.085,0.001,-8.244,13.949
2000-07-16,0.082,0.084,0.064,-8.191,14.007
2000-07-17,0.082,0.083,0.0,-8.086,13.932
2000-07-18,0.08,0.082,0.002,-7.486,13.453
2000-07-19,0.082,0.081,0.186,-7.379,11.707
2000-07-20,0.079,0.08,0.017,-6.177,12.164
2000-07-21,0.08,0.079,0.01,-7.523,12.799
2000-07-22,0.075,0.078,0.242,-6.134,12.733
2000-07-23,0.08,0.077,0.553,-8.732,12.501
2000-07-24,0.075,0.077,0.124,-2.975,11.239
2000-07-25,0.076,0.077,0.022,-7.242,13.318
2000-07-26,0.073,0.078,0.001,-6.95,12.631
2000-07-27,0.075,0.08,0.04,-5.203,13.226
2000-07-28,0.075,0.081,0.009,-5.009,13.34
2000-07-29,0.075,0.084,0.0,-7.21,13.677
2000-07-30,,0.089,0.159,-7.537,13.938
2000-07-31,,0.093,0.023,-7.51,13.028
2000-08-01,0.073,0.088,0.004,-8.513,14.004
2000-08-02,0.072,0.086,0.037,-10.113,14.055
2000-08-03,0.073,0.083,0.197,-8.185,13.978
2000-08-04,0.072,0.079,0.031,-6.091,13.723
2000-08-05,0.073,0.076,0.009,-6.502,15.356
2000-08-06,0.071,0.073,0.047,-4.372,14.059
2000-08-07,0.072,0.072,0.273,-4.571,13.476
2000-08-08,0.07,0.071,0.138,-4.151,12.94
2000-08-09,0.071,0.071,0.054,-3.523,14.176
2000-08-10,0.071,0.07,0.152,-4.671,13.457
2000-08-11,0.07,0.07,0.276,-1.303,13.078
2000-08-12,0.07,0.071,0.662,-2.351,13.9
2000-08-13,0.07,0.074,1.416,-0.324,13.157
2000-08-14,0.072,0.082,0.678,-1.86,13.638
2000-08-15,0.075,0.093,0.635,-4.423,14.099
2000-08-16,0.072,0.107,0.011,-4.31,13.917
2000-08-17,0.072,0.114,0.097,-6.242,14.941
2000-08-18,0.072,0.117,0.404,-5.664,14.406
2000-08-19,0.07,0.113,0.263,-2.764,13.728
2000-08-20,0.07,0.106,0.891,-4.585,13.72
2000-08-21,0.07,0.098,0.516,-2.142,12.191
2000-08-22,0.071,0.092,0.103,-4.287,14.241
2000-08-23,0.071,0.091,0.149,-4.96,14.832
2000-08-24,0.07,0.089,0.036,-4.44,14.851
2000-08-25,0.068,0.087,0.206,-4.595,15.427
2000-08-26,0.068,0.083,0.186,-3.758,15.534
2000-08-27,0.071,0.078,0.442,-3.731,16.064
2000-08-28,0.067,0.074,0.312,-6.174,16.477
2000-08-29,0.066,0.071,0.004,-5.249,17.155
2000-08-30,0.067,0.068,0.66,-5.002,16.534
2000-08-31,0.067,0.066,0.05,-4.476,15.499
2000-09-01,0.068,0.058,0.824,-3.386,15.742
2000-09-02,0.075,0.057,0.518,-3.619,16.26
2000-09-03,0.075,0.057,0.237,-4.278,15.576
2000-09-04,0.075,0.056,0.038,-6.155,15.375
2000-09-05,0.07,0.056,0.002,-6.521,17.348
2000-09-06,0.07,0.055,0.011,-6.001,17.34
2000-09-07,0.07,0.054,0.512,-4.951,16.795
2000-09-08,0.072,0.053,0.48,-6.504,16.416
2000-09-09,0.072,0.052,0.65,-3.352,14.851
2000-09-10,0.068,0.051,1.775,-0.353,13.58
2000-09-11,0.066,0.051,0.665,-3.085,15.869
2000-09-12,0.066,0.051,0.036,-4.485,16.674
2000-09-13,0.068,0.052,0.455,-3.556,17.098
2000-09-14,0.068,0.053,0.268,-4.826,17.133
2000-09-15,0.068,0.053,1.948,-2.169,15.737
2000-09-16,0.066,0.053,0.21,-3.845,15.996
2000-09-17,0.066,0.052,0.048,-4.092,15.928
2000-09-18,0.066,0.052,0.066,-4.037,16.595
2000-09-19,,0.052,0.366,-3.117,15.275
2000-09-20,0.062,0.053,0.862,-0.822,15.219
2000-09-21,0.06,0.054,0.4,-0.392,15.997
2000-09-22,0.06,0.056,1.665,0.95,14.953
2000-09-23,0.058,0.059,0.191,1.003,14.572
2000-09-24,0.06,0.063,0.016,-5.967,16.059
2000-09-25,0.058,0.067,0.056,-1.922,15.529
2000-09-26,0.057,0.07,0.751,-1.391,16.234
2000-09-27,0.057,0.07,1.047,-1.67,15.681
2000-09-28,0.057,0.068,0.381,-2.754,16.009
2000-09-29,,0.066,0.062,-4.061,15.933
2000-09-30,0.055,0.063,0.181,-3.784,16.146
2000-10-01,0.058,0.052,0.003,-4.106,15.809
2000-10-02,0.055,0.049,0.0,-4.681,16.615
2000-10-03,0.053,0.045,0.037,-3.534,16.781
2000-10-04,0.052,0.043,0.233,-3.217,16.328
2000-10-05,0.053,0.042,0.821,-3.657,16.537
2000-10-06,0.052,0.041,0.91,-1.852,15.705
2000-10-07,0.052,0.04,0.62,-3.913,14.709
2000-10-08,0.05,0.042,7.483,-0.162,13.768
2000-10-09,0.053,0.047,8.547,-0.456,14.001
2000-10-10,0.057,0.06,5.118,0.253,11.612
2000-10-11,0.06,0.078,9.862,1.034,11.011
2000-10-12,0.058,0.101,6.619,-1.077,13.34
2000-10-13,0.06,0.139,6.854,-1.266,12.225
2000-10-14,0.066,0.189,10.736,-0.649,12.63
2000-10-15,0.077,0.231,7.098,-0.931,10.285
2000-10-16,0.105,0.275,3.18,-0.643,12.667
2000-10-17,0.108,0.3,3.239,-1.508,14.268
2000-10-18,0.145,0.303,4.026,0.728,14.585
2000-10-19,0.192,0.295,2.124,1.099,13.785
2000-10-20,0.165,0.252,2.295,1.381,13.456
2000-10-21,0.161,0.222,8.186,1.689,13.233
2000-10-22,0.127,0.198,3.655,0.088,13.974
2000-10-23,0.124,0.192,0.863,-1.359,15.842
2000-10-24,0.124,0.195,4.243,-0.417,16.13
2000-10-25,0.134,0.202,5.251,0.372,11.374
2000-10-26,0.127,0.188,5.45,0.74,13.493
2000-10-27,0.114,0.161,4.62,0.914,13.692
2000-10-28,0.117,0.146,2.611,-0.587,14.962
2000-10-29,0.142,0.139,2.642,1.098,16.026
2000-10-30,0.169,0.133,0.513,0.923,16.774
2000-10-31,0.165,0.126,0.263,-0.943,17.193
2000-11-01,0.184,0.12,0.054,-0.929,16.973
2000-11-02,0.18,0.104,0.708,-1.42,17.407
2000-11-03,0.161,0.09,0.427,-1.182,16.985
2000-11-04,0.15,0.08,0.001,-3.64,17.017
2000-11-05,0.136,0.072,0.352,-2.32,17.411
2000-11-06,0.127,0.068,0.006,-2.25,17.082
2000-11-07,0.112,0.061,0.286,-1.813,17.369
2000-11-08,0.106,0.056,0.101,-2.356,17.583
2000-11-09,0.098,0.051,0.006,-3.241,17.263
2000-11-10,0.093,0.046,0.208,-2.16,18.435
2000-11-11,0.089,0.043,0.011,-1.548,18.148
2000-11-12,0.075,0.042,0.25,-2.703,18.718
2000-11-13,0.075,0.04,0.006,-3.442,18.132
2000-11-14,0.075,0.038,0.657,-4.438,17.586
2000-11-15,0.073,0.036,1.505,-1.136,15.374
2000-11-16,0.071,0.034,0.131,-1.779,17.982
2000-11-17,0.071,0.034,0.336,-1.934,17.245
2000-11-18,0.067,0.035,0.042,-0.787,18.251
2000-11-19,0.067,0.035,0.104,-1.913,18.774
2000-11-20,0.064,0.034,0.403,-2.383,18.617
2000-11-21,0.062,0.033,0.033,-3.191,17.377
2000-11-22,0.064,0.03,0.59,-1.463,16.562
2000-11-23,0.062,0.03,0.455,-1.261,15.624
2000-11-24,0.057,0.03,1.825,1.105,16.599
2000-11-25,0.058,0.033,2.544,0.444,16.121
2000-11-26,0.057,0.04,1.396,0.999,15.972
2000-11-27,0.058,0.046,0.826,1.504,17.019
2000-11-28,0.057,0.054,0.946,0.367,15.557
2000-11-29,0.057,0.059,2.496,0.613,16.447
2000-11-30,0.057,0.061,5.936,2.141,13.089
2000-12-01,0.058,0.059,1.914,1.188,14.59
2000-12-02,0.06,0.065,1.299,0.612,16.143
2000-12-03,0.062,0.072,0.511,1.473,15.272
2000-12-04,0.067,0.077,3.735,0.493,15.37
2000-12-05,0.065,0.077,9.194,0.946,12.279
2000-12-06,0.071,0.077,0.856,-0.448,12.974
2000-12-07,0.075,0.079,1.923,1.319,15.221
2000-12-08,0.075,0.088,5.715,1.237,13.445
2000-12-09,0.077,0.097,3.815,1.843,12.925
2000-12-10,0.08,0.106,10.879,2.856,13.943
2000-12-11,0.077,0.122,8.749,1.127,12.537
2000-12-12,0.089,0.153,2.701,1.041,13.289
2000-12-13,0.127,0.188,1.106,-0.953,16.566
2000-12-14,0.266,0.202,0.02,-0.686,16.664
2000-12-15,0.289,0.191,0.714,-2.013,17.505
2000-12-16,0.255,0.157,4.315,-1.198,11.719
2000-12-17,0.225,0.122,0.556,0.576,14.257
2000-12-18,0.23,0.099,2.251,0.847,15.337
2000-12-19,0.168,0.09,0.709,-1.184,16.022
2000-12-20,0.164,0.086,2.178,-0.145,15.223
2000-12-21,0.157,0.086,2.917,1.097,15.271
2000-12-22,0.146,0.085,6.729,1.1,14.003
2000-12-23,0.136,0.086,3.934,0.845,14.411
2000-12-24,0.13,0.091,4.876,0.976,14.17
2000-12-25,0.123,0.108,4.731,0.277,15.074
2000-12-26,0.139,0.141,6.022,2.19,15.027
2000-12-27,0.211,0.16,4.043,1.348,13.305
2000-12-28,0.283,0.183,7.591,3.152,12.12
2000-12-29,0.444,0.195,6.348,2.294,10.892
2000-12-30,0.645,0.222,8.24,1.519,11.254
2000-12-31,0.763,0.287,7.353,1.854,12.347
2001-01-01,0.641,0.426,4.146,2.376,13.094
2001-01-02,0.713,0.538,4.637,2.347,13.692
2001-01-03,0.779,0.629,8.605,2.594,14.61
2001-01-04,0.803,0.705,6.853,2.864,10.8
2001-01-05,0.779,0.741,6.808,2.592,12.409
2001-01-06,0.873,0.767,7.218,3.264,12.972
2001-01-07,1.061,0.837,7.538,2.811,11.747
2001-01-08,1.118,0.925,13.115,2.151,11.588
2001-01-09,1.35,1.017,5.647,1.426,12.102
2001-01-10,1.514,1.124,8.416,1.806,11.199
2001-01-11,1.753,1.235,5.598,1.897,11.217
2001-01-12,1.864,1.334,9.301,2.206,10.766
2001-01-13,1.811,1.372,4.739,1.899,12.518
2001-01-14,1.947,1.377,7.864,2.345,11.2
2001-01-15,2.08,1.371,12.493,2.383,12.058
2001-01-16,2.185,1.37,8.01,1.635,11.554
2001-01-17,2.25,1.404,7.095,1.508,11.285
2001-01-18,2.445,1.501,6.218,1.495,11.67
2001-01-19,2.351,1.545,6.176,1.811,11.69
2001-01-20,2.325,1.533,5.421,1.821,10.148
2001-01-21,2.385,1.485,6.148,1.908,11.009
2001-01-22,2.402,1.436,9.073,1.545,10.921
2001-01-23,2.359,1.464,4.394,0.972,11.447
2001-01-24,2.436,1.514,3.964,1.639,11.478
2001-01-25,2.325,1.549,10.678,2.116,12.681
2001-01-26,2.096,1.595,9.154,2.105,12.673
2001-01-27,2.041,1.643,6.155,2.736,11.398
2001-01-28,2.479,1.791,2.671,2.633,12.198
2001-01-29,2.376,1.918,4.259,2.664,11.557
2001-01-30,2.088,2.05,4.231,2.855,12.442
2001-01-31,2.017,2.084,3.14,3.064,13.048
2001-02-01,1.856,1.893,1.282,3.135,12.233
2001-02-02,1.745,1.811,6.451,2.895,11.885
2001-02-03,1.659,1.709,4.514,2.758,10.959
2001-02-04,1.652,1.649,1.066,1.554,12.408
2001-02-05,1.731,1.611,0.361,1.704,12.899
2001-02-06,1.527,1.62,0.69,2.421,13.397
2001-02-07,1.293,1.593,1.98,1.637,14.551
2001-02-08,1.142,1.521,0.702,1.724,14.191
2001-02-09,1.022,1.365,0.757,0.928,15.458
2001-02-10,0.93,1.201,3.819,2.683,15.077
2001-02-11,0.838,1.087,4.175,3.146,13.68
2001-02-12,0.833,1.027,6.541,3.502,13.542
2001-02-13,0.93,1.036,7.49,3.608,12.819
2001-02-14,1.061,1.129,7.364,2.939,12.858
2001-02-15,1.165,1.293,8.614,2.977,11.103
2001-02-16,1.454,1.512,5.251,2.987,12.504
2001-02-17,1.555,1.709,5.532,3.041,11.507
2001-02-18,1.603,1.868,6.593,2.242,12.363
2001-02-19,1.789,1.959,10.235,2.75,12.054
2001-02-20,2.112,2.042,8.301,1.995,11.419
2001-02-21,2.402,2.102,1.085,1.926,13.352
2001-02-22,2.488,2.173,4.69,2.08,12.716
2001-02-23,2.428,2.204,3.797,3.182,11.773
2001-02-24,2.08,2.152,3.922,2.519,11.665
2001-02-25,2.048,2.103,5.943,2.713,11.982
2001-02-26,1.886,2.076,7.691,2.998,12.502
2001-02-27,1.894,2.037,2.71,2.45,10.792
2001-02-28,2.096,2.014,4.068,2.445,11.797
2001-03-01,2.226,1.949,2.598,2.117,12.569
2001-03-02,2.104,1.965,6.657,2.165,11.794
2001-03-03,1.774,1.989,6.234,2.222,11.905
2001-03-04,1.688,2.014,2.181,2.388,12.321
2001-03-05,1.688,2.102,6.059,2.745,13.85
2001-03-06,1.702,2.187,5.04,1.893,13.038
2001-03-07,1.709,2.207,11.55,2.711,12.686
2001-03-08,2.017,2.238,7.067,2.28,12.926
2001-03-09,2.385,2.266,8.052,2.549,11.288
2001-03-10,2.334,2.323,4.557,2.482,13.052
2001-03-11,2.402,2.39,6.561,2.744,12.905
2001-03-12,2.351,2.412,4.427,2.709,12.72
2001-03-13,2.385,2.402,3.147,2.159,14.462
2001-03-14,2.317,2.386,7.263,2.458,12.924
2001-03-15,1.963,2.34,14.607,1.679,11.643
2001-03-16,2.096,2.326,6.457,0.942,10.987
2001-03-17,2.385,2.402,1.042,1.661,11.761
2001-03-18,2.462,2.466,4.313,2.42,12.249
2001-03-19,2.259,2.523,2.507,1.334,12.434
2001-03-20,1.986,2.551,6.079,2.359,12.393
2001-03-21,1.924,2.52,9.433,2.338,12.477
2001-03-22,2.001,2.509,5.541,1.414,13.136
2001-03-23,2.267,2.494,3.362,2.054,12.971
2001-03-24,2.136,2.513,5.874,2.302,12.788
2001-03-25,1.894,2.478,3.035,1.969,11.864
2001-03-26,1.841,2.46,5.745,1.239,12.789
2001-03-27,1.894,2.425,5.095,1.663,13.394
2001-03-28,2.001,2.385,3.827,1.858,13.342
2001-03-29,2.193,2.306,1.634,2.174,13.799
2001-03-30,2.088,2.241,0.537,2.011,14.16
2001-03-31,1.797,2.164,0.359,0.95,14.978
2001-04-01,1.504,1.918,1.425,-0.068,15.08
2001-04-02,1.303,1.796,1.167,-0.569,13.894
2001-04-03,1.177,1.641,1.347,-0.018,13.281
2001-04-04,1.09,1.496,0.77,-0.072,13.84
2001-04-05,0.992,1.328,4.383,1.664,13.306
2001-04-06,0.928,1.22,2.437,1.289,13.379
2001-04-07,1.099,1.158,5.064,1.812,10.611
2001-04-08,1.219,1.165,1.19,1.631,13.041
2001-04-09,1.194,1.25,6.718,1.511,12.948
2001-04-10,1.253,1.402,3.464,2.35,13.217
2001-04-11,1.236,1.546,0.352,0.916,13.398
2001-04-12,1.295,1.634,0.619,0.768,13.428
2001-04-13,1.202,1.665,0.962,0.394,13.353
2001-04-14,1.019,1.605,0.021,-0.584,14.435
2001-04-15,0.9,1.515,0.214,-1.859,14.097
2001-04-16,0.826,1.394,0.902,-1.178,13.688
2001-04-17,0.759,1.25,0.126,-0.987,14.365
2001-04-18,0.691,1.106,0.674,-1.775,14.688
2001-04-19,0.641,0.957,1.615,-0.886,15.156
2001-04-20,0.621,0.827,1.138,-0.366,14.107
2001-04-21,0.591,0.746,1.594,-1.503,14.211
2001-04-22,0.601,0.707,0.413,-2.174,14.502
2001-04-23,0.581,0.677,1.887,-4.269,13.429
2001-04-24,0.53,0.64,0.551,-2.461,12.605
2001-04-25,0.415,0.609,0.289,-0.98,14.281
2001-04-26,0.404,0.583,1.724,-1.494,14.663
2001-04-27,0.478,0.565,1.007,-1.389,14.108
2001-04-28,0.478,0.545,0.464,-2.35,14.562
2001-04-29,0.478,0.538,1.359,-2.558,14.494
2001-04-30,0.488,0.533,0.226,0.09,14.373
2001-05-01,0.447,0.527,0.367,-1.822,15.594
2001-05-02,0.457,0.513,1.263,-1.343,13.723
2001-05-03,0.447,0.492,0.314,-2.391,15.457
2001-05-04,0.426,0.469,0.481,-1.985,14.986
2001-05-05,0.415,0.446,1.548,-2.257,13.908
2001-05-06,0.404,0.433,1.302,-0.082,14.729
2001-05-07,0.394,0.425,2.252,-1.142,15.345
2001-05-08,0.383,0.43,0.476,-4.358,15.137
2001-05-09,0.383,0.439,0.827,-4.201,15.079
2001-05-10,0.372,0.431,0.637,-3.985,13.939
2001-05-11,0.34,0.404,1.095,-2.196,13.802
2001-05-12,0.329,0.386,1.569,0.001,13.347
2001-05-13,0.329,0.368,5.016,-0.266,11.12
2001-05-14,0.34,0.37,6.618,0.133,10.958
2001-05-15,0.351,0.415,1.35,-1.268,9.847
2001-05-16,0.362,0.533,0.238,-4.136,11.932
2001-05-17,0.394,0.657,0.487,-2.886,12.109
2001-05-18,0.404,0.729,0.184,-2.691,13.451
2001-05-19,0.383,0.734,0.025,-2.4,13.73
2001-05-20,0.351,0.694,0.014,-2.919,13.069
2001-05-21,0.34,0.625,0.146,-1.234,14.973
2001-05-22,0.34,0.559,0.66,-3.038,15.02
2001-05-23,0.34,0.481,0.139,-3.952,14.923
2001-05-24,0.318,0.403,0.103,-3.868,14.067
2001-05-25,0.307,0.358,0.049,-6.481,13.4
2001-05-26,0.274,0.325,0.243,-9.298,14.395
2001-05-27,0.285,0.295,0.0,-8.275,14.527
2001-05-28,0.274,0.277,0.009,-7.048,14.66
2001-05-29,0.274,0.263,0.414,-5.002,14.369
2001-05-30,0.263,0.249,0.358,-3.103,14.54
2001-05-31,0.263,0.241,0.075,-4.027,14.749
2001-06-01,0.263,0.24,0.0,-4.377,13.874
2001-06-02,,0.238,0.027,-3.869,13.275
2001-06-03,0.252,0.237,0.0,-3.429,13.425
2001-06-04,0.252,0.236,0.018,-2.27,13.161
2001-06-05,0.23,0.231,0.054,-3.758,13.872
2001-06-06,0.241,0.228,0.157,-3.477,14.508
2001-06-07,0.23,0.222,0.007,-3.91,14.219
2001-06-08,0.241,0.214,0.047,-3.928,14.682
2001-06-09,0.23,0.211,0.014,-4.026,14.415
2001-06-10,0.23,0.206,0.046,-5.301,14.327
2001-06-11,0.23,0.202,0.051,-5.359,13.822
2001-06-12,0.207,0.199,0.02,-5.159,14.094
2001-06-13,0.207,0.193,0.008,-8.059,13.964
2001-06-14,0.207,0.186,0.068,-8.087,15.01
2001-06-15,0.196,0.182,0.29,-6.891,15.23
2001-06-16,0.185,0.178,0.188,-6.845,13.681
2001-06-17,0.151,0.175,0.38,-6.657,13.415
2001-06-18,0.162,0.171,0.0,-6.739,13.06
2001-06-19,0.162,0.169,0.027,-7.223,13.579
2001-06-20,0.162,0.167,0.038,-9.172,14.03
2001-06-21,0.151,0.166,0.029,-5.92,13.469
2001-06-22,0.151,0.165,0.484,-5.844,11.537
2001-06-23,0.151,0.163,0.002,-5.285,13.028
2001-06-24,0.116,0.166,0.04,-6.338,14.005
2001-06-25,0.105,0.172,0.003,-6.794,13.317
2001-06-26,0.128,0.176,0.054,-7.562,12.632
2001-06-27,0.093,0.176,0.002,-8.626,11.919
2001-06-28,0.105,0.171,0.002,-7.177,13.391
2001-06-29,0.105,0.164,0.001,-8.161,13.997
2001-06-30,0.105,0.159,0.009,-7.111,14.266
2001-07-01,0.097,0.16,0.017,-6.42,13.042
2001-07-02,0.102,0.153,0.265,-5.832,13.216
2001-07-03,0.1,0.15,0.206,-5.986,13.172
2001-07-04,0.102,0.146,0.415,-5.283,13.446
2001-07-05,0.1,0.143,0.694,-3.286,10.726
2001-07-06,0.1,0.145,2.21,-2.426,10.366
2001-07-07,0.095,0.153,0.569,-2.549,8.844
2001-07-08,0.1,0.169,0.171,-5.778,11.088
2001-07-09,0.1,0.191,0.107,-8.359,12.582
2001-07-10,0.095,0.207,0.304,-7.04,12.846
2001-07-11,0.1,0.212,0.397,-8.222,13.064
2001-07-12,0.097,0.2,0.587,-8.048,13.661
2001-07-13,0.095,0.185,0.0,-7.624,13.254
2001-07-14,0.097,0.169,0.147,-7.135,13.304
2001-07-15,0.092,0.158,0.009,-6.915,13.34
2001-07-16,0.092,0.148,0.864,-7.441,13.81
2001-07-17,0.09,0.138,0.186,-7.046,13.978
2001-07-18,0.09,0.131,0.341,-7.077,14.332
2001-07-19,0.09,0.124,0.006,-6.301,15.387
2001-07-20,,0.118,0.0,-7.748,15.478
2001-07-21,0.087,0.114,0.0,-8.589,14.677
2001-07-22,0.087,0.113,0.0,-9.604,14.399
2001-07-23,0.085,0.111,0.006,-7.642,13.529
2001-07-24,0.085,0.109,0.0,-7.366,13.522
2001-07-25,0.087,0.108,0.331,-6.381,13.518
2001-07-26,0.077,0.106,0.426,-4.157,12.763
2001-07-27,0.079,0.105,0.454,-4.645,11.89
2001-07-28,0.077,0.106,0.053,-4.239,12.741
2001-07-29,0.077,0.109,0.001,-7.634,14.291
2001-07-30,0.077,0.112,0.023,-7.416,14.902
2001-07-31,0.074,0.113,0.0,-6.782,15.825
2001-08-01,0.074,0.103,0.0,-8.271,15.491
2001-08-02,0.077,0.101,0.0,-10.72,14.845
2001-08-03,0.074,0.098,0.002,-10.048,14.941
2001-08-04,0.072,0.095,0.0,-8.603,14.576
2001-08-05,0.074,0.092,0.002,-7.838,15.194
2001-08-06,0.074,0.09,0.907,-7.7,15.029
2001-08-07,0.066,0.089,0.281,-2.58,10.689
2001-08-08,0.072,0.088,0.007,-6.746,13.721
2001-08-09,0.074,0.088,0.0,-7.824,15.635
2001-08-10,0.072,0.088,0.0,-10.628,15.131
2001-08-11,0.069,0.088,0.0,-9.582,14.742
2001-08-12,0.066,0.088,0.02,-9.198,14.592
2001-08-13,0.066,0.087,0.003,-8.534,15.0
2001-08-14,0.061,0.086,0.007,-7.84,13.956
2001-08-15,0.061,0.086,1.552,-6.528,13.161
2001-08-16,0.058,0.085,1.329,-2.596,10.888
2001-08-17,0.056,0.086,1.224,-5.343,13.085
2001-08-18,0.056,0.092,0.231,-3.893,13.166
2001-08-19,0.058,0.105,1.034,-2.927,11.428
2001-08-20,0.064,0.118,0.285,-2.025,11.578
2001-08-21,0.066,0.138,0.157,-3.246,11.329
2001-08-22,0.064,0.146,0.154,-4.409,13.813
2001-08-23,0.064,0.148,0.172,-5.657,14.114
2001-08-24,0.064,0.141,0.09,-4.417,13.949
2001-08-25,0.061,0.124,0.0,-6.439,13.905
2001-08-26,0.061,0.113,0.18,-7.102,15.484
2001-08-27,0.061,0.105,0.048,-7.541,15.961
2001-08-28,,0.096,0.105,-6.556,15.842
2001-08-29,,0.09,0.026,-5.961,16.2
2001-08-30,,0.086,0.244,-5.647,15.755
2001-08-31,,0.083,0.133,-5.42,14.795
2001-09-01,0.064,0.069,0.185,-3.313,14.637
2001-09-02,0.066,0.068,0.352,-4.384,14.475
2001-09-03,0.064,0.068,0.588,-3.119,14.169
2001-09-04,0.064,0.068,0.682,-2.202,13.674
2001-09-05,0.066,0.07,0.746,0.151,13.806
2001-09-06,0.063,0.071,0.296,-0.408,15.368
2001-09-07,0.064,0.072,0.011,-2.409,15.875
2001-09-08,0.064,0.074,0.059,-2.527,17.395
2001-09-09,0.064,0.075,0.341,-1.919,16.984
2001-09-10,,0.074,0.123,-1.934,15.246
2001-09-11,0.063,0.073,0.055,-3.678,15.344
2001-09-12,0.061,0.072,0.472,-3.537,14.651
2001-09-13,0.061,0.072,0.22,-2.271,16.419
2001-09-14,0.058,0.072,0.999,0.078,15.564
2001-09-15,0.058,0.073,1.465,-0.211,15.132
2001-09-16,0.06,0.073,0.436,-1.622,14.818
2001-09-17,0.06,0.074,0.554,-2.977,16.076
2001-09-18,0.06,0.074,0.599,-4.471,15.622
2001-09-19,0.058,0.074,0.106,-3.104,16.691
2001-09-20,0.057,0.074,0.098,-2.059,16.136
2001-09-21,0.057,0.073,1.035,-2.318,15.002
2001-09-22,0.055,0.074,1.349,-0.332,14.822
2001-09-23,0.055,0.074,1.15,-0.222,15.355
2001-09-24,0.055,0.075,1.25,-0.195,15.125
2001-09-25,0.054,0.077,0.129,-2.637,16.19
2001-09-26,0.054,0.079,0.769,-4.562,17.043
2001-09-27,0.092,0.079,0.048,-4.113,15.761
2001-09-28,0.096,0.078,1.505,-2.994,15.405
2001-09-29,0.096,0.076,0.997,-0.09,15.983
2001-09-30,0.092,0.074,0.674,-0.25,17.114
2001-10-01,0.083,0.061,0.534,-0.185,18.334
2001-10-02,0.083,0.06,1.63,-0.907,17.553
2001-10-03,0.083,0.059,2.231,-0.398,17.327
2001-10-04,0.077,0.059,1.685,1.296,16.529
2001-10-05,0.083,0.061,2.089,0.236,14.77
2001-10-06,0.083,0.066,3.571,1.618,13.75
2001-10-07,0.086,0.073,0.08,0.045,15.631
2001-10-08,0.083,0.084,0.501,-1.834,15.462
2001-10-09,0.08,0.092,0.432,-1.597,16.167
2001-10-10,0.086,0.097,0.026,-1.678,16.274
2001-10-11,0.083,0.096,4.079,0.183,14.851
2001-10-12,0.083,0.093,4.382,-0.441,13.714
2001-10-13,0.083,0.089,2.284,-0.053,14.222
2001-10-14,0.08,0.088,3.901,-0.216,15.221
2001-10-15,0.083,0.087,4.331,0.398,16.032
2001-10-16,0.083,0.088,2.343,0.393,14.917
2001-10-17,0.083,0.09,1.555,-0.197,15.27
2001-10-18,0.08,0.09,0.59,-1.959,16.93
2001-10-19,0.083,0.088,0.023,-2.192,18.378
2001-10-20,0.08,0.085,0.0,-1.692,18.632
2001-10-21,0.083,0.079,0.671,-2.339,18.398
2001-10-22,0.08,0.073,2.937,-1.133,16.227
2001-10-23,0.08,0.069,0.111,0.098,17.562
2001-10-24,0.08,0.064,0.11,-1.925,17.077
2001-10-25,0.077,0.059,0.44,-0.472,16.577
2001-10-26,0.074,0.057,0.222,-0.803,17.116
2001-10-27,0.071,0.055,0.629,0.559,18.066
2001-10-28,0.071,0.055,1.887,1.344,17.16
2001-10-29,0.071,0.056,3.543,1.136,16.981
2001-10-30,0.074,0.058,5.41,0.964,15.9
2001-10-31,0.097,0.064,5.632,0.833,12.818
2001-11-01,0.095,0.064,6.925,1.091,13.494
2001-11-02,0.095,0.08,0.937,0.438,14.912
2001-11-03,0.101,0.101,0.591,0.432,16.132
2001-11-04,0.099,0.125,0.059,-1.027,15.907
2001-11-05,0.099,0.135,1.236,-0.999,16.888
2001-11-06,0.103,0.127,3.176,0.041,16.994
2001-11-07,0.101,0.112,1.165,1.18,16.599
2001-11-08,0.099,0.098,2.197,1.154,16.281
2001-11-09,0.095,0.089,6.04,0.522,16.549
2001-11-10,0.095,0.086,1.739,0.797,17.493
2001-11-11,0.093,0.089,1.507,0.553,17.924
2001-11-12,0.095,0.095,1.659,0.238,18.088
2001-11-13,0.093,0.099,1.046,2.087,17.105
2001-11-14,0.099,0.097,0.794,-0.223,17.447
2001-11-15,0.097,0.091,0.597,-0.296,16.719
2001-11-16,0.093,0.084,2.868,0.422,16.926
2001-11-17,0.091,0.079,0.494,0.629,16.318
2001-11-18,0.09,0.075,0.191,-0.321,17.876
2001-11-19,0.09,0.072,0.054,-0.12,17.28
2001-11-20,0.088,0.07,0.219,0.436,17.023
2001-11-21,0.086,0.066,0.97,-0.411,17.795
2001-11-22,0.086,0.06,0.934,0.819,16.717
2001-11-23,0.085,0.057,0.363,0.648,17.922
2001-11-24,0.086,0.053,0.963,0.499,18.53
2001-11-25,0.085,0.051,0.464,0.897,14.082
2001-11-26,0.085,0.051,0.559,1.045,16.343
2001-11-27,0.081,0.052,1.921,-1.529,16.713
2001-11-28,0.08,0.057,3.493,2.26,14.779
2001-11-29,0.083,0.065,1.836,2.162,14.697
2001-11-30,0.081,0.076,1.559,1.098,15.224
2001-12-01,0.097,0.082,0.181,-0.652,16.1
2001-12-02,0.085,0.089,1.522,0.033,15.888
2001-12-03,0.09,0.089,1.09,0.446,16.507
2001-12-04,0.085,0.084,2.259,-1.118,16.229
2001-12-05,0.085,0.077,0.565,1.219,14.735
2001-12-06,0.09,0.072,8.289,0.197,15.958
2001-12-07,0.079,0.07,2.254,0.961,14.749
2001-12-08,0.09,0.076,3.959,2.114,13.944
2001-12-09,0.09,0.083,1.846,2.151,14.945
2001-12-10,0.085,0.09,1.343,1.234,17.099
2001-12-11,0.09,0.092,0.492,-0.564,17.898
2001-12-12,0.09,0.09,0.253,0.748,17.998
2001-12-13,0.09,0.082,0.632,-0.518,16.428
2001-12-14,0.079,0.075,0.803,-0.239,14.674
2001-12-15,0.079,0.067,4.75,-0.192,13.734
2001-12-16,0.071,0.062,6.902,1.803,13.027
2001-12-17,0.071,0.066,11.193,0.799,13.847
2001-12-18,0.067,0.087,2.767,0.987,14.015
2001-12-19,0.085,0.148,3.082,2.437,14.857
2001-12-20,0.097,0.215,3.447,2.754,15.949
2001-12-21,0.154,0.277,1.599,1.652,15.357
2001-12-22,0.222,0.291,1.854,1.561,15.228
2001-12-23,0.222,0.258,5.251,2.149,13.439
2001-12-24,0.277,0.211,3.347,2.538,14.572
2001-12-25,0.262,0.188,3.046,2.746,14.044
2001-12-26,0.235,0.171,3.291,2.17,15.425
2001-12-27,0.185,0.156,1.144,2.279,15.077
2001-12-28,0.197,0.148,3.911,1.415,15.823
2001-12-29,0.339,0.136,9.791,2.955,14.313
2001-12-30,0.323,0.142,3.786,2.406,14.878
2001-12-31,0.292,0.177,0.682,0.437,16.478
2002-01-01,0.383,0.256,0.257,1.601,13.123
2002-01-02,0.344,0.292,8.408,1.428,15.884
2002-01-03,0.305,0.289,4.989,2.271,15.216
2002-01-04,0.305,0.282,3.124,2.062,16.884
2002-01-05,0.328,0.285,2.884,1.527,17.602
2002-01-06,0.399,0.289,2.459,1.543,16.515
2002-01-07,0.383,0.276,0.199,0.315,17.065
2002-01-08,0.367,0.252,0.001,-0.658,16.654
2002-01-09,0.383,0.215,2.269,0.723,16.506
2002-01-10,0.352,0.177,2.849,1.98,14.672
2002-01-11,0.289,0.133,0.625,1.972,13.993
2002-01-12,0.257,0.11,1.377,1.569,15.407
2002-01-13,0.249,0.102,0.797,1.398,14.32
2002-01-14,0.273,0.098,1.075,0.136,15.01
2002-01-15,0.249,0.095,7.736,2.474,13.617
2002-01-16,0.249,0.097,8.271,1.797,13.613
2002-01-17,0.257,0.116,9.179,1.509,12.38
2002-01-18,0.36,0.186,4.924,2.422,12.097
2002-01-19,0.622,0.299,7.826,2.45,13.361
2002-01-20,0.862,0.432,7.977,1.309,13.551
2002-01-21,0.921,0.559,6.742,2.112,13.815
2002-01-22,0.943,0.646,2.01,2.538,14.057
2002-01-23,0.958,0.711,5.231,3.272,14.061
2002-01-24,0.877,0.739,1.799,3.346,15.7
2002-01-25,0.877,0.732,0.852,2.878,14.797
2002-01-26,0.855,0.69,0.356,1.949,16.671
2002-01-27,0.795,0.615,0.83,2.661,16.271
2002-01-28,0.721,0.532,7.075,2.185,16.433
2002-01-29,0.622,0.446,2.553,3.46,14.088
2002-01-30,0.546,0.392,4.784,2.985,12.844
2002-01-31,0.592,0.414,1.198,3.09,14.786
2002-02-01,0.577,0.524,4.954,3.731,14.452
2002-02-02,0.645,0.614,3.288,3.926,12.737
2002-02-03,0.622,0.71,11.296,4.138,13.711
2002-02-04,0.675,0.779,6.311,3.899,11.119
2002-02-05,0.87,0.853,4.501,3.766,12.398
2002-02-06,1.124,1.001,9.783,3.234,12.099
2002-02-07,1.18,1.193,15.191,2.756,11.433
2002-02-08,1.209,1.496,3.675,1.716,11.885
2002-02-09,1.691,1.749,3.745,2.436,13.847
2002-02-10,2.01,1.896,3.962,2.759,13.294
2002-02-11,2.017,1.892,2.563,2.945,13.144
2002-02-12,1.967,1.743,3.952,2.84,13.8
2002-02-13,1.659,1.518,4.932,3.735,12.819
2002-02-14,1.485,1.266,7.796,3.289,11.285
2002-02-15,1.327,1.101,2.734,3.161,12.729
2002-02-16,1.334,1.013,3.604,3.658,13.357
2002-02-17,1.599,0.966,3.255,3.695,12.119
2002-02-18,1.795,0.941,7.921,3.268,13.859
2002-02-19,1.691,0.928,9.115,3.567,14.908
2002-02-20,1.559,0.93,3.912,3.761,13.039
2002-02-21,1.718,0.983,10.911,3.51,13.683
2002-02-22,1.84,1.059,7.91,2.937,13.372
2002-02-23,1.77,1.115,6.951,3.627,12.966
2002-02-24,1.815,1.142,4.795,3.77,10.683
2002-02-25,1.942,1.152,1.94,2.704,14.901
2002-02-26,2.103,1.173,2.426,3.902,15.298
2002-02-27,1.904,1.191,7.273,3.511,11.619
2002-02-28,1.802,1.172,6.431,3.04,12.531
2002-03-01,1.979,1.094,4.467,2.149,12.645
2002-03-02,2.22,1.09,5.31,2.47,12.229
2002-03-03,2.275,1.127,4.103,2.814,12.384
2002-03-04,2.266,1.21,5.505,2.612,13.463
2002-03-05,2.238,1.312,3.192,2.357,12.143
2002-03-06,2.067,1.394,3.126,2.018,14.862
2002-03-07,2.076,1.454,4.488,2.443,13.689
2002-03-08,1.807,1.474,5.301,2.337,12.492
2002-03-09,1.918,1.457,2.374,2.22,12.203
2002-03-10,2.13,1.454,3.586,2.579,13.012
2002-03-11,1.944,1.485,3.343,1.385,13.566
2002-03-12,1.944,1.535,3.871,3.069,12.85
2002-03-13,1.807,1.548,4.568,2.712,12.121
2002-03-14,1.773,1.519,3.781,2.174,13.449
2002-03-15,1.665,1.494,2.742,1.985,14.008
2002-03-16,1.592,1.494,6.658,2.249,13.849
2002-03-17,1.464,1.523,6.901,2.259,13.388
2002-03-18,1.64,1.579,3.747,2.145,13.827
2002-03-19,1.849,1.618,2.217,1.79,14.051
2002-03-20,1.815,1.64,7.795,1.583,12.843
2002-03-21,1.748,1.627,5.058,2.462,13.575
2002-03-22,1.832,1.64,4.601,2.624,14.28
2002-03-23,2.058,1.694,1.094,1.461,14.402
2002-03-24,2.202,1.775,1.462,2.407,14.438
2002-03-25,1.892,1.789,2.7,1.634,15.005
2002-03-26,1.665,1.702,0.174,1.522,15.836
2002-03-27,1.425,1.579,1.942,1.572,15.141
2002-03-28,1.264,1.4,0.913,2.323,14.125
2002-03-29,1.146,1.215,2.24,1.977,14.579
2002-03-30,1.067,1.1,7.443,2.153,14.686
2002-03-31,1.06,1.025,5.175,2.545,13.071
2002-04-01,1.126,0.93,4.486,2.644,13.039
2002-04-02,1.226,1.003,1.695,0.615,13.601
2002-04-03,1.201,1.088,1.57,0.888,15.011
2002-04-04,1.224,1.136,2.802,1.314,14.689
2002-04-05,1.165,1.137,1.453,1.69,14.505
2002-04-06,1.049,1.106,1.984,1.692,14.98
2002-04-07,1.039,1.04,0.917,0.146,14.757
2002-04-08,0.975,0.986,0.224,-0.654,15.251
2002-04-09,0.914,0.9,0.298,-0.223,14.274
2002-04-10,0.818,0.85,4.854,0.27,13.721
2002-04-11,0.725,0.809,4.613,0.955,12.896
2002-04-12,0.773,0.801,1.914,1.169,12.395
2002-04-13,0.901,0.832,3.874,0.863,11.729
2002-04-14,0.901,0.88,2.437,0.703,11.642
2002-04-15,1.14,0.929,1.193,1.115,12.323
2002-04-16,1.146,0.963,1.329,0.375,13.904
2002-04-17,1.029,0.966,2.612,0.518,14.871
2002-04-18,0.939,0.964,9.192,2.804,13.86
2002-04-19,1.094,0.979,3.643,1.626,12.609
2002-04-20,1.118,1.011,4.054,1.665,13.482
2002-04-21,1.14,1.075,5.992,0.981,12.186
2002-04-22,1.202,1.147,5.945,2.083,11.618
2002-04-23,1.159,1.231,2.981,1.798,11.579
2002-04-24,1.227,1.332,1.382,1.91,11.16
2002-04-25,1.223,1.432,1.285,-0.477,13.046
2002-04-26,1.209,1.425,0.909,0.063,13.888
2002-04-27,1.11,1.296,0.907,1.083,12.145
2002-04-28,1.029,1.129,0.094,-0.386,13.528
2002-04-29,0.89,0.953,0.015,-2.338,14.626
2002-04-30,0.86,0.801,0.31,-2.585,15.107
2002-05-01,0.809,0.715,0.482,-1.807,14.672
2002-05-02,0.729,0.656,0.78,-1.087,15.019
2002-05-03,0.657,0.598,1.612,-1.373,14.674
2002-05-04,0.642,0.566,4.361,0.799,11.915
2002-05-05,0.611,0.544,1.455,-2.097,13.441
2002-05-06,0.514,0.569,1.108,-1.896,13.051
2002-05-07,0.729,0.613,0.022,-1.658,14.035
2002-05-08,0.756,0.661,0.049,-2.593,14.782
2002-05-09,0.657,0.681,0.235,-2.349,13.761
2002-05-10,0.611,0.661,0.637,-2.131,13.954
2002-05-11,0.595,0.629,0.34,-2.621,14.166
2002-05-12,0.563,0.595,0.247,-1.565,14.456
2002-05-13,0.497,0.575,0.373,-2.902,14.044
2002-05-14,0.48,0.553,0.163,-2.444,13.896
2002-05-15,0.48,0.527,0.008,-3.117,14.835
2002-05-16,0.445,0.498,0.539,-3.125,14.872
2002-05-17,0.428,0.467,4.568,-1.744,12.302
2002-05-18,0.373,0.437,0.846,-1.131,12.581
2002-05-19,0.373,0.435,0.465,-3.496,13.858
2002-05-20,0.355,0.472,0.028,-4.525,14.126
2002-05-21,0.373,0.51,0.176,-5.432,14.279
2002-05-22,0.355,0.513,0.0,-3.861,12.931
2002-05-23,0.336,0.484,0.183,0.033,12.602
2002-05-24,0.355,0.434,0.016,-0.766,13.883
2002-05-25,0.317,0.385,0.016,-2.422,14.563
2002-05-26,0.298,0.349,0.02,-4.669,14.616
2002-05-27,0.279,0.327,0.083,-4.421,14.404
2002-05-28,0.279,0.3,0.33,-4.096,14.138
2002-05-29,0.24,0.281,0.182,-4.265,13.688
2002-05-30,0.24,0.266,1.401,-2.734,13.915
2002-05-31,0.24,0.252,1.214,-1.637,13.436
2002-06-01,0.19,0.248,0.111,-2.116,13.741
2002-06-02,0.19,0.242,0.994,-3.518,15.22
2002-06-03,0.185,0.241,0.192,-3.393,13.415
2002-06-04,0.185,0.237,0.193,-2.348,14.134
2002-06-05,0.185,0.231,0.065,-3.023,14.688
2002-06-06,0.18,0.229,0.196,-4.55,15.476
2002-06-07,0.18,0.224,0.371,-4.515,15.525
2002-06-08,0.175,0.215,0.08,-3.677,14.523
2002-06-09,0.175,0.21,0.008,-4.023,15.152
2002-06-10,0.175,0.203,0.243,-3.95,15.254
2002-06-11,0.166,0.198,0.25,-2.657,13.741
2002-06-12,0.161,0.192,0.198,-3.308,14.131
2002-06-13,0.166,0.189,0.024,-4.325,13.359
2002-06-14,0.166,0.185,0.058,-4.872,13.016
2002-06-15,0.161,0.184,0.112,-3.894,13.108
2002-06-16,0.157,0.181,0.018,-3.38,13.253
2002-06-17,0.152,0.178,0.001,-5.267,13.723
2002-06-18,0.152,0.175,0.086,-5.958,14.339
2002-06-19,0.148,0.172,0.026,-5.069,13.699
2002-06-20,0.152,0.167,0.019,-5.435,13.653
2002-06-21,0.148,0.161,0.049,-6.286,13.475
2002-06-22,0.144,0.159,0.0,-6.045,13.681
2002-06-23,0.148,0.154,0.009,-5.766,14.05
2002-06-24,0.144,0.152,0.007,-6.124,14.256
2002-06-25,0.144,0.148,0.026,-6.136,14.096
2002-06-26,0.132,0.144,0.004,-5.376,14.106
2002-06-27,0.129,0.141,0.111,-4.945,13.403
2002-06-28,0.132,0.139,0.074,-5.834,11.98
2002-06-29,0.132,0.139,0.54,-4.454,11.753
2002-06-30,0.125,0.144,0.636,-1.154,10.57
2002-07-01,0.129,0.16,0.013,-5.734,11.879
2002-07-02,0.125,0.174,0.037,-4.598,10.813
2002-07-03,0.121,0.196,3.204,-3.934,11.471
2002-07-04,0.113,0.215,3.866,-3.059,10.722
2002-07-05,0.113,0.226,0.096,-2.188,10.361
2002-07-06,0.117,0.231,0.362,-6.235,11.463
2002-07-07,0.113,0.232,0.018,-9.381,11.079
2002-07-08,0.117,0.23,0.513,-5.968,12.122
2002-07-09,0.117,0.218,2.256,-4.339,11.62
2002-07-10,0.121,0.204,1.932,-1.761,9.421
2002-07-11,0.125,0.214,1.884,-2.593,9.58
2002-07-12,0.117,0.252,0.706,-1.413,9.998
2002-07-13,0.125,0.289,0.814,-2.731,11.4
2002-07-14,0.125,0.312,0.008,-3.62,11.257
2002-07-15,0.125,0.316,0.023,-6.07,11.056
2002-07-16,,0.313,1.311,-6.595,11.01
2002-07-17,,0.31,1.242,-4.538,11.309
2002-07-18,0.121,0.294,1.017,-3.625,10.512
2002-07-19,0.113,0.268,0.092,-4.324,10.916
2002-07-20,0.113,0.24,0.042,-8.992,11.405
2002-07-21,0.113,0.208,0.0,-10.135,12.553
2002-07-22,0.109,0.183,0.0,-9.967,14.937
2002-07-23,0.113,0.162,0.025,-7.785,14.884
2002-07-24,0.113,0.146,0.148,-7.01,14.796
2002-07-25,0.109,0.132,0.098,-6.354,13.735
2002-07-26,0.109,0.117,0.758,-3.346,12.236
2002-07-27,0.109,0.11,1.893,-6.673,13.028
2002-07-28,0.106,0.106,2.619,-4.938,10.3
2002-07-29,0.106,0.108,0.019,-4.803,12.572
2002-07-30,0.102,0.113,0.08,-6.038,13.654
2002-07-31,0.106,0.125,0.116,-6.268,14.278
2002-08-01,0.109,0.112,0.09,-6.145,13.721
2002-08-02,0.106,0.11,0.18,-5.223,13.809
2002-08-03,0.102,0.107,0.196,-5.64,14.475
2002-08-04,0.102,0.103,0.015,-5.727,15.765
2002-08-05,0.102,0.1,0.238,-4.406,15.182
2002-08-06,0.106,0.097,0.298,-4.953,13.88
2002-08-07,0.102,0.095,0.03,-6.523,14.418
2002-08-08,0.102,0.094,0.981,-6.009,14.512
2002-08-09,0.096,0.094,0.412,-4.794,13.827
2002-08-10,0.096,0.098,0.092,-5.795,13.921
2002-08-11,0.099,0.105,0.14,-6.982,14.182
2002-08-12,0.096,0.109,0.077,-6.745,13.838
2002-08-13,0.089,0.11,0.007,-6.182,13.905
2002-08-14,0.089,0.108,0.028,-5.246,14.048
2002-08-15,0.092,0.103,0.026,-4.789,13.881
2002-08-16,0.089,0.096,0.05,-4.141,14.564
2002-08-17,0.086,0.091,1.351,-3.053,13.262
2002-08-18,0.083,0.088,0.538,-1.752,12.719
2002-08-19,0.08,0.089,0.355,-4.971,12.635
2002-08-20,0.08,0.093,0.368,-5.985,14.15
2002-08-21,0.083,0.1,0.229,-4.744,13.861
2002-08-22,0.083,0.102,0.1,-4.565,14.239
2002-08-23,0.083,0.1,0.345,-4.816,14.727
2002-08-24,0.08,0.095,0.453,-4.43,14.019
2002-08-25,0.08,0.092,0.33,-3.677,14.673
2002-08-26,0.081,0.092,0.322,-4.097,14.632
2002-08-27,0.08,0.091,0.411,-1.086,14.132
2002-08-28,0.075,0.091,0.063,-4.736,14.353
2002-08-29,0.078,0.09,0.0,-8.581,14.125
2002-08-30,0.078,0.089,0.021,-7.878,14.968
2002-08-31,0.075,0.087,0.467,-1.016,13.851
2002-09-01,0.086,0.072,2.923,-0.31,13.276
2002-09-02,0.083,0.073,3.86,0.107,11.826
2002-09-03,0.086,0.077,0.498,-0.108,13.389
2002-09-04,0.086,0.084,0.081,-0.401,14.028
2002-09-05,0.083,0.089,0.513,-1.403,14.895
2002-09-06,0.083,0.091,0.071,-3.975,15.605
2002-09-07,0.083,0.091,0.198,-3.457,15.558
2002-09-08,,0.089,0.139,-3.645,15.777
2002-09-09,0.086,0.087,0.48,-4.363,14.626
2002-09-10,0.09,0.083,4.168,-1.567,11.944
2002-09-11,0.088,0.08,0.892,-0.445,13.283
2002-09-12,0.088,0.082,1.071,-2.099,12.78
2002-09-13,0.088,0.087,0.871,-0.115,11.839
2002-09-14,0.086,0.09,0.194,-1.902,13.732
2002-09-15,0.09,0.092,0.112,-2.459,14.838
2002-09-16,0.088,0.091,1.114,-4.994,14.808
2002-09-17,0.088,0.089,1.137,-1.252,13.376
2002-09-18,0.088,0.086,2.268,0.842,12.691
2002-09-19,0.084,0.082,1.415,-0.765,15.504
2002-09-20,0.088,0.078,1.732,-1.753,16.821
2002-09-21,0.086,0.077,1.127,-0.443,15.667
2002-09-22,0.086,0.076,0.396,-0.488,16.674
2002-09-23,0.086,0.075,0.294,-3.226,17.885
2002-09-24,,0.074,1.619,-3.487,16.562
2002-09-25,,0.072,1.275,-3.067,16.137
2002-09-26,0.084,0.07,0.612,-3.452,15.568
2002-09-27,0.086,0.068,0.602,-2.863,14.877
2002-09-28,0.084,0.066,0.052,0.541,16.605
2002-09-29,0.082,0.065,0.032,-1.896,16.319
2002-09-30,0.071,0.065,0.71,-1.043,16.223
2002-10-01,0.08,0.054,4.312,0.852,15.209
2002-10-02,0.078,0.055,1.253,-0.3,15.563
2002-10-03,0.078,0.06,2.107,-0.431,16.231
2002-10-04,0.078,0.069,3.49,-0.717,16.014
2002-10-05,,0.077,1.502,0.492,16.2
2002-10-06,,0.088,1.531,-0.121,16.684
2002-10-07,0.08,0.098,3.279,0.549,15.352
2002-10-08,0.08,0.108,6.282,1.084,15.381
2002-10-09,0.08,0.112,3.896,1.437,12.468
2002-10-10,0.084,0.122,7.662,1.867,12.618
2002-10-11,0.084,0.131,3.239,0.908,13.922
2002-10-12,0.084,0.142,1.517,-0.248,14.399
2002-10-13,0.088,0.149,1.158,0.702,15.36
2002-10-14,0.088,0.148,3.359,0.39,14.989
2002-10-15,0.088,0.141,5.973,-0.518,12.359
2002-10-16,0.084,0.127,2.965,-0.817,14.508
2002-10-17,0.086,0.124,1.526,0.231,15.855
2002-10-18,0.084,0.124,0.597,-0.363,14.765
2002-10-19,0.08,0.122,4.374,-0.277,15.623
2002-10-20,0.08,0.118,3.198,-0.369,16.338
2002-10-21,0.082,0.115,1.165,-0.082,16.09
2002-10-22,0.078,0.113,1.299,-0.618,14.309
2002-10-23,0.078,0.11,1.865,1.389,16.016
2002-10-24,0.076,0.107,1.375,1.158,16.075
2002-10-25,0.076,0.102,6.711,1.983,14.889
2002-10-26,0.076,0.103,8.765,1.459,14.434
2002-10-27,0.078,0.113,2.35,1.012,13.849
2002-10-28,0.078,0.141,4.297,0.396,14.606
2002-10-29,0.078,0.165,4.875,0.524,14.332
2002-10-30,0.327,0.192,8.45,1.961,13.287
2002-10-31,0.327,0.203,2.833,1.256,11.831
2002-11-01,0.455,0.227,2.282,0.938,14.223
2002-11-02,0.479,0.237,6.283,0.818,15.374
2002-11-03,0.495,0.238,2.316,0.812,15.808
2002-11-04,0.503,0.228,6.014,1.661,16.124
2002-11-05,0.528,0.211,0.217,1.56,14.568
2002-11-06,0.463,0.191,0.064,-1.463,15.724
2002-11-07,0.431,0.165,0.01,-4.342,16.108
2002-11-08,0.399,0.145,0.066,-3.157,16.761
2002-11-09,0.383,0.119,0.654,-0.527,16.775
2002-11-10,0.351,0.097,2.411,0.047,15.908
2002-11-11,0.327,0.084,0.635,0.164,15.511
2002-11-12,0.327,0.078,0.885,0.357,16.038
2002-11-13,0.319,0.077,2.379,-0.437,16.16
2002-11-14,0.303,0.078,1.626,-0.857,14.932
2002-11-15,0.303,0.079,1.125,-0.289,16.006
2002-11-16,0.319,0.081,7.886,1.447,15.534
2002-11-17,0.303,0.088,5.132,1.558,15.188
2002-11-18,0.287,0.107,1.343,1.847,14.952
2002-11-19,0.303,0.143,3.704,-0.334,14.837
2002-11-20,0.311,0.184,1.711,1.446,14.706
2002-11-21,0.303,0.222,5.882,1.941,13.658
2002-11-22,0.303,0.285,4.584,2.173,13.757
2002-11-23,0.311,0.431,4.321,2.035,14.281
2002-11-24,0.319,0.754,7.849,3.027,13.535
2002-11-25,0.391,1.048,3.189,2.747,15.392
2002-11-26,0.415,1.639,11.062,2.877,14.259
2002-11-27,0.56,1.918,3.744,2.003,15.786
2002-11-28,0.56,1.791,1.696,2.267,16.338
2002-11-29,0.568,1.553,1.523,1.453,16.327
2002-11-30,0.776,1.113,3.884,1.941,16.188
2002-12-01,0.632,1.089,6.345,3.438,15.149
2002-12-02,0.52,0.902,8.444,2.662,14.681
2002-12-03,0.495,0.754,9.124,3.342,14.811
2002-12-04,0.536,0.717,14.868,3.007,12.886
2002-12-05,0.6,0.824,5.813,1.718,13.081
2002-12-06,1.009,1.053,5.387,1.476,14.12
2002-12-07,1.377,1.31,2.92,1.131,15.959
2002-12-08,1.225,1.488,0.508,1.43,14.224
2002-12-09,1.057,1.441,0.083,0.575,15.511
2002-12-10,0.872,1.229,1.337,0.629,15.634
2002-12-11,0.72,1.016,0.951,2.209,16.563
2002-12-12,0.632,0.754,0.796,2.549,15.814
2002-12-13,0.576,0.545,0.895,3.388,16.38
2002-12-14,0.552,0.386,2.191,1.966,17.188
2002-12-15,0.511,0.299,2.474,0.83,16.093
2002-12-16,0.471,0.233,5.412,1.919,14.401
2002-12-17,0.471,0.206,5.047,1.692,13.07
2002-12-18,0.52,0.211,5.383,2.822,13.5
2002-12-19,0.544,0.265,8.44,2.037,15.321
2002-12-20,0.64,0.351,3.823,2.468,13.969
2002-12-21,0.776,0.513,6.926,3.272,12.641
2002-12-22,0.985,0.646,6.682,2.756,13.255
2002-12-23,1.041,0.779,1.822,2.125,15.163
2002-12-24,1.065,0.893,4.753,1.747,15.055
2002-12-25,1.121,0.97,3.9,2.314,13.969
2002-12-26,1.137,0.993,5.438,2.918,14.17
2002-12-27,1.113,0.947,1.694,3.455,14.672
2002-12-28,1.089,0.881,2.617,2.539,15.78
2002-12-29,1.145,0.809,4.003,1.901,16.675
2002-12-30,0.753,0.762,6.154,3.405,14.35
2002-12-31,0.753,0.712,2.771,3.209,13.207
2003-01-01,0.753,0.716,4.065,2.623,14.574
2003-01-02,,0.767,4.124,2.97,15.814
2003-01-03,0.712,0.905,3.363,3.416,15.765
2003-01-04,0.712,1.004,2.976,2.004,15.588
2003-01-05,0.728,1.017,0.661,2.665,16.233
2003-01-06,0.637,0.935,1.198,1.396,16.685
2003-01-07,0.521,0.803,1.466,2.732,15.424
2003-01-08,0.479,0.644,1.469,2.673,17.215
2003-01-09,0.56,0.537,1.161,3.533,15.91
2003-01-10,0.544,0.443,7.093,3.687,15.225
2003-01-11,0.536,0.391,9.291,3.985,12.907
2003-01-12,0.56,0.423,3.656,3.973,14.441
2003-01-13,0.6,0.508,5.571,3.625,15.061
2003-01-14,0.76,0.617,1.57,2.815,12.553
2003-01-15,0.904,0.725,4.659,2.124,14.637
2003-01-16,1.137,0.796,3.359,3.483,13.476
2003-01-17,1.185,0.825,3.942,4.062,15.354
2003-01-18,1.442,0.849,11.594,4.039,14.267
2003-01-19,1.404,0.924,4.919,3.291,11.285
2003-01-20,1.486,1.029,11.478,2.495,12.584
2003-01-21,2.008,1.167,9.776,2.104,13.259
2003-01-22,2.365,1.363,4.021,1.636,12.546
2003-01-23,2.649,1.62,4.206,2.547,14.816
2003-01-24,2.768,1.813,3.96,3.485,12.875
2003-01-25,2.796,1.845,9.95,3.529,13.614
2003-01-26,2.796,1.791,8.451,3.219,14.789
2003-01-27,2.787,1.775,7.225,3.102,13.07
2003-01-28,2.75,1.872,1.387,3.09,13.023
2003-01-29,2.713,1.986,6.707,2.462,14.564
2003-01-30,2.558,2.08,9.263,1.789,12.783
2003-01-31,2.512,2.088,2.572,1.145,13.153
2003-02-01,2.003,1.942,1.497,2.683,14.231
2003-02-02,2.103,1.965,1.836,2.391,14.507
2003-02-03,2.073,1.956,7.211,2.667,14.357
2003-02-04,1.839,1.894,5.224,3.129,14.224
2003-02-05,1.692,1.797,4.756,2.641,15.665
2003-02-06,1.868,1.735,4.387,3.72,14.879
2003-02-07,1.909,1.694,1.389,3.364,14.811
2003-02-08,1.897,1.625,4.257,3.416,14.535
2003-02-09,1.915,1.549,3.063,3.569,14.747
2003-02-10,1.792,1.472,2.362,2.386,13.77
2003-02-11,1.768,1.371,1.784,3.405,15.903
2003-02-12,1.745,1.277,2.599,3.598,15.821
2003-02-13,1.563,1.199,1.989,2.946,16.239
2003-02-14,1.404,1.129,0.695,3.419,12.159
2003-02-15,1.299,1.061,0.178,1.775,15.524
2003-02-16,1.269,1.008,1.893,2.566,16.4
2003-02-17,1.223,0.926,1.359,3.564,14.807
2003-02-18,1.111,0.837,5.995,2.976,13.772
2003-02-19,1.082,0.777,2.863,2.259,13.585
2003-02-20,1.152,0.767,6.949,3.366,12.651
2003-02-21,1.293,0.826,9.281,3.224,12.814
2003-02-22,1.416,0.933,5.188,3.066,12.992
2003-02-23,1.592,1.06,4.048,3.165,14.602
2003-02-24,1.668,1.167,12.871,3.248,15.345
2003-02-25,1.686,1.25,4.695,2.332,14.176
2003-02-26,1.903,1.354,7.163,2.252,14.083
2003-02-27,1.944,1.468,3.673,2.552,13.21
2003-02-28,1.95,1.547,6.541,3.349,13.494
2003-03-01,2.036,1.515,6.1,3.375,13.299
2003-03-02,1.868,1.509,5.612,3.097,13.414
2003-03-03,1.868,1.494,5.886,2.797,13.08
2003-03-04,1.883,1.479,16.533,2.992,14.046
2003-03-05,1.989,1.508,4.558,2.341,13.086
2003-03-06,2.386,1.603,3.558,3.281,13.136
2003-03-07,2.425,1.725,5.842,2.892,14.389
2003-03-08,2.523,1.839,3.26,3.069,14.44
2003-03-09,2.563,1.849,2.483,2.811,15.273
2003-03-10,2.349,1.828,3.995,2.307,14.707
2003-03-11,1.989,1.708,1.761,1.846,14.721
2003-03-12,1.84,1.588,3.16,1.873,15.082
2003-03-13,1.597,1.409,13.176,2.697,14.507
2003-03-14,1.425,1.234,2.298,2.261,13.53
2003-03-15,1.644,1.17,0.213,1.615,14.017
2003-03-16,1.826,1.184,2.772,1.443,13.534
2003-03-17,1.644,1.208,10.191,3.024,11.496
2003-03-18,1.408,1.219,4.041,2.285,12.524
2003-03-19,1.575,1.247,6.579,2.38,12.225
2003-03-20,1.744,1.371,5.211,2.198,12.167
2003-03-21,1.731,1.533,6.871,2.262,11.992
2003-03-22,1.668,1.667,1.73,2.556,13.824
2003-03-23,1.586,1.774,1.123,2.212,14.089
2003-03-24,1.399,1.848,5.479,1.974,13.57
2003-03-25,1.234,1.856,1.974,1.417,12.279
2003-03-26,1.216,1.834,1.116,1.393,12.977
2003-03-27,1.197,1.731,1.225,0.279,14.135
2003-03-28,1.167,1.625,4.058,1.713,12.891
2003-03-29,1.155,1.503,9.509,2.912,13.336
2003-03-30,1.156,1.388,6.907,2.767,13.75
2003-03-31,1.156,1.379,11.516,3.011,13.63
2003-04-01,1.26,1.422,6.137,1.938,11.632
2003-04-02,1.84,1.592,1.52,2.641,12.814
2003-04-03,1.989,1.749,8.138,2.59,14.881
2003-04-04,2.004,1.868,4.68,1.811,12.762
2003-04-05,1.927,1.924,1.968,1.467,14.535
2003-04-06,1.927,1.927,1.634,2.773,13.796
2003-04-07,2.085,1.891,0.754,1.736,14.02
2003-04-08,2.085,1.79,1.372,2.757,14.032
2003-04-09,1.758,1.649,1.205,-0.764,14.156
2003-04-10,1.308,1.464,3.965,-0.808,13.161
2003-04-11,1.22,1.262,3.561,1.344,11.26
2003-04-12,1.184,1.1,2.162,0.72,12.781
2003-04-13,1.264,0.999,0.531,0.094,13.267
2003-04-14,1.332,0.975,0.272,-0.569,13.553
2003-04-15,1.254,0.97,1.671,1.103,14.252
2003-04-16,1.094,0.917,2.124,0.18,14.348
2003-04-17,1.005,0.857,0.667,0.152,13.982
2003-04-18,0.943,0.798,0.481,-2.894,14.949
2003-04-19,0.89,0.737,0.567,-3.522,15.49
2003-04-20,0.837,0.7,0.858,-0.75,14.374
2003-04-21,0.801,0.651,0.797,-2.053,14.018
2003-04-22,0.775,0.608,1.062,-0.545,13.06
2003-04-23,0.748,0.575,2.157,-1.214,13.833
2003-04-24,0.722,0.547,1.049,1.438,13.63
2003-04-25,0.708,0.54,0.535,-0.545,14.93
2003-04-26,0.728,0.544,0.247,-1.003,14.886
2003-04-27,0.718,0.545,0.005,-0.152,15.838
2003-04-28,0.666,0.533,0.0,-2.148,15.788
2003-04-29,0.644,0.506,0.192,-2.538,15.532
2003-04-30,0.613,0.469,0.257,-2.137,15.532
2003-05-01,0.574,0.433,0.044,-1.513,15.229
2003-05-02,0.515,0.394,0.223,-1.525,15.401
2003-05-03,0.42,0.375,0.102,-1.365,15.411
2003-05-04,0.386,0.356,0.082,-2.746,15.614
2003-05-05,0.342,0.342,0.799,-3.373,15.277
2003-05-06,0.333,0.331,0.919,-2.055,14.655
2003-05-07,0.332,0.319,2.013,-1.442,13.71
2003-05-08,0.34,0.311,0.619,-1.675,13.883
2003-05-09,0.34,0.312,0.05,-3.077,14.444
2003-05-10,0.34,0.315,0.313,-4.409,14.724
2003-05-11,,0.315,0.15,-4.482,13.972
2003-05-12,,0.305,0.316,-3.664,13.354
2003-05-13,0.307,0.295,0.498,-1.61,13.399
2003-05-14,0.3,0.284,0.156,-2.748,13.541
2003-05-15,0.295,0.278,0.2,-1.664,14.738
2003-05-16,0.293,0.268,0.703,0.804,14.625
2003-05-17,0.295,0.267,0.851,-0.078,13.535
2003-05-18,0.295,0.28,0.582,-1.33,13.177
2003-05-19,0.292,0.309,0.649,-3.218,13.519
2003-05-20,0.292,0.356,0.225,0.018,12.074
2003-05-21,0.286,0.404,0.651,-2.365,13.824
2003-05-22,0.286,0.459,0.246,-5.054,15.024
2003-05-23,0.279,0.484,0.544,-4.609,14.77
2003-05-24,0.271,0.468,0.309,-3.739,15.125
2003-05-25,0.271,0.414,0.004,-4.866,12.851
2003-05-26,0.269,0.365,0.249,-6.237,14.286
2003-05-27,0.269,0.322,0.012,-7.1,14.689
2003-05-28,0.264,0.281,0.12,-6.006,13.534
2003-05-29,0.26,0.249,0.08,-3.644,13.903
2003-05-30,0.255,0.224,0.001,-2.823,13.867
2003-05-31,0.251,0.207,0.351,-5.415,14.377
2003-06-01,0.247,0.197,0.588,-5.272,14.376
2003-06-02,0.247,0.185,1.011,-5.895,14.407
2003-06-03,0.242,0.177,0.254,-6.039,15.017
2003-06-04,0.242,0.17,0.054,-3.657,14.781
2003-06-05,0.238,0.165,0.004,-8.798,14.502
2003-06-06,0.238,0.16,0.0,-8.462,14.666
2003-06-07,0.238,0.159,0.162,-7.4,14.225
2003-06-08,0.234,0.155,0.231,-5.391,14.6
2003-06-09,0.23,0.152,0.018,-5.42,15.663
2003-06-10,0.234,0.148,0.002,-5.667,15.184
2003-06-11,0.23,0.145,0.106,-7.239,15.71
2003-06-12,0.226,0.141,0.02,-7.326,16.35
2003-06-13,0.226,0.137,0.035,-7.977,15.25
2003-06-14,0.222,0.135,0.181,-8.078,14.887
2003-06-15,0.222,0.131,0.207,-7.563,15.188
2003-06-16,0.222,0.129,0.057,-8.035,14.723
2003-06-17,0.218,0.127,0.003,-7.817,14.378
2003-06-18,0.218,0.125,0.004,-8.279,14.089
2003-06-19,0.214,0.124,1.821,-5.605,11.133
2003-06-20,0.218,0.13,0.407,-2.733,10.437
2003-06-21,0.214,0.153,0.168,-5.731,12.921
2003-06-22,0.211,0.188,0.057,-7.322,12.748
2003-06-23,0.214,0.222,0.145,-9.66,13.391
2003-06-24,0.211,0.234,0.0,-9.628,12.923
2003-06-25,0.211,0.228,0.023,-8.7,13.244
2003-06-26,0.211,0.207,0.335,-8.384,13.79
2003-06-27,0.207,0.185,0.003,-8.449,13.672
2003-06-28,0.203,0.163,0.035,-9.419,13.301
2003-06-29,0.203,0.148,0.067,-8.12,13.053
2003-06-30,0.203,0.134,0.0,-6.869,13.455
2003-07-01,,0.129,0.0,-7.91,13.52
2003-07-02,,0.118,0.0,-8.448,12.359
2003-07-03,0.2,0.112,0.001,-7.229,13.509
2003-07-04,0.2,0.108,0.001,-7.048,14.628
2003-07-05,0.203,0.104,0.0,-6.86,14.056
2003-07-06,0.196,0.103,0.0,-8.951,13.307
2003-07-07,0.2,0.101,0.115,-9.397,13.443
2003-07-08,0.196,0.099,0.013,-9.481,14.523
2003-07-09,0.196,0.097,0.014,-8.012,15.121
2003-07-10,0.196,0.095,0.011,-6.332,14.681
2003-07-11,,0.094,0.007,-6.078,14.566
2003-07-12,,0.093,0.0,-5.41,14.76
2003-07-13,0.193,0.092,0.0,-6.485,14.461
2003-07-14,0.189,0.091,0.0,-6.931,14.525
2003-07-15,0.189,0.09,0.0,-7.099,14.434
2003-07-16,0.186,0.09,0.049,-7.287,12.817
2003-07-17,0.186,0.089,0.106,-6.753,11.806
2003-07-18,0.173,0.089,0.104,-5.046,10.466
2003-07-19,0.17,0.088,0.0,-3.004,10.755
2003-07-20,0.167,0.087,0.0,-6.382,13.504
2003-07-21,0.164,0.088,0.0,-6.613,15.332
2003-07-22,0.17,0.088,0.0,-7.209,14.712
2003-07-23,0.167,0.087,0.0,-7.696,14.46
2003-07-24,0.164,0.087,0.116,-7.104,14.39
2003-07-25,0.16,0.086,0.01,-5.589,12.816
2003-07-26,0.16,0.085,0.146,-2.265,13.173
2003-07-27,0.158,0.084,0.003,-5.07,13.757
2003-07-28,0.158,0.084,0.009,-6.497,14.218
2003-07-29,0.158,0.085,0.029,-6.002,14.089
2003-07-30,0.16,0.086,0.0,-5.285,13.438
2003-07-31,0.164,0.085,0.002,-5.167,14.167
2003-08-01,0.164,0.079,0.352,-5.348,13.994
2003-08-02,0.158,0.077,0.695,-4.923,12.761
2003-08-03,0.16,0.076,0.125,-4.189,12.5
2003-08-04,0.155,0.077,0.185,-2.549,13.346
2003-08-05,0.16,0.079,0.356,-7.067,13.902
2003-08-06,0.158,0.082,0.366,-6.03,13.842
2003-08-07,0.155,0.084,1.554,-4.577,11.566
2003-08-08,0.155,0.084,1.317,-5.192,11.31
2003-08-09,0.143,0.085,1.148,-1.587,8.74
2003-08-10,0.143,0.087,0.847,-1.643,11.435
2003-08-11,0.149,0.096,0.0,-4.455,13.182
2003-08-12,0.149,0.108,0.011,-6.239,14.096
2003-08-13,0.152,0.117,0.002,-6.329,14.783
2003-08-14,0.149,0.118,0.001,-6.263,15.528
2003-08-15,0.149,0.113,0.003,-8.564,14.918
2003-08-16,0.146,0.106,0.069,-7.594,13.843
2003-08-17,0.143,0.096,0.146,-7.407,14.246
2003-08-18,0.143,0.088,0.006,-8.289,14.481
2003-08-19,0.143,0.083,0.001,-8.58,15.063
2003-08-20,0.141,0.076,0.001,-7.793,15.286
2003-08-21,0.138,0.073,0.0,-7.071,15.632
2003-08-22,0.138,0.07,0.132,-6.377,15.266
2003-08-23,0.136,0.067,0.087,-4.717,14.61
2003-08-24,0.136,0.066,0.644,-3.713,13.603
2003-08-25,,0.065,0.036,-3.698,14.912
2003-08-26,,0.064,0.263,-1.031,14.474
2003-08-27,,0.063,1.368,-0.266,13.669
2003-08-28,,0.064,0.235,-0.676,13.68
2003-08-29,,0.066,0.067,-5.611,14.439
2003-08-30,,0.069,0.097,-6.525,14.963
2003-08-31,,0.071,0.38,-4.559,14.452
2003-09-01,0.129,0.061,0.199,-4.429,14.437
2003-09-02,0.127,0.06,0.233,-3.964,14.04
2003-09-03,0.127,0.059,0.208,-3.819,13.661
2003-09-04,0.124,0.058,0.008,-3.854,14.007
2003-09-05,0.124,0.058,0.167,-2.797,13.622
2003-09-06,0.124,0.057,0.203,-1.763,14.171
2003-09-07,0.127,0.057,0.105,-3.292,14.533
2003-09-08,0.124,0.057,0.0,-7.506,14.813
2003-09-09,0.122,0.056,0.053,-6.784,15.67
2003-09-10,0.124,0.056,0.974,-2.648,14.437
2003-09-11,0.122,0.056,2.642,0.476,11.863
2003-09-12,0.118,0.059,0.739,-1.328,12.013
2003-09-13,0.122,0.064,0.877,-1.94,13.645
2003-09-14,0.124,0.07,0.172,-1.382,13.419
2003-09-15,0.122,0.072,0.463,-1.704,15.057
2003-09-16,0.122,0.074,0.011,-3.019,14.815
2003-09-17,0.12,0.074,0.003,-4.473,15.399
2003-09-18,0.118,0.073,0.0,-6.179,16.136
2003-09-19,0.118,0.071,0.032,-4.566,16.34
2003-09-20,0.118,0.068,0.071,-3.435,14.898
2003-09-21,0.115,0.063,0.084,-2.038,15.046
2003-09-22,0.115,0.059,0.872,0.363,14.526
2003-09-23,0.113,0.057,8.223,1.231,13.644
2003-09-24,0.113,0.059,2.66,0.32,14.361
2003-09-25,0.115,0.068,0.063,-1.037,15.458
2003-09-26,0.113,0.076,0.007,-4.855,14.713
2003-09-27,0.111,0.083,0.099,-5.586,16.351
2003-09-28,0.111,0.085,0.17,-5.102,17.377
2003-09-29,0.113,0.083,0.041,-3.056,16.534
2003-09-30,0.113,0.08,0.041,-2.898,16.561
2003-10-01,0.111,0.064,0.255,-1.59,16.316
2003-10-02,0.109,0.059,1.453,-1.417,15.399
2003-10-03,0.109,0.056,2.127,-1.025,14.651
2003-10-04,0.107,0.055,0.443,-0.9,15.58
2003-10-05,0.105,0.057,0.059,-2.251,16.163
2003-10-06,0.105,0.058,0.102,-2.477,16.66
2003-10-07,0.105,0.059,0.0,-4.935,15.754
2003-10-08,0.103,0.059,0.827,-4.249,17.814
2003-10-09,0.101,0.057,0.046,-4.033,18.16
2003-10-10,0.101,0.055,0.193,-2.347,18.455
2003-10-11,0.101,0.052,1.487,-1.152,13.868
2003-10-12,,0.048,1.676,0.277,17.375
2003-10-13,0.099,0.045,2.389,-0.947,15.414
2003-10-14,0.097,0.045,0.43,-3.863,15.579
2003-10-15,0.097,0.045,0.023,-6.517,16.781
2003-10-16,0.095,0.045,0.0,-6.467,17.093
2003-10-17,0.095,0.045,0.0,-3.083,17.749
2003-10-18,0.095,0.045,0.0,-3.013,18.01
2003-10-19,0.094,0.044,0.009,-1.66,18.602
2003-10-20,0.093,0.043,0.201,-0.875,18.301
2003-10-21,0.093,0.042,0.157,-0.596,18.026
2003-10-22,0.091,0.042,0.083,-1.462,18.86
2003-10-23,0.091,0.041,1.424,-0.878,18.759
2003-10-24,0.089,0.04,1.578,0.217,18.104
2003-10-25,0.088,0.04,1.511,-0.445,17.079
2003-10-26,0.088,0.041,0.191,-0.893,15.291
2003-10-27,0.086,0.043,1.358,-2.124,16.386
2003-10-28,0.086,0.045,4.876,2.395,12.869
2003-10-29,0.086,0.051,7.144,-0.357,13.121
2003-10-30,0.088,0.055,4.531,1.075,11.925
2003-10-31,0.089,0.064,2.883,0.177,15.142
2003-11-01,0.091,0.065,3.569,-0.02,14.312
2003-11-02,0.091,0.072,2.394,0.534,14.139
2003-11-03,0.091,0.077,2.814,0.902,15.431
2003-11-04,0.089,0.078,0.303,-0.933,16.748
2003-11-05,0.086,0.079,0.005,-3.091,17.125
2003-11-06,0.084,0.078,0.0,-3.391,17.042
2003-11-07,0.086,0.074,0.01,-1.645,17.335
2003-11-08,0.086,0.069,0.002,-2.496,17.82
2003-11-09,0.083,0.06,1.039,-1.393,17.454
2003-11-10,0.084,0.054,2.286,-0.185,15.919
2003-11-11,0.083,0.05,0.996,0.018,14.706
2003-11-12,0.081,0.047,2.135,0.15,17.4
2003-11-13,0.079,0.05,5.656,0.066,17.097
2003-11-14,0.079,0.056,0.885,1.77,15.28
2003-11-15,0.081,0.067,0.793,0.426,16.764
2003-11-16,0.079,0.074,0.291,0.521,17.028
2003-11-17,0.078,0.076,0.2,-2.141,17.384
2003-11-18,0.078,0.075,0.0,-4.229,17.692
2003-11-19,0.076,0.07,0.461,-2.199,17.607
2003-11-20,0.076,0.065,0.0,-1.747,17.375
2003-11-21,0.075,0.058,0.05,-3.182,16.395
2003-11-22,0.073,0.052,0.152,-3.533,17.536
2003-11-23,0.072,0.046,0.202,-0.724,18.084
2003-11-24,0.069,0.042,1.891,0.557,18.858
2003-11-25,0.067,0.039,0.341,0.691,16.467
2003-11-26,0.066,0.038,1.49,0.573,16.922
2003-11-27,0.065,0.04,2.458,1.858,16.875
2003-11-28,0.063,0.043,2.815,2.742,14.725
2003-11-29,0.062,0.046,0.855,-0.487,16.552
2003-11-30,0.062,0.052,1.199,-0.084,17.253
2003-12-01,0.063,0.052,1.492,1.402,16.57
2003-12-02,0.063,0.055,0.871,2.031,17.44
2003-12-03,0.065,0.055,0.967,-2.202,17.864
2003-12-04,0.065,0.054,1.133,-0.037,14.062
2003-12-05,0.065,0.051,0.479,-0.471,16.852
2003-12-06,,0.046,1.768,0.194,17.828
2003-12-07,0.063,0.043,1.218,0.992,17.979
2003-12-08,0.063,0.041,0.836,0.832,18.297
2003-12-09,0.062,0.041,2.4,0.985,18.162
2003-12-10,0.062,0.042,0.752,3.35,16.541
2003-12-11,0.061,0.042,1.633,-0.484,15.814
2003-12-12,0.062,0.042,12.348,0.866,15.127
2003-12-13,0.062,0.045,4.768,1.446,14.599
2003-12-14,0.062,0.056,1.759,1.892,15.238
2003-12-15,0.059,0.068,1.273,0.601,15.639
2003-12-16,0.061,0.078,2.755,1.447,15.439
2003-12-17,0.059,0.085,3.381,1.961,13.584
2003-12-18,0.059,0.085,1.445,2.608,14.452
2003-12-19,0.059,0.084,4.696,1.235,15.842
2003-12-20,0.058,0.085,3.498,2.861,13.62
2003-12-21,0.059,0.089,7.3,3.235,13.81
2003-12-22,0.057,0.096,3.335,2.091,15.841
2003-12-23,0.059,0.108,7.385,2.786,15.309
2003-12-24,0.062,0.141,12.656,1.16,12.41
2003-12-25,0.067,0.194,4.611,2.328,11.837
2003-12-26,0.391,0.304,5.912,2.578,13.885
2003-12-27,0.391,0.421,1.932,2.847,14.049
2003-12-28,0.403,0.52,1.176,1.97,13.146
2003-12-29,0.425,0.556,8.44,2.488,12.002
2003-12-30,0.433,0.548,7.043,2.679,13.225
2003-12-31,0.425,0.51,3.735,2.602,13.057
2004-01-01,0.433,0.521,12.331,3.841,14.241
2004-01-02,0.47,0.513,2.814,2.841,15.104
2004-01-03,0.523,0.532,7.946,3.441,14.244
2004-01-04,0.615,0.566,12.488,3.124,13.2
2004-01-05,0.71,0.611,5.336,3.077,10.777
2004-01-06,0.768,0.689,7.807,2.913,12.368
2004-01-07,0.88,0.824,5.658,3.544,12.45
2004-01-08,1.06,0.979,7.887,3.55,13.154
2004-01-09,0.979,1.1,6.583,3.345,13.617
2004-01-10,0.91,1.185,7.603,3.187,12.255
2004-01-11,1.052,1.236,10.243,2.804,13.772
2004-01-12,1.476,1.277,17.27,2.596,13.432
2004-01-13,1.529,1.327,15.164,3.343,13.605
2004-01-14,1.698,1.407,9.875,3.06,13.768
2004-01-15,2.372,1.57,6.281,2.319,10.86
2004-01-16,2.746,1.74,8.189,1.435,12.051
2004-01-17,2.829,1.9,5.165,1.327,12.166
2004-01-18,2.897,1.965,6.024,1.177,12.786
2004-01-19,2.966,2.048,5.808,1.537,13.277
2004-01-20,3.001,2.053,4.541,2.059,13.659
2004-01-21,2.966,1.976,7.495,2.507,11.566
2004-01-22,2.796,1.903,6.225,2.297,10.827
2004-01-23,2.681,1.769,7.784,1.704,11.599
2004-01-24,2.697,1.663,2.444,2.453,13.364
2004-01-25,2.863,1.639,4.275,3.138,14.203
2004-01-26,2.812,1.628,0.621,3.431,14.917
2004-01-27,2.763,1.588,1.062,2.713,14.495
2004-01-28,2.446,1.495,0.935,1.688,14.998
2004-01-29,2.102,1.326,0.659,1.709,14.617
2004-01-30,1.606,1.181,0.462,2.327,13.998
2004-01-31,1.373,1.026,0.041,1.835,14.799
2004-02-01,1.013,0.802,0.437,2.007,14.858
2004-02-02,1.013,0.679,1.233,3.124,15.647
2004-02-03,0.937,0.577,5.43,3.678,14.535
2004-02-04,0.908,0.51,5.905,3.852,14.175
2004-02-05,1.021,0.501,7.956,4.022,12.677
2004-02-06,1.117,0.57,5.386,3.301,12.23
2004-02-07,1.321,0.712,8.653,3.852,12.427
2004-02-08,1.476,0.956,6.626,3.823,12.954
2004-02-09,1.791,1.227,16.64,4.414,13.215
2004-02-10,2.084,1.529,7.627,2.62,11.163
2004-02-11,2.6,1.792,7.147,3.579,11.766
2004-02-12,2.691,2.002,5.601,3.33,12.791
2004-02-13,2.769,2.111,6.323,2.795,14.054
2004-02-14,2.691,2.162,3.693,3.358,14.336
2004-02-15,2.66,2.106,3.501,2.94,14.477
2004-02-16,2.395,2.042,1.133,3.228,14.412
2004-02-17,2.243,1.904,1.808,2.332,15.122
2004-02-18,2.149,1.753,2.81,2.278,14.38
2004-02-19,1.921,1.573,12.788,1.97,13.171
2004-02-20,1.745,1.427,11.942,1.647,11.82
2004-02-21,1.849,1.374,2.165,1.742,12.202
2004-02-22,1.933,1.499,0.946,0.435,14.191
2004-02-23,2.325,1.632,0.444,0.124,15.339
2004-02-24,2.243,1.676,1.662,0.503,15.099
2004-02-25,1.97,1.549,2.785,1.651,15.147
2004-02-26,1.548,1.349,0.118,0.498,14.641
2004-02-27,1.302,1.134,0.021,1.185,15.056
2004-02-28,1.177,0.952,0.157,1.544,15.797
2004-02-29,,0.785,0.103,0.701,16.212
2004-03-01,0.771,0.681,0.056,-0.571,15.988
2004-03-02,0.72,0.613,1.364,0.907,16.628
2004-03-03,0.677,0.566,2.707,1.915,15.334
2004-03-04,0.651,0.523,2.793,2.072,15.139
2004-03-05,0.634,0.506,0.359,1.163,15.604
2004-03-06,0.617,0.494,0.95,0.578,16.031
2004-03-07,0.617,0.491,2.302,2.027,15.553
2004-03-08,0.583,0.489,4.404,2.485,13.703
2004-03-09,0.566,0.498,2.577,2.842,12.459
2004-03-10,0.558,0.524,3.549,0.603,14.996
2004-03-11,0.583,0.57,3.291,2.612,15.068
2004-03-12,0.609,0.612,0.757,3.04,14.976
2004-03-13,0.609,0.647,1.199,1.747,15.747
2004-03-14,0.643,0.675,0.543,0.961,15.563
2004-03-15,0.6,0.664,0.314,2.133,15.906
2004-03-16,0.592,0.632,1.457,2.588,15.155
2004-03-17,0.523,0.597,1.611,2.171,16.013
2004-03-18,0.523,0.566,0.557,1.097,16.318
2004-03-19,0.515,0.527,1.664,2.249,13.377
2004-03-20,0.506,0.5,0.842,1.667,14.263
2004-03-21,0.498,0.474,8.425,1.557,14.243
2004-03-22,0.489,0.464,4.082,2.958,13.114
2004-03-23,0.506,0.488,9.73,2.466,14.299
2004-03-24,0.558,0.573,9.633,3.092,14.06
2004-03-25,0.643,0.691,2.425,2.396,13.981
2004-03-26,0.694,0.839,1.437,1.606,14.635
2004-03-27,0.754,1.003,7.018,0.833,14.667
2004-03-28,0.703,1.063,4.611,1.619,14.374
2004-03-29,0.643,1.046,5.789,0.541,13.432
2004-03-30,0.617,0.964,5.48,2.211,12.316
2004-03-31,0.651,0.901,1.564,1.655,14.239
2004-04-01,0.651,0.806,5.957,2.173,14.62
2004-04-02,0.651,0.802,2.396,1.599,14.825
2004-04-03,,0.791,1.83,0.715,15.256
2004-04-04,0.677,0.773,2.585,0.951,15.293
2004-04-05,0.66,0.749,1.934,1.879,14.297
2004-04-06,0.651,0.71,0.455,-0.092,15.957
2004-04-07,0.617,0.667,1.308,0.882,15.423
2004-04-08,0.6,0.617,2.96,-0.358,15.765
2004-04-09,0.583,0.579,1.656,1.935,14.162
2004-04-10,0.575,0.541,0.779,0.931,14.256
2004-04-11,0.575,0.514,0.002,0.161,15.012
2004-04-12,0.566,0.491,0.0,-1.45,15.478
2004-04-13,0.558,0.459,0.001,-1.694,16.149
2004-04-14,0.532,0.421,0.127,-0.938,15.544
2004-04-15,0.506,0.382,2.615,-0.703,14.369
2004-04-16,0.498,0.347,1.574,0.84,13.121
2004-04-17,0.489,0.332,3.617,0.863,12.327
2004-04-18,0.498,0.336,5.14,1.423,13.218
2004-04-19,0.489,0.356,3.285,1.615,13.063
2004-04-20,0.489,0.389,0.369,-1.193,14.887
2004-04-21,0.523,0.427,0.294,-1.73,14.734
2004-04-22,0.515,0.451,0.318,-2.207,14.061
2004-04-23,0.498,0.446,0.703,-2.421,13.752
2004-04-24,0.481,0.413,6.927,0.239,13.147
2004-04-25,0.472,0.377,3.246,1.206,12.992
2004-04-26,0.455,0.355,0.011,-0.748,14.362
2004-04-27,0.446,0.357,0.144,-1.786,14.874
2004-04-28,0.455,0.372,0.0,-1.556,15.63
2004-04-29,0.438,0.371,0.381,-1.652,16.155
2004-04-30,0.455,0.351,0.276,0.247,16.053
2004-05-01,0.481,0.326,0.316,-0.314,14.862
2004-05-02,0.468,0.294,1.342,0.195,14.631
2004-05-03,0.468,0.274,1.582,-1.452,13.072
2004-05-04,0.456,0.274,0.999,-0.348,12.723
2004-05-05,0.443,0.294,0.403,-2.032,13.276
2004-05-06,0.443,0.327,0.332,-4.391,14.236
2004-05-07,0.43,0.345,0.143,-4.422,14.39
2004-05-08,0.43,0.345,0.163,-3.095,12.374
2004-05-09,0.417,0.331,0.035,-4.325,14.477
2004-05-10,0.403,0.301,0.0,-4.605,15.186
2004-05-11,0.389,0.272,0.063,-4.1,16.335
2004-05-12,0.375,0.244,0.221,-5.248,16.2
2004-05-13,0.36,0.214,0.0,-7.025,15.917
2004-05-14,0.345,0.191,0.223,-6.484,15.426
2004-05-15,0.33,0.17,0.076,-5.912,14.573
2004-05-16,0.345,0.154,0.056,-6.044,13.996
2004-05-17,0.33,0.146,0.092,-6.084,14.839
2004-05-18,0.33,0.14,0.034,-5.938,14.723
2004-05-19,0.314,0.135,0.015,-6.551,14.383
2004-05-20,0.314,0.131,0.007,-5.514,13.837
2004-05-21,0.282,0.126,0.022,-4.909,14.173
2004-05-22,0.266,0.12,0.015,-5.987,14.155
2004-05-23,0.249,0.115,0.167,-5.345,14.492
2004-05-24,0.249,0.113,0.523,-4.266,14.779
2004-05-25,0.231,0.11,0.073,-2.904,14.985
2004-05-26,0.231,0.109,0.182,-4.694,14.012
2004-05-27,0.214,0.111,0.078,-4.98,15.425
2004-05-28,0.196,0.112,0.0,-8.529,15.319
2004-05-29,0.196,0.113,0.001,-8.851,15.53
2004-05-30,0.178,0.111,0.028,-7.451,15.803
2004-05-31,0.178,0.109,0.118,-9.868,14.141
2004-06-01,0.166,0.104,0.107,-8.511,13.899
2004-06-02,0.159,0.102,0.076,-8.418,14.387
2004-06-03,0.159,0.1,0.005,-8.329,14.133
2004-06-04,0.153,0.099,0.0,-8.401,14.122
2004-06-05,0.153,0.097,0.091,-9.398,14.395
2004-06-06,0.153,0.096,0.094,-8.168,14.102
2004-06-07,0.147,0.094,0.199,-6.631,12.994
2004-06-08,0.141,0.092,0.275,-2.416,11.145
2004-06-09,0.141,0.091,0.026,-4.011,12.623
2004-06-10,0.136,0.09,0.228,-5.862,13.379
2004-06-11,0.141,0.09,0.137,-7.292,14.178
2004-06-12,0.136,0.09,0.118,-5.574,13.548
2004-06-13,0.131,0.09,0.181,-4.872,13.856
2004-06-14,0.131,0.09,0.141,-4.991,14.439
2004-06-15,0.126,0.091,0.107,-6.553,14.199
2004-06-16,0.126,0.092,0.081,-6.045,13.529
2004-06-17,0.126,0.093,0.062,-7.75,14.392
2004-06-18,,0.092,0.081,-7.884,14.516
2004-06-19,0.122,0.091,0.008,-8.061,14.311
2004-06-20,0.122,0.09,0.095,-7.097,14.417
2004-06-21,0.118,0.087,0.02,-8.116,14.353
2004-06-22,0.115,0.084,0.007,-6.767,14.134
2004-06-23,0.115,0.082,0.79,-5.329,13.389
2004-06-24,0.112,0.08,0.645,-1.52,10.922
2004-06-25,0.109,0.081,0.069,-6.593,12.639
2004-06-26,0.109,0.084,0.319,-6.953,11.795
2004-06-27,0.109,0.09,0.003,-2.323,11.019
2004-06-28,0.106,0.095,0.0,-6.654,12.991
2004-06-29,0.106,0.099,0.363,-5.207,13.815
2004-06-30,0.106,0.102,0.075,-5.535,12.34
2004-07-01,,0.106,1.481,-4.481,11.18
2004-07-02,,0.109,1.516,-0.751,9.591
2004-07-03,0.104,0.114,1.039,-1.405,7.997
2004-07-04,0.104,0.136,0.371,-2.943,10.655
2004-07-05,0.104,0.16,0.054,-4.82,11.623
2004-07-06,,0.186,0.001,-3.595,12.227
2004-07-07,,0.203,0.707,-5.195,12.845
2004-07-08,,0.2,0.047,-10.166,13.132
2004-07-09,0.103,0.183,0.064,-8.64,13.587
2004-07-10,0.103,0.16,0.499,-9.49,13.474
2004-07-11,0.103,0.137,0.012,-6.412,12.314
2004-07-12,0.101,0.113,0.018,-6.736,13.121
2004-07-13,0.101,0.098,0.001,-9.215,13.817
2004-07-14,0.101,0.087,0.001,-9.252,14.125
2004-07-15,,0.079,0.0,-8.468,13.424
2004-07-16,0.1,0.073,0.337,-7.154,13.525
2004-07-17,0.1,0.07,0.018,-3.49,11.472
2004-07-18,0.1,0.067,0.0,-4.661,13.019
2004-07-19,0.1,0.066,0.107,-11.534,13.195
2004-07-20,0.1,0.065,0.0,-10.848,13.259
2004-07-21,0.1,0.065,0.0,-9.89,13.05
2004-07-22,0.1,0.064,0.09,-9.108,12.448
2004-07-23,0.1,0.063,0.0,-8.44,12.407
2004-07-24,0.101,0.062,0.125,-7.776,13.336
2004-07-25,0.101,0.061,0.01,-6.183,12.88
2004-07-26,0.101,0.06,0.064,-5.079,14.251
2004-07-27,0.103,0.059,0.022,-4.468,15.636
2004-07-28,0.103,0.059,0.389,-5.394,15.428
2004-07-29,0.103,0.059,0.983,-3.717,14.98
2004-07-30,0.104,0.058,0.0,-2.536,13.872
2004-07-31,0.104,0.058,0.008,-5.243,15.039
2004-08-01,0.089,0.056,0.014,-5.79,15.133
2004-08-02,0.087,0.056,0.014,-5.393,16.213
2004-08-03,0.087,0.056,0.016,-5.518,15.826
2004-08-04,0.087,0.056,0.002,-6.757,15.633
2004-08-05,,0.055,0.477,-7.528,15.169
2004-08-06,,0.054,0.484,-9.679,13.87
2004-08-07,,0.054,0.511,-5.704,12.067
2004-08-08,0.085,0.053,0.223,-4.982,13.229
2004-08-09,0.085,0.053,0.045,-6.738,13.911
2004-08-10,0.083,0.054,0.218,-6.639,13.78
2004-08-11,0.083,0.056,0.695,-4.619,13.256
2004-08-12,0.081,0.057,0.134,-6.403,13.645
2004-08-13,0.081,0.058,0.006,-7.741,13.83
2004-08-14,0.076,0.058,0.01,-5.959,13.653
2004-08-15,0.076,0.058,0.124,-5.883,13.441
2004-08-16,0.072,0.057,0.103,-4.864,14.037
2004-08-17,0.072,0.055,0.432,-4.769,13.551
2004-08-18,0.074,0.054,1.399,-0.256,11.759
2004-08-19,0.076,0.053,0.182,-2.14,14.387
2004-08-20,0.076,0.055,0.474,-3.895,15.786
2004-08-21,0.076,0.057,1.307,-1.958,14.726
2004-08-22,0.074,0.059,0.416,-1.744,13.656
2004-08-23,0.074,0.061,2.396,-2.007,12.101
2004-08-24,0.074,0.064,5.436,0.205,8.883
2004-08-25,0.072,0.073,1.402,-1.322,9.48
2004-08-26,0.072,0.093,0.027,-3.193,11.847
2004-08-27,0.072,0.122,0.0,-7.477,12.408
2004-08-28,0.074,0.158,0.426,-6.519,13.9
2004-08-29,0.074,0.163,1.776,-3.882,13.552
2004-08-30,0.074,0.149,0.863,-1.199,12.979
2004-08-31,,0.121,2.996,-1.875,14.374
2004-09-01,0.072,0.082,0.783,-2.805,15.378
2004-09-02,0.071,0.077,0.707,-2.676,15.05
2004-09-03,0.072,0.074,0.313,-1.901,14.484
2004-09-04,0.071,0.072,0.405,-1.346,15.736
2004-09-05,0.071,0.071,0.495,-3.384,15.757
2004-09-06,0.071,0.069,1.076,-2.906,14.565
2004-09-07,0.069,0.066,3.024,-2.928,13.958
2004-09-08,0.069,0.064,3.859,-1.926,12.228
2004-09-09,0.069,0.068,3.96,0.196,11.448
2004-09-10,0.071,0.077,1.055,-0.39,13.729
2004-09-11,0.069,0.088,0.026,-2.028,15.033
2004-09-12,0.069,0.098,0.033,-2.089,15.255
2004-09-13,0.067,0.104,0.009,-2.099,15.778
2004-09-14,0.067,0.101,0.094,-3.705,16.289
2004-09-15,0.067,0.094,0.137,-4.027,15.653
2004-09-16,0.066,0.088,0.042,-3.669,14.058
2004-09-17,0.066,0.081,0.08,-5.981,14.691
2004-09-18,0.064,0.074,0.089,-5.432,15.261
2004-09-19,0.064,0.07,0.012,-4.462,15.405
2004-09-20,0.063,0.062,0.077,-3.409,15.763
2004-09-21,0.063,0.056,0.439,-0.181,16.034
2004-09-22,0.061,0.051,0.441,-0.83,14.489
2004-09-23,0.061,0.047,0.416,-1.391,15.987
2004-09-24,0.061,0.044,0.356,0.272,13.825
2004-09-25,,0.044,1.971,-2.15,14.769
2004-09-26,0.06,0.046,1.538,0.222,15.282
2004-09-27,0.06,0.053,3.894,0.805,13.929
2004-09-28,0.06,0.066,0.509,0.058,14.534
2004-09-29,,0.076,2.169,0.302,12.496
2004-09-30,0.058,0.085,0.912,-0.376,13.017
2004-10-01,0.057,0.078,2.004,0.508,12.545
2004-10-02,0.057,0.083,0.332,-1.183,14.938
2004-10-03,0.056,0.084,0.181,-2.608,15.634
2004-10-04,0.056,0.083,1.253,-1.282,15.226
2004-10-05,0.056,0.079,1.342,-0.103,15.15
2004-10-06,,0.075,0.319,-0.594,14.787
2004-10-07,0.054,0.072,0.746,-0.018,16.102
2004-10-08,0.054,0.07,2.343,-0.325,17.234
2004-10-09,0.053,0.069,2.638,0.026,15.251
2004-10-10,0.053,0.067,1.153,0.622,15.768
2004-10-11,0.053,0.066,1.624,1.152,15.387
2004-10-12,,0.066,0.64,0.157,15.107
2004-10-13,0.052,0.066,0.538,-0.638,16.004
2004-10-14,0.052,0.064,2.175,1.318,15.382
2004-10-15,0.052,0.06,0.913,1.535,14.971
2004-10-16,0.051,0.058,0.518,0.471,16.791
2004-10-17,0.051,0.056,0.424,0.357,16.817
2004-10-18,0.051,0.056,0.166,-1.815,17.822
2004-10-19,0.049,0.055,1.541,1.091,17.326
2004-10-20,0.049,0.054,0.846,2.529,14.712
2004-10-21,0.048,0.053,1.273,2.09,16.192
2004-10-22,0.048,0.053,1.425,0.582,16.456
2004-10-23,0.047,0.054,0.887,-1.129,16.473
2004-10-24,0.046,0.054,0.644,-1.654,17.195
2004-10-25,0.046,0.054,0.069,-0.516,18.758
2004-10-26,0.045,0.053,0.04,-2.643,16.45
2004-10-27,0.045,0.052,0.292,-2.529,14.403
2004-10-28,0.044,0.049,0.388,0.045,15.741
2004-10-29,0.044,0.046,0.001,-4.75,16.793
2004-10-30,0.043,0.044,0.34,-2.845,17.737
2004-10-31,0.043,0.042,0.84,0.349,16.22
2004-11-01,0.042,0.032,2.995,0.914,16.64
2004-11-02,0.041,0.032,1.465,2.272,16.76
2004-11-03,0.041,0.038,3.195,1.067,16.603
2004-11-04,0.041,0.043,1.21,0.669,16.748
2004-11-05,0.04,0.05,2.951,1.09,16.588
2004-11-06,0.04,0.056,13.9,1.411,15.495
2004-11-07,0.04,0.066,8.726,1.354,12.845
2004-11-08,0.039,0.082,1.66,2.088,14.869
2004-11-09,0.07,0.109,2.143,0.834,15.728
2004-11-10,0.07,0.141,0.055,-0.024,17.758
2004-11-11,0.072,0.15,0.052,-2.003,17.426
2004-11-12,0.07,0.145,0.475,1.028,15.726
2004-11-13,0.07,0.124,2.426,-0.442,16.134
2004-11-14,0.072,0.102,1.79,0.11,17.002
2004-11-15,0.07,0.088,1.543,0.478,16.593
2004-11-16,0.07,0.079,1.098,0.233,16.219
2004-11-17,0.069,0.075,1.665,-0.889,17.223
2004-11-18,0.069,0.071,1.607,0.298,16.624
2004-11-19,0.067,0.069,2.59,-0.238,15.771
2004-11-20,0.066,0.066,2.118,0.261,15.741
2004-11-21,0.065,0.063,1.619,0.97,16.718
2004-11-22,0.063,0.063,1.303,0.621,15.924
2004-11-23,0.062,0.062,1.2,-0.021,16.949
2004-11-24,0.062,0.061,0.22,0.051,16.326
2004-11-25,0.059,0.059,1.6,2.287,16.266
2004-11-26,0.059,0.057,0.844,-1.337,16.932
2004-11-27,0.059,0.055,3.355,-0.463,17.584
2004-11-28,,0.053,1.064,0.697,16.97
2004-11-29,0.061,0.053,0.178,0.186,16.078
2004-11-30,0.061,0.053,1.122,0.387,15.583
2004-12-01,0.059,0.045,2.496,2.586,16.215
2004-12-02,0.058,0.045,1.645,-0.54,16.822
2004-12-03,0.059,0.044,1.679,0.258,16.904
2004-12-04,0.058,0.043,0.716,0.468,16.498
2004-12-05,0.058,0.042,1.759,2.3,16.486
2004-12-06,0.058,0.04,1.561,0.907,17.181
2004-12-07,,0.039,1.578,0.14,18.05
2004-12-08,0.055,0.039,1.041,-0.037,16.776
2004-12-09,0.057,0.039,5.083,1.726,15.377
2004-12-10,0.057,0.041,6.674,2.945,10.598
2004-12-11,0.056,0.05,1.187,1.984,14.414
2004-12-12,0.055,0.063,9.366,2.365,16.729
2004-12-13,0.053,0.077,4.765,2.117,15.335
2004-12-14,0.056,0.099,12.19,2.119,15.247
2004-12-15,0.057,0.147,10.387,1.931,13.474
2004-12-16,0.058,0.209,11.566,1.627,13.888
2004-12-17,0.075,0.318,2.402,2.185,13.448
2004-12-18,0.113,0.455,4.591,2.368,13.744
2004-12-19,0.147,0.548,1.966,1.881,14.89
2004-12-20,0.113,0.568,1.995,2.608,15.674
2004-12-21,0.089,0.544,0.988,2.785,14.725
2004-12-22,0.089,0.466,1.209,0.559,16.144
2004-12-23,0.079,0.362,1.614,2.766,15.828
2004-12-24,0.075,0.282,0.858,-0.29,15.988
2004-12-25,0.07,0.209,1.522,-0.463,15.196
2004-12-26,0.066,0.164,1.167,1.867,12.247
2004-12-27,0.065,0.131,4.124,-0.386,14.536
2004-12-28,0.065,0.106,4.565,1.116,14.585
2004-12-29,0.063,0.097,5.869,0.293,14.279
2004-12-30,0.063,0.1,7.165,2.076,12.231
2004-12-31,0.062,0.121,2.309,2.244,12.34
2005-01-01,0.063,0.182,4.361,2.259,14.452
2005-01-02,0.067,0.252,4.438,3.655,14.19
2005-01-03,0.067,0.305,2.659,3.7,12.19
2005-01-04,0.075,0.326,0.261,1.887,14.371
2005-01-05,0.078,0.329,0.18,-0.452,16.586
2005-01-06,0.089,0.32,0.791,-0.441,16.507
2005-01-07,0.395,0.285,1.088,1.397,14.843
2005-01-08,0.378,0.247,2.797,3.038,15.345
2005-01-09,0.355,0.198,4.379,3.096,13.977
2005-01-10,0.355,0.176,10.87,3.763,14.438
2005-01-11,0.355,0.183,4.242,3.213,12.656
2005-01-12,0.371,0.235,4.45,3.459,13.383
2005-01-13,0.391,0.325,6.902,3.941,13.456
2005-01-14,0.407,0.433,2.228,3.6,13.689
2005-01-15,0.451,0.521,0.48,2.293,13.933
2005-01-16,0.523,0.546,4.184,2.354,10.806
2005-01-17,0.499,0.54,1.736,1.671,13.5
2005-01-18,0.474,0.499,1.23,1.721,14.956
2005-01-19,0.465,0.447,4.124,2.332,14.425
2005-01-20,0.465,0.379,6.094,2.02,12.95
2005-01-21,0.465,0.337,1.032,1.868,14.887
2005-01-22,0.513,0.321,0.012,-0.859,15.538
2005-01-23,0.494,0.32,2.034,0.24,15.726
2005-01-24,0.451,0.305,1.32,1.342,13.522
2005-01-25,0.412,0.259,3.284,0.877,15.432
2005-01-26,0.403,0.2,1.908,2.772,14.283
2005-01-27,0.391,0.154,0.122,2.166,16.809
2005-01-28,0.374,0.119,1.001,2.107,16.889
2005-01-29,0.378,0.105,1.746,2.267,16.349
2005-01-30,0.374,0.095,0.907,1.496,15.332
2005-01-31,0.367,0.087,2.923,2.508,14.436
2005-02-01,0.355,0.067,6.675,3.06,14.339
2005-02-02,0.351,0.079,6.964,3.456,13.946
2005-02-03,0.359,0.115,5.241,3.426,14.337
2005-02-04,0.382,0.249,0.766,3.509,14.884
2005-02-05,0.442,0.304,3.998,2.713,15.64
2005-02-06,0.451,0.364,1.466,3.293,15.12
2005-02-07,0.433,0.408,10.799,2.891,14.327
2005-02-08,0.412,0.421,9.632,2.635,14.724
2005-02-09,0.425,0.473,7.604,2.902,13.812
2005-02-10,0.499,0.558,8.452,3.719,12.638
2005-02-11,0.581,0.666,19.084,3.429,13.217
2005-02-12,0.837,0.798,15.065,2.229,12.523
2005-02-13,1.137,1.003,9.955,1.6,12.932
2005-02-14,2.241,1.215,8.452,2.882,13.561
2005-02-15,2.57,1.486,3.852,3.009,11.895
2005-02-16,2.779,1.605,7.35,2.415,14.198
2005-02-17,2.73,1.631,6.05,3.278,12.313
2005-02-18,2.665,1.565,3.907,2.898,12.884
2005-02-19,2.601,1.487,7.455,3.244,13.104
2005-02-20,2.386,1.407,16.018,3.336,12.073
2005-02-21,2.102,1.365,4.777,3.013,12.357
2005-02-22,2.617,1.43,8.438,3.836,13.503
2005-02-23,2.914,1.551,3.546,3.347,12.602
2005-02-24,2.863,1.698,2.441,3.225,14.965
2005-02-25,2.431,1.728,1.682,4.068,15.234
2005-02-26,1.93,1.635,1.988,3.797,16.521
2005-02-27,1.584,1.454,1.164,4.247,16.363
2005-02-28,1.483,1.195,1.218,1.979,16.071
2005-03-01,1.036,0.929,4.515,2.98,14.715
2005-03-02,1.003,0.75,2.336,2.587,15.852
2005-03-03,1.011,0.663,4.228,3.868,14.59
2005-03-04,1.094,0.612,0.929,1.954,15.774
2005-03-05,0.956,0.586,0.465,-0.585,15.793
2005-03-06,0.932,0.559,0.073,0.437,15.915
2005-03-07,0.858,0.523,1.98,1.402,15.849
2005-03-08,0.729,0.484,7.013,2.267,15.75
2005-03-09,0.626,0.454,4.26,2.632,14.121
2005-03-10,0.632,0.46,2.353,2.451,12.818
2005-03-11,0.638,0.521,7.073,3.26,13.24
2005-03-12,0.626,0.599,4.578,3.5,14.592
2005-03-13,0.692,0.68,3.842,3.421,14.869
2005-03-14,0.917,0.755,1.311,3.062,13.478
2005-03-15,0.979,0.82,0.526,1.364,15.094
2005-03-16,0.873,0.827,0.0,-0.262,15.548
2005-03-17,0.816,0.771,0.158,0.22,15.718
2005-03-18,0.717,0.695,0.773,0.63,15.06
2005-03-19,0.615,0.609,0.099,0.914,13.701
2005-03-20,0.587,0.528,3.565,0.245,14.746
2005-03-21,0.57,0.465,3.98,1.796,13.745
2005-03-22,0.56,0.429,5.389,2.256,14.225
2005-03-23,0.56,0.442,4.237,3.064,13.594
2005-03-24,0.57,0.499,2.268,2.553,13.545
2005-03-25,0.632,0.566,0.628,1.583,15.352
2005-03-26,0.626,0.609,0.866,1.432,15.536
2005-03-27,0.638,0.626,1.821,1.048,15.354
2005-03-28,0.603,0.61,3.101,1.366,15.024
2005-03-29,0.565,0.581,3.899,2.612,14.501
2005-03-30,0.565,0.545,17.079,2.904,14.336
2005-03-31,0.62,0.562,3.663,1.688,12.903
2005-04-01,0.789,0.615,5.822,1.655,13.796
2005-04-02,1.011,0.718,2.768,2.058,14.006
2005-04-03,1.011,0.837,3.243,2.384,12.979
2005-04-04,0.844,0.901,3.174,2.051,13.885
2005-04-05,0.83,0.886,3.761,0.649,14.857
2005-04-06,0.768,0.835,0.553,1.841,15.381
2005-04-07,0.782,0.776,1.372,1.161,15.313
2005-04-08,0.768,0.729,0.976,2.242,15.502
2005-04-09,0.749,0.698,1.13,2.371,15.08
2005-04-10,0.755,0.643,0.22,0.779,15.502
2005-04-11,0.643,0.595,0.518,-0.07,15.831
2005-04-12,0.62,0.545,3.304,0.272,15.084
2005-04-13,0.603,0.507,1.768,1.256,14.15
2005-04-14,0.581,0.487,2.22,0.767,15.187
2005-04-15,0.57,0.497,2.381,0.756,15.472
2005-04-16,0.565,0.504,0.514,1.979,15.188
2005-04-17,0.57,0.503,0.192,1.413,15.118
2005-04-18,0.576,0.484,0.002,-0.802,15.558
2005-04-19,0.57,0.455,0.032,-3.22,14.895
2005-04-20,0.544,0.412,0.01,-3.551,15.021
2005-04-21,0.523,0.369,0.388,-1.228,14.6
2005-04-22,0.513,0.33,0.527,2.476,14.932
2005-04-23,0.503,0.286,0.13,-0.492,14.747
2005-04-24,0.489,0.263,1.525,-0.772,14.055
2005-04-25,0.484,0.241,0.308,-0.441,14.164
2005-04-26,0.484,0.224,0.0,-1.818,14.33
2005-04-27,0.479,0.211,0.001,-3.035,15.92
2005-04-28,0.465,0.203,0.0,-2.728,15.098
2005-04-29,0.451,0.195,0.11,-4.794,14.552
2005-04-30,0.451,0.183,0.089,-3.236,14.751
2005-05-01,0.446,0.179,0.0,-2.785,14.984
2005-05-02,0.439,0.17,0.001,-3.717,15.483
2005-05-03,0.437,0.159,0.0,-3.704,15.127
2005-05-04,0.434,0.153,0.0,-2.59,14.911
2005-05-05,0.433,0.148,0.0,-4.095,14.515
2005-05-06,0.431,0.141,0.317,-2.35,14.751
2005-05-07,0.431,0.137,0.578,-4.376,14.767
2005-05-08,0.427,0.133,0.0,-5.533,14.812
2005-05-09,0.401,0.13,0.033,-6.765,15.062
2005-05-10,0.388,0.129,0.006,-6.671,15.997
2005-05-11,0.376,0.129,0.059,-5.403,15.939
2005-05-12,0.364,0.127,0.0,-4.292,15.704
2005-05-13,0.352,0.123,0.214,-2.658,15.74
2005-05-14,0.335,0.117,0.075,-3.78,15.109
2005-05-15,0.319,0.115,0.06,-4.156,15.006
2005-05-16,0.299,0.115,0.734,-3.261,14.905
2005-05-17,0.294,0.12,0.842,-0.513,14.011
2005-05-18,0.266,0.123,0.301,-1.946,15.467
2005-05-19,0.275,0.122,0.387,-4.636,16.605
2005-05-20,0.258,0.12,0.19,-4.059,15.409
2005-05-21,0.249,0.116,0.686,-4.122,15.487
2005-05-22,0.241,0.113,0.39,-2.337,16.409
2005-05-23,0.229,0.111,0.135,-6.21,16.685
2005-05-24,0.222,0.111,0.02,-7.229,16.827
2005-05-25,0.215,0.11,0.24,-9.018,15.869
2005-05-26,0.211,0.109,0.015,-7.104,15.801
2005-05-27,0.204,0.106,0.0,-7.24,15.855
2005-05-28,0.194,0.102,0.03,-7.781,16.16
2005-05-29,0.191,0.098,0.157,-7.269,16.147
2005-05-30,0.185,0.094,0.0,-7.376,15.421
2005-05-31,0.161,0.09,0.0,-5.993,15.043
2005-06-01,0.158,0.089,0.029,-7.925,15.161
2005-06-02,0.149,0.086,0.008,-8.284,15.724
2005-06-03,0.143,0.083,0.003,-8.502,15.89
2005-06-04,0.138,0.081,0.099,-7.36,15.603
2005-06-05,0.133,0.08,0.047,-7.001,15.604
2005-06-06,0.127,0.078,0.003,-5.679,14.778
2005-06-07,0.121,0.077,0.013,-5.437,14.43
2005-06-08,0.125,0.075,0.007,-7.044,13.999
2005-06-09,0.117,0.075,0.082,-5.944,13.642
2005-06-10,0.114,0.073,0.016,-7.422,13.859
2005-06-11,0.111,0.072,0.054,-9.943,14.567
2005-06-12,0.108,0.072,0.005,-8.892,14.156
2005-06-13,0.103,0.071,0.043,-8.817,14.388
2005-06-14,0.102,0.07,0.0,-9.034,15.455
2005-06-15,0.101,0.069,0.024,-6.819,15.038
2005-06-16,0.102,0.068,0.019,-7.208,15.771
2005-06-17,0.1,0.067,0.087,-8.764,15.217
2005-06-18,0.099,0.067,0.001,-8.666,15.386
2005-06-19,0.099,0.066,0.148,-8.968,15.342
2005-06-20,0.098,0.065,0.095,-8.82,14.687
2005-06-21,0.099,0.065,0.043,-7.25,13.683
2005-06-22,0.098,0.064,0.034,-6.976,14.539
2005-06-23,0.097,0.063,0.006,-6.94,13.967
2005-06-24,0.097,0.063,0.002,-6.851,14.16
2005-06-25,0.097,0.062,0.005,-6.235,14.507
2005-06-26,0.094,0.062,0.006,-7.268,13.665
2005-06-27,0.095,0.061,0.0,-11.732,14.094
2005-06-28,0.094,0.061,0.005,-10.071,14.685
2005-06-29,0.094,0.06,0.068,-9.539,14.821
2005-06-30,0.093,0.06,0.013,-8.006,14.239
2005-07-01,0.093,0.057,0.02,-7.694,14.656
2005-07-02,0.092,0.056,0.0,-5.497,16.486
2005-07-03,0.092,0.056,0.085,-6.101,16.344
2005-07-04,0.092,0.056,0.0,-6.178,16.462
2005-07-05,,0.055,0.066,-6.402,16.02
2005-07-06,0.091,0.054,0.023,-5.536,14.873
2005-07-07,0.091,0.054,0.0,-5.367,14.788
2005-07-08,0.09,0.053,0.019,-6.158,15.587
2005-07-09,0.09,0.053,0.029,-7.024,15.215
2005-07-10,0.09,0.052,0.0,-7.776,14.57
2005-07-11,0.091,0.051,0.0,-10.691,13.888
2005-07-12,0.089,0.051,0.043,-11.332,14.09
2005-07-13,0.089,0.051,0.003,-9.759,14.489
2005-07-14,0.088,0.05,0.0,-9.67,14.553
2005-07-15,0.087,0.049,0.0,-8.17,15.235
2005-07-16,0.086,0.049,0.0,-8.178,14.383
2005-07-17,0.086,0.048,0.383,-8.327,13.85
2005-07-18,0.086,0.048,0.003,-5.802,13.805
2005-07-19,,0.048,0.061,-5.237,12.693
2005-07-20,,0.048,0.11,-0.817,12.08
2005-07-21,0.083,0.048,0.017,-2.993,12.536
2005-07-22,0.082,0.049,0.01,-3.393,13.246
2005-07-23,0.083,0.05,0.003,-6.272,13.802
2005-07-24,0.082,0.05,0.001,-7.496,14.429
2005-07-25,0.082,0.05,0.003,-7.477,14.415
2005-07-26,0.082,0.049,0.001,-6.389,14.251
2005-07-27,,0.048,0.0,-5.061,14.915
2005-07-28,0.081,0.047,0.005,-5.695,15.911
2005-07-29,0.081,0.047,0.0,-5.68,16.385
2005-07-30,0.081,0.046,0.004,-5.435,16.679
2005-07-31,0.081,0.045,0.0,-6.321,16.473
2005-08-01,0.08,0.043,0.001,-6.477,15.969
2005-08-02,0.08,0.043,0.001,-7.565,15.695
2005-08-03,0.08,0.042,0.0,-8.165,15.196
2005-08-04,0.079,0.042,0.72,-7.017,15.503
2005-08-05,0.079,0.042,0.0,-6.917,14.894
2005-08-06,0.079,0.041,0.771,-6.234,13.814
2005-08-07,,0.043,0.869,-2.299,10.757
2005-08-08,,0.047,0.095,-3.526,11.645
2005-08-09,,0.055,0.161,-6.899,13.929
2005-08-10,0.078,0.061,0.0,-6.771,14.87
2005-08-11,0.078,0.065,0.003,-7.038,15.551
2005-08-12,0.077,0.065,0.0,-8.012,15.235
2005-08-13,0.077,0.062,0.001,-8.553,15.754
2005-08-14,0.077,0.059,0.0,-7.912,16.567
2005-08-15,0.076,0.054,0.042,-9.888,15.499
2005-08-16,0.076,0.049,0.0,-8.695,15.85
2005-08-17,0.074,0.047,0.001,-9.084,15.594
2005-08-18,0.073,0.044,0.049,-7.809,15.044
2005-08-19,0.074,0.042,0.025,-5.523,15.454
2005-08-20,0.073,0.04,0.004,-4.61,16.439
2005-08-21,0.073,0.039,0.033,-4.561,15.714
2005-08-22,0.073,0.038,0.044,-4.317,15.679
2005-08-23,0.073,0.037,0.0,-8.961,14.732
2005-08-24,0.073,0.037,0.473,-6.296,14.79
2005-08-25,0.072,0.036,0.019,-4.569,15.481
2005-08-26,0.071,0.036,0.031,-6.427,14.902
2005-08-27,0.071,0.036,0.011,-6.208,15.682
2005-08-28,0.07,0.036,0.005,-7.46,16.907
2005-08-29,0.07,0.036,0.026,-7.331,17.503
2005-08-30,0.07,0.036,0.0,-8.669,16.967
2005-08-31,0.069,0.035,0.391,-5.013,16.063
2005-09-01,0.045,0.029,0.005,-4.629,15.119
2005-09-02,0.045,0.028,0.167,-3.861,15.805
2005-09-03,0.044,0.028,0.063,-4.165,16.696
2005-09-04,0.044,0.027,0.002,-7.912,16.68
2005-09-05,0.042,0.027,0.006,-8.225,17.189
2005-09-06,0.042,0.027,0.008,-5.74,16.491
2005-09-07,0.042,0.028,0.732,-4.134,15.73
2005-09-08,0.041,0.031,0.296,-1.03,14.364
2005-09-09,0.041,0.035,0.244,-0.64,14.238
2005-09-10,0.04,0.038,0.122,-2.309,14.496
2005-09-11,0.04,0.04,0.183,-2.569,15.156
2005-09-12,0.04,0.041,0.076,-1.505,13.935
2005-09-13,0.04,0.041,1.164,0.336,11.5
2005-09-14,0.039,0.043,2.003,-0.25,10.875
2005-09-15,0.038,0.051,0.04,-1.905,12.642
2005-09-16,0.039,0.066,0.096,-2.102,13.854
2005-09-17,0.038,0.076,0.232,-2.171,14.824
2005-09-18,0.038,0.083,0.128,-1.964,14.15
2005-09-19,0.038,0.086,0.001,-3.085,15.133
2005-09-20,0.038,0.085,0.001,-3.562,16.069
2005-09-21,0.038,0.081,0.0,-3.252,16.579
2005-09-22,0.038,0.075,0.0,-2.902,16.872
2005-09-23,0.038,0.069,0.125,-2.576,17.049
2005-09-24,,0.059,0.0,-1.704,17.396
2005-09-25,,0.05,0.107,-4.705,17.363
2005-09-26,,0.043,0.002,-3.409,16.842
2005-09-27,,0.039,0.013,-4.266,17.445
2005-09-28,,0.036,0.658,-2.352,17.773
2005-09-29,,0.033,0.872,-2.085,18.158
2005-09-30,,0.031,0.397,0.509,16.744
2005-10-01,,0.025,0.047,-2.15,17.362
2005-10-02,,0.025,6.277,-0.011,16.239
2005-10-03,0.038,0.027,5.599,0.724,16.12
2005-10-04,0.038,0.035,2.188,0.204,16.728
2005-10-05,0.038,0.047,1.168,0.077,16.852
2005-10-06,0.11,0.057,2.162,1.311,14.192
2005-10-07,0.11,0.061,7.15,1.989,13.874
2005-10-08,0.124,0.065,7.008,2.03,11.905
2005-10-09,0.124,0.069,10.28,1.716,12.869
2005-10-10,0.141,0.076,4.301,0.285,10.224
2005-10-11,0.141,0.087,1.753,0.088,13.087
2005-10-12,0.124,0.096,0.465,-1.282,15.137
2005-10-13,0.16,0.106,0.174,-1.736,15.383
2005-10-14,0.141,0.106,1.524,-1.609,15.975
2005-10-15,0.141,0.099,1.358,-0.359,15.504
2005-10-16,0.124,0.092,2.827,1.765,14.42
2005-10-17,0.16,0.087,3.094,1.415,14.776
2005-10-18,0.16,0.083,4.098,1.118,15.603
2005-10-19,0.141,0.08,4.855,1.731,14.653
2005-10-20,0.124,0.08,0.841,0.32,14.64
2005-10-21,0.11,0.082,1.641,-1.613,16.165
2005-10-22,0.143,0.084,0.942,-1.251,15.953
2005-10-23,0.133,0.082,7.184,1.243,16.105
2005-10-24,0.133,0.079,3.263,1.328,15.098
2005-10-25,0.154,0.078,2.966,1.266,15.861
2005-10-26,0.143,0.08,2.439,0.513,14.849
2005-10-27,0.133,0.08,3.472,0.021,16.431
2005-10-28,0.124,0.078,0.344,1.294,17.599
2005-10-29,0.124,0.075,0.338,0.078,17.567
2005-10-30,0.116,0.07,0.028,-1.669,18.248
2005-10-31,0.116,0.064,0.047,-0.698,16.637
2005-11-01,0.112,0.046,0.001,-1.671,17.761
2005-11-02,0.114,0.042,0.102,-1.736,17.706
2005-11-03,0.108,0.039,0.29,-1.156,17.174
2005-11-04,0.102,0.033,0.068,-1.429,17.679
2005-11-05,0.1,0.029,0.319,-3.289,17.425
2005-11-06,0.092,0.028,3.925,-0.528,14.886
2005-11-07,0.089,0.029,11.374,1.082,13.461
2005-11-08,0.087,0.041,8.021,0.971,10.223
2005-11-09,0.097,0.068,3.53,1.925,13.124
2005-11-10,0.104,0.104,2.072,2.156,14.976
2005-11-11,0.12,0.163,2.768,1.963,16.216
2005-11-12,0.146,0.205,1.957,1.243,14.45
2005-11-13,0.154,0.216,1.067,-0.353,15.485
2005-11-14,0.148,0.202,1.662,0.252,16.395
2005-11-15,0.156,0.181,2.006,-0.097,16.042
2005-11-16,0.173,0.153,0.903,0.348,17.245
2005-11-17,0.159,0.134,0.664,-0.396,17.913
2005-11-18,0.148,0.116,1.052,1.817,17.529
2005-11-19,0.131,0.101,1.797,3.348,14.921
2005-11-20,0.126,0.089,0.972,2.556,12.591
2005-11-21,0.116,0.08,5.308,1.992,15.952
2005-11-22,0.11,0.076,3.476,1.877,15.25
2005-11-23,0.108,0.078,1.709,-0.358,16.236
2005-11-24,0.126,0.083,0.157,-1.67,15.029
2005-11-25,0.131,0.088,1.883,0.876,15.81
2005-11-26,0.162,0.088,1.202,1.185,15.252
2005-11-27,0.185,0.085,0.257,-0.205,16.883
2005-11-28,0.148,0.081,0.012,-2.202,17.046
2005-11-29,0.141,0.077,0.316,-1.55,17.766
2005-11-30,0.133,0.07,0.062,0.22,16.304
2005-12-01,0.124,0.059,0.921,1.385,12.739
2005-12-02,0.116,0.051,7.536,2.125,15.369
2005-12-03,0.093,0.042,9.935,2.746,14.661
2005-12-04,0.108,0.046,4.14,2.726,15.772
2005-12-05,0.1,0.061,1.489,1.645,14.255
2005-12-06,0.1,0.074,2.181,-0.571,17.075
2005-12-07,0.133,0.084,0.688,1.234,14.681
2005-12-08,0.188,0.087,1.332,-1.319,16.731
2005-12-09,0.176,0.083,0.508,0.933,14.465
2005-12-10,0.143,0.076,3.118,0.145,16.115
2005-12-11,0.133,0.069,3.264,3.358,14.018
2005-12-12,0.124,0.065,0.685,2.185,16.364
2005-12-13,0.116,0.065,0.671,0.016,16.813
2005-12-14,0.116,0.067,1.713,2.105,15.364
2005-12-15,0.108,0.069,3.613,1.75,14.74
2005-12-16,0.1,0.07,4.264,2.671,14.325
2005-12-17,0.116,0.074,2.8,2.345,14.443
2005-12-18,0.104,0.078,3.386,2.226,14.039
2005-12-19,0.109,0.086,3.037,1.984,14.869
2005-12-20,0.133,0.093,0.439,-0.173,15.211
2005-12-21,0.145,0.096,0.267,0.944,14.099
2005-12-22,0.139,0.096,0.473,-0.291,14.61
2005-12-23,0.121,0.092,1.394,0.15,15.897
2005-12-24,0.115,0.086,2.592,1.005,14.968
2005-12-25,0.115,0.081,6.412,2.483,12.375
2005-12-26,0.104,0.082,7.077,2.452,11.884
2005-12-27,0.109,0.096,11.14,2.05,12.04
2005-12-28,0.115,0.146,9.15,2.695,11.139
2005-12-29,0.127,0.248,4.354,2.234,11.975
2005-12-30,0.174,0.412,8.024,1.806,13.083
2005-12-31,0.326,0.587,10.319,1.515,13.085
2006-01-01,0.521,0.757,7.347,2.285,13.622
2006-01-02,0.655,0.885,5.53,1.778,12.676
2006-01-03,0.788,0.956,4.381,1.906,12.836
2006-01-04,0.897,0.989,6.554,2.554,13.192
2006-01-05,0.95,0.976,3.701,2.473,11.984
2006-01-06,0.886,0.929,0.157,0.534,13.188
2006-01-07,0.969,0.882,0.076,-0.951,13.647
2006-01-08,0.894,0.795,0.476,-0.198,15.18
2006-01-09,0.707,0.668,2.97,0.966,15.329
2006-01-10,0.502,0.544,1.162,1.819,15.639
2006-01-11,0.419,0.413,10.499,2.313,12.609
2006-01-12,0.366,0.322,10.301,2.969,13.049
2006-01-13,0.386,0.306,4.775,2.86,12.332
2006-01-14,0.491,0.366,8.79,3.33,11.788
2006-01-15,0.875,0.532,6.706,2.694,11.455
2006-01-16,1.129,0.72,8.19,3.029,12.956
2006-01-17,1.385,0.935,10.457,3.308,11.139
2006-01-18,1.235,1.098,11.822,2.357,11.633
2006-01-19,1.595,1.216,3.721,1.684,13.186
2006-01-20,1.997,1.335,4.681,1.726,13.193
2006-01-21,1.915,1.419,4.181,2.565,12.902
2006-01-22,1.597,1.398,3.857,2.614,11.521
2006-01-23,1.497,1.313,6.852,2.867,14.177
2006-01-24,1.408,1.232,8.3,2.828,11.784
2006-01-25,1.31,1.188,5.812,2.494,11.898
2006-01-26,1.394,1.193,17.087,2.792,12.482
2006-01-27,1.87,1.277,4.674,2.05,11.756
2006-01-28,2.054,1.522,5.134,2.8,13.327
2006-01-29,2.192,1.701,1.329,3.171,13.711
2006-01-30,2.15,1.861,5.184,3.124,13.879
2006-01-31,1.868,1.853,1.509,3.107,14.31
2006-02-01,1.519,1.603,4.288,3.738,13.907
2006-02-02,1.43,1.514,0.115,3.297,14.334
2006-02-03,1.249,1.385,2.659,3.3,15.338
2006-02-04,1.185,1.232,4.668,3.268,14.148
2006-02-05,0.976,1.108,2.307,3.266,14.139
2006-02-06,0.962,1.026,1.858,3.618,13.408
2006-02-07,0.928,0.976,1.947,3.656,12.792
2006-02-08,0.769,0.976,10.429,3.362,13.527
2006-02-09,0.826,1.011,2.614,3.709,13.634
2006-02-10,0.963,1.081,8.082,3.742,13.103
2006-02-11,1.359,1.19,9.397,3.839,13.127
2006-02-12,1.524,1.342,6.083,3.354,13.381
2006-02-13,1.626,1.508,1.122,1.992,14.467
2006-02-14,1.962,1.597,0.09,1.39,13.606
2006-02-15,1.678,1.611,0.219,0.036,14.443
2006-02-16,1.215,1.519,0.221,0.501,15.352
2006-02-17,0.956,1.296,0.361,1.101,15.908
2006-02-18,0.804,1.08,2.89,1.608,15.277
2006-02-19,0.707,0.855,1.105,1.717,14.42
2006-02-20,0.673,0.707,1.281,2.285,13.647
2006-02-21,0.663,0.618,2.364,3.454,12.781
2006-02-22,0.642,0.583,0.164,1.73,15.356
2006-02-23,0.594,0.572,0.58,2.567,15.513
2006-02-24,0.609,0.584,2.409,2.31,16.04
2006-02-25,0.584,0.585,2.73,2.831,15.276
2006-02-26,0.556,0.57,3.579,2.018,13.988
2006-02-27,0.553,0.556,4.253,2.055,14.081
2006-02-28,0.535,0.532,3.291,2.867,13.758
2006-03-01,0.602,0.575,3.565,2.76,13.316
2006-03-02,0.676,0.596,4.32,2.758,14.553
2006-03-03,0.745,0.642,7.559,2.926,13.979
2006-03-04,0.683,0.701,2.928,2.736,14.02
2006-03-05,0.683,0.791,1.854,3.421,14.785
2006-03-06,0.736,0.909,1.606,2.98,15.439
2006-03-07,0.683,1.001,0.517,2.357,15.613
2006-03-08,0.641,1.024,0.052,-0.838,16.769
2006-03-09,0.596,0.975,0.106,0.868,16.508
2006-03-10,0.529,0.9,1.886,0.562,14.602
2006-03-11,0.492,0.802,0.019,2.247,14.788
2006-03-12,0.46,0.711,0.933,0.078,15.72
2006-03-13,0.449,0.651,0.647,1.856,14.451
2006-03-14,0.428,0.602,1.938,0.898,13.146
2006-03-15,0.413,0.565,2.809,1.721,13.099
2006-03-16,0.41,0.53,6.969,2.886,13.818
2006-03-17,0.411,0.537,4.655,2.89,12.068
2006-03-18,0.449,0.587,0.709,1.118,12.023
2006-03-19,0.457,0.646,4.814,2.13,13.143
2006-03-20,0.484,0.714,7.419,2.692,13.168
2006-03-21,0.472,0.787,6.812,2.978,13.355
2006-03-22,0.508,0.859,4.446,3.052,12.757
2006-03-23,0.666,0.957,4.208,2.96,13.344
2006-03-24,0.878,1.082,3.273,3.066,13.563
2006-03-25,1.025,1.169,2.603,2.896,13.69
2006-03-26,0.984,1.227,2.109,2.742,12.172
2006-03-27,0.851,1.232,2.345,1.838,14.188
2006-03-28,0.764,1.197,4.271,2.752,14.534
2006-03-29,0.759,1.148,4.888,2.94,13.779
2006-03-30,0.783,1.11,8.128,2.629,13.406
2006-03-31,0.941,1.105,2.96,2.686,12.271
2006-04-01,1.106,1.06,4.167,2.881,12.779
2006-04-02,1.207,1.122,1.506,2.19,13.854
2006-04-03,1.176,1.169,2.102,2.533,13.776
2006-04-04,1.137,1.186,1.816,2.487,13.847
2006-04-05,0.978,1.159,3.597,2.49,12.914
2006-04-06,0.971,1.105,6.338,2.702,12.083
2006-04-07,0.993,1.029,2.203,2.583,12.63
2006-04-08,1.083,0.994,0.751,0.441,14.453
2006-04-09,1.106,0.972,0.905,-0.394,15.147
2006-04-10,0.847,0.924,0.426,0.227,13.631
2006-04-11,0.762,0.854,0.25,-1.326,14.88
2006-04-12,0.714,0.779,0.689,-0.615,14.055
2006-04-13,0.659,0.715,3.041,0.601,13.323
2006-04-14,0.619,0.667,4.974,1.126,12.998
2006-04-15,0.632,0.623,2.881,2.039,11.572
2006-04-16,0.646,0.611,6.732,2.477,10.378
2006-04-17,0.714,0.625,0.674,0.954,14.134
2006-04-18,0.79,0.661,0.803,0.168,15.141
2006-04-19,0.869,0.697,0.317,-1.099,15.575
2006-04-20,0.804,0.705,0.372,-1.725,15.839
2006-04-21,0.707,0.688,0.003,-2.364,16.551
2006-04-22,0.666,0.632,0.632,-3.761,15.963
2006-04-23,0.626,0.576,0.001,-4.092,15.149
2006-04-24,0.573,0.513,0.26,-3.053,14.23
2006-04-25,0.559,0.449,0.032,-0.567,14.573
2006-04-26,0.54,0.399,0.345,-1.822,13.961
2006-04-27,0.527,0.366,0.628,-2.073,13.567
2006-04-28,0.471,0.34,0.416,-2.669,14.157
2006-04-29,0.442,0.324,2.628,-1.242,14.626
2006-04-30,0.425,0.308,0.659,-0.683,14.496
2006-05-01,0.386,0.309,0.02,-0.657,13.002
2006-05-02,0.367,0.319,0.082,-4.091,13.38
2006-05-03,0.349,0.327,0.004,-3.89,13.049
2006-05-04,0.332,0.321,0.181,-2.516,13.898
2006-05-05,0.315,0.305,0.173,-1.858,13.742
2006-05-06,0.315,0.29,0.015,-4.038,14.326
2006-05-07,0.315,0.277,0.03,-4.925,14.104
2006-05-08,0.284,0.265,0.176,-4.931,13.864
2006-05-09,0.255,0.252,0.007,-4.258,14.535
2006-05-10,0.241,0.241,0.0,-5.597,13.499
2006-05-11,0.228,0.23,0.0,-6.539,13.352
2006-05-12,0.228,0.218,0.0,-5.978,14.19
2006-05-13,0.205,0.21,0.0,-5.838,14.647
2006-05-14,0.205,0.199,0.002,-5.784,15.052
2006-05-15,0.194,0.187,0.015,-5.714,16.2
2006-05-16,0.183,0.177,0.004,-5.488,16.14
2006-05-17,0.174,0.17,0.001,-4.794,16.25
2006-05-18,0.165,0.161,0.013,-5.108,15.655
2006-05-19,0.165,0.157,0.09,-6.216,15.093
2006-05-20,0.149,0.152,0.083,-7.835,14.786
2006-05-21,0.142,0.15,0.0,-8.515,13.769
2006-05-22,0.136,0.146,0.0,-8.018,13.531
2006-05-23,0.142,0.143,0.0,-7.968,13.569
2006-05-24,0.136,0.141,0.0,-7.533,15.409
2006-05-25,0.13,0.137,0.0,-7.302,15.445
2006-05-26,0.13,0.136,0.0,-8.125,15.274
2006-05-27,0.125,0.133,0.0,-9.98,14.627
2006-05-28,0.125,0.13,0.0,-9.427,14.016
2006-05-29,0.12,0.127,0.0,-9.332,14.433
2006-05-30,0.12,0.125,0.068,-8.161,13.858
2006-05-31,0.117,0.119,0.318,-6.571,13.765
2006-06-01,0.115,0.115,0.391,-0.884,12.685
2006-06-02,0.113,0.115,0.089,-2.692,14.712
2006-06-03,0.119,0.122,0.0,-4.577,13.854
2006-06-04,0.117,0.13,0.0,-6.972,14.192
2006-06-05,0.114,0.135,0.0,-7.011,14.062
2006-06-06,0.114,0.136,0.005,-8.462,14.167
2006-06-07,0.113,0.132,0.107,-5.623,14.164
2006-06-08,0.112,0.127,0.563,-2.646,13.885
2006-06-09,0.11,0.118,0.124,-4.059,14.293
2006-06-10,0.11,0.113,0.0,-4.562,14.668
2006-06-11,0.111,0.109,0.319,-5.368,13.657
2006-06-12,0.109,0.105,0.066,-2.998,14.523
2006-06-13,0.109,0.102,0.036,-4.258,14.755
2006-06-14,0.109,0.1,0.055,-6.546,14.417
2006-06-15,0.105,0.098,0.063,-7.893,14.241
2006-06-16,0.103,0.096,0.125,-8.602,13.372
2006-06-17,0.103,0.094,0.008,-8.608,14.431
2006-06-18,0.1,0.092,0.015,-9.094,14.754
2006-06-19,0.098,0.09,0.004,-8.216,14.672
2006-06-20,0.096,0.089,0.198,-7.418,14.731
2006-06-21,0.096,0.087,0.346,-6.894,14.434
2006-06-22,0.095,0.085,0.32,-4.127,14.02
2006-06-23,0.094,0.084,0.398,-3.135,12.587
2006-06-24,0.092,0.084,0.525,-1.992,11.9
2006-06-25,0.091,0.09,0.185,-7.272,14.035
2006-06-26,0.092,0.097,0.145,-6.836,13.321
2006-06-27,0.09,0.104,0.279,-5.93,13.265
2006-06-28,0.089,0.108,0.163,-7.001,13.484
2006-06-29,0.089,0.105,0.009,-6.208,13.865
2006-06-30,0.088,0.101,0.077,-6.72,15.532
2006-07-01,0.087,0.094,0.032,-7.283,15.206
2006-07-02,0.087,0.089,0.0,-8.507,14.011
2006-07-03,0.087,0.085,0.0,-9.172,13.132
2006-07-04,0.085,0.081,0.0,-10.179,13.49
2006-07-05,0.085,0.077,0.0,-11.299,13.485
2006-07-06,0.083,0.074,0.0,-11.37,13.588
2006-07-07,0.083,0.072,0.0,-10.359,13.921
2006-07-08,0.083,0.071,0.0,-8.752,13.826
2006-07-09,,0.07,0.21,-9.506,13.883
2006-07-10,,0.068,0.125,-7.468,13.863
2006-07-11,0.081,0.067,0.0,-7.28,14.26
2006-07-12,0.081,0.067,0.044,-8.603,14.43
2006-07-13,0.081,0.066,0.046,-9.711,14.701
2006-07-14,0.079,0.066,0.015,-8.464,13.927
2006-07-15,0.079,0.065,0.019,-5.813,12.8
2006-07-16,0.079,0.064,0.003,-5.827,13.944
2006-07-17,,0.064,0.04,-7.662,13.72
2006-07-18,0.077,0.063,0.0,-9.142,13.934
2006-07-19,0.077,0.063,0.0,-11.156,13.939
2006-07-20,0.076,0.062,0.0,-12.409,14.133
2006-07-21,0.076,0.062,0.0,-12.66,14.398
2006-07-22,0.074,0.061,0.0,-10.362,14.706
2006-07-23,0.073,0.06,0.021,-8.866,14.343
2006-07-24,0.072,0.059,0.165,-7.638,14.814
2006-07-25,0.072,0.059,0.225,-6.582,13.88
2006-07-26,0.071,0.058,0.078,-6.311,14.789
2006-07-27,0.071,0.058,0.22,-5.783,15.101
2006-07-28,0.071,0.058,0.22,-2.224,14.212
2006-07-29,,0.057,0.094,-4.389,14.118
2006-07-30,0.07,0.057,0.018,-4.243,14.953
2006-07-31,0.071,0.056,0.068,-4.806,15.439
2006-08-01,0.069,0.054,0.465,-4.372,15.072
2006-08-02,0.069,0.053,0.375,-4.787,14.82
2006-08-03,0.068,0.053,0.481,-6.796,15.272
2006-08-04,0.068,0.053,0.023,-7.357,15.595
2006-08-05,0.068,0.053,0.112,-6.719,15.622
2006-08-06,0.067,0.052,0.48,-6.079,15.097
2006-08-07,0.067,0.051,0.126,-6.211,15.32
2006-08-08,0.067,0.05,0.005,-6.326,15.181
2006-08-09,0.067,0.049,0.094,-7.383,14.574
2006-08-10,0.067,0.049,1.148,-6.955,14.48
2006-08-11,0.067,0.048,0.346,-1.814,12.487
2006-08-12,0.062,0.048,0.212,-3.961,14.516
2006-08-13,0.062,0.049,0.331,-4.124,14.377
2006-08-14,0.062,0.052,0.027,-3.94,15.656
2006-08-15,0.061,0.054,0.098,-4.531,15.352
2006-08-16,0.061,0.055,0.258,-2.8,14.718
2006-08-17,0.059,0.054,0.363,-2.85,14.26
2006-08-18,0.059,0.054,0.155,-5.116,14.141
2006-08-19,0.059,0.053,0.37,-3.431,13.58
2006-08-20,0.061,0.053,1.109,-2.621,13.987
2006-08-21,0.059,0.053,0.353,0.114,14.472
2006-08-22,0.057,0.053,0.099,-1.956,14.867
2006-08-23,0.059,0.054,1.018,-2.691,14.962
2006-08-24,0.057,0.056,0.377,-1.807,13.759
2006-08-25,0.056,0.057,0.006,-4.05,14.919
2006-08-26,0.056,0.058,0.051,-7.877,15.834
2006-08-27,0.056,0.059,0.018,-5.504,16.969
2006-08-28,0.051,0.058,0.337,-3.549,14.703
2006-08-29,0.053,0.056,0.0,-0.122,13.87
2006-08-30,0.053,0.053,0.185,-2.846,16.074
2006-08-31,0.053,0.05,0.087,-5.073,16.134
2006-09-01,0.053,0.043,0.129,-5.423,16.266
2006-09-02,0.052,0.042,0.251,-7.5,15.994
2006-09-03,0.052,0.041,0.106,-5.059,15.733
2006-09-04,0.052,0.04,0.094,-6.391,15.808
2006-09-05,,0.04,0.008,-4.761,15.845
2006-09-06,,0.039,0.257,-4.936,15.922
2006-09-07,0.051,0.038,0.295,-3.009,16.161
2006-09-08,0.05,0.038,0.362,-3.983,15.014
2006-09-09,0.05,0.037,0.001,-9.548,14.73
2006-09-10,0.048,0.037,0.033,-7.606,14.759
2006-09-11,0.048,0.036,0.0,-8.296,16.027
2006-09-12,0.047,0.036,0.001,-6.245,16.152
2006-09-13,0.047,0.035,0.02,-3.878,16.529
2006-09-14,0.046,0.034,0.029,-3.668,16.307
2006-09-15,0.046,0.034,1.377,-1.485,15.918
2006-09-16,0.046,0.034,1.13,0.493,15.564
2006-09-17,,0.037,0.623,-0.75,15.158
2006-09-18,,0.041,0.118,-0.799,15.235
2006-09-19,0.045,0.044,0.266,-1.785,17.2
2006-09-20,0.044,0.047,1.373,0.214,16.722
2006-09-21,0.045,0.048,0.22,-1.875,16.679
2006-09-22,0.044,0.048,0.007,-4.806,15.436
2006-09-23,0.045,0.047,0.42,-3.124,15.605
2006-09-24,0.044,0.045,2.082,-3.449,15.201
2006-09-25,0.04,0.044,2.424,0.658,12.778
2006-09-26,0.043,0.045,2.136,-0.437,13.726
2006-09-27,0.044,0.053,1.118,0.512,15.243
2006-09-28,0.045,0.062,5.059,-0.095,14.639
2006-09-29,0.043,0.07,0.11,-0.121,14.213
2006-09-30,0.044,0.074,0.66,-1.878,16.259
2006-10-01,0.055,0.065,0.024,-2.888,16.123
2006-10-02,0.052,0.066,0.043,-1.048,15.762
2006-10-03,0.053,0.064,1.22,-0.42,16.136
2006-10-04,0.052,0.06,0.049,-2.815,16.222
2006-10-05,0.05,0.056,1.248,-3.104,15.122
2006-10-06,0.049,0.053,0.625,-0.369,15.768
2006-10-07,0.047,0.05,1.408,-1.324,16.152
2006-10-08,0.047,0.047,1.161,-0.147,16.777
2006-10-09,0.047,0.046,0.007,-1.078,16.44
2006-10-10,0.045,0.045,0.417,-0.343,16.295
2006-10-11,0.044,0.044,1.223,-0.279,16.073
2006-10-12,0.042,0.043,0.182,0.913,16.67
2006-10-13,0.041,0.042,0.028,-3.193,17.427
2006-10-14,0.04,0.041,0.0,-2.905,17.601
2006-10-15,0.04,0.039,0.071,-3.845,17.157
2006-10-16,0.038,0.038,3.28,-1.252,14.171
2006-10-17,0.039,0.037,0.93,0.225,16.521
2006-10-18,0.036,0.037,0.425,-0.773,16.972
2006-10-19,0.039,0.038,0.528,-2.902,16.407
2006-10-20,0.045,0.038,1.376,-0.415,15.631
2006-10-21,0.037,0.038,2.337,1.805,14.144
2006-10-22,0.036,0.041,5.218,1.777,16.022
2006-10-23,0.036,0.054,3.353,2.141,15.375
2006-10-24,0.103,0.07,1.723,1.295,15.984
2006-10-25,0.091,0.083,0.276,-1.323,15.628
2006-10-26,0.074,0.091,11.511,-1.035,14.965
2006-10-27,0.074,0.095,4.804,0.633,13.526
2006-10-28,0.103,0.099,3.487,1.487,15.921
2006-10-29,0.101,0.107,3.397,1.36,16.932
2006-10-30,0.108,0.111,8.313,2.064,16.11
2006-10-31,0.098,0.113,3.396,0.72,14.8
2006-11-01,0.115,0.116,1.677,0.408,16.952
2006-11-02,0.106,0.114,1.95,1.431,15.625
2006-11-03,0.096,0.108,3.807,0.908,15.636
2006-11-04,0.106,0.099,7.274,2.395,15.085
2006-11-05,0.106,0.094,2.901,2.129,14.872
2006-11-06,0.115,0.101,6.632,0.961,15.613
2006-11-07,0.164,0.124,11.445,2.079,12.764
2006-11-08,0.144,0.156,3.93,1.594,13.034
2006-11-09,0.154,0.198,3.149,1.379,14.728
2006-11-10,0.174,0.252,2.848,1.006,14.794
2006-11-11,0.222,0.281,1.45,0.976,14.718
2006-11-12,0.261,0.276,0.279,0.766,15.477
2006-11-13,0.271,0.248,0.336,-1.252,16.867
2006-11-14,0.261,0.203,0.101,-3.01,17.695
2006-11-15,0.222,0.164,0.28,-1.881,17.558
2006-11-16,0.203,0.129,0.726,-0.503,15.921
2006-11-17,0.164,0.101,1.449,2.216,14.52
2006-11-18,0.163,0.086,0.916,1.205,15.506
2006-11-19,0.163,0.079,1.006,-0.79,13.949
2006-11-20,0.148,0.083,0.892,0.875,15.097
2006-11-21,0.134,0.099,1.889,-0.012,16.345
2006-11-22,0.134,0.137,3.119,0.597,15.39
2006-11-23,0.134,0.177,1.951,2.324,14.259
2006-11-24,0.148,0.196,1.011,2.203,14.744
2006-11-25,0.12,0.197,7.628,0.565,14.717
2006-11-26,0.12,0.187,3.488,1.125,14.765
2006-11-27,0.12,0.177,4.029,1.789,15.468
2006-11-28,0.191,0.178,0.006,1.403,14.99
2006-11-29,0.163,0.176,2.081,0.036,15.998
2006-11-30,0.206,0.164,9.336,2.695,13.159
2006-12-01,0.184,0.164,1.376,1.534,16.138
2006-12-02,0.234,0.162,0.091,-0.335,17.159
2006-12-03,0.223,0.175,1.251,0.427,16.18
2006-12-04,0.28,0.176,2.645,1.368,14.867
2006-12-05,0.227,0.155,1.646,0.608,16.34
2006-12-06,0.202,0.131,7.218,1.034,16.166
2006-12-07,0.188,0.108,9.48,3.147,15.422
2006-12-08,0.198,0.102,1.985,1.622,14.877
2006-12-09,0.209,0.119,1.087,0.641,16.193
2006-12-10,0.282,0.157,2.129,0.62,14.936
2006-12-11,0.346,0.189,3.521,-0.487,15.762
2006-12-12,0.324,0.195,0.933,0.625,16.586
2006-12-13,0.296,0.187,1.396,-0.359,16.753
2006-12-14,0.31,0.17,1.221,-0.204,17.703
2006-12-15,0.356,0.15,12.254,0.504,15.635
2006-12-16,0.31,0.133,5.544,1.881,12.577
2006-12-17,0.3,0.143,7.629,2.176,14.973
2006-12-18,0.34,0.189,6.344,3.535,14.867
2006-12-19,0.442,0.283,10.229,3.51,14.52
2006-12-20,0.577,0.386,4.133,3.0,13.83
2006-12-21,0.509,0.513,4.021,3.984,13.128
2006-12-22,0.637,0.601,4.814,2.647,14.147
2006-12-23,0.647,0.679,3.709,1.917,15.403
2006-12-24,0.586,0.691,0.902,1.367,15.647
2006-12-25,0.551,0.645,2.956,1.82,14.533
2006-12-26,0.467,0.591,5.77,1.681,13.207
2006-12-27,0.428,0.513,4.924,2.712,13.547
2006-12-28,0.411,0.437,5.931,2.474,13.695
2006-12-29,0.443,0.41,2.77,2.343,14.827
2006-12-30,0.521,0.449,2.912,0.461,15.158
2006-12-31,0.569,0.509,10.158,2.571,13.799
2007-01-01,0.476,0.59,8.196,2.557,14.164
2007-01-02,0.468,0.622,7.799,3.314,13.238
2007-01-03,0.545,0.711,2.978,3.035,13.999
2007-01-04,1.185,0.844,1.447,2.645,13.998
2007-01-05,1.43,0.937,4.344,2.714,15.514
2007-01-06,1.181,0.947,12.541,3.499,13.95
2007-01-07,0.983,0.898,4.673,2.651,14.045
2007-01-08,0.925,0.855,4.083,3.202,13.515
2007-01-09,1.452,0.897,6.082,3.421,13.565
2007-01-10,1.519,0.99,8.822,3.681,12.224
2007-01-11,1.099,1.129,3.115,3.197,13.538
2007-01-12,1.258,1.284,3.967,3.117,14.718
2007-01-13,1.349,1.439,2.539,3.87,12.945
2007-01-14,1.329,1.499,8.663,3.529,13.693
2007-01-15,1.03,1.425,3.205,3.515,13.928
2007-01-16,1.144,1.356,3.414,4.211,14.398
2007-01-17,1.628,1.301,0.52,2.631,16.206
2007-01-18,1.819,1.256,0.823,2.657,16.445
2007-01-19,1.538,1.185,2.689,2.534,15.993
2007-01-20,1.056,1.061,1.359,1.689,15.983
2007-01-21,0.77,0.88,0.722,1.564,15.488
2007-01-22,0.681,0.683,4.017,2.195,14.589
2007-01-23,0.657,0.56,5.026,3.266,14.851
2007-01-24,0.614,0.494,1.216,2.797,15.569
2007-01-25,0.616,0.483,0.358,0.608,15.436
2007-01-26,0.637,0.511,0.483,1.65,16.353
2007-01-27,0.645,0.521,2.117,1.834,16.34
2007-01-28,0.545,0.495,1.078,1.629,17.716
2007-01-29,0.497,0.448,0.429,2.516,17.276
2007-01-30,0.473,0.387,2.075,3.053,16.715
2007-01-31,0.432,0.34,3.725,3.019,15.925
2007-02-01,0.464,0.358,0.101,3.118,14.249
2007-02-02,0.468,0.355,5.408,2.604,16.614
2007-02-03,0.542,0.367,3.006,3.708,16.842
2007-02-04,0.547,0.386,1.931,3.505,17.806
2007-02-05,0.532,0.416,1.042,3.1,17.511
2007-02-06,0.573,0.435,3.351,3.894,17.271
2007-02-07,0.517,0.441,5.616,2.82,16.773
2007-02-08,0.487,0.439,0.884,2.954,13.022
2007-02-09,0.487,0.462,2.912,3.615,13.987
2007-02-10,0.478,0.5,3.614,3.88,13.141
2007-02-11,0.473,0.544,6.692,4.11,13.453
2007-02-12,0.483,0.59,5.309,3.709,14.573
2007-02-13,0.589,0.642,8.439,4.085,11.743
2007-02-14,0.736,0.712,2.515,3.374,12.886
2007-02-15,0.795,0.782,0.027,1.939,12.698
2007-02-16,1.084,0.852,0.868,1.025,12.747
2007-02-17,1.035,0.87,1.042,-1.056,14.177
2007-02-18,0.842,0.793,3.832,1.562,13.879
2007-02-19,0.657,0.694,1.35,1.97,13.588
2007-02-20,0.646,0.601,4.557,1.947,13.539
2007-02-21,0.736,0.54,5.172,2.335,13.243
2007-02-22,0.822,0.502,2.432,1.844,14.564
2007-02-23,0.775,0.499,3.265,2.131,15.152
2007-02-24,0.705,0.507,3.938,2.5,13.946
2007-02-25,0.675,0.523,2.089,3.431,13.032
2007-02-26,0.646,0.531,1.254,2.576,15.146
2007-02-27,0.611,0.542,0.705,1.994,15.018
2007-02-28,0.606,0.553,1.028,2.117,15.215
2007-03-01,0.626,0.588,8.257,2.765,14.354
2007-03-02,0.587,0.577,6.849,3.01,13.515
2007-03-03,0.64,0.584,7.115,2.831,12.942
2007-03-04,0.834,0.629,5.913,2.474,12.776
2007-03-05,1.365,0.719,5.876,3.041,12.385
2007-03-06,1.551,0.886,9.721,2.838,13.636
2007-03-07,1.645,1.059,3.429,3.146,13.444
2007-03-08,1.457,1.162,15.75,3.222,13.208
2007-03-09,1.627,1.248,12.077,2.603,13.274
2007-03-10,1.829,1.411,4.152,2.016,13.858
2007-03-11,2.544,1.598,1.886,1.962,14.403
2007-03-12,2.602,1.718,6.38,2.868,13.745
2007-03-13,1.941,1.736,10.277,1.932,10.547
2007-03-14,1.708,1.669,9.907,2.445,12.462
2007-03-15,1.789,1.599,6.78,2.629,13.157
2007-03-16,1.968,1.597,5.89,2.763,13.322
2007-03-17,2.25,1.657,3.945,2.98,12.607
2007-03-18,2.152,1.723,9.319,3.168,11.611
2007-03-19,2.455,1.782,9.462,2.563,12.335
2007-03-20,2.591,1.829,4.275,1.857,13.553
2007-03-21,3.029,1.857,0.649,2.061,14.971
2007-03-22,3.244,1.926,0.599,1.324,15.272
2007-03-23,2.85,1.918,0.567,0.45,14.833
2007-03-24,2.095,1.817,0.382,0.531,13.757
2007-03-25,1.643,1.631,1.103,1.552,14.036
2007-03-26,1.344,1.432,1.965,1.398,14.946
2007-03-27,1.295,1.22,2.69,2.515,14.258
2007-03-28,1.11,1.091,4.73,1.269,13.665
2007-03-29,1.059,1.02,8.05,2.82,13.437
2007-03-30,1.094,1.028,3.082,2.365,13.121
2007-03-31,1.525,1.11,3.206,2.296,12.576
2007-04-01,1.41,1.159,4.089,1.773,12.898
2007-04-02,1.41,1.239,5.072,2.33,14.04
2007-04-03,1.288,1.285,3.384,2.165,13.711
2007-04-04,1.44,1.327,4.136,2.019,14.208
2007-04-05,1.789,1.365,7.171,2.307,13.447
2007-04-06,1.613,1.375,3.286,2.523,12.618
2007-04-07,1.667,1.352,1.385,3.07,14.704
2007-04-08,1.977,1.339,1.572,1.362,14.722
2007-04-09,1.744,1.293,0.7,2.265,13.603
2007-04-10,1.316,1.201,2.25,1.028,14.427
2007-04-11,1.148,1.09,4.827,1.798,13.554
2007-04-12,1.09,1.009,1.423,2.138,14.747
2007-04-13,1.026,0.959,1.798,0.35,11.555
2007-04-14,1.01,0.932,3.855,0.22,13.861
2007-04-15,1.106,0.898,0.692,-0.665,14.839
2007-04-16,1.026,0.848,0.226,0.081,14.968
2007-04-17,0.957,0.801,0.016,-0.885,15.137
2007-04-18,0.877,0.734,0.145,-2.413,14.933
2007-04-19,0.802,0.694,0.043,-2.376,14.748
2007-04-20,0.75,0.631,0.071,-2.192,14.646
2007-04-21,0.719,0.578,0.448,-1.966,14.012
2007-04-22,0.688,0.523,0.628,-0.814,15.252
2007-04-23,0.67,0.48,2.817,0.023,14.534
2007-04-24,0.653,0.444,1.284,0.716,14.775
2007-04-25,0.647,0.439,4.192,2.042,13.956
2007-04-26,0.67,0.454,2.719,0.389,14.689
2007-04-27,0.682,0.493,7.244,1.649,12.982
2007-04-28,0.7,0.535,1.279,1.036,12.401
2007-04-29,0.694,0.583,4.866,1.499,13.859
2007-04-30,0.7,0.618,1.282,1.346,14.229
2007-05-01,0.725,0.656,0.365,-0.981,14.697
2007-05-02,0.831,0.666,0.015,-1.335,14.676
2007-05-03,0.759,0.658,1.756,-0.971,14.432
2007-05-04,0.661,0.629,0.164,0.489,14.641
2007-05-05,0.617,0.589,1.294,-0.2,15.507
2007-05-06,0.561,0.547,0.891,-0.833,13.375
2007-05-07,0.561,0.52,1.206,-1.103,14.487
2007-05-08,0.548,0.489,3.336,0.168,14.243
2007-05-09,0.498,0.467,2.106,1.272,12.596
2007-05-10,0.464,0.447,0.208,0.562,14.753
2007-05-11,0.453,0.447,0.814,-2.06,15.347
2007-05-12,0.442,0.444,4.51,-1.49,15.548
2007-05-13,0.442,0.431,1.391,-1.418,15.333
2007-05-14,0.442,0.414,1.119,-0.716,15.533
2007-05-15,0.431,0.403,0.844,-2.144,15.243
2007-05-16,0.421,0.394,0.921,-2.939,15.128
2007-05-17,0.421,0.381,0.405,-1.702,13.693
2007-05-18,0.4,0.351,0.046,-4.666,13.859
2007-05-19,0.391,0.321,0.084,-3.032,13.857
2007-05-20,0.381,0.288,0.052,-2.439,14.582
2007-05-21,0.363,0.263,0.003,-5.801,14.151
2007-05-22,0.345,0.242,0.025,-5.749,14.056
2007-05-23,0.336,0.224,0.406,-5.849,13.595
2007-05-24,0.328,0.21,0.398,-4.11,12.834
2007-05-25,0.328,0.198,0.235,-3.528,14.54
2007-05-26,0.32,0.186,0.0,-4.803,14.811
2007-05-27,0.312,0.18,0.0,-5.582,14.818
2007-05-28,0.296,0.174,0.067,-4.672,14.499
2007-05-29,0.296,0.169,0.015,-3.728,13.956
2007-05-30,0.264,0.162,0.057,-4.278,13.383
2007-05-31,0.28,0.158,0.089,-5.589,13.999
2007-06-01,0.245,0.159,0.057,-5.419,14.53
2007-06-02,0.245,0.156,0.017,-4.508,15.036
2007-06-03,0.245,0.153,0.167,-4.561,14.879
2007-06-04,0.232,0.15,0.001,-4.227,15.16
2007-06-05,0.235,0.146,0.021,-4.346,15.654
2007-06-06,0.215,0.142,0.012,-4.201,15.624
2007-06-07,0.212,0.138,0.005,-4.841,15.19
2007-06-08,0.203,0.134,0.002,-7.853,14.723
2007-06-09,0.2,0.13,0.009,-7.77,14.969
2007-06-10,0.191,0.127,0.004,-7.527,15.168
2007-06-11,0.186,0.123,0.144,-8.293,14.59
2007-06-12,0.183,0.118,0.009,-7.796,14.691
2007-06-13,0.194,0.115,0.007,-7.368,15.026
2007-06-14,0.178,0.113,0.001,-6.963,15.06
2007-06-15,0.175,0.111,0.005,-7.718,15.688
2007-06-16,0.173,0.109,0.116,-8.154,14.238
2007-06-17,0.17,0.107,0.0,-8.165,14.856
2007-06-18,0.163,0.105,0.0,-6.998,15.308
2007-06-19,0.16,0.104,0.018,-6.552,15.233
2007-06-20,0.158,0.103,0.057,-5.727,15.256
2007-06-21,0.158,0.102,0.012,-5.192,14.798
2007-06-22,0.153,0.101,0.034,-5.832,15.192
2007-06-23,0.156,0.099,0.195,-4.584,14.175
2007-06-24,0.151,0.099,0.144,-3.961,14.374
2007-06-25,0.144,0.099,0.086,-2.312,14.42
2007-06-26,0.138,0.1,0.014,-4.824,15.549
2007-06-27,0.132,0.1,0.06,-5.873,15.511
2007-06-28,0.13,0.1,0.019,-6.406,16.263
2007-06-29,0.128,0.099,0.036,-6.702,15.431
2007-06-30,0.127,0.098,0.096,-7.236,15.369
2007-07-01,0.125,0.093,0.001,-7.444,14.738
2007-07-02,0.124,0.091,0.0,-8.078,14.836
2007-07-03,0.122,0.089,0.003,-9.295,15.41
2007-07-04,0.121,0.087,0.0,-8.483,14.997
2007-07-05,0.118,0.086,0.07,-7.409,14.398
2007-07-06,0.115,0.084,0.155,-6.816,14.318
2007-07-07,0.114,0.083,0.505,-4.735,13.748
2007-07-08,0.113,0.082,0.727,-3.889,11.828
2007-07-09,0.113,0.083,0.59,-1.715,10.304
2007-07-10,0.113,0.087,0.107,-2.33,10.839
2007-07-11,0.112,0.097,0.048,-2.482,11.105
2007-07-12,0.113,0.109,0.044,-5.256,13.037
2007-07-13,0.111,0.114,0.068,-5.367,13.203
2007-07-14,0.11,0.113,0.171,-4.257,13.654
2007-07-15,0.11,0.108,0.133,-4.407,13.521
2007-07-16,0.107,0.1,0.0,-4.486,13.421
2007-07-17,0.107,0.092,0.286,-6.836,13.766
2007-07-18,0.11,0.087,0.001,-6.173,13.776
2007-07-19,0.108,0.083,0.023,-4.723,13.755
2007-07-20,0.106,0.079,0.225,-2.828,14.993
2007-07-21,0.105,0.076,0.273,-4.817,14.69
2007-07-22,0.104,0.074,0.358,-5.302,15.085
2007-07-23,0.103,0.073,0.017,-7.191,14.062
2007-07-24,0.102,0.072,0.077,-7.361,13.647
2007-07-25,0.101,0.071,0.229,-9.642,13.559
2007-07-26,0.1,0.07,0.002,-5.383,12.805
2007-07-27,0.098,0.069,0.044,-5.174,14.232
2007-07-28,0.096,0.069,0.0,-6.099,14.079
2007-07-29,0.093,0.068,0.0,-4.886,14.083
2007-07-30,0.096,0.067,0.001,-6.707,14.321
2007-07-31,0.091,0.067,0.001,-6.178,14.38
2007-08-01,0.091,0.062,0.011,-6.433,14.803
2007-08-02,0.089,0.061,0.002,-7.701,14.754
2007-08-03,0.087,0.06,0.006,-6.266,14.737
2007-08-04,0.089,0.059,0.013,-6.244,14.322
2007-08-05,0.086,0.058,0.0,-6.083,14.462
2007-08-06,0.086,0.058,0.022,-6.706,15.064
2007-08-07,0.084,0.057,0.077,-6.709,14.739
2007-08-08,0.083,0.057,0.002,-6.564,15.316
2007-08-09,0.084,0.056,0.008,-5.33,16.286
2007-08-10,0.083,0.056,0.005,-5.423,16.276
2007-08-11,0.083,0.055,0.004,-6.102,14.884
2007-08-12,0.084,0.054,0.0,-6.093,15.966
2007-08-13,0.083,0.054,0.0,-6.786,16.831
2007-08-14,0.081,0.053,0.087,-7.844,16.099
2007-08-15,0.079,0.053,0.196,-7.801,15.445
2007-08-16,0.077,0.052,0.073,-6.085,14.606
2007-08-17,0.077,0.051,0.043,-5.349,14.334
2007-08-18,0.075,0.051,0.001,-4.689,15.37
2007-08-19,0.074,0.051,0.007,-6.025,15.789
2007-08-20,0.074,0.05,0.001,-5.172,15.391
2007-08-21,0.074,0.05,0.007,-5.186,16.518
2007-08-22,0.073,0.05,0.008,-4.996,16.933
2007-08-23,0.072,0.049,0.004,-5.136,17.1
2007-08-24,0.071,0.048,0.062,-5.376,17.352
2007-08-25,0.071,0.048,0.0,-5.469,17.885
2007-08-26,0.07,0.048,0.007,-5.702,17.038
2007-08-27,0.062,0.048,0.004,-0.92,15.582
2007-08-28,0.065,0.048,0.008,-1.989,15.855
2007-08-29,0.066,0.049,0.142,-5.389,15.452
2007-08-30,0.065,0.049,0.246,-0.346,14.425
2007-08-31,0.064,0.05,0.043,-0.967,14.888
2007-09-01,0.077,0.044,0.199,-1.89,14.822
2007-09-02,0.077,0.045,0.198,-1.651,15.497
2007-09-03,0.067,0.046,0.582,-2.578,16.237
2007-09-04,0.063,0.047,0.79,-2.399,14.092
2007-09-05,0.063,0.051,1.057,-3.367,13.706
2007-09-06,0.067,0.057,2.03,-0.325,13.574
2007-09-07,0.067,0.066,1.268,0.714,13.017
2007-09-08,0.072,0.072,0.603,-0.426,13.811
2007-09-09,0.072,0.078,1.909,-1.231,14.121
2007-09-10,0.077,0.082,2.994,-1.118,14.516
2007-09-11,0.072,0.083,2.393,-1.303,13.704
2007-09-12,0.063,0.085,0.543,-3.258,14.027
2007-09-13,0.077,0.086,0.358,-4.205,15.23
2007-09-14,0.077,0.086,0.646,-4.027,15.714
2007-09-15,0.077,0.084,0.243,-2.044,15.504
2007-09-16,0.072,0.08,0.004,-0.82,15.011
2007-09-17,0.067,0.075,0.103,-1.347,15.402
2007-09-18,0.067,0.071,0.452,-2.131,16.008
2007-09-19,0.063,0.066,1.108,-0.063,15.145
2007-09-20,0.063,0.06,0.474,-0.266,13.921
2007-09-21,0.063,0.058,0.176,-2.128,14.832
2007-09-22,0.058,0.058,0.226,-0.979,14.906
2007-09-23,0.054,0.058,1.52,0.186,16.026
2007-09-24,0.054,0.06,0.939,-0.361,13.945
2007-09-25,0.058,0.065,1.615,0.596,14.748
2007-09-26,0.058,0.069,0.831,-0.298,15.271
2007-09-27,0.058,0.072,1.642,0.066,15.092
2007-09-28,0.063,0.078,0.93,0.123,14.741
2007-09-29,0.063,0.082,0.307,-0.761,14.958
2007-09-30,0.058,0.083,0.04,-1.766,15.445
2007-10-01,0.065,0.07,0.001,-3.221,17.099
2007-10-02,0.065,0.069,0.005,-3.446,17.927
2007-10-03,0.063,0.064,0.009,-4.977,18.013
2007-10-04,0.066,0.058,0.22,-2.491,18.065
2007-10-05,0.061,0.053,0.099,-1.351,18.013
2007-10-06,0.068,0.047,0.67,-2.629,17.048
2007-10-07,0.059,0.043,1.485,-0.068,15.341
2007-10-08,0.057,0.04,1.358,1.422,14.419
2007-10-09,0.057,0.038,0.806,-1.808,16.563
2007-10-10,0.057,0.039,2.707,-0.524,16.031
2007-10-11,0.059,0.04,0.27,1.029,17.317
2007-10-12,0.056,0.042,0.375,-2.981,16.156
2007-10-13,0.056,0.042,1.015,-2.683,16.414
2007-10-14,0.054,0.042,1.836,-0.619,15.786
2007-10-15,0.053,0.042,1.223,-1.32,14.061
2007-10-16,0.054,0.041,0.22,-1.238,14.757
2007-10-17,0.051,0.04,1.092,1.514,13.482
2007-10-18,0.053,0.04,0.75,0.885,15.276
2007-10-19,0.053,0.041,0.045,-1.467,16.548
2007-10-20,0.053,0.043,0.442,-0.95,16.516
2007-10-21,0.05,0.044,0.259,-1.715,16.402
2007-10-22,0.051,0.044,0.434,-0.415,15.991
2007-10-23,0.051,0.044,1.06,-0.745,16.157
2007-10-24,0.047,0.044,0.446,0.846,13.971
2007-10-25,0.047,0.044,0.041,-4.038,17.293
2007-10-26,0.05,0.044,1.499,-1.087,18.385
2007-10-27,0.05,0.044,0.543,-0.731,17.539
2007-10-28,0.05,0.044,4.973,0.72,15.643
2007-10-29,0.044,0.045,4.427,1.992,14.401
2007-10-30,0.044,0.051,5.549,2.031,14.076
2007-10-31,0.045,0.058,2.351,0.844,15.151
2007-11-01,0.045,0.057,0.385,0.732,16.937
2007-11-02,0.046,0.066,0.377,-1.967,17.897
2007-11-03,0.045,0.07,0.641,-1.291,18.013
2007-11-04,0.044,0.07,0.073,-3.292,16.652
2007-11-05,0.045,0.067,1.383,-0.549,16.577
2007-11-06,0.044,0.062,0.51,-2.184,17.085
2007-11-07,0.045,0.056,0.823,-0.166,17.947
2007-11-08,0.04,0.051,0.004,-2.304,16.676
2007-11-09,0.04,0.045,0.0,-4.003,18.567
2007-11-10,0.039,0.042,0.04,-5.357,18.007
2007-11-11,0.037,0.039,1.296,-4.085,18.109
2007-11-12,0.037,0.035,0.034,-2.151,16.323
2007-11-13,0.037,0.03,0.786,-2.543,17.252
2007-11-14,0.039,0.029,2.296,-1.009,17.053
2007-11-15,0.035,0.029,7.43,2.018,14.677
2007-11-16,0.034,0.029,5.393,0.416,12.711
2007-11-17,0.034,0.039,3.008,1.294,14.306
2007-11-18,0.035,0.052,2.284,1.166,15.6
2007-11-19,0.036,0.067,4.308,2.366,16.224
2007-11-20,0.035,0.078,14.44,2.462,14.57
2007-11-21,0.042,0.093,5.418,0.302,11.021
2007-11-22,0.042,0.128,8.693,3.096,12.562
2007-11-23,0.045,0.188,3.427,2.491,14.917
2007-11-24,0.104,0.275,3.506,1.503,14.28
2007-11-25,0.111,0.34,0.687,1.876,13.952
2007-11-26,0.119,0.381,0.826,-0.262,16.51
2007-11-27,0.121,0.351,0.187,1.398,15.253
2007-11-28,0.119,0.303,0.553,-0.413,15.977
2007-11-29,0.115,0.233,1.745,0.919,15.426
2007-11-30,0.111,0.174,2.917,0.315,13.951
2007-12-01,0.103,0.147,6.667,1.631,13.156
2007-12-02,0.103,0.118,6.543,0.896,13.027
2007-12-03,0.106,0.115,2.004,0.548,15.154
2007-12-04,0.106,0.136,0.006,-1.008,17.023
2007-12-05,0.107,0.158,0.002,-2.895,14.828
2007-12-06,0.111,0.165,0.011,-1.623,15.036
2007-12-07,0.112,0.153,0.9,-1.913,17.09
2007-12-08,0.106,0.122,3.894,0.583,15.519
2007-12-09,0.104,0.098,1.66,0.575,15.82
2007-12-10,0.098,0.083,0.058,-1.967,16.781
2007-12-11,0.101,0.076,0.149,-1.857,16.492
2007-12-12,0.103,0.07,1.937,2.083,14.325
2007-12-13,0.095,0.067,1.931,1.306,15.801
2007-12-14,0.095,0.064,2.49,1.161,15.108
2007-12-15,0.095,0.065,12.135,1.127,14.71
2007-12-16,0.094,0.072,6.134,1.328,11.744
2007-12-17,0.101,0.093,3.241,2.06,12.475
2007-12-18,0.114,0.152,3.979,2.233,12.722
2007-12-19,0.111,0.228,3.6,2.762,12.614
2007-12-20,0.117,0.31,1.768,2.403,13.417
2007-12-21,0.129,0.354,0.497,1.538,15.459
2007-12-22,0.137,0.373,1.528,0.557,14.794
2007-12-23,0.153,0.354,2.375,1.049,15.68
2007-12-24,0.15,0.313,1.316,0.798,15.988
2007-12-25,0.131,0.268,0.889,0.346,15.661
2007-12-26,0.131,0.214,0.427,0.721,15.516
2007-12-27,0.226,0.186,0.59,1.137,14.914
2007-12-28,0.359,0.154,2.141,1.328,14.433
2007-12-29,0.222,0.125,3.021,1.707,14.434
2007-12-30,0.156,0.111,2.423,2.147,14.675
2007-12-31,0.118,0.111,2.16,2.76,14.102
2008-01-01,0.108,0.135,3.284,2.498,14.141
2008-01-02,0.206,0.174,6.161,2.91,12.263
2008-01-03,0.252,0.222,5.635,1.956,12.879
2008-01-04,0.182,0.275,6.096,2.549,12.702
2008-01-05,0.145,0.356,3.492,2.094,12.178
2008-01-06,0.198,0.477,5.791,3.323,12.836
2008-01-07,0.342,0.584,3.26,2.763,13.774
2008-01-08,0.342,0.651,3.124,2.897,12.955
2008-01-09,0.362,0.708,8.306,2.798,11.957
2008-01-10,0.349,0.738,8.113,2.592,10.542
2008-01-11,0.336,0.761,0.783,2.386,12.14
2008-01-12,0.336,0.833,3.771,2.61,13.961
2008-01-13,0.468,0.968,5.437,3.132,12.194
2008-01-14,0.498,1.122,5.304,3.004,11.595
2008-01-15,0.483,1.281,5.378,3.183,11.695
2008-01-16,0.824,1.527,4.876,2.997,13.951
2008-01-17,0.84,1.775,4.321,2.274,12.013
2008-01-18,0.813,1.997,3.298,2.258,14.74
2008-01-19,0.71,2.115,4.42,3.369,13.56
2008-01-20,0.671,2.112,3.952,2.97,12.728
2008-01-21,0.637,2.017,5.863,2.89,13.513
2008-01-22,0.637,1.861,8.133,3.248,13.398
2008-01-23,0.725,1.674,7.485,2.702,12.714
2008-01-24,0.845,1.599,5.129,2.902,12.261
2008-01-25,1.087,1.603,3.258,2.968,13.039
2008-01-26,1.279,1.662,2.855,2.102,12.769
2008-01-27,1.349,1.731,6.887,2.289,12.76
2008-01-28,1.392,1.753,7.136,3.124,13.446
2008-01-29,1.371,1.724,9.348,2.584,12.626
2008-01-30,1.58,1.694,5.247,2.126,11.909
2008-01-31,2.042,1.792,2.095,2.318,12.332
2008-02-01,2.429,1.732,0.214,0.307,13.825
2008-02-02,1.625,1.778,2.489,1.877,14.082
2008-02-03,1.477,1.748,6.022,2.461,12.52
2008-02-04,1.522,1.633,2.522,2.511,13.37
2008-02-05,1.45,1.508,1.257,2.477,14.642
2008-02-06,1.116,1.382,0.22,1.69,15.211
2008-02-07,0.892,1.257,2.699,2.238,15.861
2008-02-08,0.762,1.142,0.736,1.285,15.69
2008-02-09,0.688,1.029,0.944,1.283,15.461
2008-02-10,0.635,0.909,0.26,1.136,15.736
2008-02-11,0.609,0.794,2.072,0.634,15.103
2008-02-12,0.584,0.709,2.029,1.297,14.659
2008-02-13,0.594,0.634,1.098,0.434,14.439
2008-02-14,0.619,0.578,2.385,1.871,16.127
2008-02-15,0.574,0.544,1.305,1.988,15.134
2008-02-16,0.55,0.528,1.147,0.424,12.317
2008-02-17,0.526,0.526,1.416,0.407,14.191
2008-02-18,0.508,0.533,0.554,2.096,13.168
2008-02-19,0.49,0.544,1.528,0.816,13.065
2008-02-20,0.485,0.548,1.663,1.603,14.21
2008-02-21,0.494,0.56,3.789,2.304,12.15
2008-02-22,0.499,0.584,5.696,2.707,12.563
2008-02-23,0.54,0.622,16.543,2.529,11.924
2008-02-24,0.768,0.715,2.484,1.752,12.139
2008-02-25,1.0,0.916,2.683,2.829,11.653
2008-02-26,1.05,1.148,4.374,2.23,12.09
2008-02-27,1.057,1.342,5.44,2.818,12.18
2008-02-28,1.028,1.45,6.511,3.066,12.638
2008-02-29,,1.451,6.648,3.279,13.341
2008-03-01,0.992,1.32,5.257,1.819,13.588
2008-03-02,1.065,1.254,1.268,1.799,11.615
2008-03-03,1.042,1.207,5.324,1.505,13.277
2008-03-04,1.042,1.157,5.629,2.026,12.436
2008-03-05,1.056,1.096,2.952,2.376,12.879
2008-03-06,1.231,1.045,0.272,-0.05,13.688
2008-03-07,1.296,0.975,7.462,0.886,12.52
2008-03-08,1.122,0.915,2.428,0.277,13.105
2008-03-09,1.034,0.874,6.229,0.864,12.28
2008-03-10,1.049,0.871,4.759,1.683,11.938
2008-03-11,1.071,0.899,6.905,2.071,11.275
2008-03-12,1.296,0.945,3.673,1.765,11.064
2008-03-13,1.681,1.017,3.471,1.385,11.776
2008-03-14,1.883,1.095,0.845,0.877,12.896
2008-03-15,1.503,1.156,0.098,1.355,13.863
2008-03-16,1.476,1.174,0.004,-0.206,14.4
2008-03-17,1.239,1.142,0.003,-1.88,14.68
2008-03-18,0.992,1.057,0.525,-2.634,13.97
2008-03-19,0.84,0.905,0.005,-1.042,13.834
2008-03-20,0.75,0.763,0.063,-2.001,14.607
2008-03-21,0.688,0.677,0.019,-2.089,13.599
2008-03-22,0.655,0.603,1.116,-1.172,14.35
2008-03-23,0.618,0.556,1.738,1.049,13.465
2008-03-24,0.47,0.517,2.34,2.325,13.805
2008-03-25,0.416,0.499,0.963,1.273,15.124
2008-03-26,0.391,0.496,0.285,-0.921,15.538
2008-03-27,0.368,0.502,0.0,-1.09,15.511
2008-03-28,0.335,0.494,0.405,-0.979,16.291
2008-03-29,0.315,0.479,1.612,0.533,13.265
2008-03-30,0.286,0.46,3.452,0.836,13.465
2008-03-31,0.277,0.447,5.401,1.805,13.236
2008-04-01,0.277,0.442,0.286,-0.171,13.157
2008-04-02,0.277,0.468,0.84,-1.563,13.854
2008-04-03,0.305,0.495,0.307,0.904,12.701
2008-04-04,0.286,0.5,0.11,0.253,12.4
2008-04-05,0.26,0.484,0.416,-0.972,12.836
2008-04-06,0.244,0.454,0.001,-0.153,13.8
2008-04-07,0.221,0.421,0.0,-4.509,14.717
2008-04-08,0.214,0.385,0.002,-3.963,15.486
2008-04-09,0.214,0.349,0.013,-1.402,14.35
2008-04-10,0.207,0.318,0.721,-1.58,13.819
2008-04-11,0.188,0.288,0.845,-0.537,14.015
2008-04-12,0.182,0.272,0.264,-1.8,14.751
2008-04-13,0.17,0.263,0.516,-1.654,15.196
2008-04-14,0.17,0.255,0.96,-1.305,14.658
2008-04-15,0.164,0.25,0.254,0.367,13.223
2008-04-16,0.164,0.246,0.153,-0.74,13.625
2008-04-17,0.164,0.24,0.139,-0.047,14.646
2008-04-18,0.159,0.235,0.119,-1.251,15.717
2008-04-19,0.159,0.226,0.191,-1.954,16.065
2008-04-20,0.159,0.214,0.527,-2.337,15.623
2008-04-21,0.148,0.205,0.069,-2.175,14.502
2008-04-22,0.143,0.196,0.749,-1.589,14.645
2008-04-23,0.143,0.19,0.513,-1.859,14.646
2008-04-24,0.139,0.188,0.361,-2.298,15.262
2008-04-25,0.139,0.19,0.238,-0.514,14.729
2008-04-26,0.139,0.193,0.354,-3.188,15.007
2008-04-27,0.134,0.191,0.286,-1.22,15.109
2008-04-28,0.134,0.187,1.043,-1.739,14.856
2008-04-29,0.134,0.178,0.306,-0.663,15.864
2008-04-30,0.129,0.171,0.623,-3.007,15.135
2008-05-01,0.125,0.169,0.013,-5.563,14.244
2008-05-02,0.121,0.16,0.007,-6.222,13.979
2008-05-03,0.115,0.155,0.003,-5.556,15.336
2008-05-04,0.112,0.152,0.0,-7.206,15.787
2008-05-05,0.104,0.145,0.002,-7.09,16.614
2008-05-06,0.112,0.138,0.014,-6.435,16.04
2008-05-07,0.109,0.133,0.016,-5.842,15.733
2008-05-08,0.109,0.128,0.003,-5.012,15.994
2008-05-09,0.105,0.12,0.065,-5.122,14.898
2008-05-10,0.098,0.115,0.592,-2.865,12.713
2008-05-11,0.098,0.112,1.54,-1.508,11.105
2008-05-12,0.094,0.113,3.277,-0.949,10.905
2008-05-13,0.091,0.123,0.982,-1.105,10.803
2008-05-14,0.091,0.142,0.058,-4.53,13.731
2008-05-15,0.096,0.174,0.042,-5.878,14.645
2008-05-16,0.092,0.207,0.111,-6.854,14.609
2008-05-17,0.096,0.22,0.001,-6.297,15.355
2008-05-18,0.097,0.215,0.0,-6.338,15.471
2008-05-19,0.094,0.2,0.031,-6.62,16.331
2008-05-20,0.093,0.175,0.015,-6.603,17.019
2008-05-21,0.093,0.153,0.0,-6.942,15.59
2008-05-22,0.089,0.136,0.032,-7.208,15.652
2008-05-23,0.087,0.122,0.125,-7.414,14.73
2008-05-24,0.089,0.109,0.017,-7.805,14.65
2008-05-25,0.086,0.101,0.077,-6.004,13.468
2008-05-26,0.083,0.095,0.243,-5.638,13.096
2008-05-27,0.081,0.092,0.015,-6.921,13.423
2008-05-28,0.079,0.09,0.238,-7.89,13.819
2008-05-29,0.076,0.089,0.872,-8.445,13.97
2008-05-30,0.079,0.088,0.013,-5.564,13.546
2008-05-31,0.076,0.088,0.0,-6.157,13.738
2008-06-01,0.086,0.089,0.04,-5.657,13.055
2008-06-02,0.083,0.088,0.004,-5.599,14.414
2008-06-03,0.081,0.087,0.0,-7.475,14.357
2008-06-04,0.083,0.085,0.0,-8.485,15.454
2008-06-05,0.081,0.083,0.018,-9.512,14.704
2008-06-06,0.09,0.081,0.033,-8.822,14.203
2008-06-07,0.09,0.079,0.001,-8.101,14.754
2008-06-08,0.09,0.077,0.004,-8.154,14.565
2008-06-09,,0.075,0.091,-8.793,15.307
2008-06-10,,0.074,0.443,-6.678,14.051
2008-06-11,0.09,0.073,0.772,-1.741,12.365
2008-06-12,0.09,0.074,0.303,-3.617,13.12
2008-06-13,0.09,0.077,0.258,-6.913,13.902
2008-06-14,,0.082,0.197,-5.733,12.299
2008-06-15,,0.084,0.518,-4.069,13.604
2008-06-16,0.09,0.084,0.061,-3.628,13.725
2008-06-17,0.09,0.083,0.004,-5.525,15.503
2008-06-18,0.09,0.083,0.0,-6.047,16.186
2008-06-19,0.09,0.082,0.0,-5.739,15.828
2008-06-20,0.09,0.081,0.001,-5.641,16.084
2008-06-21,,0.079,0.181,-7.329,15.06
2008-06-22,,0.075,0.028,-7.003,14.227
2008-06-23,,0.072,0.042,-7.241,14.031
2008-06-24,,0.07,0.0,-7.017,14.207
2008-06-25,0.091,0.067,0.002,-6.372,15.066
2008-06-26,0.09,0.066,0.005,-6.861,14.727
2008-06-27,0.09,0.065,0.001,-7.917,14.982
2008-06-28,0.09,0.065,0.04,-6.849,14.564
2008-06-29,,0.063,0.002,-7.45,14.671
2008-06-30,,0.063,0.001,-7.981,14.701
2008-07-01,0.09,0.061,0.0,-7.92,14.436
2008-07-02,0.09,0.06,0.0,-9.272,14.377
2008-07-03,0.09,0.059,0.0,-9.484,14.301
2008-07-04,0.09,0.058,0.0,-9.4,14.008
2008-07-05,,0.057,0.0,-9.861,15.424
2008-07-06,,0.056,0.001,-9.673,15.418
2008-07-07,,0.056,0.005,-8.373,15.027
2008-07-08,,0.055,0.0,-8.047,14.54
2008-07-09,0.089,0.055,0.0,-6.349,13.774
2008-07-10,0.089,0.054,0.0,-6.419,13.939
2008-07-11,0.089,0.054,0.0,-7.12,14.104
2008-07-12,0.089,0.053,0.0,-8.258,14.111
2008-07-13,,0.053,0.0,-8.472,14.054
2008-07-14,,0.053,0.0,-7.845,14.224
2008-07-15,,0.052,0.0,-7.336,13.903
2008-07-16,,0.051,0.0,-7.31,14.368
2008-07-17,,0.051,0.0,-7.289,14.89
2008-07-18,0.089,0.05,0.239,-7.75,14.515
2008-07-19,0.089,0.05,0.111,-7.388,13.768
2008-07-20,0.089,0.049,0.119,-6.345,13.955
2008-07-21,0.088,0.049,0.077,-7.891,13.683
2008-07-22,0.087,0.049,0.0,-11.947,14.533
2008-07-23,0.088,0.048,0.088,-9.281,14.809
2008-07-24,0.088,0.048,0.067,-9.348,14.627
2008-07-25,0.088,0.048,0.001,-6.676,14.634
2008-07-26,0.088,0.048,0.001,-7.285,15.15
2008-07-27,0.088,0.048,0.002,-6.648,14.963
2008-07-28,0.087,0.047,0.004,-5.582,13.998
2008-07-29,0.087,0.047,0.248,-5.587,13.726
2008-07-30,0.087,0.047,0.048,-4.198,12.948
2008-07-31,0.088,0.047,0.0,-8.159,13.317
2008-08-01,0.088,0.045,0.03,-7.859,13.797
2008-08-02,0.088,0.045,0.007,-7.652,14.51
2008-08-03,0.088,0.045,0.236,-10.444,14.659
2008-08-04,0.089,0.045,0.061,-7.439,14.268
2008-08-05,0.088,0.044,0.296,-6.747,13.78
2008-08-06,0.087,0.044,0.504,-2.891,13.354
2008-08-07,0.087,0.044,0.488,-1.33,11.253
2008-08-08,0.088,0.045,0.174,-1.188,13.961
2008-08-09,0.088,0.047,0.028,-1.905,14.255
2008-08-10,0.087,0.051,0.003,-5.253,15.258
2008-08-11,0.087,0.055,0.162,-6.775,16.466
2008-08-12,0.087,0.056,0.157,-7.153,16.851
2008-08-13,0.087,0.055,0.003,-6.061,15.75
2008-08-14,0.086,0.052,0.005,-9.158,15.237
2008-08-15,0.087,0.049,0.135,-8.828,15.95
2008-08-16,0.087,0.047,0.118,-8.105,16.218
2008-08-17,0.087,0.045,0.237,-9.046,16.45
2008-08-18,0.086,0.044,0.006,-6.566,15.085
2008-08-19,0.086,0.043,0.076,-5.747,15.851
2008-08-20,0.086,0.041,0.018,-4.711,16.353
2008-08-21,0.086,0.04,0.014,-4.333,16.188
2008-08-22,0.086,0.04,0.006,-4.007,16.213
2008-08-23,0.086,0.039,0.007,-4.445,16.402
2008-08-24,0.086,0.038,0.039,-5.445,16.37
2008-08-25,0.085,0.038,0.0,-6.834,16.154
2008-08-26,0.085,0.038,0.001,-6.207,16.456
2008-08-27,0.086,0.038,0.024,-5.946,17.107
2008-08-28,0.085,0.037,0.002,-6.592,16.059
2008-08-29,0.084,0.037,0.025,-4.57,16.87
2008-08-30,0.084,0.036,0.0,-6.392,16.739
2008-08-31,0.085,0.036,0.002,-7.312,16.183
2008-09-01,0.072,0.03,0.0,-7.32,17.784
2008-09-02,0.074,0.03,0.0,-7.742,17.68
2008-09-03,0.074,0.029,0.002,-7.52,17.219
2008-09-04,0.072,0.029,0.396,-4.667,13.948
2008-09-05,0.072,0.029,0.864,-4.13,15.477
2008-09-06,0.072,0.031,0.427,-6.492,15.567
2008-09-07,0.072,0.033,0.095,-5.094,15.416
2008-09-08,0.076,0.035,0.219,-4.119,15.77
2008-09-09,0.074,0.036,0.183,-4.379,15.831
2008-09-10,0.074,0.037,0.428,-3.615,15.241
2008-09-11,0.074,0.037,0.055,-3.724,16.079
2008-09-12,0.074,0.037,0.162,-4.093,16.413
2008-09-13,0.074,0.037,0.127,-5.186,15.563
2008-09-14,0.073,0.036,0.057,-4.929,16.188
2008-09-15,0.073,0.036,0.508,-2.769,15.342
2008-09-16,0.073,0.035,0.067,-3.94,14.726
2008-09-17,0.072,0.035,0.0,-5.855,15.071
2008-09-18,0.072,0.036,0.003,-6.22,15.654
2008-09-19,0.072,0.036,0.035,-4.102,15.685
2008-09-20,0.071,0.035,0.555,-3.848,16.177
2008-09-21,0.071,0.034,0.217,-2.921,14.847
2008-09-22,0.071,0.032,0.04,-4.71,15.991
2008-09-23,0.07,0.031,0.042,-4.118,16.507
2008-09-24,0.071,0.031,0.188,-4.813,16.365
2008-09-25,0.07,0.03,0.121,-1.974,15.925
2008-09-26,0.07,0.03,0.117,-3.185,16.365
2008-09-27,0.07,0.029,0.521,-1.653,17.121
2008-09-28,0.07,0.027,2.262,-0.493,17.141
2008-09-29,0.069,0.029,1.086,-1.814,16.0
2008-09-30,0.069,0.035,0.307,-0.675,16.992
2008-10-01,0.086,0.034,1.502,1.831,17.088
2008-10-02,0.084,0.038,2.03,-0.059,17.457
2008-10-03,0.097,0.041,1.517,-0.241,17.842
2008-10-04,0.083,0.041,0.025,-0.726,15.219
2008-10-05,0.081,0.041,0.996,-1.925,15.887
2008-10-06,0.081,0.04,5.334,-1.643,14.536
2008-10-07,0.08,0.04,10.467,0.108,11.621
2008-10-08,0.082,0.045,3.494,0.284,12.844
2008-10-09,0.083,0.058,2.824,-0.062,15.264
2008-10-10,0.083,0.07,0.102,-1.813,15.513
2008-10-11,0.081,0.077,0.106,-2.885,17.605
2008-10-12,0.081,0.079,0.024,-2.878,16.941
2008-10-13,0.08,0.077,0.068,-2.444,15.862
2008-10-14,0.08,0.072,0.197,0.887,16.691
2008-10-15,0.081,0.066,0.322,0.514,14.473
2008-10-16,0.079,0.059,1.424,0.957,15.755
2008-10-17,0.078,0.054,2.473,0.732,14.845
2008-10-18,0.078,0.051,1.195,2.182,13.965
2008-10-19,0.077,0.051,0.001,-0.983,15.414
2008-10-20,0.076,0.052,0.0,-3.001,16.885
2008-10-21,0.075,0.053,0.065,-2.13,18.117
2008-10-22,0.076,0.053,1.069,-0.967,16.957
2008-10-23,0.074,0.05,0.819,1.039,15.372
2008-10-24,0.074,0.045,1.46,1.869,15.149
2008-10-25,0.073,0.044,3.535,2.454,15.408
2008-10-26,0.072,0.044,1.446,-0.148,16.944
2008-10-27,0.071,0.047,3.695,0.685,13.475
2008-10-28,0.07,0.052,2.374,1.535,15.935
2008-10-29,0.071,0.056,3.769,1.633,14.857
2008-10-30,0.069,0.06,5.04,1.138,15.464
2008-10-31,0.07,0.067,0.41,0.206,15.215
2008-11-01,0.072,0.062,0.426,-0.53,16.925
2008-11-02,0.072,0.067,0.492,-0.155,16.524
2008-11-03,0.072,0.068,2.866,0.349,16.579
2008-11-04,0.072,0.066,0.742,0.219,16.341
2008-11-05,0.072,0.063,2.879,0.308,17.301
2008-11-06,0.072,0.062,0.523,-0.877,16.94
2008-11-07,0.071,0.061,0.801,-1.224,17.368
2008-11-08,0.071,0.059,0.386,-1.793,16.456
2008-11-09,0.071,0.057,0.028,-2.774,18.676
2008-11-10,0.07,0.054,0.497,-0.868,17.297
2008-11-11,0.07,0.05,0.055,0.031,17.975
2008-11-12,0.069,0.045,0.432,-1.853,17.77
2008-11-13,0.069,0.042,0.828,-0.741,16.14
2008-11-14,0.069,0.039,1.893,0.03,15.353
2008-11-15,0.068,0.039,2.727,0.498,15.363
2008-11-16,0.068,0.041,3.899,1.726,16.253
2008-11-17,0.069,0.045,1.003,-0.366,16.531
2008-11-18,0.068,0.051,2.714,-0.775,16.44
2008-11-19,0.068,0.055,2.943,1.6,15.792
2008-11-20,0.068,0.059,1.219,0.057,16.746
2008-11-21,0.067,0.062,6.573,1.921,15.592
2008-11-22,0.067,0.067,2.023,0.001,16.305
2008-11-23,0.067,0.075,0.263,-0.473,17.481
2008-11-24,0.067,0.084,0.667,0.195,17.504
2008-11-25,0.066,0.089,2.232,1.473,16.66
2008-11-26,0.066,0.087,0.253,0.65,16.913
2008-11-27,0.066,0.082,0.424,-0.379,16.239
2008-11-28,0.066,0.076,0.574,0.057,16.793
2008-11-29,0.065,0.07,0.58,0.632,17.665
2008-11-30,0.065,0.063,0.691,1.092,15.573
2008-12-01,0.076,0.054,10.342,1.85,15.07
2008-12-02,0.076,0.05,5.795,1.06,14.926
2008-12-03,0.076,0.058,0.04,0.991,14.807
2008-12-04,0.076,0.072,0.051,-2.606,16.512
2008-12-05,0.075,0.084,1.689,-2.072,17.269
2008-12-06,0.076,0.089,1.241,0.158,15.292
2008-12-07,0.075,0.085,3.023,0.961,14.467
2008-12-08,0.076,0.078,8.329,1.546,12.64
2008-12-09,0.078,0.076,7.963,1.433,12.81
2008-12-10,0.082,0.086,1.968,0.809,13.392
2008-12-11,0.094,0.117,0.891,2.069,16.362
2008-12-12,0.094,0.165,0.035,1.622,15.846
2008-12-13,0.095,0.192,2.289,-0.355,16.278
2008-12-14,0.099,0.188,5.488,2.67,15.077
2008-12-15,0.103,0.173,4.915,2.254,15.59
2008-12-16,0.104,0.159,1.422,0.914,15.407
2008-12-17,0.103,0.16,6.326,1.741,14.512
2008-12-18,0.1,0.166,6.497,2.097,13.649
2008-12-19,0.099,0.18,4.217,1.769,14.072
2008-12-20,0.102,0.198,6.129,2.014,12.377
2008-12-21,0.105,0.252,1.445,1.947,15.307
2008-12-22,0.113,0.315,11.155,2.293,14.727
2008-12-23,0.143,0.382,7.803,1.948,12.864
2008-12-24,0.184,0.479,7.395,2.7,12.063
2008-12-25,0.199,0.57,6.458,2.892,14.555
2008-12-26,0.252,0.68,7.473,1.821,13.336
2008-12-27,0.363,0.766,4.759,1.887,13.679
2008-12-28,0.531,0.795,9.496,1.396,13.799
2008-12-29,0.78,0.84,2.887,0.209,12.458
2008-12-30,1.113,0.898,3.072,2.501,12.762
2008-12-31,1.169,0.955,6.04,2.247,12.961
2009-01-01,1.017,1.027,9.987,3.085,11.676
2009-01-02,0.94,0.993,4.756,3.226,13.422
2009-01-03,0.981,0.997,10.941,3.487,12.698
2009-01-04,0.955,1.057,3.689,2.296,13.45
2009-01-05,1.053,1.114,0.231,1.509,15.177
2009-01-06,1.152,1.147,0.686,0.943,15.145
2009-01-07,1.01,1.111,3.692,1.13,15.135
2009-01-08,0.791,0.982,1.886,1.633,13.775
2009-01-09,0.693,0.776,2.02,2.584,15.005
2009-01-10,0.651,0.615,3.382,3.155,13.939
2009-01-11,0.585,0.497,3.139,2.804,13.698
2009-01-12,0.544,0.412,3.258,3.013,13.578
2009-01-13,0.532,0.374,1.939,2.834,12.755
2009-01-14,0.501,0.4,1.579,3.052,14.344
2009-01-15,0.492,0.468,3.217,2.98,15.5
2009-01-16,0.473,0.529,2.518,2.946,15.0
2009-01-17,0.462,0.556,3.179,1.596,14.139
2009-01-18,0.45,0.549,3.619,1.972,12.81
2009-01-19,0.452,0.532,15.345,2.405,12.313
2009-01-20,0.446,0.538,5.783,0.787,11.563
2009-01-21,0.485,0.6,1.403,2.558,14.279
2009-01-22,0.756,0.756,4.561,1.818,14.766
2009-01-23,1.056,0.933,2.352,2.701,13.119
2009-01-24,0.953,1.019,1.404,2.783,14.211
2009-01-25,0.83,1.0,1.302,0.842,15.02
2009-01-26,0.752,0.893,1.361,1.736,13.698
2009-01-27,0.743,0.73,1.373,2.239,13.845
2009-01-28,0.679,0.585,1.285,2.46,14.419
2009-01-29,0.592,0.473,1.5,2.657,12.941
2009-01-30,0.558,0.391,1.431,1.163,13.413
2009-01-31,0.529,0.354,0.962,-0.792,14.671
2009-02-01,0.523,0.41,0.585,-0.029,14.98
2009-02-02,0.511,0.414,3.064,2.708,14.575
2009-02-03,0.465,0.411,0.96,2.511,14.485
2009-02-04,0.434,0.391,1.201,1.402,15.182
2009-02-05,0.424,0.374,2.462,2.33,15.173
2009-02-06,0.432,0.355,1.899,1.943,15.788
2009-02-07,0.43,0.334,4.401,2.759,14.613
2009-02-08,0.425,0.323,6.057,3.41,14.452
2009-02-09,0.42,0.335,13.379,3.615,13.069
2009-02-10,0.426,0.394,3.498,2.875,12.534
2009-02-11,0.538,0.502,3.873,3.682,14.073
2009-02-12,0.683,0.644,7.653,3.628,12.657
2009-02-13,0.925,0.786,3.786,3.035,13.329
2009-02-14,0.919,0.924,2.203,2.477,14.94
2009-02-15,1.027,1.003,0.647,3.299,13.212
2009-02-16,1.083,1.014,0.363,-0.362,14.507
2009-02-17,0.89,0.931,5.603,1.478,11.7
2009-02-18,0.793,0.816,1.765,1.962,13.225
2009-02-19,0.657,0.716,5.482,2.927,13.411
2009-02-20,0.694,0.683,6.385,3.158,11.314
2009-02-21,0.699,0.684,2.716,2.482,13.406
2009-02-22,0.733,0.711,5.401,2.392,14.587
2009-02-23,0.859,0.745,5.502,2.718,12.762
2009-02-24,0.79,0.784,6.447,2.577,12.256
2009-02-25,0.738,0.833,5.53,2.478,12.678
2009-02-26,0.799,0.899,3.503,2.167,11.856
2009-02-27,0.933,0.993,5.467,2.591,11.72
2009-02-28,1.139,1.066,4.984,2.689,12.522
2009-03-01,1.134,1.081,3.756,2.783,12.675
2009-03-02,1.148,1.11,2.853,2.201,13.043
2009-03-03,1.19,1.129,3.187,2.481,13.231
2009-03-04,1.191,1.158,3.201,1.954,14.758
2009-03-05,1.29,1.19,1.583,2.805,13.978
2009-03-06,1.227,1.216,0.37,3.207,14.481
2009-03-07,1.101,1.225,1.193,1.923,15.15
2009-03-08,0.973,1.202,0.661,2.372,14.115
2009-03-09,0.695,1.162,0.213,1.389,14.205
2009-03-10,0.614,1.089,0.459,1.749,14.73
2009-03-11,0.57,0.975,1.588,0.757,14.805
2009-03-12,0.543,0.862,0.283,2.078,14.037
2009-03-13,0.518,0.759,1.583,-0.127,12.92
2009-03-14,0.514,0.7,4.037,1.975,11.052
2009-03-15,0.511,0.659,0.893,1.728,13.195
2009-03-16,0.511,0.644,0.223,-2.297,14.734
2009-03-17,0.556,0.644,0.777,-1.31,15.965
2009-03-18,0.544,0.642,6.674,-0.038,14.456
2009-03-19,0.509,0.631,15.854,1.071,13.224
2009-03-20,0.527,0.651,9.565,0.967,12.226
2009-03-21,0.793,0.761,5.547,2.142,12.734
2009-03-22,0.867,1.014,3.52,2.313,13.067
2009-03-23,0.835,1.233,5.089,2.255,13.094
2009-03-24,0.809,1.388,2.067,1.799,13.455
2009-03-25,0.882,1.416,1.413,1.657,14.609
2009-03-26,0.875,1.375,2.268,2.67,14.319
2009-03-27,0.76,1.264,0.964,-0.715,13.559
2009-03-28,0.708,1.14,2.879,0.947,14.465
2009-03-29,0.646,1.003,1.837,2.687,14.579
2009-03-30,0.612,0.863,0.737,-1.297,15.008
2009-03-31,0.583,0.76,0.58,-0.884,14.527
2009-04-01,0.572,0.683,0.246,-1.153,13.815
2009-04-02,0.532,0.626,0.322,-0.476,14.363
2009-04-03,0.654,0.581,0.038,-1.656,15.175
2009-04-04,0.629,0.527,0.486,-1.392,16.028
2009-04-05,0.595,0.481,0.03,-1.412,14.779
2009-04-06,0.57,0.434,0.688,-0.684,13.992
2009-04-07,0.547,0.394,1.165,0.736,13.905
2009-04-08,0.537,0.372,6.749,1.84,12.306
2009-04-09,0.521,0.367,4.531,1.702,10.947
2009-04-10,0.517,0.403,2.654,2.126,11.3
2009-04-11,0.532,0.506,3.187,1.514,13.9
2009-04-12,0.554,0.614,7.18,2.389,13.082
2009-04-13,0.672,0.719,1.44,1.877,13.129
2009-04-14,0.719,0.837,0.834,-0.318,12.54
2009-04-15,0.803,0.964,0.708,0.781,13.167
2009-04-16,0.734,0.99,0.026,0.438,13.712
2009-04-17,0.68,0.886,0.064,-1.519,14.245
2009-04-18,0.635,0.787,0.0,-2.962,14.429
2009-04-19,0.61,0.704,0.061,-3.321,14.723
2009-04-20,0.595,0.626,0.44,-2.699,14.581
2009-04-21,0.562,0.553,1.088,0.745,13.76
2009-04-22,0.521,0.478,1.519,2.127,13.829
2009-04-23,0.509,0.41,0.817,1.185,14.239
2009-04-24,0.504,0.373,0.017,-3.185,14.558
2009-04-25,0.499,0.35,0.413,-2.214,14.551
2009-04-26,0.498,0.334,0.407,-2.06,14.728
2009-04-27,0.343,0.315,0.165,-1.391,15.298
2009-04-28,0.327,0.296,0.0,-3.324,15.889
2009-04-29,0.315,0.282,0.115,-3.329,14.944
2009-04-30,0.299,0.266,0.177,-3.293,15.06
2009-05-01,0.294,0.255,0.302,-1.4,14.21
2009-05-02,0.283,0.242,0.178,-0.662,13.879
2009-05-03,0.281,0.236,0.024,-2.81,14.305
2009-05-04,0.272,0.236,0.035,-3.428,14.601
2009-05-05,0.267,0.238,0.006,-4.855,13.751
2009-05-06,0.266,0.237,0.0,-4.161,13.668
2009-05-07,0.261,0.227,0.0,-3.932,13.314
2009-05-08,0.255,0.214,0.079,-4.621,14.336
2009-05-09,0.25,0.203,0.011,-2.211,15.379
2009-05-10,0.246,0.189,0.381,-3.649,14.798
2009-05-11,0.242,0.18,0.283,-1.903,14.338
2009-05-12,0.236,0.179,0.187,-2.581,14.14
2009-05-13,0.235,0.189,0.01,-2.348,15.256
2009-05-14,0.229,0.202,0.009,-3.921,15.687
2009-05-15,0.225,0.207,0.15,-4.232,15.067
2009-05-16,0.224,0.204,0.078,-6.269,14.065
2009-05-17,0.22,0.195,0.0,-5.659,14.753
2009-05-18,0.216,0.18,0.046,-5.435,14.381
2009-05-19,0.213,0.165,0.019,-5.219,13.882
2009-05-20,0.211,0.155,0.0,-3.723,14.866
2009-05-21,0.209,0.149,0.004,-3.148,15.694
2009-05-22,0.205,0.142,0.001,-2.524,15.011
2009-05-23,0.203,0.137,0.064,-3.15,15.196
2009-05-24,0.201,0.132,0.13,-3.21,15.18
2009-05-25,0.199,0.127,0.08,-4.221,15.338
2009-05-26,0.197,0.123,0.314,-4.466,15.364
2009-05-27,0.185,0.121,0.043,-2.474,14.506
2009-05-28,0.184,0.12,0.25,-2.389,14.597
2009-05-29,0.179,0.12,0.048,-1.847,13.547
2009-05-30,0.173,0.121,0.028,-5.196,13.669
2009-05-31,0.169,0.122,0.0,-6.819,14.053
2009-06-01,0.163,0.12,0.0,-7.459,14.717
2009-06-02,0.162,0.117,0.055,-8.357,14.916
2009-06-03,0.16,0.113,0.0,-9.291,14.236
2009-06-04,0.159,0.109,0.001,-10.123,14.458
2009-06-05,0.155,0.104,0.008,-9.742,15.062
2009-06-06,0.153,0.101,0.006,-8.765,14.532
2009-06-07,0.151,0.097,0.033,-7.756,14.631
2009-06-08,0.151,0.094,0.028,-7.66,15.13
2009-06-09,0.15,0.092,0.077,-8.82,15.251
2009-06-10,0.149,0.09,0.01,-8.389,14.635
2009-06-11,0.146,0.088,0.025,-9.948,13.477
2009-06-12,0.147,0.086,0.015,-6.972,13.739
2009-06-13,0.147,0.084,0.0,-7.368,14.959
2009-06-14,0.142,0.083,0.046,-5.846,15.131
2009-06-15,0.14,0.083,0.0,-9.204,13.821
2009-06-16,0.14,0.082,0.073,-9.89,13.772
2009-06-17,0.138,0.082,0.0,-9.129,14.31
2009-06-18,0.138,0.08,0.001,-9.04,14.305
2009-06-19,0.136,0.079,0.021,-7.416,14.748
2009-06-20,0.134,0.079,0.071,-7.043,14.557
2009-06-21,0.135,0.077,0.0,-6.576,14.579
2009-06-22,0.134,0.076,0.044,-6.375,13.908
2009-06-23,0.133,0.075,0.004,-6.153,12.724
2009-06-24,0.131,0.075,0.0,-1.165,13.716
2009-06-25,0.13,0.075,0.0,-6.468,13.81
2009-06-26,0.129,0.073,0.003,-8.49,14.601
2009-06-27,0.128,0.073,0.005,-8.898,14.859
2009-06-28,0.128,0.073,0.0,-9.175,14.884
2009-06-29,0.126,0.072,0.065,-10.162,15.552
2009-06-30,0.125,0.071,0.105,-10.164,15.133
2009-07-01,0.122,0.069,0.053,-8.72,14.276
2009-07-02,0.12,0.068,0.029,-8.151,14.891
2009-07-03,0.119,0.067,0.0,-8.133,14.547
2009-07-04,0.118,0.066,0.111,-8.109,13.633
2009-07-05,0.117,0.066,0.194,-8.931,13.424
2009-07-06,0.115,0.065,0.087,-8.751,13.423
2009-07-07,0.114,0.064,0.002,-6.349,13.425
2009-07-08,0.113,0.064,0.181,-7.417,13.482
2009-07-09,0.111,0.063,0.196,-7.2,13.825
2009-07-10,0.109,0.063,0.065,-5.823,14.589
2009-07-11,0.108,0.062,0.0,-6.902,14.637
2009-07-12,0.108,0.062,0.0,-1.652,13.432
2009-07-13,0.106,0.061,0.098,-5.322,13.591
2009-07-14,0.106,0.061,0.052,-3.205,13.681
2009-07-15,0.105,0.061,0.069,-4.822,15.857
2009-07-16,0.101,0.06,0.219,-5.469,15.38
2009-07-17,0.099,0.059,0.085,-5.55,13.846
2009-07-18,0.101,0.059,0.005,-8.241,15.07
2009-07-19,0.099,0.058,0.0,-6.622,15.38
2009-07-20,0.095,0.058,0.111,-3.466,14.464
2009-07-21,0.095,0.058,0.102,-4.861,13.077
2009-07-22,0.094,0.059,0.054,-9.472,13.799
2009-07-23,0.093,0.061,0.097,-8.255,12.709
2009-07-24,0.092,0.063,0.013,-2.318,11.85
2009-07-25,0.092,0.064,0.171,-4.143,10.988
2009-07-26,0.092,0.063,0.34,-4.125,11.481
2009-07-27,0.093,0.064,0.032,-3.593,11.581
2009-07-28,0.092,0.067,0.007,-7.234,14.242
2009-07-29,0.093,0.072,0.134,-6.777,14.159
2009-07-30,0.092,0.075,0.106,-5.853,14.335
2009-07-31,0.092,0.075,0.016,-6.675,15.685
2009-08-01,0.091,0.07,0.06,-5.692,15.306
2009-08-02,0.09,0.066,0.102,-7.126,15.643
2009-08-03,0.09,0.061,0.014,-5.221,15.492
2009-08-04,0.089,0.058,0.036,-5.313,15.473
2009-08-05,0.087,0.055,0.133,-6.212,16.339
2009-08-06,0.087,0.052,0.048,-5.844,16.542
2009-08-07,0.087,0.049,0.196,-4.387,14.535
2009-08-08,0.086,0.048,0.035,-4.264,13.506
2009-08-09,0.084,0.047,0.073,-6.51,13.681
2009-08-10,0.083,0.047,0.025,-5.503,13.56
2009-08-11,0.082,0.047,0.022,-3.625,14.289
2009-08-12,0.081,0.047,0.001,-5.876,14.963
2009-08-13,0.083,0.047,0.0,-5.847,15.653
2009-08-14,0.081,0.047,0.0,-5.723,15.591
2009-08-15,0.08,0.047,0.024,-6.104,16.32
2009-08-16,0.079,0.046,0.062,-8.084,15.347
2009-08-17,0.078,0.045,0.117,-8.884,16.412
2009-08-18,0.078,0.045,0.0,-9.133,16.409
2009-08-19,0.077,0.044,0.106,-9.582,16.991
2009-08-20,0.077,0.043,0.014,-9.025,16.807
2009-08-21,0.076,0.043,0.007,-8.306,15.639
2009-08-22,0.075,0.043,0.004,-9.35,15.733
2009-08-23,0.074,0.042,0.0,-10.693,15.046
2009-08-24,0.073,0.042,0.027,-10.077,15.001
2009-08-25,0.072,0.041,0.027,-7.055,14.598
2009-08-26,0.071,0.041,0.043,-5.363,15.308
2009-08-27,0.07,0.041,0.008,-5.612,16.031
2009-08-28,0.069,0.041,0.012,-7.273,15.374
2009-08-29,0.068,0.04,0.032,-6.554,15.42
2009-08-30,0.067,0.04,0.022,-5.351,15.605
2009-08-31,0.065,0.04,0.013,-5.527,15.367
2009-09-01,0.098,0.035,0.135,-2.856,15.449
2009-09-02,0.097,0.035,1.36,-0.803,15.168
2009-09-03,0.096,0.036,0.117,-1.576,15.987
2009-09-04,0.096,0.039,0.003,-5.575,17.043
2009-09-05,0.095,0.042,0.002,-7.465,16.489
2009-09-06,0.095,0.043,0.0,-8.807,17.11
2009-09-07,0.094,0.044,0.034,-7.274,17.774
2009-09-08,0.094,0.043,0.349,-8.943,17.742
2009-09-09,0.094,0.041,0.001,-4.219,17.183
2009-09-10,0.094,0.04,0.092,-1.932,15.979
2009-09-11,0.094,0.038,0.933,-1.021,14.101
2009-09-12,0.094,0.038,0.373,-1.593,17.113
2009-09-13,0.094,0.038,0.246,-2.245,18.876
2009-09-14,0.093,0.039,0.464,-1.321,18.029
2009-09-15,0.094,0.04,0.251,-0.338,17.64
2009-09-16,0.093,0.039,0.303,-3.447,16.47
2009-09-17,0.093,0.038,0.179,0.955,16.505
2009-09-18,0.092,0.038,1.887,-1.403,17.218
2009-09-19,0.092,0.038,2.197,-1.153,15.081
2009-09-20,0.092,0.04,0.337,-0.97,15.01
2009-09-21,0.092,0.043,0.473,0.194,15.277
2009-09-22,0.091,0.047,0.67,-2.103,16.442
2009-09-23,0.091,0.049,0.313,-3.594,16.873
2009-09-24,0.091,0.049,0.426,-0.502,15.794
2009-09-25,0.091,0.047,0.078,-0.631,16.566
2009-09-26,0.09,0.044,0.578,-0.781,16.885
2009-09-27,0.091,0.042,1.151,-0.146,17.032
2009-09-28,0.09,0.041,1.913,1.982,15.061
2009-09-29,0.09,0.041,1.674,1.787,12.149
2009-09-30,0.09,0.042,1.057,0.089,16.554
2009-10-01,0.091,0.042,3.114,1.982,16.549
2009-10-02,0.091,0.049,0.759,-1.126,16.614
2009-10-03,0.091,0.054,0.143,-3.194,17.319
2009-10-04,0.09,0.056,0.503,-1.916,17.375
2009-10-05,0.091,0.055,0.463,-1.96,17.533
2009-10-06,0.091,0.054,0.232,-2.462,17.233
2009-10-07,0.091,0.051,0.173,-3.345,17.332
2009-10-08,0.09,0.045,0.001,-2.986,17.415
2009-10-09,0.09,0.042,0.019,-2.204,18.692
2009-10-10,0.09,0.038,0.004,-2.538,19.263
2009-10-11,0.089,0.035,0.025,-3.076,18.926
2009-10-12,0.09,0.031,0.652,-3.035,18.1
2009-10-13,0.09,0.029,0.284,-2.287,17.215
2009-10-14,0.088,0.027,0.624,-3.66,17.745
2009-10-15,0.088,0.025,0.93,-2.344,17.827
2009-10-16,0.087,0.022,0.863,-0.626,17.0
2009-10-17,0.087,0.022,0.974,1.028,15.519
2009-10-18,0.087,0.025,5.698,-0.043,17.213
2009-10-19,0.087,0.029,3.599,1.152,16.904
2009-10-20,0.09,0.038,1.743,0.71,17.153
2009-10-21,0.091,0.048,0.558,0.747,15.68
2009-10-22,0.09,0.055,2.942,-0.819,16.334
2009-10-23,0.089,0.058,2.377,2.568,14.933
2009-10-24,0.09,0.06,2.414,1.451,15.766
2009-10-25,0.089,0.065,2.052,1.726,17.361
2009-10-26,0.089,0.069,5.476,2.294,16.264
2009-10-27,0.088,0.072,0.948,1.998,16.146
2009-10-28,0.088,0.074,0.391,-0.613,16.907
2009-10-29,0.087,0.075,0.026,-2.356,17.558
2009-10-30,0.087,0.073,0.001,-3.248,17.883
2009-10-31,0.087,0.07,0.045,-3.152,18.316
2009-11-01,0.086,0.054,0.003,-3.333,17.827
2009-11-02,0.086,0.048,0.845,-1.785,16.9
2009-11-03,0.086,0.044,0.003,-0.816,16.99
2009-11-04,0.085,0.041,0.535,-0.816,16.808
2009-11-05,0.086,0.04,4.43,-0.065,17.428
2009-11-06,0.085,0.042,5.48,0.479,16.479
2009-11-07,0.085,0.045,0.079,-0.465,17.096
2009-11-08,0.084,0.051,0.902,-1.121,17.853
2009-11-09,0.084,0.055,0.218,-1.226,16.487
2009-11-10,0.084,0.056,0.871,-1.086,19.594
2009-11-11,0.084,0.053,1.464,1.399,18.694
2009-11-12,0.084,0.05,4.287,2.155,17.715
2009-11-13,0.085,0.045,8.583,2.806,13.485
2009-11-14,0.085,0.048,7.337,2.891,16.468
2009-11-15,0.086,0.063,8.213,2.821,15.707
2009-11-16,0.086,0.086,5.139,2.55,13.683
2009-11-17,0.086,0.125,6.06,3.345,14.854
2009-11-18,0.087,0.177,4.061,3.4,14.974
2009-11-19,0.089,0.227,5.212,3.12,16.304
2009-11-20,0.088,0.267,4.236,3.946,16.611
2009-11-21,0.092,0.277,2.138,4.036,15.381
2009-11-22,0.092,0.287,3.521,3.244,15.608
2009-11-23,0.093,0.283,1.944,3.72,15.949
2009-11-24,0.093,0.271,1.219,2.937,15.876
2009-11-25,0.098,0.257,2.292,3.369,15.531
2009-11-26,0.101,0.24,4.234,2.184,14.729
2009-11-27,0.097,0.222,4.689,2.827,15.307
2009-11-28,0.097,0.209,8.493,3.908,15.041
2009-11-29,0.096,0.214,5.702,3.799,12.624
2009-11-30,0.109,0.268,6.648,2.914,14.834
2009-12-01,0.187,0.402,6.577,4.091,13.856
2009-12-02,0.263,0.54,2.013,2.868,16.043
2009-12-03,0.303,0.6,3.53,3.52,15.384
2009-12-04,0.332,0.6,1.685,1.645,16.628
2009-12-05,0.303,0.555,0.419,2.286,16.894
2009-12-06,0.257,0.47,1.338,2.085,17.296
2009-12-07,0.204,0.356,2.064,1.588,16.96
2009-12-08,0.178,0.281,3.337,1.698,15.142
2009-12-09,0.154,0.21,3.212,2.499,14.456
2009-12-10,0.143,0.183,5.129,3.05,14.133
2009-12-11,0.144,0.164,1.0,1.994,15.44
2009-12-12,0.161,0.17,1.078,0.359,16.589
2009-12-13,0.204,0.181,2.167,2.774,15.714
2009-12-14,0.203,0.18,1.126,-0.188,17.633
2009-12-15,0.17,0.158,0.378,-1.434,17.171
2009-12-16,0.155,0.139,0.85,1.263,16.862
2009-12-17,0.147,0.113,11.002,1.154,15.797
2009-12-18,0.127,0.101,7.374,1.213,13.857
2009-12-19,0.121,0.111,10.626,2.358,13.103
2009-12-20,0.127,0.172,6.668,2.4,14.226
2009-12-21,0.156,0.298,1.198,2.891,12.143
2009-12-22,0.211,0.471,5.33,1.675,13.929
2009-12-23,0.259,0.592,6.79,3.046,14.821
2009-12-24,0.273,0.664,2.674,3.07,15.033
2009-12-25,0.291,0.712,3.575,2.912,12.918
2009-12-26,0.339,0.72,4.197,2.675,13.249
2009-12-27,0.321,0.71,6.17,2.675,14.049
2009-12-28,0.321,0.677,6.328,3.08,14.989
2009-12-29,0.368,0.651,2.47,2.871,14.598
2009-12-30,0.363,0.646,3.597,2.589,13.705
2009-12-31,0.344,0.632,1.592,2.075,14.825
2010-01-01,0.37,0.637,1.494,1.394,16.328
2010-01-02,0.423,0.586,3.331,1.955,16.69
2010-01-03,0.386,0.525,5.831,3.221,15.019
2010-01-04,0.337,0.465,4.963,3.326,13.507
2010-01-05,0.405,0.429,2.731,3.308,14.822
2010-01-06,0.51,0.425,4.469,3.255,14.819
2010-01-07,0.426,0.433,2.905,1.197,16.53
2010-01-08,0.376,0.465,3.158,2.925,15.79
2010-01-09,0.322,0.491,5.611,4.065,14.584
2010-01-10,0.374,0.5,6.904,4.039,13.983
2010-01-11,0.414,0.508,6.863,3.766,13.109
2010-01-12,0.599,0.536,2.578,3.579,14.686
2010-01-13,0.599,0.597,3.259,2.587,15.44
2010-01-14,0.591,0.685,7.565,2.915,13.651
2010-01-15,0.568,0.754,4.625,3.111,13.993
2010-01-16,0.6,0.767,3.33,3.314,15.419
2010-01-17,0.701,0.782,3.534,4.065,15.117
2010-01-18,0.696,0.8,3.871,4.205,13.985
2010-01-19,0.622,0.777,2.454,3.771,14.941
2010-01-20,0.589,0.75,3.753,4.283,13.852
2010-01-21,0.544,0.681,10.144,4.159,11.417
2010-01-22,0.505,0.635,10.032,3.931,12.638
2010-01-23,0.51,0.622,6.591,2.64,13.05
2010-01-24,0.762,0.684,14.434,3.174,12.487
2010-01-25,1.128,0.874,9.419,1.439,11.63
2010-01-26,1.271,1.117,5.402,2.089,13.109
2010-01-27,1.872,1.386,7.828,3.315,13.858
2010-01-28,1.709,1.637,12.462,2.21,14.472
2010-01-29,1.367,1.724,13.668,2.101,15.025
2010-01-30,1.441,1.705,1.822,1.254,13.883
2010-01-31,1.413,1.718,2.824,2.893,15.061
2010-02-01,1.361,1.618,7.789,4.402,14.768
2010-02-02,1.435,1.579,3.172,4.111,15.13
2010-02-03,1.254,1.5,5.616,4.019,16.864
2010-02-04,1.007,1.402,11.693,4.244,15.788
2010-02-05,0.989,1.305,5.117,4.241,13.377
2010-02-06,1.084,1.298,1.985,3.32,13.26
2010-02-07,1.166,1.348,1.113,2.378,14.898
2010-02-08,1.196,1.389,1.155,1.983,17.793
2010-02-09,1.116,1.339,2.901,3.716,15.257
2010-02-10,0.961,1.232,1.772,2.107,17.387
2010-02-11,0.867,1.11,2.829,3.209,16.829
2010-02-12,0.822,1.0,2.637,3.045,14.721
2010-02-13,0.776,0.881,2.204,3.428,16.008
2010-02-14,0.769,0.799,1.767,3.256,16.058
2010-02-15,0.741,0.746,1.781,2.915,15.895
2010-02-16,0.716,0.71,2.787,3.181,15.931
2010-02-17,0.704,0.677,4.688,3.409,14.642
2010-02-18,0.73,0.657,3.53,4.04,15.372
2010-02-19,0.753,0.683,9.89,3.802,16.14
2010-02-20,0.797,0.739,8.416,4.078,15.131
2010-02-21,0.841,0.873,6.376,3.665,14.581
2010-02-22,0.848,1.06,2.544,3.334,14.487
2010-02-23,0.947,1.233,7.879,4.028,14.69
2010-02-24,0.88,1.395,3.662,3.347,13.63
2010-02-25,0.837,1.494,2.591,3.211,14.164
2010-02-26,0.87,1.541,8.851,3.786,14.079
2010-02-27,0.872,1.546,4.958,3.771,14.23
2010-02-28,0.877,1.531,6.429,3.66,13.366
2010-03-01,1.305,1.464,8.335,4.114,14.442
2010-03-02,1.402,1.5,5.445,3.245,15.006
2010-03-03,1.348,1.531,7.157,3.035,15.543
2010-03-04,1.392,1.55,3.021,3.218,15.015
2010-03-05,1.326,1.541,4.829,3.856,14.215
2010-03-06,1.131,1.497,3.089,3.971,14.356
2010-03-07,1.118,1.423,0.517,1.036,15.692
2010-03-08,0.985,1.328,0.038,0.162,16.992
2010-03-09,0.852,1.231,0.441,0.977,16.564
2010-03-10,0.651,1.115,0.156,1.184,16.214
2010-03-11,0.567,0.968,1.476,2.235,16.014
2010-03-12,0.545,0.834,4.191,3.422,14.638
2010-03-13,0.523,0.737,1.754,3.016,16.136
2010-03-14,0.689,0.699,0.808,1.851,15.87
2010-03-15,0.786,0.685,1.782,1.077,14.774
2010-03-16,0.545,0.677,4.143,4.022,13.707
2010-03-17,0.517,0.666,2.571,3.279,15.527
2010-03-18,0.511,0.675,0.524,2.882,15.551
2010-03-19,0.502,0.695,1.364,1.867,15.057
2010-03-20,0.482,0.72,0.28,2.181,16.146
2010-03-21,0.439,0.738,1.642,1.471,17.257
2010-03-22,0.419,0.722,2.646,1.78,16.162
2010-03-23,0.394,0.698,0.357,-0.582,15.994
2010-03-24,0.378,0.654,6.842,1.001,16.152
2010-03-25,0.375,0.625,3.855,2.397,13.809
2010-03-26,0.408,0.611,3.163,1.904,14.417
2010-03-27,0.449,0.62,8.506,2.738,15.225
2010-03-28,0.441,0.643,4.544,2.418,15.029
2010-03-29,0.487,0.7,3.044,2.607,14.363
2010-03-30,0.835,0.809,3.08,3.078,14.509
2010-03-31,1.21,0.937,1.32,3.122,13.758
2010-04-01,1.112,0.93,0.465,2.461,14.525
2010-04-02,0.83,0.907,0.053,-0.813,15.257
2010-04-03,0.675,0.844,0.872,0.473,15.69
2010-04-04,0.519,0.756,5.481,2.272,14.793
2010-04-05,0.47,0.698,7.055,2.366,13.567
2010-04-06,0.468,0.654,3.299,2.81,14.472
2010-04-07,0.544,0.676,2.984,1.712,15.532
2010-04-08,0.705,0.729,7.113,0.611,15.614
2010-04-09,0.664,0.818,2.658,1.209,15.381
2010-04-10,0.727,0.886,0.58,-0.792,15.94
2010-04-11,0.805,0.952,0.067,-0.337,15.807
2010-04-12,0.567,0.924,0.059,-2.025,15.483
2010-04-13,0.483,0.837,0.099,-2.494,14.577
2010-04-14,0.442,0.73,0.083,-2.551,14.41
2010-04-15,0.414,0.659,0.081,0.304,15.32
2010-04-16,0.385,0.591,0.56,0.668,14.262
2010-04-17,0.366,0.529,0.129,0.153,15.312
2010-04-18,0.351,0.479,2.297,-0.3,15.836
2010-04-19,0.346,0.436,1.217,3.579,14.513
2010-04-20,0.345,0.42,0.237,0.609,16.904
2010-04-21,0.337,0.423,0.275,-0.149,16.597
2010-04-22,0.324,0.433,0.264,-0.068,16.725
2010-04-23,0.306,0.428,0.601,-0.916,17.523
2010-04-24,0.276,0.413,0.251,0.727,16.869
2010-04-25,0.258,0.392,0.025,-0.963,17.55
2010-04-26,0.247,0.372,0.004,-3.389,16.971
2010-04-27,0.231,0.349,0.007,-3.048,16.31
2010-04-28,0.206,0.33,0.529,-2.954,16.647
2010-04-29,0.195,0.299,1.218,-0.177,14.945
2010-04-30,0.179,0.28,3.972,1.417,12.546
2010-05-01,0.176,0.28,1.327,1.678,13.424
2010-05-02,0.181,0.299,0.118,-0.548,14.676
2010-05-03,0.176,0.35,0.162,-4.863,15.099
2010-05-04,0.175,0.412,0.157,-5.073,14.434
2010-05-05,0.172,0.456,0.0,-4.264,15.253
2010-05-06,0.161,0.454,0.0,-4.856,16.642
2010-05-07,0.156,0.408,0.0,-4.299,16.602
2010-05-08,0.148,0.362,0.425,-3.088,17.026
2010-05-09,0.141,0.314,0.239,-3.432,16.311
2010-05-10,0.136,0.274,0.0,-4.895,16.787
2010-05-11,0.131,0.241,0.002,-6.41,15.817
2010-05-12,0.129,0.214,0.0,-6.968,15.348
2010-05-13,0.126,0.196,0.039,-4.604,15.563
2010-05-14,0.123,0.18,0.039,-4.922,15.151
2010-05-15,0.115,0.169,0.001,-4.898,14.961
2010-05-16,0.111,0.162,0.727,-2.518,15.072
2010-05-17,0.107,0.165,0.306,-3.823,15.8
2010-05-18,0.106,0.172,0.006,-4.05,16.39
2010-05-19,0.106,0.176,0.001,-2.886,16.323
2010-05-20,0.105,0.175,0.721,-1.701,15.38
2010-05-21,0.099,0.171,1.519,0.971,14.236
2010-05-22,0.098,0.17,0.351,-0.831,14.994
2010-05-23,0.096,0.176,0.059,-4.174,14.394
2010-05-24,0.096,0.184,0.339,-4.774,14.683
2010-05-25,0.096,0.19,0.675,-2.196,13.858
2010-05-26,0.094,0.186,1.736,0.427,13.675
2010-05-27,0.094,0.183,3.497,2.007,13.83
2010-05-28,0.096,0.196,0.869,0.946,13.857
2010-05-29,0.096,0.238,0.134,-1.187,15.162
2010-05-30,0.096,0.302,1.408,-2.714,15.844
2010-05-31,0.095,0.355,0.33,-1.855,14.84
2010-06-01,0.093,0.369,0.002,-3.193,15.084
2010-06-02,0.092,0.354,0.0,-4.893,15.101
2010-06-03,0.09,0.32,0.012,-4.235,15.269
2010-06-04,0.089,0.277,0.015,-3.892,15.084
2010-06-05,0.089,0.241,0.01,-1.73,15.097
2010-06-06,0.088,0.202,0.005,-2.53,14.405
2010-06-07,0.087,0.17,0.02,-4.258,16.353
2010-06-08,0.088,0.147,0.027,-4.26,15.957
2010-06-09,0.085,0.128,0.006,-4.981,15.646
2010-06-10,0.083,0.113,0.0,-5.764,14.731
2010-06-11,0.083,0.104,0.0,-6.796,15.078
2010-06-12,0.081,0.1,0.0,-7.901,15.394
2010-06-13,0.081,0.096,0.025,-7.752,15.255
2010-06-14,0.08,0.092,0.003,-7.556,15.674
2010-06-15,0.078,0.091,0.03,-6.196,16.401
2010-06-16,0.078,0.092,0.004,-5.289,16.144
2010-06-17,0.08,0.095,0.001,-5.462,16.101
2010-06-18,0.076,0.096,0.116,-4.628,15.28
2010-06-19,0.075,0.096,0.01,-4.573,15.759
2010-06-20,0.073,0.094,0.03,-4.594,15.446
2010-06-21,0.07,0.091,0.048,-3.661,15.746
2010-06-22,0.071,0.089,0.0,-5.796,16.719
2010-06-23,0.069,0.086,0.027,-6.772,16.857
2010-06-24,0.07,0.083,0.0,-6.484,15.972
2010-06-25,0.069,0.082,0.0,-6.194,15.95
2010-06-26,0.068,0.08,0.0,-6.102,15.159
2010-06-27,0.069,0.078,0.247,-5.784,15.943
2010-06-28,0.067,0.077,0.135,-3.587,14.268
2010-06-29,0.067,0.076,0.0,-2.937,14.496
2010-06-30,0.065,0.078,0.004,-5.284,14.291
2010-07-01,0.063,0.079,0.004,-5.203,15.057
2010-07-02,0.062,0.08,0.004,-5.743,15.847
2010-07-03,0.061,0.08,0.004,-5.92,15.581
2010-07-04,0.062,0.078,0.0,-6.29,16.237
2010-07-05,0.061,0.075,0.0,-7.291,16.85
2010-07-06,0.06,0.073,0.0,-7.243,15.437
2010-07-07,0.059,0.071,0.0,-7.766,15.168
2010-07-08,0.06,0.069,0.0,-6.389,16.225
2010-07-09,0.058,0.067,0.007,-5.956,15.405
2010-07-10,0.057,0.066,0.089,-5.33,14.55
2010-07-11,0.056,0.065,0.009,-7.629,14.644
2010-07-12,0.056,0.065,0.111,-11.163,15.4
2010-07-13,0.054,0.064,0.018,-9.575,14.951
2010-07-14,0.053,0.064,0.0,-9.269,13.683
2010-07-15,0.054,0.064,0.0,-8.28,13.211
2010-07-16,0.051,0.063,0.233,-7.459,12.474
2010-07-17,0.049,0.062,0.31,-2.154,12.391
2010-07-18,0.048,0.062,0.0,-6.058,14.01
2010-07-19,0.048,0.062,0.0,-9.869,14.559
2010-07-20,0.047,0.064,0.0,-9.203,14.917
2010-07-21,0.046,0.065,0.0,-8.532,15.994
2010-07-22,0.046,0.065,0.0,-8.827,16.808
2010-07-23,0.045,0.063,0.001,-8.392,17.037
2010-07-24,0.044,0.062,0.001,-7.788,16.928
2010-07-25,0.044,0.06,0.005,-8.82,16.641
2010-07-26,0.043,0.058,0.046,-7.687,15.892
2010-07-27,0.052,0.057,0.001,-7.384,16.265
2010-07-28,0.051,0.056,0.004,-7.321,15.542
2010-07-29,0.051,0.055,0.071,-7.273,15.328
2010-07-30,0.051,0.054,0.112,-6.802,15.16
2010-07-31,0.051,0.054,0.039,-7.371,14.715
2010-08-01,0.051,0.05,0.213,-7.704,14.732
2010-08-02,0.051,0.049,0.269,-6.434,15.521
2010-08-03,0.05,0.049,0.088,-4.777,15.526
2010-08-04,0.05,0.049,0.0,-6.437,15.849
2010-08-05,0.05,0.048,0.0,-7.142,15.483
2010-08-06,0.05,0.049,0.0,-9.315,16.074
2010-08-07,0.05,0.048,0.0,-9.163,16.398
2010-08-08,0.049,0.048,0.0,-9.425,16.758
2010-08-09,0.05,0.047,0.0,-10.141,15.825
2010-08-10,0.049,0.047,0.005,-8.916,15.749
2010-08-11,0.047,0.047,0.001,-6.07,15.954
2010-08-12,0.049,0.046,0.036,-6.727,15.84
2010-08-13,0.048,0.046,0.201,-7.413,14.982
2010-08-14,0.048,0.045,0.0,-6.398,15.82
2010-08-15,0.048,0.045,0.0,-6.357,16.397
2010-08-16,0.048,0.045,0.0,-6.8,17.165
2010-08-17,0.048,0.045,0.0,-8.599,16.455
2010-08-18,0.048,0.044,0.0,-8.504,16.531
2010-08-19,0.047,0.044,0.0,-8.365,16.278
2010-08-20,0.046,0.044,0.013,-9.565,15.119
2010-08-21,0.046,0.043,0.004,-7.73,15.602
2010-08-22,0.046,0.043,0.001,-6.256,16.771
2010-08-23,0.046,0.043,0.139,-5.484,17.422
2010-08-24,0.045,0.042,0.199,-4.801,18.144
2010-08-25,0.045,0.042,0.239,-4.695,17.428
2010-08-26,0.045,0.042,0.02,-4.253,17.158
2010-08-27,0.045,0.041,0.0,-4.683,17.1
2010-08-28,0.044,0.041,0.007,-4.102,16.364
2010-08-29,0.044,0.04,0.127,-3.271,15.855
2010-08-30,0.044,0.04,0.377,-0.809,15.312
2010-08-31,0.044,0.041,0.286,0.82,12.913
2010-09-01,0.043,0.038,0.513,-0.799,12.56
2010-09-02,0.044,0.04,0.016,0.574,13.42
2010-09-03,0.044,0.043,0.105,-1.162,16.276
2010-09-04,0.043,0.047,0.058,-0.93,16.066
2010-09-05,0.044,0.05,0.005,-2.281,15.519
2010-09-06,0.043,0.051,0.023,-1.355,15.189
2010-09-07,0.044,0.05,0.074,-1.487,16.466
2010-09-08,0.043,0.047,0.001,-2.994,16.278
2010-09-09,0.043,0.045,0.0,-5.089,16.674
2010-09-10,0.043,0.043,0.003,-5.355,17.812
2010-09-11,0.043,0.041,0.22,-4.881,17.217
2010-09-12,0.042,0.039,0.51,-3.318,16.868
2010-09-13,0.043,0.037,0.143,-5.26,16.068
2010-09-14,0.042,0.035,0.224,-6.846,17.148
2010-09-15,0.042,0.034,0.217,-3.502,16.714
2010-09-16,0.042,0.032,0.0,-7.182,17.577
2010-09-17,0.043,0.032,0.0,-8.381,17.187
2010-09-18,0.041,0.031,0.211,-7.154,15.927
2010-09-19,0.041,0.03,0.001,-6.794,16.01
2010-09-20,0.041,0.029,0.002,-4.955,16.742
2010-09-21,0.04,0.028,0.007,-3.598,17.216
2010-09-22,0.04,0.027,0.146,-2.326,16.854
2010-09-23,0.04,0.026,0.072,-3.133,17.165
2010-09-24,0.039,0.026,0.017,-1.685,16.865
2010-09-25,0.039,0.025,0.012,-2.066,17.766
2010-09-26,0.039,0.025,0.134,-2.681,18.246
2010-09-27,0.039,0.026,0.005,-3.517,19.101
2010-09-28,0.038,0.026,0.013,-5.17,19.499
2010-09-29,0.038,0.027,0.012,-4.209,19.18
2010-09-30,0.038,0.028,0.211,-2.181,18.467
2010-10-01,0.038,0.023,1.741,-0.796,17.486
2010-10-02,0.038,0.024,2.095,0.189,16.111
2010-10-03,0.038,0.025,0.128,-0.216,16.036
2010-10-04,0.038,0.027,0.003,-7.196,17.408
2010-10-05,0.037,0.028,0.593,-5.097,17.885
2010-10-06,0.038,0.029,0.355,-2.373,18.295
2010-10-07,0.037,0.03,0.691,-4.141,18.502
2010-10-08,0.037,0.029,1.693,-1.022,17.091
2010-10-09,0.037,0.028,2.438,1.708,16.628
2010-10-10,0.037,0.028,3.545,0.75,14.977
2010-10-11,0.037,0.03,0.69,1.65,14.996
2010-10-12,0.037,0.037,1.292,1.159,14.249
2010-10-13,0.038,0.045,1.848,-0.802,15.434
2010-10-14,0.037,0.056,1.012,-2.578,15.726
2010-10-15,0.037,0.063,2.256,-2.16,16.007
2010-10-16,0.038,0.067,3.133,0.141,15.62
2010-10-17,0.038,0.068,2.048,0.977,16.029
2010-10-18,0.038,0.067,0.556,0.948,15.258
2010-10-19,0.038,0.066,0.713,-0.707,16.733
2010-10-20,0.038,0.065,2.443,0.249,16.262
2010-10-21,0.038,0.063,7.561,0.571,15.792
2010-10-22,0.038,0.062,0.703,-0.468,16.559
2010-10-23,0.038,0.065,0.207,-2.755,17.461
2010-10-24,0.038,0.068,0.205,-0.542,17.445
2010-10-25,0.039,0.069,0.61,-2.319,17.376
2010-10-26,0.038,0.067,0.366,-1.465,15.977
2010-10-27,0.037,0.062,0.903,-0.668,18.114
2010-10-28,0.037,0.057,3.459,0.262,18.705
2010-10-29,0.037,0.053,0.041,0.263,17.955
2010-10-30,0.036,0.046,1.204,1.051,18.295
2010-10-31,0.036,0.043,2.413,0.674,16.616
2010-11-01,0.035,0.032,0.007,1.04,17.151
2010-11-02,0.035,0.031,0.215,-0.061,17.275
2010-11-03,0.035,0.031,0.003,-1.024,18.348
2010-11-04,0.034,0.031,0.0,-3.337,18.84
2010-11-05,0.034,0.03,0.0,-6.426,18.52
2010-11-06,0.034,0.029,0.006,-2.537,17.811
2010-11-07,0.034,0.028,0.039,-3.067,18.061
2010-11-08,0.033,0.026,0.093,-2.315,18.256
2010-11-09,0.033,0.024,0.126,-2.495,16.635
2010-11-10,0.034,0.019,3.447,0.088,16.496
2010-11-11,0.033,0.019,2.664,1.71,14.999
2010-11-12,0.033,0.026,5.46,0.276,15.376
2010-11-13,0.033,0.037,1.499,0.624,15.464
2010-11-14,0.033,0.05,1.005,0.013,16.799
2010-11-15,0.033,0.061,0.275,-0.595,17.265
2010-11-16,0.033,0.068,0.441,-2.379,17.268
2010-11-17,0.032,0.069,0.092,-4.378,16.549
2010-11-18,0.033,0.064,0.02,-2.676,17.817
2010-11-19,0.032,0.058,0.372,-3.159,18.437
2010-11-20,0.031,0.053,0.081,-1.508,17.32
2010-11-21,0.031,0.045,0.976,-1.213,17.307
2010-11-22,0.031,0.041,1.549,0.368,16.216
2010-11-23,0.031,0.037,1.184,-1.133,17.85
2010-11-24,0.03,0.035,0.838,-1.327,14.689
2010-11-25,0.03,0.037,0.715,0.004,16.968
2010-11-26,0.03,0.039,0.828,0.528,16.186
2010-11-27,0.03,0.041,1.177,1.224,17.471
2010-11-28,0.03,0.042,0.982,1.469,17.629
2010-11-29,0.029,0.044,1.177,0.508,15.179
2010-11-30,0.029,0.045,1.196,1.523,16.035
2010-12-01,0.029,0.039,0.728,-1.058,17.564
2010-12-02,0.029,0.038,0.483,0.427,18.218
2010-12-03,0.029,0.036,0.482,-1.609,18.077
2010-12-04,0.029,0.035,4.277,-0.173,15.353
2010-12-05,0.029,0.034,2.731,2.42,13.997
2010-12-06,0.03,0.035,3.829,1.133,16.141
2010-12-07,0.031,0.045,0.838,2.503,15.745
2010-12-08,0.031,0.061,1.671,1.869,15.285
2010-12-09,0.032,0.071,6.643,2.415,14.031
2010-12-10,0.076,0.078,2.8,2.363,14.308
2010-12-11,0.078,0.088,5.888,3.033,15.515
2010-12-12,0.086,0.098,7.134,2.926,13.937
2010-12-13,0.099,0.115,5.667,2.73,11.691
2010-12-14,0.11,0.135,0.147,-0.196,16.157
2010-12-15,0.137,0.153,1.24,-0.706,16.521
2010-12-16,0.17,0.166,0.732,-0.775,16.129
2010-12-17,0.191,0.163,1.568,-0.231,17.118
2010-12-18,0.172,0.146,1.264,-0.136,15.827
2010-12-19,0.155,0.113,1.625,-0.77,16.099
2010-12-20,0.143,0.093,2.465,1.561,14.273
2010-12-21,0.133,0.08,3.633,2.401,11.446
2010-12-22,0.128,0.077,5.253,1.953,13.035
2010-12-23,0.127,0.083,5.696,2.806,12.578
2010-12-24,0.129,0.102,3.75,2.772,12.063
2010-12-25,0.137,0.146,4.53,3.083,11.855
2010-12-26,0.141,0.188,5.644,2.163,12.648
2010-12-27,0.163,0.238,8.39,2.634,12.91
2010-12-28,0.203,0.303,6.434,2.445,12.982
2010-12-29,0.229,0.35,8.144,2.459,12.621
2010-12-30,0.305,0.43,4.704,2.51,13.507
2010-12-31,0.537,0.51,1.669,2.006,14.275
2011-01-01,0.556,0.594,0.993,1.917,14.702
2011-01-02,0.504,0.604,1.229,2.121,15.223
2011-01-03,0.431,0.56,1.58,1.694,16.179
2011-01-04,0.356,0.471,1.388,1.888,15.977
2011-01-05,0.276,0.355,0.866,0.58,16.545
2011-01-06,0.248,0.267,5.51,1.425,15.238
2011-01-07,0.226,0.203,3.838,1.854,13.78
2011-01-08,0.209,0.171,0.636,2.173,13.958
2011-01-09,0.197,0.167,3.526,2.443,14.26
2011-01-10,0.193,0.187,6.923,2.493,15.198
2011-01-11,0.196,0.212,4.797,2.99,13.601
2011-01-12,0.209,0.255,4.53,3.154,14.668
2011-01-13,0.209,0.311,3.105,3.436,13.136
2011-01-14,0.238,0.374,1.917,1.597,15.325
2011-01-15,0.27,0.427,2.588,1.336,14.757
2011-01-16,0.267,0.427,0.028,1.748,16.135
2011-01-17,0.256,0.379,0.811,0.351,16.6
2011-01-18,0.249,0.327,0.949,0.785,15.755
2011-01-19,0.236,0.267,0.638,1.735,15.923
2011-01-20,0.22,0.207,1.566,1.163,16.762
2011-01-21,0.212,0.163,1.49,2.13,13.009
2011-01-22,0.205,0.133,3.748,2.628,13.364
2011-01-23,0.198,0.123,6.454,2.619,11.405
2011-01-24,0.198,0.143,9.152,2.744,11.596
2011-01-25,0.198,0.201,6.263,2.68,12.272
2011-01-26,0.251,0.331,7.827,2.583,13.12
2011-01-27,0.363,0.543,5.578,2.543,11.025
2011-01-28,0.412,0.768,2.346,1.293,13.266
2011-01-29,0.472,1.012,3.074,2.544,11.39
2011-01-30,0.543,1.142,1.006,2.676,12.668
2011-01-31,0.473,1.219,1.945,2.324,14.025
2011-02-01,0.601,1.191,1.249,2.939,13.458
2011-02-02,0.532,1.185,2.297,2.972,14.424
2011-02-03,0.501,1.131,5.832,3.297,14.874
2011-02-04,0.593,1.039,6.854,3.625,13.828
2011-02-05,0.552,0.936,6.174,3.541,13.037
2011-02-06,0.575,0.886,3.308,3.477,11.326
2011-02-07,0.77,0.911,6.006,3.236,13.719
2011-02-08,0.853,0.992,3.303,3.121,11.094
2011-02-09,0.777,1.097,10.309,2.786,13.193
2011-02-10,0.818,1.202,10.794,3.045,11.743
2011-02-11,0.761,1.321,4.184,2.368,12.77
2011-02-12,1.058,1.436,2.957,2.753,14.577
2011-02-13,1.235,1.497,3.698,2.481,14.026
2011-02-14,1.044,1.494,8.677,2.477,10.771
2011-02-15,0.909,1.432,10.361,1.979,12.539
2011-02-16,1.039,1.368,2.352,2.122,13.543
2011-02-17,1.169,1.375,3.42,2.64,13.487
2011-02-18,1.247,1.438,3.801,2.69,10.674
2011-02-19,1.162,1.454,9.783,2.817,11.677
2011-02-20,1.14,1.419,7.371,2.444,11.313
2011-02-21,1.525,1.391,6.207,2.55,12.352
2011-02-22,1.861,1.426,6.749,3.064,11.718
2011-02-23,1.9,1.5,12.782,2.983,13.371
2011-02-24,1.978,1.582,8.727,2.223,11.376
2011-02-25,2.074,1.703,2.859,1.934,11.969
2011-02-26,2.17,1.807,7.697,2.365,12.671
2011-02-27,2.28,1.9,4.88,2.56,11.651
2011-02-28,2.05,1.961,4.001,2.603,13.488
2011-03-01,1.952,1.9,6.174,2.044,13.762
2011-03-02,1.966,1.897,3.996,1.398,13.952
2011-03-03,2.025,1.849,5.521,1.61,12.601
2011-03-04,1.939,1.778,11.724,1.224,12.028
2011-03-05,1.939,1.691,9.179,1.426,12.567
2011-03-06,1.998,1.672,2.575,2.011,12.776
2011-03-07,2.157,1.688,1.138,1.107,13.257
2011-03-08,2.187,1.724,3.803,2.269,12.131
2011-03-09,2.111,1.691,6.918,2.281,12.766
2011-03-10,1.839,1.631,5.115,1.618,12.639
2011-03-11,1.932,1.552,2.032,1.654,11.577
2011-03-12,1.956,1.503,1.518,1.047,12.405
2011-03-13,1.947,1.445,6.377,1.388,12.912
2011-03-14,2.068,1.376,3.916,1.49,11.53
2011-03-15,1.951,1.321,2.582,1.658,11.716
2011-03-16,1.899,1.305,0.96,2.303,13.81
2011-03-17,1.989,1.311,2.232,2.291,15.025
2011-03-18,1.904,1.28,4.306,2.096,14.111
2011-03-19,1.782,1.209,4.676,2.461,12.876
2011-03-20,1.665,1.142,1.938,2.391,13.734
2011-03-21,1.652,1.105,3.412,2.654,13.232
2011-03-22,1.632,1.094,3.003,3.15,12.987
2011-03-23,1.618,1.087,0.626,1.637,14.231
2011-03-24,1.771,1.067,1.204,1.912,13.218
2011-03-25,1.703,1.034,2.93,1.945,14.159
2011-03-26,1.579,0.964,3.575,2.0,14.835
2011-03-27,1.576,0.911,5.197,2.288,13.372
2011-03-28,1.536,0.876,3.948,2.829,14.406
2011-03-29,1.624,0.877,8.075,3.038,13.092
2011-03-30,1.67,0.932,3.46,2.364,12.243
2011-03-31,1.837,1.042,2.589,1.763,15.036
2011-04-01,1.912,1.082,6.545,2.52,14.15
2011-04-02,1.784,1.145,3.674,2.624,13.881
2011-04-03,1.736,1.178,2.544,0.996,13.847
2011-04-04,1.839,1.197,1.673,-0.203,13.809
2011-04-05,1.79,1.177,5.949,0.314,13.027
2011-04-06,1.729,1.126,7.946,2.027,12.294
2011-04-07,1.573,1.071,1.961,1.769,12.445
2011-04-08,1.64,1.105,4.609,2.088,12.615
2011-04-09,1.817,1.226,2.627,2.64,11.955
2011-04-10,1.716,1.425,0.323,0.682,13.98
2011-04-11,1.614,1.577,2.068,0.95,14.725
2011-04-12,1.57,1.682,0.038,-0.703,14.842
2011-04-13,1.496,1.712,0.125,-1.696,14.517
2011-04-14,1.415,1.644,0.376,-1.668,14.368
2011-04-15,1.32,1.492,0.398,-0.385,13.637
2011-04-16,1.25,1.264,7.255,0.622,12.743
2011-04-17,1.199,1.063,6.984,1.299,13.171
2011-04-18,1.162,0.945,1.067,1.383,13.406
2011-04-19,1.322,0.928,0.525,0.537,14.351
2011-04-20,1.6,0.993,0.111,-0.83,15.548
2011-04-21,1.408,1.011,0.085,-1.466,15.294
2011-04-22,1.233,0.956,0.038,-1.811,14.887
2011-04-23,1.16,0.844,0.027,-2.04,14.974
2011-04-24,1.105,0.749,0.539,-0.942,14.785
2011-04-25,1.063,0.694,0.16,-0.068,14.981
2011-04-26,1.032,0.626,0.046,-1.369,14.412
2011-04-27,1.015,0.584,0.24,-0.753,14.7
2011-04-28,0.993,0.547,0.21,-1.682,15.146
2011-04-29,0.963,0.518,0.181,-2.141,15.135
2011-04-30,0.959,0.491,0.001,-3.124,14.686
2011-05-01,0.944,0.469,1.04,-1.668,13.92
2011-05-02,0.924,0.442,1.793,1.086,13.165
2011-05-03,0.959,0.422,0.624,-0.256,14.6
2011-05-04,0.86,0.411,0.106,-2.242,14.988
2011-05-05,0.794,0.413,0.025,-3.858,14.7
2011-05-06,0.745,0.414,0.0,-5.075,14.654
2011-05-07,0.613,0.401,0.001,-5.647,14.016
2011-05-08,0.522,0.384,0.007,-3.011,14.591
2011-05-09,0.456,0.361,0.749,-3.3,15.315
2011-05-10,0.365,0.336,1.302,0.182,11.104
2011-05-11,0.348,0.322,0.305,-2.353,15.095
2011-05-12,0.343,0.331,0.156,-2.516,14.103
2011-05-13,0.336,0.374,0.023,-3.344,14.273
2011-05-14,0.324,0.424,0.094,-5.025,14.279
2011-05-15,0.317,0.442,0.003,-5.914,14.346
2011-05-16,0.301,0.415,0.093,-5.457,14.722
2011-05-17,0.3,0.381,0.0,-4.484,14.519
2011-05-18,0.288,0.34,0.004,-5.977,14.165
2011-05-19,0.278,0.301,0.0,-6.825,14.001
2011-05-20,0.268,0.273,0.0,-6.386,14.54
2011-05-21,0.265,0.249,0.217,-6.355,14.922
2011-05-22,0.258,0.231,0.696,-4.174,14.769
2011-05-23,0.25,0.215,0.811,-2.375,14.62
2011-05-24,0.246,0.207,0.172,-1.699,15.163
2011-05-25,0.237,0.205,0.579,-0.907,15.406
2011-05-26,0.232,0.21,2.244,-3.529,14.3
2011-05-27,0.227,0.214,0.888,-3.612,15.897
2011-05-28,0.223,0.222,0.091,-4.441,15.984
2011-05-29,0.219,0.225,0.001,-7.146,16.166
2011-05-30,0.214,0.222,0.04,-7.727,15.974
2011-05-31,0.21,0.214,0.002,-8.616,16.213
2011-06-01,0.207,0.203,0.0,-8.083,15.162
2011-06-02,0.204,0.189,0.0,-8.013,15.127
2011-06-03,0.201,0.175,0.02,-3.88,14.187
2011-06-04,0.197,0.164,0.016,-4.016,13.267
2011-06-05,0.193,0.157,0.0,-4.923,13.904
2011-06-06,0.185,0.151,0.0,-7.096,13.748
2011-06-07,0.18,0.144,0.001,-8.995,13.911
2011-06-08,0.171,0.139,0.0,-8.173,14.429
2011-06-09,0.169,0.134,0.0,-10.827,14.556
2011-06-10,0.162,0.131,0.264,-9.776,14.937
2011-06-11,0.158,0.128,0.03,-9.464,14.939
2011-06-12,0.155,0.125,0.001,-9.588,14.969
2011-06-13,0.152,0.121,0.068,-9.382,14.507
2011-06-14,0.152,0.117,0.011,-7.822,13.789
2011-06-15,0.151,0.115,0.118,-6.976,13.828
2011-06-16,0.145,0.113,0.055,-6.813,13.161
2011-06-17,0.139,0.111,0.165,-5.649,12.695
2011-06-18,0.135,0.109,0.187,-3.171,12.901
2011-06-19,0.135,0.108,0.06,-4.118,13.859
2011-06-20,0.126,0.106,0.233,-5.127,14.574
2011-06-21,0.137,0.105,0.219,-5.032,14.532
2011-06-22,0.136,0.105,0.205,-4.578,14.874
2011-06-23,0.138,0.105,0.015,-5.544,15.061
2011-06-24,0.135,0.103,0.001,-5.577,16.657
2011-06-25,0.133,0.103,0.138,-7.464,15.641
2011-06-26,0.13,0.101,0.142,-7.769,15.626
2011-06-27,0.125,0.1,0.0,-7.168,16.152
2011-06-28,0.117,0.099,0.042,-6.366,14.44
2011-06-29,0.113,0.098,0.301,-4.92,12.688
2011-06-30,0.108,0.096,0.422,-3.531,10.654
2011-07-01,0.108,0.096,1.416,-3.473,9.033
2011-07-02,0.114,0.103,1.335,-2.918,8.477
2011-07-03,0.124,0.126,0.488,-1.334,8.257
2011-07-04,0.118,0.16,0.0,-3.524,11.201
2011-07-05,0.121,0.192,0.032,-5.051,13.249
2011-07-06,0.119,0.219,0.012,-4.559,13.232
2011-07-07,0.112,0.222,0.054,-6.523,13.521
2011-07-08,0.109,0.207,0.096,-5.972,12.154
2011-07-09,0.108,0.186,0.0,-7.129,13.158
2011-07-10,0.106,0.163,0.065,-7.913,13.925
2011-07-11,0.105,0.143,0.001,-6.982,14.305
2011-07-12,0.105,0.121,0.156,-7.191,15.212
2011-07-13,0.104,0.105,0.041,-6.313,15.487
2011-07-14,0.103,0.095,0.452,-6.32,15.318
2011-07-15,0.101,0.088,0.036,-4.831,14.717
2011-07-16,0.098,0.084,0.175,-8.102,14.303
2011-07-17,0.096,0.081,0.099,-7.039,14.66
2011-07-18,0.094,0.078,0.025,-8.09,14.628
2011-07-19,0.096,0.076,0.124,-7.465,14.105
2011-07-20,0.086,0.075,0.068,-3.399,14.748
2011-07-21,0.084,0.075,0.048,-5.892,14.94
2011-07-22,0.085,0.076,0.043,-5.347,14.847
2011-07-23,0.085,0.076,0.288,-5.858,14.777
2011-07-24,0.083,0.076,0.023,-6.793,15.2
2011-07-25,0.082,0.075,0.026,-7.313,15.879
2011-07-26,0.082,0.075,0.402,-6.703,14.466
2011-07-27,0.081,0.074,0.011,-5.665,14.383
2011-07-28,0.077,0.072,0.32,-7.645,14.231
2011-07-29,0.076,0.071,1.01,-8.716,13.96
2011-07-30,0.074,0.07,0.158,-10.343,14.068
2011-07-31,0.071,0.068,0.0,-8.055,13.719
2011-08-01,0.08,0.063,0.15,-8.089,14.971
2011-08-02,0.079,0.062,0.012,-8.716,15.496
2011-08-03,0.078,0.061,0.007,-8.851,15.959
2011-08-04,0.076,0.06,0.646,-5.664,13.98
2011-08-05,0.076,0.061,0.196,-2.467,14.308
2011-08-06,0.074,0.066,0.022,-5.439,15.573
2011-08-07,0.075,0.074,0.071,-5.986,15.876
2011-08-08,0.073,0.081,0.098,-4.865,15.684
2011-08-09,0.071,0.083,0.678,-4.906,15.716
2011-08-10,0.072,0.082,0.588,-4.473,15.349
2011-08-11,0.069,0.079,0.003,-6.421,15.306
2011-08-12,0.07,0.077,0.051,-5.774,14.966
2011-08-13,0.07,0.076,0.013,-5.295,14.601
2011-08-14,0.067,0.074,0.198,-6.481,14.363
2011-08-15,0.067,0.072,0.133,-5.61,14.044
2011-08-16,0.07,0.069,0.066,-5.544,15.229
2011-08-17,0.064,0.065,0.065,-4.301,15.88
2011-08-18,0.063,0.061,0.245,-4.572,16.179
2011-08-19,0.062,0.059,1.186,-4.914,16.932
2011-08-20,0.059,0.058,1.323,-4.182,13.024
2011-08-21,0.059,0.057,0.035,-2.68,15.832
2011-08-22,0.058,0.056,0.04,-3.998,15.337
2011-08-23,0.058,0.056,0.053,-6.13,15.21
2011-08-24,0.057,0.056,0.025,-4.694,15.335
2011-08-25,0.056,0.056,0.047,-4.935,15.711
2011-08-26,0.055,0.055,0.055,-4.923,15.911
2011-08-27,0.055,0.053,0.001,-4.636,16.346
2011-08-28,0.054,0.052,0.014,-4.952,16.886
2011-08-29,0.054,0.05,0.047,-2.925,17.206
2011-08-30,0.053,0.049,0.472,-3.728,17.027
2011-08-31,0.052,0.049,0.048,-3.575,14.606
2011-09-01,0.078,0.043,0.008,-4.276,16.011
2011-09-02,0.075,0.044,0.02,-6.161,15.874
2011-09-03,0.072,0.045,0.01,-6.07,15.997
2011-09-04,0.068,0.045,0.122,-4.98,16.728
2011-09-05,0.072,0.044,0.545,-3.72,16.662
2011-09-06,0.067,0.044,1.779,-3.71,16.195
2011-09-07,0.065,0.044,0.577,-2.86,17.261
2011-09-08,0.058,0.047,0.0,-5.123,17.003
2011-09-09,0.061,0.052,0.014,-4.745,15.785
2011-09-10,0.054,0.056,0.014,-4.875,15.033
2011-09-11,0.049,0.057,3.411,-3.603,14.734
2011-09-12,0.05,0.061,2.1,0.342,14.539
2011-09-13,0.068,0.071,1.741,0.221,14.169
2011-09-14,0.061,0.079,2.385,-0.229,13.463
2011-09-15,0.057,0.086,1.494,1.072,14.682
2011-09-16,0.053,0.089,1.741,-0.909,14.941
2011-09-17,0.048,0.09,0.67,-0.639,15.603
2011-09-18,0.052,0.09,2.127,0.71,14.314
2011-09-19,0.053,0.088,3.226,1.159,14.488
2011-09-20,0.046,0.086,5.482,1.403,12.762
2011-09-21,0.042,0.084,1.992,0.153,14.828
2011-09-22,0.049,0.084,2.207,0.826,13.565
2011-09-23,0.053,0.087,0.965,0.163,12.398
2011-09-24,0.067,0.09,1.636,0.072,13.496
2011-09-25,0.073,0.092,0.211,0.71,14.897
2011-09-26,0.072,0.093,1.744,0.02,15.206
2011-09-27,0.072,0.091,2.153,-0.02,13.934
2011-09-28,0.069,0.09,1.81,0.232,13.57
2011-09-29,0.073,0.088,1.098,-1.175,15.6
2011-09-30,0.068,0.088,0.58,-1.446,16.217
2011-10-01,0.064,0.074,0.452,-2.587,16.145
2011-10-02,0.075,0.071,0.655,-3.641,15.205
2011-10-03,0.069,0.068,1.891,-0.354,14.719
2011-10-04,0.068,0.064,0.622,-0.563,15.556
2011-10-05,0.063,0.061,2.2,0.923,15.991
2011-10-06,0.069,0.061,2.494,0.788,15.4
2011-10-07,0.065,0.064,4.704,0.809,12.888
2011-10-08,0.063,0.069,6.03,2.157,11.649
2011-10-09,0.08,0.074,7.28,1.611,13.488
2011-10-10,0.086,0.083,2.903,1.858,14.248
2011-10-11,0.117,0.093,5.23,1.473,16.059
2011-10-12,0.143,0.104,0.557,0.577,16.002
2011-10-13,0.159,0.109,3.918,-0.967,17.021
2011-10-14,0.229,0.108,0.668,-1.155,17.027
2011-10-15,0.213,0.099,0.749,-0.55,15.578
2011-10-16,0.194,0.09,0.183,-1.166,17.205
2011-10-17,0.176,0.083,0.049,-2.484,16.836
2011-10-18,0.16,0.074,0.037,-3.682,17.249
2011-10-19,0.152,0.067,1.285,-2.713,16.425
2011-10-20,0.145,0.059,0.34,0.315,16.317
2011-10-21,0.143,0.054,0.01,-3.101,16.724
2011-10-22,0.129,0.05,0.0,-4.76,16.804
2011-10-23,0.126,0.045,0.116,-2.809,16.878
2011-10-24,0.111,0.043,0.002,-1.98,17.292
2011-10-25,0.107,0.04,0.143,-2.407,18.102
2011-10-26,0.104,0.037,0.184,-2.672,16.49
2011-10-27,0.098,0.035,0.127,-1.066,15.376
2011-10-28,0.098,0.033,0.604,-2.648,17.347
2011-10-29,0.095,0.032,4.53,0.884,15.796
2011-10-30,0.098,0.037,6.547,-0.378,15.72
2011-10-31,0.099,0.045,2.215,0.818,13.763
2011-11-01,0.085,0.046,1.409,-0.321,15.307
2011-11-02,0.084,0.057,3.134,0.452,15.162
2011-11-03,0.089,0.067,3.299,1.155,15.173
2011-11-04,0.101,0.072,1.182,0.525,16.526
2011-11-05,0.1,0.079,0.213,0.546,17.75
2011-11-06,0.102,0.084,0.179,-2.552,17.404
2011-11-07,0.104,0.084,0.016,-1.048,17.627
2011-11-08,0.101,0.079,0.0,-1.357,17.895
2011-11-09,0.099,0.073,0.031,-0.736,19.432
2011-11-10,0.101,0.066,0.132,-0.815,18.909
2011-11-11,0.099,0.057,0.183,-1.436,16.735
2011-11-12,0.095,0.051,0.023,-0.142,16.568
2011-11-13,0.081,0.044,0.459,-1.098,18.206
2011-11-14,0.08,0.041,0.44,-1.135,17.533
2011-11-15,0.076,0.039,2.855,-2.724,17.373
2011-11-16,0.072,0.038,0.941,-0.108,15.943
2011-11-17,0.069,0.04,1.061,-1.657,17.708
2011-11-18,0.069,0.045,4.115,2.057,12.906
2011-11-19,0.067,0.056,4.417,1.796,12.626
2011-11-20,0.069,0.077,4.613,2.086,14.361
2011-11-21,0.077,0.11,2.926,1.371,15.887
2011-11-22,0.08,0.163,6.95,2.509,14.017
2011-11-23,0.078,0.21,2.902,1.665,15.002
2011-11-24,0.078,0.242,0.753,0.611,17.736
2011-11-25,0.078,0.259,0.122,-0.058,17.98
2011-11-26,0.109,0.247,0.396,-0.197,17.974
2011-11-27,0.113,0.21,0.119,1.291,16.404
2011-11-28,0.106,0.175,0.007,0.744,17.719
2011-11-29,0.095,0.141,0.59,-1.255,17.276
2011-11-30,0.088,0.111,0.032,1.049,18.36
2011-12-01,0.087,0.091,0.148,-2.42,17.484
2011-12-02,0.078,0.078,0.001,-0.976,17.203
2011-12-03,0.074,0.069,0.097,-1.23,18.312
2011-12-04,0.07,0.059,0.044,-1.029,18.863
2011-12-05,0.062,0.052,0.122,-1.968,18.102
2011-12-06,0.063,0.04,1.455,0.763,16.222
2011-12-07,0.062,0.035,1.557,0.032,17.381
2011-12-08,0.059,0.034,1.697,0.119,16.5
2011-12-09,0.056,0.035,2.586,2.253,13.306
2011-12-10,0.054,0.037,2.222,0.765,13.038
2011-12-11,0.053,0.041,3.955,2.192,14.001
2011-12-12,0.05,0.053,2.52,0.883,12.333
2011-12-13,0.051,0.063,8.834,2.685,13.529
2011-12-14,0.059,0.076,9.803,1.79,12.096
2011-12-15,0.063,0.095,17.227,2.28,12.656
2011-12-16,0.092,0.135,3.874,0.991,13.489
2011-12-17,0.088,0.203,1.867,0.666,14.254
2011-12-18,0.161,0.314,4.323,2.427,14.339
2011-12-19,0.277,0.408,3.067,1.838,12.388
2011-12-20,0.277,0.439,5.925,2.205,13.753
2011-12-21,0.271,0.411,10.176,2.714,13.656
2011-12-22,0.277,0.394,8.044,1.366,11.091
2011-12-23,0.285,0.421,8.671,2.605,12.284
2011-12-24,0.293,0.518,8.107,1.916,12.998
2011-12-25,0.317,0.663,9.744,1.463,9.523
2011-12-26,0.315,0.873,3.788,1.315,12.622
2011-12-27,0.317,1.048,5.186,2.324,13.417
2011-12-28,0.408,1.173,6.037,2.52,12.745
2011-12-29,0.554,1.304,7.585,2.646,13.09
2011-12-30,0.51,1.404,5.76,2.558,13.467
2011-12-31,0.601,1.603,6.509,3.085,13.467
2012-01-01,0.722,1.748,10.423,3.424,12.494
2012-01-02,0.59,1.881,8.625,2.806,12.088
2012-01-03,0.865,1.926,4.576,2.923,12.2
2012-01-04,1.106,1.962,4.067,1.834,13.443
2012-01-05,1.162,2.014,7.427,2.653,12.866
2012-01-06,1.059,2.074,3.348,2.308,12.775
2012-01-07,0.997,2.103,7.02,2.466,12.339
2012-01-08,0.993,2.15,3.842,2.936,11.422
2012-01-09,1.108,2.17,9.292,3.178,12.913
2012-01-10,1.233,2.173,1.704,1.439,15.135
2012-01-11,1.649,2.164,2.492,1.61,15.422
2012-01-12,1.439,2.096,5.629,2.492,15.316
2012-01-13,1.028,1.959,4.434,2.432,14.356
2012-01-14,0.782,1.691,5.513,2.491,14.812
2012-01-15,0.712,1.412,0.869,1.281,15.042
2012-01-16,0.629,1.191,0.053,0.333,14.87
2012-01-17,0.47,1.007,0.866,-0.297,13.598
2012-01-18,0.343,0.82,2.282,1.299,14.015
2012-01-19,0.273,0.663,2.793,1.689,11.351
2012-01-20,0.182,0.582,10.739,1.927,13.24
2012-01-21,0.122,0.547,6.479,1.449,11.481
2012-01-22,0.221,0.591,3.555,1.898,12.925
2012-01-23,0.366,0.743,3.868,1.193,13.618
2012-01-24,0.62,0.93,3.517,1.268,14.362
2012-01-25,0.618,1.065,10.344,2.653,11.068
2012-01-26,0.76,1.12,3.545,2.683,11.993
2012-01-27,0.955,1.188,8.677,3.437,13.495
2012-01-28,1.219,1.266,9.206,2.52,13.569
2012-01-29,1.363,1.422,7.269,2.723,12.644
2012-01-30,1.651,1.62,2.37,3.094,13.478
2012-01-31,2.05,1.768,0.553,1.918,14.043
2012-02-01,2.05,1.678,2.757,1.565,15.12
2012-02-02,2.091,1.591,2.655,3.122,13.247
2012-02-03,1.275,1.485,5.366,3.621,13.791
2012-02-04,1.295,1.319,6.758,3.578,12.265
2012-02-05,1.55,1.234,4.419,3.384,12.927
2012-02-06,1.845,1.239,4.678,3.965,12.281
2012-02-07,1.753,1.333,0.781,2.284,13.203
2012-02-08,1.669,1.472,3.4,1.865,13.353
2012-02-09,1.605,1.567,2.421,1.595,14.112
2012-02-10,1.266,1.62,5.268,2.758,12.732
2012-02-11,1.09,1.644,7.837,3.148,12.323
2012-02-12,1.029,1.651,5.294,2.806,11.921
2012-02-13,1.319,1.691,10.501,2.898,11.521
2012-02-14,1.499,1.815,11.007,1.924,10.546
2012-02-15,1.84,1.976,7.793,1.465,10.858
2012-02-16,2.281,2.15,11.43,1.69,10.832
2012-02-17,2.425,2.323,9.091,2.073,11.57
2012-02-18,2.6,2.44,6.778,1.847,10.346
2012-02-19,2.616,2.526,15.152,1.483,10.759
2012-02-20,2.549,2.647,4.533,0.402,10.89
2012-02-21,2.494,2.796,1.23,0.498,13.283
2012-02-22,2.565,2.914,4.054,1.983,12.145
2012-02-23,2.589,3.001,3.682,1.875,11.653
2012-02-24,2.23,2.95,3.583,2.066,11.989
2012-02-25,2.106,2.854,0.827,0.794,13.75
2012-02-26,1.986,2.713,1.609,0.613,12.636
2012-02-27,1.84,2.589,3.316,2.268,12.699
2012-02-28,1.663,2.523,3.955,1.92,12.73
2012-02-29,1.647,2.412,3.767,1.677,12.359
2012-03-01,1.667,2.202,3.719,2.119,12.254
2012-03-02,1.676,2.107,8.798,2.657,12.77
2012-03-03,1.631,2.034,4.321,2.288,13.507
2012-03-04,1.764,2.024,5.159,2.959,12.718
2012-03-05,1.891,2.08,7.018,2.098,13.117
2012-03-06,1.968,2.125,7.244,2.328,11.861
2012-03-07,2.028,2.189,8.326,2.347,11.763
2012-03-08,2.11,2.259,4.283,1.961,12.113
2012-03-09,2.122,2.351,1.284,1.656,12.175
2012-03-10,2.113,2.428,3.865,0.502,12.754
2012-03-11,1.984,2.449,2.604,0.621,12.499
2012-03-12,1.683,2.429,4.335,1.056,13.335
2012-03-13,1.665,2.386,0.419,0.43,13.728
2012-03-14,1.592,2.315,1.49,-0.543,13.851
2012-03-15,1.494,2.267,1.748,1.559,12.991
2012-03-16,1.365,2.203,1.33,2.031,13.768
2012-03-17,1.321,2.103,0.977,1.809,14.526
2012-03-18,1.292,1.969,0.487,1.886,15.459
2012-03-19,1.201,1.808,0.066,1.052,15.723
2012-03-20,1.051,1.633,1.577,0.854,14.662
2012-03-21,0.92,1.466,0.147,0.312,15.048
2012-03-22,0.84,1.282,0.238,-0.185,15.761
2012-03-23,0.804,1.152,0.15,-0.493,14.838
2012-03-24,0.723,1.05,0.246,-0.152,14.541
2012-03-25,0.651,0.933,0.861,0.408,13.695
2012-03-26,0.612,0.842,6.317,1.435,13.649
2012-03-27,0.612,0.806,15.765,1.656,12.343
2012-03-28,0.696,0.838,6.003,1.646,12.299
2012-03-29,0.842,1.022,7.25,1.002,13.228
2012-03-30,1.299,1.274,6.785,1.713,13.161
2012-03-31,1.432,1.576,3.042,1.965,13.313
2012-04-01,1.452,1.665,1.192,1.495,12.849
2012-04-02,1.534,1.756,1.541,1.347,13.697
2012-04-03,1.325,1.757,2.324,0.862,13.034
2012-04-04,1.272,1.674,4.624,1.95,12.102
2012-04-05,1.135,1.572,1.539,0.81,12.687
2012-04-06,1.064,1.489,4.449,1.672,13.297
2012-04-07,1.137,1.447,2.668,1.155,13.944
2012-04-08,1.08,1.43,0.651,-0.147,13.947
2012-04-09,1.035,1.368,2.47,-0.007,13.707
2012-04-10,0.957,1.296,5.536,1.079,12.77
2012-04-11,0.898,1.221,2.807,1.615,11.136
2012-04-12,0.9,1.202,4.277,1.833,12.083
2012-04-13,1.106,1.303,2.597,1.833,13.132
2012-04-14,1.1,1.533,2.72,0.936,13.119
2012-04-15,1.162,1.774,4.915,-0.163,13.107
2012-04-16,1.29,1.903,6.955,0.944,13.139
2012-04-17,1.284,1.944,2.306,0.751,12.218
2012-04-18,1.434,1.908,2.799,2.274,12.066
2012-04-19,1.328,1.84,0.487,0.761,13.297
2012-04-20,1.19,1.722,1.051,0.357,13.901
2012-04-21,1.139,1.613,1.854,0.542,13.855
2012-04-22,0.988,1.503,1.48,-0.572,12.395
2012-04-23,0.898,1.371,1.477,0.477,13.437
2012-04-24,0.907,1.264,1.74,0.681,12.811
2012-04-25,0.847,1.179,2.141,1.528,12.609
2012-04-26,0.867,1.128,1.118,-0.277,13.862
2012-04-27,0.836,1.105,0.197,-0.202,12.992
2012-04-28,0.833,1.056,0.218,-1.048,14.163
2012-04-29,0.773,1.001,0.004,-2.919,13.923
2012-04-30,0.705,0.882,0.308,-2.606,13.801
2012-05-01,0.643,0.805,0.068,-3.024,13.314
2012-05-02,0.614,0.729,1.106,-2.072,13.328
2012-05-03,0.583,0.691,0.155,-0.551,13.953
2012-05-04,0.57,0.67,0.176,-2.105,14.533
2012-05-05,0.576,0.675,0.017,-2.914,14.476
2012-05-06,0.581,0.685,0.081,-3.391,14.27
2012-05-07,0.547,0.67,0.031,-4.113,14.53
2012-05-08,0.508,0.642,0.029,-4.641,13.365
2012-05-09,0.476,0.591,0.0,-4.31,14.321
2012-05-10,0.454,0.544,0.049,-4.184,14.865
2012-05-11,0.437,0.499,0.147,-4.006,14.987
2012-05-12,0.423,0.455,0.144,-3.401,14.375
2012-05-13,0.401,0.418,0.173,-3.06,13.636
2012-05-14,0.388,0.387,0.026,-5.592,13.646
2012-05-15,0.366,0.371,0.016,-5.729,14.285
2012-05-16,0.359,0.355,0.004,-5.85,13.994
2012-05-17,0.363,0.341,0.028,-5.071,13.988
2012-05-18,0.401,0.33,0.002,-3.59,13.813
2012-05-19,0.381,0.316,0.001,-3.67,14.338
2012-05-20,0.356,0.305,0.05,-3.073,14.004
2012-05-21,0.344,0.296,0.111,-3.566,14.169
2012-05-22,0.336,0.288,0.115,-2.883,13.812
2012-05-23,0.333,0.28,0.06,-3.269,13.835
2012-05-24,0.322,0.276,0.077,-2.805,14.128
2012-05-25,0.302,0.27,0.0,-5.164,13.531
2012-05-26,0.305,0.268,0.0,-7.314,14.406
2012-05-27,0.305,0.266,0.0,-8.09,15.067
2012-05-28,0.28,0.26,0.0,-8.135,15.255
2012-05-29,0.269,0.252,0.0,-7.797,14.797
2012-05-30,0.264,0.243,0.013,-6.924,14.284
2012-05-31,0.272,0.236,0.001,-6.069,14.112
2012-06-01,0.272,0.23,0.049,-6.625,14.77
2012-06-02,0.26,0.222,0.0,-5.982,14.583
2012-06-03,0.26,0.215,0.14,-7.615,14.731
2012-06-04,0.249,0.21,0.125,-7.237,14.452
2012-06-05,0.238,0.203,0.277,-7.442,13.786
2012-06-06,0.238,0.199,0.454,-3.898,12.557
2012-06-07,0.215,0.196,0.367,-1.638,11.584
2012-06-08,0.215,0.193,0.168,-1.941,12.189
2012-06-09,0.204,0.197,0.017,-3.876,11.696
2012-06-10,0.204,0.203,0.001,-5.487,13.073
2012-06-11,0.204,0.212,0.0,-4.623,12.582
2012-06-12,,0.214,0.005,-7.178,12.707
2012-06-13,0.193,0.211,0.005,-7.467,13.048
2012-06-14,0.193,0.201,0.004,-6.899,13.007
2012-06-15,0.193,0.19,0.005,-6.796,13.627
2012-06-16,0.171,0.179,0.072,-6.638,14.312
2012-06-17,0.171,0.169,0.234,-5.923,14.862
2012-06-18,0.159,0.161,0.08,-6.941,15.897
2012-06-19,0.148,0.158,0.307,-5.406,15.258
2012-06-20,0.148,0.153,0.267,-6.241,15.215
2012-06-21,0.137,0.151,0.106,-7.549,14.431
2012-06-22,0.137,0.148,0.112,-7.859,14.672
2012-06-23,0.137,0.147,0.0,-6.493,13.875
2012-06-24,0.126,0.145,0.011,-4.305,13.079
2012-06-25,0.126,0.145,0.05,-7.352,13.051
2012-06-26,0.115,0.143,0.009,-6.632,12.69
2012-06-27,0.115,0.141,0.062,-5.871,13.878
2012-06-28,0.115,0.138,0.003,-7.348,14.516
2012-06-29,,0.135,0.025,-8.435,14.518
2012-06-30,0.114,0.133,0.078,-8.764,14.535
2012-07-01,0.112,0.137,0.022,-7.537,14.171
2012-07-02,0.112,0.134,0.001,-7.53,14.355
2012-07-03,0.112,0.13,0.015,-7.681,13.754
2012-07-04,0.111,0.126,0.114,-6.783,13.515
2012-07-05,0.109,0.122,0.21,-6.504,13.467
2012-07-06,0.108,0.118,0.113,-6.448,13.253
2012-07-07,0.108,0.116,0.432,-5.536,12.409
2012-07-08,0.096,0.115,0.136,-1.795,10.836
2012-07-09,0.106,0.115,0.0,-5.95,13.913
2012-07-10,0.106,0.117,0.017,-7.958,14.978
2012-07-11,0.106,0.118,0.0,-8.173,15.127
2012-07-12,0.105,0.119,0.054,-7.786,15.677
2012-07-13,0.105,0.117,0.0,-7.36,15.586
2012-07-14,0.103,0.113,0.001,-7.249,15.48
2012-07-15,0.103,0.11,0.049,-7.283,15.604
2012-07-16,0.103,0.106,0.105,-7.987,14.519
2012-07-17,0.102,0.103,0.003,-10.361,13.389
2012-07-18,0.102,0.102,0.0,-10.26,13.629
2012-07-19,0.101,0.1,0.0,-9.898,13.076
2012-07-20,0.101,0.099,0.007,-11.575,14.016
2012-07-21,0.099,0.096,0.0,-10.422,15.099
2012-07-22,0.099,0.095,0.001,-9.384,15.3
2012-07-23,0.099,0.093,0.001,-8.041,15.272
2012-07-24,0.098,0.092,0.001,-8.075,14.923
2012-07-25,0.096,0.091,0.022,-7.752,14.543
2012-07-26,0.095,0.09,0.044,-6.21,14.195
2012-07-27,0.095,0.09,0.005,-6.107,14.157
2012-07-28,0.093,0.089,0.027,-5.009,13.98
2012-07-29,0.092,0.089,0.092,-6.337,14.78
2012-07-30,0.092,0.087,0.095,-4.679,12.689
2012-07-31,0.092,0.087,0.0,-5.806,14.642
2012-08-01,,0.082,0.001,-6.771,15.241
2012-08-02,,0.082,0.066,-6.509,16.076
2012-08-03,,0.081,0.011,-6.238,15.828
2012-08-04,,0.08,0.009,-7.532,15.794
2012-08-05,0.089,0.08,0.0,-9.149,15.373
2012-08-06,0.09,0.079,0.0,-10.092,15.457
2012-08-07,0.09,0.078,0.001,-11.481,15.226
2012-08-08,0.09,0.077,0.001,-9.399,15.715
2012-08-09,0.089,0.077,0.001,-11.248,15.536
2012-08-10,0.089,0.076,0.001,-9.879,15.864
2012-08-11,0.087,0.076,0.0,-8.68,15.855
2012-08-12,0.087,0.075,0.078,-7.486,15.288
2012-08-13,0.086,0.074,0.002,-7.154,14.366
2012-08-14,0.086,0.073,0.0,-5.184,15.1
2012-08-15,0.084,0.073,0.03,-9.802,15.51
2012-08-16,0.084,0.072,0.08,-7.131,14.447
2012-08-17,0.083,0.072,0.021,-5.358,14.988
2012-08-18,0.082,0.071,0.075,-9.024,14.638
2012-08-19,0.08,0.071,0.018,-4.965,13.913
2012-08-20,0.08,0.071,0.0,-8.194,14.37
2012-08-21,0.079,0.07,0.001,-8.544,14.942
2012-08-22,0.079,0.07,0.0,-5.516,15.097
2012-08-23,0.077,0.07,0.11,-4.84,16.476
2012-08-24,0.079,0.069,0.206,-4.714,16.127
2012-08-25,0.077,0.069,0.653,-1.977,13.759
2012-08-26,0.079,0.07,0.014,0.426,14.672
2012-08-27,0.077,0.073,0.057,-1.491,15.673
2012-08-28,0.076,0.076,0.004,-3.96,15.7
2012-08-29,0.076,0.078,0.0,-7.582,14.788
2012-08-30,,0.077,0.0,-11.817,15.067
2012-08-31,,0.076,0.017,-8.795,15.638
2012-09-01,0.074,0.065,0.001,-8.367,15.693
2012-09-02,0.076,0.061,0.026,-6.772,15.493
2012-09-03,0.073,0.06,0.064,-5.59,15.365
2012-09-04,0.073,0.058,0.013,-5.111,15.839
2012-09-05,0.072,0.057,0.004,-5.605,16.544
2012-09-06,0.072,0.056,0.019,-5.218,16.993
2012-09-07,0.071,0.055,0.322,-4.108,17.429
2012-09-08,0.07,0.054,0.073,-4.138,17.207
2012-09-09,0.069,0.053,0.207,-3.835,14.4
2012-09-10,0.069,0.053,0.056,-4.239,17.037
2012-09-11,0.068,0.053,0.073,-4.285,17.176
2012-09-12,0.068,0.054,0.131,-5.166,17.394
2012-09-13,0.068,0.054,0.018,-4.19,13.454
2012-09-14,0.066,0.055,0.029,-4.579,13.172
2012-09-15,0.066,0.055,0.25,-2.689,15.145
2012-09-16,0.066,0.056,0.105,-3.313,15.858
2012-09-17,0.065,0.058,0.076,-2.728,16.402
2012-09-18,0.061,0.059,0.0,-2.004,16.795
2012-09-19,0.055,0.06,0.114,-5.277,17.595
2012-09-20,0.054,0.06,0.215,-3.166,17.656
2012-09-21,0.046,0.059,0.004,-6.306,17.218
2012-09-22,0.054,0.058,0.376,-4.084,16.981
2012-09-23,0.054,0.057,0.177,-2.778,16.337
2012-09-24,0.061,0.055,0.677,-2.743,16.819
2012-09-25,0.06,0.054,1.513,-3.347,15.66
2012-09-26,0.059,0.054,2.836,-0.009,12.77
2012-09-27,0.059,0.055,2.563,-0.027,13.863
2012-09-28,0.055,0.06,2.568,-0.584,14.377
2012-09-29,0.053,0.07,0.846,-2.498,15.043
2012-09-30,0.053,0.076,1.039,-2.773,15.462
2012-10-01,0.056,0.069,0.674,-0.29,16.143
2012-10-02,0.055,0.07,0.031,-2.986,16.048
2012-10-03,0.054,0.07,0.179,-3.321,16.741
2012-10-04,0.055,0.069,1.2,-1.034,16.736
2012-10-05,0.054,0.066,0.11,-1.641,15.897
2012-10-06,0.057,0.063,1.635,-1.516,15.602
2012-10-07,0.053,0.059,2.434,-1.218,15.161
2012-10-08,0.051,0.057,6.563,1.535,13.094
2012-10-09,0.052,0.056,1.075,0.075,16.388
2012-10-10,0.051,0.058,2.383,0.107,17.488
2012-10-11,0.051,0.063,0.871,-0.429,15.269
2012-10-12,0.051,0.067,0.715,-2.353,15.665
2012-10-13,0.05,0.067,0.434,-1.29,16.352
2012-10-14,0.049,0.066,0.749,0.439,17.885
2012-10-15,0.05,0.063,0.394,0.54,18.433
2012-10-16,0.052,0.059,0.481,-2.09,18.332
2012-10-17,0.049,0.056,0.227,-1.785,16.182
2012-10-18,0.049,0.054,0.677,-1.538,17.197
2012-10-19,0.049,0.052,0.037,-1.536,17.872
2012-10-20,0.048,0.049,0.271,-0.625,17.283
2012-10-21,0.048,0.047,1.898,-2.028,17.817
2012-10-22,0.047,0.047,0.87,-0.937,17.54
2012-10-23,0.047,0.048,0.87,-2.287,18.643
2012-10-24,0.047,0.051,0.56,-0.625,16.581
2012-10-25,0.046,0.051,1.139,1.241,16.717
2012-10-26,0.046,0.051,0.923,1.114,16.716
2012-10-27,0.044,0.053,3.367,1.445,15.929
2012-10-28,0.043,0.057,0.559,1.415,16.425
2012-10-29,0.041,0.066,1.624,2.027,16.717
2012-10-30,0.042,0.077,0.769,1.174,15.859
2012-10-31,0.041,0.088,2.239,0.453,15.63
2012-11-01,0.041,0.091,5.268,1.894,14.978
2012-11-02,0.043,0.106,1.914,1.51,15.915
2012-11-03,0.045,0.12,1.369,1.367,14.838
2012-11-04,0.043,0.131,2.965,2.079,14.312
2012-11-05,0.043,0.133,2.173,2.458,14.486
2012-11-06,0.046,0.128,2.737,2.116,14.983
2012-11-07,0.046,0.123,1.267,0.341,15.804
2012-11-08,0.043,0.116,0.507,-0.123,16.83
2012-11-09,0.044,0.107,0.761,-1.096,18.734
2012-11-10,0.045,0.096,0.19,-0.515,18.626
2012-11-11,0.051,0.086,0.212,-1.835,18.149
2012-11-12,0.046,0.078,0.36,-0.736,17.092
2012-11-13,0.044,0.07,0.31,-0.417,17.741
2012-11-14,0.043,0.061,0.404,0.743,18.053
2012-11-15,0.042,0.054,0.533,1.703,16.629
2012-11-16,0.041,0.05,3.709,-0.129,15.053
2012-11-17,0.04,0.046,3.274,1.036,14.686
2012-11-18,0.039,0.05,1.501,1.217,14.554
2012-11-19,0.036,0.059,3.942,1.566,15.748
2012-11-20,0.039,0.074,3.752,2.551,14.983
2012-11-21,0.041,0.088,2.995,2.268,15.62
2012-11-22,0.037,0.105,0.255,-0.328,17.569
2012-11-23,0.042,0.124,0.434,-0.64,17.617
2012-11-24,0.052,0.133,0.574,0.793,17.087
2012-11-25,0.052,0.124,1.226,1.632,16.144
2012-11-26,0.051,0.109,2.118,-0.206,17.872
2012-11-27,0.044,0.093,1.297,0.133,19.021
2012-11-28,0.043,0.083,1.116,-0.293,18.248
2012-11-29,0.042,0.074,1.034,1.283,15.714
2012-11-30,0.038,0.065,4.208,1.208,15.679
2012-12-01,0.057,0.056,0.654,1.926,15.277
2012-12-02,0.055,0.054,4.597,0.807,14.938
2012-12-03,0.058,0.056,3.451,2.341,14.718
2012-12-04,0.057,0.061,3.347,3.0,14.991
2012-12-05,0.054,0.071,7.432,3.168,13.017
2012-12-06,0.054,0.088,2.52,2.138,13.959
2012-12-07,0.057,0.119,2.564,2.652,14.621
2012-12-08,0.062,0.177,4.042,2.18,14.391
2012-12-09,0.066,0.22,6.986,3.113,13.553
2012-12-10,0.077,0.257,5.189,3.45,13.679
2012-12-11,0.085,0.284,4.954,3.501,14.531
2012-12-12,0.089,0.311,8.122,3.352,13.952
2012-12-13,0.112,0.334,10.35,2.7,12.202
2012-12-14,0.134,0.375,8.416,2.175,12.595
2012-12-15,0.197,0.45,4.605,2.604,13.691
2012-12-16,0.327,0.537,9.681,3.233,12.834
2012-12-17,0.479,0.618,5.991,2.989,13.131
2012-12-18,0.621,0.747,9.598,2.729,12.91
2012-12-19,0.734,0.902,6.582,2.371,13.184
2012-12-20,0.701,1.103,2.143,2.175,14.924
2012-12-21,0.634,1.377,3.155,2.052,13.826
2012-12-22,0.754,1.601,4.321,2.89,11.386
2012-12-23,0.6,1.595,4.251,2.466,13.453
2012-12-24,0.5,1.421,3.089,2.86,14.822
2012-12-25,0.465,1.325,7.316,2.907,14.349
2012-12-26,0.46,1.298,11.061,2.311,12.903
2012-12-27,0.459,1.316,5.005,1.927,13.887
2012-12-28,0.626,1.371,8.344,1.874,13.491
2012-12-29,1.016,1.476,5.342,2.32,12.156
2012-12-30,1.114,1.553,1.574,1.149,13.146
2012-12-31,1.11,1.556,3.83,1.977,13.753
2013-01-01,1.106,1.476,4.965,1.599,14.953
2013-01-02,0.937,1.312,2.124,2.179,13.329
2013-01-03,0.76,1.174,2.656,1.719,14.151
2013-01-04,0.767,1.028,9.371,2.639,14.656
2013-01-05,0.742,0.886,5.73,2.096,11.897
2013-01-06,0.744,0.791,4.153,2.985,13.405
2013-01-07,1.039,0.815,1.516,1.502,14.492
2013-01-08,1.12,0.881,4.36,2.493,13.69
2013-01-09,1.014,0.917,4.125,2.306,14.149
2013-01-10,0.817,0.909,5.869,2.476,13.875
2013-01-11,0.708,0.899,9.129,3.406,12.713
2013-01-12,0.657,0.937,6.634,3.396,13.814
2013-01-13,0.933,1.083,5.167,2.742,13.424
2013-01-14,1.271,1.223,0.994,2.955,13.562
2013-01-15,1.556,1.336,6.55,3.366,14.364
2013-01-16,1.419,1.373,9.672,3.267,12.646
2013-01-17,1.196,1.371,4.531,2.422,11.342
2013-01-18,1.487,1.449,6.312,2.702,13.054
2013-01-19,1.725,1.651,8.58,2.787,12.996
2013-01-20,1.812,1.915,3.53,2.191,14.388
2013-01-21,2.073,2.106,7.316,2.417,13.46
2013-01-22,1.91,2.243,4.115,1.666,12.069
2013-01-23,1.757,2.301,0.894,2.506,13.689
2013-01-24,1.904,2.204,6.804,2.238,13.984
2013-01-25,1.601,2.102,3.558,1.043,15.094
2013-01-26,1.584,2.01,4.714,1.006,14.852
2013-01-27,1.641,1.908,1.106,2.026,14.594
2013-01-28,1.464,1.849,2.206,2.11,15.13
2013-01-29,1.535,1.759,4.477,3.012,14.613
2013-01-30,1.643,1.691,3.753,3.391,13.819
2013-01-31,1.582,1.671,10.026,3.058,14.308
2013-02-01,1.975,1.563,6.552,3.091,13.615
2013-02-02,2.203,1.579,2.887,3.033,13.808
2013-02-03,2.325,1.628,2.147,3.106,12.146
2013-02-04,2.443,1.705,4.439,3.311,13.247
2013-02-05,2.472,1.745,3.994,3.357,13.193
2013-02-06,2.384,1.773,6.916,3.597,13.001
2013-02-07,2.231,1.832,8.622,3.993,13.255
2013-02-08,2.174,1.909,10.029,3.261,13.022
2013-02-09,2.321,2.025,7.207,2.359,12.95
2013-02-10,2.535,2.149,7.318,3.196,13.017
2013-02-11,2.551,2.275,1.926,2.336,13.746
2013-02-12,2.435,2.325,0.931,1.152,13.721
2013-02-13,2.315,2.325,4.59,2.307,13.293
2013-02-14,2.095,2.267,6.529,2.573,12.967
2013-02-15,1.948,2.173,5.972,2.713,12.361
2013-02-16,2.115,2.092,4.528,3.01,13.542
2013-02-17,2.164,2.048,1.832,2.604,14.068
2013-02-18,2.187,2.034,1.64,1.807,14.044
2013-02-19,2.103,2.013,4.151,3.116,13.869
2013-02-20,1.853,1.969,7.752,3.329,13.68
2013-02-21,1.755,1.932,7.607,3.751,13.773
2013-02-22,1.961,1.915,4.486,3.562,12.092
2013-02-23,1.942,1.962,2.048,3.568,13.891
2013-02-24,2.01,2.053,1.316,3.118,16.161
2013-02-25,1.771,2.103,1.694,3.592,15.27
2013-02-26,1.57,2.096,3.644,2.794,14.28
2013-02-27,1.395,2.021,7.942,3.21,14.117
2013-02-28,1.421,1.938,5.155,3.776,13.104
2013-03-01,1.735,1.795,4.284,3.501,14.208
2013-03-02,1.953,1.84,2.803,3.128,14.305
2013-03-03,1.845,1.901,4.107,3.477,14.134
2013-03-04,1.708,1.966,4.88,3.247,14.378
2013-03-05,1.489,1.999,9.294,2.947,14.337
2013-03-06,1.371,2.014,6.495,2.544,15.093
2013-03-07,1.686,2.058,3.521,2.911,11.999
2013-03-08,1.735,2.095,6.157,1.628,13.687
2013-03-09,1.674,2.115,6.12,2.528,14.37
2013-03-10,1.698,2.17,5.464,3.628,14.385
2013-03-11,1.767,2.21,9.962,3.853,14.431
2013-03-12,1.816,2.267,5.791,2.573,14.94
2013-03-13,2.152,2.325,4.541,3.608,14.547
2013-03-14,1.898,2.364,5.335,2.23,14.425
2013-03-15,1.68,2.334,6.487,3.268,12.945
2013-03-16,1.635,2.28,11.217,3.057,13.081
2013-03-17,1.725,2.243,8.846,3.33,13.935
2013-03-18,1.839,2.239,3.139,3.392,14.985
2013-03-19,1.889,2.264,0.517,1.372,15.496
2013-03-20,1.828,2.281,0.556,-0.673,15.455
2013-03-21,1.546,2.259,0.164,-1.051,15.577
2013-03-22,1.393,2.173,0.093,0.831,14.477
2013-03-23,1.102,2.01,0.565,1.739,16.423
2013-03-24,0.994,1.83,0.031,-0.307,15.836
2013-03-25,0.886,1.611,0.44,-0.237,15.065
2013-03-26,0.791,1.409,2.351,0.443,15.117
2013-03-27,0.732,1.218,1.363,2.149,14.089
2013-03-28,0.714,1.108,2.471,2.424,13.273
2013-03-29,0.732,1.058,0.767,2.097,14.008
2013-03-30,0.785,1.048,0.89,2.201,15.487
2013-03-31,0.886,1.039,0.556,2.187,16.287
2013-04-01,0.793,0.937,5.186,0.707,16.136
2013-04-02,0.747,0.882,4.379,1.581,14.762
2013-04-03,0.73,0.858,2.832,1.874,15.491
2013-04-04,0.697,0.858,1.658,1.714,13.509
2013-04-05,0.687,0.875,1.49,-0.328,15.119
2013-04-06,0.681,0.88,2.014,0.461,14.521
2013-04-07,0.714,0.86,1.291,-0.129,14.309
2013-04-08,0.695,0.822,1.306,1.222,15.225
2013-04-09,0.694,0.782,0.079,0.209,15.174
2013-04-10,0.703,0.733,0.82,-1.795,15.825
2013-04-11,0.656,0.699,0.043,-1.377,15.572
2013-04-12,0.62,0.646,0.829,-1.548,15.99
2013-04-13,0.59,0.597,1.222,-2.532,15.793
2013-04-14,0.563,0.553,0.022,-0.965,15.347
2013-04-15,0.535,0.508,1.059,-1.622,16.168
2013-04-16,0.533,0.476,0.429,0.025,15.12
2013-04-17,0.529,0.447,2.875,-0.668,13.845
2013-04-18,0.51,0.437,0.536,-1.297,13.78
2013-04-19,0.53,0.434,0.293,-1.696,13.731
2013-04-20,0.543,0.442,0.09,-3.179,14.29
2013-04-21,0.535,0.444,0.054,-3.655,14.672
2013-04-22,0.512,0.435,0.002,-2.978,15.298
2013-04-23,0.496,0.405,0.0,-3.607,14.662
2013-04-24,0.48,0.383,0.0,-4.286,15.155
2013-04-25,0.475,0.354,0.0,-4.683,16.485
2013-04-26,0.459,0.33,0.085,-3.924,16.665
2013-04-27,0.45,0.3,0.003,-4.645,16.416
2013-04-28,0.441,0.283,0.008,-4.713,16.402
2013-04-29,0.441,0.268,0.567,-3.787,16.004
2013-04-30,0.425,0.26,0.095,-3.602,16.355
2013-05-01,0.422,0.252,2.676,-2.15,15.248
2013-05-02,0.412,0.262,1.207,0.527,15.308
2013-05-03,0.415,0.294,2.352,-1.052,14.928
2013-05-04,0.425,0.346,1.383,-1.714,16.007
2013-05-05,0.422,0.388,0.415,-2.685,14.688
2013-05-06,0.426,0.405,0.107,-2.098,15.475
2013-05-07,0.411,0.393,0.002,-2.923,15.276
2013-05-08,0.405,0.37,0.0,-3.746,16.576
2013-05-09,0.392,0.336,0.0,-4.264,16.863
2013-05-10,0.386,0.3,0.051,-4.212,16.724
2013-05-11,0.381,0.271,0.196,-3.507,16.439
2013-05-12,0.379,0.247,0.306,-0.54,15.341
2013-05-13,0.371,0.229,0.375,-2.668,15.162
2013-05-14,0.368,0.214,0.386,-2.763,15.177
2013-05-15,0.356,0.204,2.01,-0.297,13.774
2013-05-16,0.332,0.203,2.904,0.405,13.016
2013-05-17,0.327,0.214,2.464,0.714,11.542
2013-05-18,0.346,0.246,1.399,0.08,10.825
2013-05-19,0.365,0.298,0.851,-0.258,12.863
2013-05-20,0.374,0.375,0.44,-2.707,13.7
2013-05-21,0.369,0.46,0.166,-4.15,15.823
2013-05-22,0.372,0.515,0.096,-4.263,16.228
2013-05-23,0.366,0.514,0.673,-2.56,16.013
2013-05-24,0.368,0.472,1.438,-0.713,15.482
2013-05-25,0.366,0.402,0.669,-1.473,15.002
2013-05-26,0.362,0.352,0.076,-4.717,15.182
2013-05-27,0.361,0.308,0.071,-5.545,14.955
2013-05-28,0.355,0.28,0.0,-7.763,14.637
2013-05-29,0.349,0.251,0.001,-7.366,14.158
2013-05-30,0.345,0.226,0.311,-7.757,14.37
2013-05-31,0.339,0.204,0.06,-6.89,13.574
2013-06-01,0.334,0.188,0.0,-8.328,13.771
2013-06-02,0.331,0.174,0.032,-6.648,14.642
2013-06-03,0.331,0.164,0.042,-6.025,14.504
2013-06-04,0.327,0.159,0.007,-4.183,14.394
2013-06-05,0.329,0.154,0.028,-5.622,13.366
2013-06-06,0.331,0.152,1.192,-2.209,10.18
2013-06-07,0.312,0.152,1.013,-3.001,12.103
2013-06-08,0.312,0.162,0.26,-3.034,12.688
2013-06-09,0.309,0.197,0.42,-3.911,13.259
2013-06-10,0.321,0.238,0.43,-3.899,12.985
2013-06-11,0.324,0.265,0.527,-4.016,12.04
2013-06-12,0.321,0.272,0.953,-0.627,11.784
2013-06-13,0.322,0.267,0.672,-0.21,11.766
2013-06-14,0.308,0.264,0.228,-3.965,13.618
2013-06-15,0.314,0.272,0.116,-5.878,14.195
2013-06-16,0.321,0.282,0.167,-7.15,14.452
2013-06-17,0.311,0.283,0.362,-7.521,13.753
2013-06-18,0.307,0.27,0.134,-3.152,13.691
2013-06-19,0.301,0.246,0.306,-0.729,13.409
2013-06-20,0.294,0.217,0.154,-4.916,13.648
2013-06-21,0.298,0.191,0.187,-6.114,13.789
2013-06-22,0.294,0.173,0.48,-4.525,13.031
2013-06-23,0.289,0.159,0.228,-4.442,12.99
2013-06-24,0.288,0.15,0.836,-5.166,13.987
2013-06-25,0.282,0.142,0.579,-1.371,14.049
2013-06-26,0.289,0.14,0.013,-6.284,13.556
2013-06-27,0.28,0.139,0.0,-10.243,14.437
2013-06-28,0.281,0.14,0.0,-10.113,14.256
2013-06-29,0.278,0.137,0.0,-9.395,14.716
2013-06-30,0.28,0.132,0.019,-8.093,14.12
2013-07-01,0.277,0.132,0.111,-5.292,13.916
2013-07-02,0.284,0.123,0.13,-2.201,13.032
2013-07-03,0.275,0.115,0.062,-3.032,13.35
2013-07-04,0.277,0.112,0.265,-5.298,13.071
2013-07-05,0.275,0.11,0.088,-3.399,12.593
2013-07-06,0.275,0.109,0.0,-4.293,13.395
2013-07-07,0.272,0.109,0.325,-5.369,13.723
2013-07-08,0.27,0.11,0.001,-7.459,12.778
2013-07-09,0.267,0.109,0.0,-6.481,14.635
2013-07-10,0.27,0.106,0.0,-6.673,14.446
2013-07-11,0.265,0.104,0.0,-6.363,14.828
2013-07-12,0.262,0.102,0.004,-7.052,14.538
2013-07-13,0.258,0.099,0.179,-6.198,14.103
2013-07-14,0.255,0.096,0.495,-3.899,12.99
2013-07-15,0.264,0.097,0.501,-3.193,10.293
2013-07-16,0.26,0.102,0.088,-4.442,12.941
2013-07-17,0.261,0.113,0.001,-6.705,13.168
2013-07-18,0.265,0.132,0.133,-3.557,11.843
2013-07-19,0.248,0.143,0.041,-4.551,12.286
2013-07-20,0.248,0.147,0.001,-4.352,12.755
2013-07-21,0.247,0.145,0.052,-6.71,13.95
2013-07-22,0.237,0.14,0.225,-4.961,13.998
2013-07-23,0.238,0.133,0.0,-6.086,13.566
2013-07-24,0.24,0.121,0.001,-6.714,14.119
2013-07-25,0.24,0.111,0.0,-5.056,14.077
2013-07-26,0.234,0.103,0.0,-7.265,14.519
2013-07-27,0.233,0.097,0.006,-7.358,15.061
2013-07-28,0.23,0.092,0.0,-7.623,15.02
2013-07-29,0.231,0.089,0.001,-9.165,15.565
2013-07-30,0.227,0.086,0.001,-8.735,15.674
2013-07-31,0.225,0.085,0.0,-8.623,15.524
2013-08-01,0.22,0.077,0.266,-6.914,15.099
2013-08-02,0.215,0.077,0.062,-5.812,14.95
2013-08-03,0.214,0.076,0.133,-3.121,14.712
2013-08-04,0.207,0.075,0.09,-6.641,15.972
2013-08-05,0.208,0.075,0.051,-4.258,15.604
2013-08-06,0.204,0.074,0.039,-3.438,15.842
2013-08-07,0.2,0.074,0.033,-4.973,14.857
2013-08-08,0.198,0.074,0.97,-5.188,14.426
2013-08-09,0.194,0.074,0.676,-4.718,14.654
2013-08-10,0.201,0.074,0.003,-3.547,13.501
2013-08-11,0.197,0.074,0.0,-7.282,13.705
2013-08-12,0.154,0.074,0.053,-9.272,15.259
2013-08-13,0.153,0.075,0.34,-8.653,16.179
2013-08-14,0.153,0.074,0.128,-6.663,15.003
2013-08-15,0.15,0.074,0.003,-5.058,15.49
2013-08-16,0.15,0.073,0.012,-6.888,16.588
2013-08-17,0.148,0.072,0.003,-6.39,16.7
2013-08-18,0.146,0.072,0.0,-7.323,15.967
2013-08-19,0.147,0.071,0.0,-8.949,16.709
2013-08-20,0.146,0.07,0.115,-9.109,16.527
2013-08-21,0.148,0.069,0.132,-7.62,17.124
2013-08-22,0.148,0.069,0.362,-5.664,16.138
2013-08-23,0.14,0.068,0.94,-2.846,13.736
2013-08-24,0.144,0.068,4.495,-1.07,9.236
2013-08-25,0.142,0.071,0.543,-0.479,10.377
2013-08-26,0.141,0.078,0.001,-8.24,12.489
2013-08-27,0.142,0.089,1.342,-6.069,12.78
2013-08-28,0.14,0.101,1.42,-1.996,11.1
2013-08-29,0.141,0.11,0.042,-3.253,11.546
2013-08-30,0.139,0.119,0.038,-5.847,13.86
2013-08-31,0.138,0.129,0.007,-6.026,15.27
2013-09-01,0.07,0.088,0.007,-4.143,15.285
2013-09-02,0.068,0.087,0.0,-9.35,13.983
2013-09-03,0.068,0.083,0.022,-9.153,15.111
2013-09-04,0.067,0.079,0.014,-7.68,14.706
2013-09-05,0.066,0.074,0.021,-7.188,15.481
2013-09-06,0.066,0.071,0.002,-5.634,16.122
2013-09-07,0.065,0.067,0.54,-6.459,16.335
2013-09-08,0.067,0.063,0.315,-6.83,15.909
2013-09-09,0.067,0.06,0.217,-4.571,13.945
2013-09-10,0.066,0.058,0.036,-4.965,14.42
2013-09-11,0.065,0.058,0.081,-4.501,15.845
2013-09-12,0.065,0.057,0.088,-5.019,16.1
2013-09-13,0.064,0.056,0.287,-4.228,15.608
2013-09-14,0.064,0.056,0.374,-3.485,16.206
2013-09-15,0.063,0.056,0.371,-3.355,16.52
2013-09-16,0.063,0.056,0.076,-3.138,17.476
2013-09-17,0.062,0.056,0.216,-5.184,17.421
2013-09-18,0.061,0.057,0.298,-4.017,16.844
2013-09-19,0.06,0.057,0.678,-1.551,15.639
2013-09-20,0.06,0.057,0.227,-2.955,15.846
2013-09-21,0.059,0.058,0.588,-2.571,16.991
2013-09-22,0.059,0.059,0.497,-3.157,18.038
2013-09-23,0.058,0.06,0.571,-2.052,17.388
2013-09-24,0.058,0.061,2.088,-0.787,16.996
2013-09-25,0.056,0.064,1.064,-1.739,16.662
2013-09-26,0.056,0.068,0.065,-3.831,17.366
2013-09-27,0.056,0.072,0.141,-4.828,17.944
2013-09-28,0.055,0.074,0.065,-4.2,16.748
2013-09-29,0.055,0.074,0.281,-3.029,16.619
2013-09-30,0.054,0.072,0.254,-3.383,16.101
2013-10-01,0.054,0.058,0.011,-1.446,16.297
2013-10-02,0.053,0.056,0.004,-0.841,16.111
2013-10-03,0.053,0.054,0.121,-2.209,17.802
2013-10-04,0.052,0.052,0.829,-1.053,17.711
2013-10-05,0.051,0.05,0.842,1.48,15.777
2013-10-06,0.07,0.048,2.207,-0.115,15.818
2013-10-07,0.07,0.048,1.481,-0.205,16.854
2013-10-08,0.07,0.049,1.709,-2.073,16.175
2013-10-09,0.07,0.051,3.258,-1.308,16.088
2013-10-10,0.07,0.052,2.225,-0.234,15.988
2013-10-11,0.07,0.053,0.493,-2.201,16.521
2013-10-12,0.07,0.054,1.944,-2.933,16.551
2013-10-13,0.07,0.054,4.656,-0.015,11.999
2013-10-14,0.078,0.057,3.884,0.49,10.686
2013-10-15,0.071,0.061,3.257,1.086,12.672
2013-10-16,0.071,0.067,2.995,0.196,16.239
2013-10-17,0.07,0.071,0.878,-0.495,17.148
2013-10-18,0.07,0.074,1.308,-1.919,18.219
2013-10-19,0.069,0.074,1.678,0.26,17.713
2013-10-20,0.068,0.072,1.081,-1.562,18.357
2013-10-21,0.068,0.069,0.737,-2.383,18.546
2013-10-22,0.068,0.065,1.904,-0.838,16.217
2013-10-23,0.067,0.06,3.194,1.714,16.888
2013-10-24,0.066,0.057,2.901,1.774,13.643
2013-10-25,0.066,0.057,5.355,2.351,14.328
2013-10-26,0.067,0.061,5.544,2.123,14.844
2013-10-27,0.068,0.071,12.863,2.571,14.371
2013-10-28,0.068,0.085,4.732,2.269,13.3
2013-10-29,0.07,0.101,2.725,1.678,16.018
2013-10-30,0.078,0.134,2.625,0.163,16.007
2013-10-31,0.096,0.165,3.094,2.08,14.979
2013-11-01,0.125,0.204,2.274,-0.096,15.729
2013-11-02,0.153,0.193,1.588,-1.271,15.05
2013-11-03,0.147,0.173,6.194,1.99,13.491
2013-11-04,0.155,0.148,4.628,1.788,14.126
2013-11-05,0.153,0.138,5.894,0.874,15.136
2013-11-06,0.153,0.137,0.355,0.98,15.574
2013-11-07,0.165,0.142,0.015,-0.585,18.143
2013-11-08,0.325,0.145,0.0,-2.037,18.132
2013-11-09,0.288,0.141,0.007,-2.649,17.869
2013-11-10,0.237,0.124,0.324,0.056,17.596
2013-11-11,0.227,0.104,1.277,-0.792,18.16
2013-11-12,0.217,0.089,3.428,-0.308,16.82
2013-11-13,0.204,0.078,3.161,1.109,14.991
2013-11-14,0.194,0.071,0.324,0.499,16.203
2013-11-15,0.189,0.07,0.934,1.094,18.473
2013-11-16,0.21,0.07,1.734,0.583,18.573
2013-11-17,0.23,0.07,0.848,2.31,17.096
2013-11-18,0.225,0.069,0.355,0.044,17.374
2013-11-19,0.214,0.063,0.934,0.568,17.114
2013-11-20,0.203,0.059,2.396,0.582,16.247
2013-11-21,0.19,0.057,8.131,2.153,13.1
2013-11-22,0.189,0.058,5.619,1.031,12.633
2013-11-23,0.188,0.07,0.219,-0.663,15.483
2013-11-24,0.187,0.089,0.196,-1.163,17.13
2013-11-25,0.191,0.11,0.819,-1.22,17.707
2013-11-26,0.21,0.12,0.409,-0.532,16.882
2013-11-27,0.206,0.113,0.435,-0.066,17.554
2013-11-28,0.193,0.099,0.214,-0.446,18.054
2013-11-29,0.188,0.086,0.373,0.159,17.603
2013-11-30,0.179,0.077,0.356,0.092,16.306
2013-12-01,0.174,0.065,1.381,2.127,16.851
2013-12-02,0.174,0.057,1.757,1.635,14.839
2013-12-03,0.164,0.05,4.178,0.702,15.336
2013-12-04,0.159,0.048,6.152,1.615,12.853
2013-12-05,0.159,0.056,4.979,0.892,15.84
2013-12-06,0.157,0.067,2.421,0.426,15.719
2013-12-07,0.158,0.083,4.851,2.679,14.655
2013-12-08,0.186,0.103,8.647,2.506,13.483
2013-12-09,0.209,0.141,3.959,1.771,12.259
2013-12-10,0.206,0.189,7.38,1.753,13.02
2013-12-11,0.21,0.273,12.528,2.195,12.389
2013-12-12,0.262,0.355,7.179,2.61,13.069
2013-12-13,0.378,0.465,4.113,1.916,14.092
2013-12-14,0.625,0.55,9.371,2.176,13.858
2013-12-15,0.785,0.614,7.326,2.085,13.007
2013-12-16,0.784,0.642,6.249,2.48,14.239
2013-12-17,0.812,0.705,2.074,1.668,15.061
2013-12-18,0.821,0.727,0.262,0.342,16.129
2013-12-19,0.727,0.71,1.602,1.26,15.03
2013-12-20,0.555,0.599,8.671,2.329,14.951
2013-12-21,0.455,0.493,5.751,2.239,14.272
2013-12-22,0.435,0.378,2.635,2.02,15.153
2013-12-23,0.474,0.354,3.569,2.367,14.746
2013-12-24,0.668,0.383,2.645,2.136,13.108
2013-12-25,0.788,0.453,6.659,1.16,11.816
2013-12-26,0.844,0.498,3.188,1.211,14.294
2013-12-27,1.047,0.54,7.247,2.668,13.443
2013-12-28,1.104,0.57,6.843,2.865,12.871
2013-12-29,1.017,0.615,6.205,2.776,16.151
2013-12-30,0.99,0.634,5.249,3.044,14.861
2013-12-31,0.934,0.659,3.82,2.798,14.604
2014-01-01,1.012,0.715,0.279,2.369,12.905
2014-01-02,1.028,0.702,3.229,0.913,15.846
2014-01-03,1.487,0.635,6.059,2.248,15.303
2014-01-04,0.911,0.559,9.267,3.507,12.955
2014-01-05,0.837,0.478,3.416,2.854,12.913
2014-01-06,0.857,0.452,7.158,3.451,13.472
2014-01-07,1.074,0.513,3.318,2.923,12.676
2014-01-08,1.072,0.62,4.19,3.044,11.781
2014-01-09,1.232,0.769,2.355,2.657,12.653
2014-01-10,1.271,0.927,3.065,2.577,12.953
2014-01-11,1.162,1.008,0.525,1.844,15.343
2014-01-12,1.128,1.006,2.007,2.652,13.384
2014-01-13,1.068,0.928,1.06,1.896,13.262
2014-01-14,0.848,0.781,2.842,2.095,15.351
2014-01-15,0.75,0.649,5.729,2.481,14.453
2014-01-16,0.704,0.574,9.706,2.622,12.207
2014-01-17,0.684,0.559,8.687,1.535,12.512
2014-01-18,0.824,0.656,8.165,2.642,13.009
2014-01-19,1.211,0.93,5.809,2.065,13.402
2014-01-20,1.421,1.211,1.535,2.604,13.932
2014-01-21,1.759,1.423,3.911,1.645,15.805
2014-01-22,1.674,1.555,4.199,1.821,12.32
2014-01-23,1.399,1.577,1.446,2.667,13.113
2014-01-24,1.344,1.538,1.009,1.031,14.686
2014-01-25,1.544,1.432,0.696,-0.184,14.752
2014-01-26,1.488,1.293,2.466,0.093,12.708
2014-01-27,1.195,1.133,5.609,1.059,13.625
2014-01-28,1.008,0.93,2.56,1.083,14.821
2014-01-29,0.982,0.753,5.48,1.658,14.473
2014-01-30,1.188,0.634,8.57,2.066,13.309
2014-01-31,1.134,0.597,8.869,2.446,13.296
2014-02-01,1.225,0.637,11.707,2.613,12.73
2014-02-02,1.524,0.717,1.738,2.137,15.044
2014-02-03,1.844,0.886,1.0,0.839,15.649
2014-02-04,1.938,1.077,0.217,-1.421,14.332
2014-02-05,1.635,1.148,6.755,0.585,13.782
2014-02-06,1.322,1.12,17.584,2.208,12.549
2014-02-07,1.261,1.059,9.22,1.599,13.948
2014-02-08,1.474,1.082,2.933,2.106,14.169
2014-02-09,1.965,1.186,4.064,1.894,15.118
2014-02-10,1.959,1.315,2.054,1.882,13.917
2014-02-11,1.881,1.371,6.51,2.839,14.323
2014-02-12,1.875,1.312,4.688,2.869,14.135
2014-02-13,1.814,1.234,4.663,2.567,14.704
2014-02-14,1.724,1.173,6.29,2.121,11.852
2014-02-15,1.721,1.142,1.885,2.212,14.363
2014-02-16,1.769,1.118,3.679,2.822,14.905
2014-02-17,1.691,1.088,3.657,2.924,15.095
2014-02-18,1.682,1.043,1.221,1.48,15.12
2014-02-19,1.707,0.989,2.928,2.544,16.188
2014-02-20,1.422,0.911,1.098,3.345,14.074
2014-02-21,1.335,0.824,2.638,2.2,15.498
2014-02-22,1.267,0.738,2.48,2.104,14.671
2014-02-23,1.245,0.681,7.741,2.318,15.362
2014-02-24,1.191,0.645,2.236,2.966,15.095
2014-02-25,1.165,0.657,0.297,0.67,16.017
2014-02-26,1.274,0.712,0.968,1.35,15.026
2014-02-27,1.11,0.754,2.175,1.254,15.484
2014-02-28,0.937,0.752,0.729,0.485,16.272
2014-03-01,0.952,0.707,0.684,0.558,16.439
2014-03-02,0.886,0.675,2.416,0.067,15.779
2014-03-03,0.799,0.629,0.417,-0.114,13.579
2014-03-04,0.756,0.592,0.946,0.295,14.585
2014-03-05,0.718,0.544,2.455,0.555,13.949
2014-03-06,0.716,0.512,1.849,1.683,14.5
2014-03-07,0.709,0.497,2.752,1.564,14.925
2014-03-08,0.7,0.51,0.348,2.408,14.482
2014-03-09,0.698,0.533,0.439,1.109,15.958
2014-03-10,0.704,0.566,1.21,0.546,16.728
2014-03-11,0.666,0.57,4.258,0.873,15.405
2014-03-12,0.651,0.566,1.006,1.269,13.665
2014-03-13,0.642,0.559,3.789,1.592,14.34
2014-03-14,0.642,0.56,4.603,2.775,14.237
2014-03-15,0.64,0.567,2.003,0.162,14.217
2014-03-16,0.656,0.587,2.584,0.52,15.067
2014-03-17,0.715,0.604,5.039,1.825,14.207
2014-03-18,0.707,0.627,13.4,2.779,13.481
2014-03-19,0.712,0.664,8.246,1.977,12.893
2014-03-20,0.78,0.752,0.62,1.525,14.299
2014-03-21,1.202,0.952,1.796,1.541,14.556
2014-03-22,1.596,1.146,3.419,1.926,15.684
2014-03-23,1.306,1.209,4.861,1.738,14.414
2014-03-24,1.088,1.169,1.917,1.455,15.592
2014-03-25,1.001,1.075,5.614,2.458,14.826
2014-03-26,0.972,0.952,6.652,1.489,13.873
2014-03-27,0.919,0.867,7.86,1.77,14.718
2014-03-28,0.937,0.825,2.608,2.403,14.79
2014-03-29,1.054,0.813,0.441,-1.285,14.939
2014-03-30,1.077,0.802,0.228,-2.132,14.092
2014-03-31,0.909,0.753,1.065,-0.738,13.815
2014-04-01,0.814,0.677,0.855,-0.53,13.22
2014-04-02,0.752,0.613,2.589,0.984,14.316
2014-04-03,0.721,0.563,1.977,0.691,15.094
2014-04-04,0.701,0.523,3.083,1.161,13.955
2014-04-05,0.697,0.514,0.476,0.905,14.36
2014-04-06,0.704,0.529,1.731,-0.222,15.462
2014-04-07,0.743,0.559,1.75,1.645,15.794
2014-04-08,0.708,0.577,2.737,1.817,15.765
2014-04-09,0.694,0.585,1.057,0.69,14.688
2014-04-10,0.685,0.583,1.208,1.359,14.076
2014-04-11,0.667,0.576,0.387,1.06,15.323
2014-04-12,0.659,0.575,0.696,-1.138,15.457
2014-04-13,0.654,0.567,1.002,-0.209,14.664
2014-04-14,0.641,0.537,1.503,0.809,15.387
2014-04-15,0.635,0.492,0.949,0.986,15.799
2014-04-16,0.619,0.435,2.402,-0.647,15.994
2014-04-17,0.602,0.388,1.012,-0.216,15.467
2014-04-18,0.597,0.36,1.594,-0.257,15.334
2014-04-19,0.592,0.343,1.795,0.509,14.645
2014-04-20,0.588,0.34,4.301,-0.168,14.359
2014-04-21,0.584,0.342,1.165,1.224,13.718
2014-04-22,0.579,0.352,0.411,-1.092,14.189
2014-04-23,0.576,0.368,1.674,-0.567,14.235
2014-04-24,0.585,0.38,2.237,-0.127,14.294
2014-04-25,0.58,0.374,1.621,1.334,14.153
2014-04-26,0.575,0.366,0.533,-0.049,14.228
2014-04-27,0.57,0.358,0.018,-3.633,15.159
2014-04-28,0.595,0.349,0.955,-4.386,15.67
2014-04-29,0.585,0.336,2.266,-1.7,13.89
2014-04-30,0.576,0.313,0.507,1.229,14.695
2014-05-01,0.562,0.296,0.814,-2.353,15.793
2014-05-02,0.561,0.287,0.192,-4.102,15.194
2014-05-03,0.545,0.279,0.23,-2.743,15.416
2014-05-04,0.541,0.266,0.444,-0.763,15.162
2014-05-05,0.538,0.255,0.132,0.718,15.718
2014-05-06,0.527,0.245,0.134,-3.643,15.36
2014-05-07,0.533,0.237,0.145,-4.577,14.573
2014-05-08,0.523,0.23,0.224,-4.56,14.131
2014-05-09,0.527,0.219,0.125,-3.428,14.298
2014-05-10,0.517,0.21,0.015,-3.635,14.136
2014-05-11,0.508,0.197,0.126,-2.073,13.449
2014-05-12,0.503,0.185,0.285,-3.095,12.802
2014-05-13,0.506,0.178,0.029,-1.646,13.49
2014-05-14,0.507,0.177,0.236,-3.8,14.8
2014-05-15,0.504,0.179,0.278,-3.83,14.631
2014-05-16,0.499,0.181,0.023,-2.391,14.883
2014-05-17,0.5,0.182,0.034,-4.72,14.829
2014-05-18,0.497,0.181,0.027,-2.682,14.212
2014-05-19,0.497,0.176,0.261,-3.099,15.175
2014-05-20,0.49,0.167,0.582,-2.495,14.233
2014-05-21,0.487,0.158,0.885,-3.815,14.785
2014-05-22,0.486,0.152,1.086,-1.167,11.898
2014-05-23,0.482,0.152,0.602,-1.301,11.891
2014-05-24,0.475,0.157,0.749,-3.286,13.327
2014-05-25,0.474,0.174,0.005,-9.094,14.69
2014-05-26,0.472,0.193,0.018,-8.739,14.843
2014-05-27,0.47,0.202,0.021,-7.6,15.081
2014-05-28,0.28,0.196,0.034,-6.884,16.094
2014-05-29,0.27,0.178,0.0,-6.417,16.303
2014-05-30,0.244,0.159,0.057,-5.97,16.51
2014-05-31,0.238,0.145,0.0,-6.324,16.374
2014-06-01,0.231,0.132,0.0,-6.336,16.362
2014-06-02,0.231,0.119,0.011,-5.879,15.743
2014-06-03,0.221,0.11,0.024,-6.562,15.662
2014-06-04,0.215,0.104,0.006,-7.364,16.672
2014-06-05,0.202,0.101,0.029,-6.98,17.189
2014-06-06,0.192,0.099,0.0,-6.263,17.148
2014-06-07,0.189,0.096,0.152,-6.521,17.405
2014-06-08,0.192,0.095,0.163,-7.275,16.964
2014-06-09,0.189,0.094,0.071,-6.254,15.707
2014-06-10,0.186,0.093,0.06,-5.781,14.857
2014-06-11,0.173,0.092,0.025,-5.269,16.616
2014-06-12,0.163,0.092,0.174,-5.929,15.503
2014-06-13,0.163,0.092,0.103,-6.465,15.436
2014-06-14,0.157,0.092,0.034,-6.093,14.42
2014-06-15,0.16,0.091,0.033,-5.258,14.5
2014-06-16,0.16,0.09,0.077,-6.313,15.066
2014-06-17,0.157,0.09,0.065,-6.014,14.569
2014-06-18,0.17,0.089,0.036,-4.147,15.072
2014-06-19,0.147,0.088,0.032,-7.268,14.666
2014-06-20,0.144,0.087,0.019,-7.992,15.794
2014-06-21,0.137,0.086,0.047,-4.636,15.701
2014-06-22,0.134,0.084,0.06,-5.988,15.786
2014-06-23,0.127,0.083,0.015,-6.355,15.737
2014-06-24,0.127,0.082,0.004,-4.526,15.698
2014-06-25,0.121,0.081,0.049,-6.104,15.115
2014-06-26,0.111,0.08,0.122,-5.396,14.595
2014-06-27,0.102,0.08,0.241,-6.079,14.806
2014-06-28,0.092,0.081,0.007,-5.768,14.884
2014-06-29,0.098,0.082,0.0,-5.556,15.524
2014-06-30,0.095,0.083,0.0,-5.461,15.054
2014-07-01,0.085,0.084,0.004,-5.566,15.314
2014-07-02,0.083,0.085,0.0,-4.927,14.582
2014-07-03,0.082,0.084,0.329,-5.53,14.718
2014-07-04,0.079,0.083,0.159,-5.23,14.307
2014-07-05,0.081,0.08,0.11,-6.063,14.868
2014-07-06,0.081,0.077,0.332,-7.847,15.462
2014-07-07,0.08,0.075,0.251,-5.946,14.481
2014-07-08,0.08,0.074,0.079,-4.827,14.863
2014-07-09,0.079,0.073,0.041,-4.994,15.462
2014-07-10,0.078,0.072,0.099,-4.705,15.122
2014-07-11,0.077,0.072,0.002,-5.3,15.315
2014-07-12,0.078,0.071,0.002,-5.522,15.697
2014-07-13,0.077,0.07,0.01,-6.898,14.907
2014-07-14,0.077,0.069,0.052,-9.331,15.344
2014-07-15,0.076,0.068,0.005,-8.545,15.391
2014-07-16,0.075,0.067,0.042,-5.919,14.247
2014-07-17,0.075,0.067,0.021,-5.141,13.46
2014-07-18,0.074,0.066,0.25,-4.343,13.467
2014-07-19,0.075,0.066,0.562,-1.058,11.734
2014-07-20,0.073,0.067,0.303,-0.518,11.058
2014-07-21,0.073,0.071,0.093,-3.657,12.996
2014-07-22,0.073,0.076,0.081,-7.268,13.7
2014-07-23,0.069,0.083,0.039,-7.856,13.122
2014-07-24,0.07,0.088,0.494,-9.011,13.79
2014-07-25,0.067,0.089,0.043,-5.447,12.524
2014-07-26,0.069,0.087,0.14,-7.858,12.934
2014-07-27,0.068,0.083,0.001,-6.466,13.346
2014-07-28,0.067,0.078,0.003,-7.272,13.443
2014-07-29,0.066,0.074,0.22,-4.856,13.834
2014-07-30,0.066,0.072,0.137,-1.734,13.373
2014-07-31,0.065,0.07,0.048,-7.33,14.607
2014-08-01,0.066,0.065,0.022,-7.476,14.976
2014-08-02,0.065,0.064,0.001,-8.916,14.614
2014-08-03,0.064,0.062,0.001,-8.41,16.04
2014-08-04,0.066,0.061,0.389,-8.512,16.181
2014-08-05,0.065,0.059,0.267,-6.918,13.967
2014-08-06,0.064,0.058,0.004,-6.346,15.021
2014-08-07,0.064,0.058,0.695,-5.649,14.38
2014-08-08,0.063,0.057,0.729,-3.664,11.135
2014-08-09,0.063,0.058,0.01,-2.645,12.127
2014-08-10,0.062,0.059,0.179,-1.973,14.583
2014-08-11,0.061,0.063,1.991,-2.494,15.1
2014-08-12,0.06,0.066,2.695,-2.818,14.38
2014-08-13,0.059,0.072,0.785,-3.501,14.268
2014-08-14,0.059,0.086,0.651,-1.052,12.778
2014-08-15,0.06,0.1,1.886,-0.171,12.793
2014-08-16,0.059,0.109,0.193,-1.946,14.41
2014-08-17,0.059,0.113,0.118,-5.205,15.551
2014-08-18,0.06,0.115,0.004,-3.805,14.387
2014-08-19,0.059,0.113,0.237,-4.319,13.281
2014-08-20,0.058,0.106,0.034,-5.473,14.298
2014-08-21,0.058,0.096,0.0,-7.36,15.09
2014-08-22,0.056,0.087,0.049,-7.443,15.611
2014-08-23,0.056,0.079,0.003,-7.662,15.881
2014-08-24,0.055,0.072,0.0,-7.279,15.452
2014-08-25,0.054,0.066,0.087,-7.275,15.092
2014-08-26,0.054,0.06,0.042,-5.872,14.593
2014-08-27,0.055,0.057,0.0,-5.145,14.913
2014-08-28,0.055,0.054,0.336,-5.299,14.713
2014-08-29,0.054,0.052,1.071,-2.579,13.695
2014-08-30,0.053,0.052,0.469,-1.428,14.064
2014-08-31,0.054,0.056,1.256,0.017,13.312
2014-09-01,0.073,0.054,0.741,-0.472,15.295
2014-09-02,0.073,0.062,0.663,-1.23,14.776
2014-09-03,0.073,0.07,0.283,-1.194,14.026
2014-09-04,0.072,0.072,1.955,-1.463,12.947
2014-09-05,0.077,0.075,2.606,-0.349,11.385
2014-09-06,0.072,0.078,0.543,0.405,12.312
2014-09-07,0.076,0.083,0.201,0.442,14.588
2014-09-08,0.077,0.087,0.319,-1.282,16.179
2014-09-09,0.074,0.088,0.357,-0.608,16.531
2014-09-10,0.075,0.088,0.23,-2.219,17.079
2014-09-11,0.072,0.086,2.065,-0.533,13.242
2014-09-12,0.075,0.083,0.667,-2.042,14.55
2014-09-13,0.074,0.079,1.848,0.373,14.541
2014-09-14,0.074,0.078,1.768,-1.27,15.601
2014-09-15,0.073,0.077,0.726,-3.197,16.032
2014-09-16,0.073,0.076,0.487,-1.324,15.973
2014-09-17,0.072,0.073,0.132,-1.499,15.595
2014-09-18,0.071,0.071,3.636,-1.194,14.573
2014-09-19,0.069,0.071,0.485,-0.334,15.072
2014-09-20,0.069,0.073,0.717,-1.663,15.687
2014-09-21,0.067,0.077,1.489,-0.646,14.454
2014-09-22,0.067,0.08,0.39,1.182,13.998
2014-09-23,0.065,0.081,1.106,-0.961,14.873
2014-09-24,0.067,0.081,1.183,-0.084,15.902
2014-09-25,0.068,0.08,1.225,0.924,16.776
2014-09-26,0.069,0.078,6.109,0.079,15.816
2014-09-27,0.068,0.078,4.241,-0.72,15.642
2014-09-28,0.07,0.079,5.801,1.104,13.381
2014-09-29,0.073,0.083,1.96,0.593,12.884
2014-09-30,0.076,0.089,1.249,-0.331,15.071
2014-10-01,0.073,0.088,0.812,-0.135,14.919
2014-10-02,0.072,0.095,1.774,-2.353,14.371
2014-10-03,0.07,0.099,2.202,1.317,14.582
2014-10-04,0.069,0.101,0.816,0.619,15.228
2014-10-05,0.068,0.1,1.615,0.744,15.264
2014-10-06,0.07,0.1,7.078,2.009,15.402
2014-10-07,0.072,0.1,7.335,2.236,14.395
2014-10-08,0.072,0.104,8.911,1.638,14.881
2014-10-09,0.074,0.113,2.5,1.229,15.059
2014-10-10,0.077,0.127,1.614,-0.046,16.13
2014-10-11,0.086,0.138,0.769,-0.698,16.417
2014-10-12,0.141,0.14,0.007,0.264,15.32
2014-10-13,0.138,0.127,0.011,-1.876,16.033
2014-10-14,0.146,0.115,0.0,-2.519,16.702
2014-10-15,0.115,0.102,0.0,-3.017,16.062
2014-10-16,0.111,0.091,0.0,-3.5,16.166
2014-10-17,0.11,0.084,0.012,-2.919,16.78
2014-10-18,0.103,0.075,0.035,-2.864,17.169
2014-10-19,0.1,0.068,2.726,1.512,14.599
2014-10-20,0.095,0.061,3.532,0.956,13.381
2014-10-21,0.1,0.064,8.465,0.595,12.696
2014-10-22,0.107,0.076,6.01,0.63,13.688
2014-10-23,0.11,0.095,1.336,0.802,15.016
2014-10-24,0.118,0.125,0.782,0.262,16.596
2014-10-25,0.123,0.153,0.707,0.644,15.435
2014-10-26,0.119,0.163,0.744,-0.805,16.009
2014-10-27,0.133,0.15,0.632,-2.054,16.675
2014-10-28,0.118,0.128,0.88,-0.708,16.344
2014-10-29,0.114,0.11,0.216,-1.877,16.707
2014-10-30,0.11,0.095,0.657,-2.509,18.342
2014-10-31,0.102,0.085,0.813,-0.859,15.35
2014-11-01,0.095,0.068,1.07,-0.244,16.822
2014-11-02,0.091,0.058,1.451,1.876,15.485
2014-11-03,0.086,0.054,0.372,-0.394,17.332
2014-11-04,0.084,0.054,0.032,-1.362,18.708
2014-11-05,0.085,0.057,0.025,-1.178,17.676
2014-11-06,0.086,0.057,0.005,-1.545,17.715
2014-11-07,0.084,0.057,0.008,-2.109,18.704
2014-11-08,0.083,0.054,0.103,-2.796,19.328
2014-11-09,0.08,0.051,0.432,-0.827,18.125
2014-11-10,0.077,0.049,0.544,-0.034,16.074
2014-11-11,0.075,0.048,1.153,-0.947,17.859
2014-11-12,0.071,0.048,0.201,-0.792,17.825
2014-11-13,0.066,0.049,0.304,-0.845,15.262
2014-11-14,0.065,0.049,0.793,-0.078,13.355
2014-11-15,0.063,0.049,3.432,1.064,14.173
2014-11-16,0.061,0.052,2.626,2.376,14.094
2014-11-17,0.061,0.061,3.582,2.473,15.067
2014-11-18,0.09,0.078,1.74,1.916,16.435
2014-11-19,0.088,0.102,1.048,-2.529,16.466
2014-11-20,0.093,0.136,0.856,-1.977,15.918
2014-11-21,0.089,0.153,1.924,-1.297,16.131
2014-11-22,0.087,0.152,3.826,0.691,15.937
2014-11-23,0.084,0.146,1.781,1.304,14.475
2014-11-24,0.084,0.14,0.461,0.981,17.48
2014-11-25,0.078,0.134,0.197,0.673,17.197
2014-11-26,0.077,0.126,0.005,-1.897,17.467
2014-11-27,0.074,0.111,0.477,-1.733,17.185
2014-11-28,0.072,0.097,0.512,1.248,15.767
2014-11-29,0.071,0.085,1.063,-0.81,17.285
2014-11-30,0.068,0.077,2.548,1.127,16.82
2014-12-01,0.063,0.069,3.292,2.297,14.826
2014-12-02,0.061,0.069,2.283,2.54,16.397
2014-12-03,0.058,0.073,4.221,1.458,14.662
2014-12-04,0.06,0.077,2.382,1.75,15.45
2014-12-05,0.065,0.08,0.216,0.36,16.841
2014-12-06,0.07,0.082,0.684,0.054,17.174
2014-12-07,0.076,0.084,1.434,1.213,17.949
2014-12-08,0.077,0.08,2.713,0.493,17.093
2014-12-09,0.067,0.077,0.992,1.838,16.829
2014-12-10,0.068,0.074,0.989,-0.319,16.896
2014-12-11,0.063,0.072,0.204,-0.506,15.631
2014-12-12,0.056,0.07,2.035,-0.365,17.973
2014-12-13,0.054,0.067,2.683,2.204,17.042
2014-12-14,0.051,0.066,2.686,-0.088,12.926
2014-12-15,0.051,0.068,3.877,2.156,15.191
2014-12-16,0.051,0.075,5.521,3.125,15.381
2014-12-17,0.062,0.087,7.39,3.073,13.959
2014-12-18,0.074,0.11,9.761,2.407,14.48
2014-12-19,0.098,0.152,4.717,1.699,14.228
2014-12-20,0.121,0.2,1.0,1.78,16.342
2014-12-21,0.191,0.264,1.243,1.118,16.479
2014-12-22,0.326,0.3,4.168,0.633,15.866
2014-12-23,0.308,0.29,8.866,2.632,13.583
2014-12-24,0.298,0.257,8.493,3.041,15.119
2014-12-25,0.294,0.252,3.018,2.237,15.764
2014-12-26,0.328,0.283,4.433,1.878,14.981
2014-12-27,0.441,0.325,6.753,3.074,16.035
2014-12-28,0.437,0.356,4.793,2.948,12.341
2014-12-29,0.419,0.395,7.606,2.777,12.774
2014-12-30,0.426,0.473,7.555,2.353,13.873
2014-12-31,0.497,0.556,2.365,1.513,13.386
2015-01-01,0.629,0.674,2.296,2.111,15.058
2015-01-02,0.691,0.728,6.844,2.029,13.108
2015-01-03,0.838,0.717,13.892,2.265,12.879
2015-01-04,0.842,0.672,2.861,0.912,11.198
2015-01-05,0.767,0.663,6.53,2.349,12.85
2015-01-06,1.301,0.72,2.545,2.426,13.564
2015-01-07,1.317,0.819,2.648,2.389,13.899
2015-01-08,1.233,0.89,12.052,2.423,13.971
2015-01-09,1.15,0.918,3.382,1.704,13.45
2015-01-10,1.222,0.935,9.022,2.471,12.639
2015-01-11,1.402,1.029,10.504,2.465,13.503
2015-01-12,1.577,1.137,7.795,1.971,12.729
2015-01-13,1.663,1.229,0.867,2.064,12.588
2015-01-14,1.861,1.304,0.041,-0.823,14.613
2015-01-15,1.79,1.308,3.18,-0.587,15.734
2015-01-16,1.472,1.222,1.955,1.425,14.233
2015-01-17,1.257,1.08,4.554,1.252,13.986
2015-01-18,1.082,0.846,5.172,1.812,13.559
2015-01-19,1.031,0.658,6.546,1.768,13.714
2015-01-20,1.022,0.578,4.083,2.717,11.421
2015-01-21,1.215,0.568,4.053,2.62,12.668
2015-01-22,1.316,0.599,4.244,2.721,13.933
2015-01-23,1.295,0.65,3.714,2.849,13.223
2015-01-24,1.213,0.719,3.093,2.531,13.987
2015-01-25,1.088,0.784,4.641,2.195,13.276
2015-01-26,1.066,0.841,7.525,2.414,12.777
2015-01-27,1.115,0.863,7.852,2.344,12.657
2015-01-28,1.215,0.867,5.699,2.497,12.26
2015-01-29,1.423,0.902,4.966,2.589,13.652
2015-01-30,1.487,0.982,4.828,3.315,11.594
2015-01-31,1.432,1.064,2.767,2.629,13.468
2015-02-01,1.449,1.042,2.229,3.259,13.496
2015-02-02,1.423,1.068,0.558,1.453,14.595
2015-02-03,1.326,1.102,0.195,0.942,15.961
2015-02-04,1.209,1.105,0.405,1.211,15.889
2015-02-05,0.973,1.054,3.196,1.507,15.845
2015-02-06,0.789,0.925,4.948,3.102,13.813
2015-02-07,0.664,0.77,6.815,3.017,12.131
2015-02-08,0.607,0.696,4.878,2.651,13.072
2015-02-09,0.711,0.69,8.024,2.663,13.387
2015-02-10,0.882,0.756,6.322,2.83,12.348
2015-02-11,1.128,0.921,8.606,2.847,11.818
2015-02-12,1.425,1.096,2.11,3.016,13.133
2015-02-13,1.724,1.244,3.981,3.137,15.48
2015-02-14,1.674,1.372,7.044,3.844,13.439
2015-02-15,1.528,1.423,7.021,3.848,12.811
2015-02-16,1.504,1.385,6.782,3.315,15.165
2015-02-17,1.557,1.335,2.931,2.838,12.881
2015-02-18,1.589,1.327,0.017,0.925,15.277
2015-02-19,1.588,1.321,0.308,-0.419,15.512
2015-02-20,1.508,1.252,3.757,0.185,15.578
2015-02-21,1.259,1.139,1.694,1.474,13.358
2015-02-22,1.117,1.018,1.162,2.461,13.276
2015-02-23,1.305,0.892,4.014,3.364,12.997
2015-02-24,1.272,0.822,2.62,3.458,14.482
2015-02-25,1.224,0.779,1.411,0.222,15.555
2015-02-26,1.238,0.76,2.071,2.291,15.311
2015-02-27,1.051,0.76,2.773,2.657,13.515
2015-02-28,0.997,0.762,2.453,2.35,13.628
2015-03-01,1.048,0.758,3.504,2.565,13.99
2015-03-02,1.102,0.782,4.954,2.939,13.901
2015-03-03,1.135,0.804,6.293,2.214,14.493
2015-03-04,1.139,0.822,10.392,2.78,14.126
2015-03-05,1.09,0.877,6.161,2.472,12.574
2015-03-06,1.251,0.988,3.423,3.094,13.024
2015-03-07,1.518,1.155,3.743,3.241,13.857
2015-03-08,1.529,1.327,2.74,2.529,14.305
2015-03-09,1.42,1.476,2.68,2.704,15.009
2015-03-10,1.379,1.541,2.609,3.222,15.626
2015-03-11,1.276,1.536,1.007,2.996,15.674
2015-03-12,1.19,1.468,1.604,1.404,15.619
2015-03-13,1.013,1.328,2.367,1.645,15.456
2015-03-14,0.858,1.184,2.147,1.934,13.715
2015-03-15,0.802,1.061,2.495,0.418,14.06
2015-03-16,0.733,0.943,0.81,2.518,13.958
2015-03-17,0.671,0.873,6.645,2.551,13.929
2015-03-18,0.664,0.837,4.168,2.203,13.725
2015-03-19,0.638,0.867,4.497,2.339,13.083
2015-03-20,0.724,0.947,6.141,2.294,13.132
2015-03-21,0.758,1.083,5.092,2.507,12.873
2015-03-22,0.82,1.205,0.967,1.478,13.308
2015-03-23,0.915,1.358,0.629,-0.193,12.756
2015-03-24,0.775,1.493,2.407,-0.555,13.825
2015-03-25,0.642,1.578,5.951,1.78,13.114
2015-03-26,0.585,1.644,3.453,1.215,12.658
2015-03-27,0.562,1.775,1.479,0.781,13.745
2015-03-28,0.798,1.965,0.378,0.011,14.041
2015-03-29,0.871,2.082,0.626,0.063,14.863
2015-03-30,0.647,2.087,0.475,1.757,14.428
2015-03-31,0.556,1.978,1.95,0.132,14.191
2015-04-01,0.538,1.676,4.074,2.018,13.643
2015-04-02,0.518,1.499,1.919,2.283,13.968
2015-04-03,0.494,1.319,3.387,1.193,15.349
2015-04-04,0.536,1.216,1.375,-0.589,15.022
2015-04-05,0.618,1.148,1.203,0.179,14.503
2015-04-06,0.642,1.096,1.682,0.458,11.624
2015-04-07,0.569,1.021,2.677,1.101,14.123
2015-04-08,0.516,0.957,5.084,2.29,12.146
2015-04-09,0.551,0.914,4.907,0.946,10.663
2015-04-10,0.633,0.946,3.053,0.706,11.632
2015-04-11,0.747,1.017,4.657,1.959,10.868
2015-04-12,0.977,1.118,3.395,1.819,12.099
2015-04-13,1.128,1.219,3.173,1.809,12.201
2015-04-14,1.224,1.325,0.984,1.628,13.39
2015-04-15,1.304,1.403,1.689,1.751,12.681
2015-04-16,1.382,1.42,4.588,0.978,13.027
2015-04-17,1.376,1.339,0.706,1.786,12.923
2015-04-18,1.593,1.243,1.426,0.726,13.175
2015-04-19,1.504,1.125,2.352,1.038,13.553
2015-04-20,1.311,1.008,2.881,1.443,13.333
2015-04-21,1.205,0.881,1.458,1.488,12.761
2015-04-22,1.115,0.82,1.699,-0.84,13.493
2015-04-23,1.011,0.777,3.277,1.184,13.085
2015-04-24,0.9,0.749,2.472,1.945,14.015
2015-04-25,0.822,0.737,2.656,1.661,14.706
2015-04-26,0.804,0.743,3.732,2.3,14.461
2015-04-27,0.809,0.756,0.617,1.702,15.08
2015-04-28,0.769,0.787,0.626,1.438,13.382
2015-04-29,0.806,0.824,0.35,0.25,13.863
2015-04-30,0.82,0.835,1.069,-0.672,13.922
2015-05-01,0.749,0.806,1.382,1.926,13.539
2015-05-02,0.711,0.756,0.438,-1.856,14.24
2015-05-03,0.787,0.72,0.497,-1.535,14.058
2015-05-04,0.729,0.699,0.95,-2.33,14.203
2015-05-05,0.638,0.667,0.615,-1.98,14.105
2015-05-06,0.578,0.626,1.067,-2.127,14.734
2015-05-07,0.529,0.582,1.112,-1.199,12.718
2015-05-08,0.498,0.538,0.196,0.407,13.954
2015-05-09,0.467,0.504,0.296,-0.414,14.782
2015-05-10,0.387,0.482,0.684,-2.368,14.965
2015-05-11,0.374,0.456,1.69,-2.994,14.906
2015-05-12,0.364,0.438,0.609,-0.6,14.194
2015-05-13,0.358,0.41,0.925,-1.34,13.681
2015-05-14,0.351,0.391,0.251,-1.441,13.039
2015-05-15,0.361,0.386,0.113,-2.407,10.479
2015-05-16,0.35,0.382,2.127,-0.419,9.325
2015-05-17,0.343,0.371,2.017,-0.594,13.077
2015-05-18,0.332,0.357,0.843,-2.052,13.136
2015-05-19,0.326,0.345,0.94,-3.585,14.403
2015-05-20,0.324,0.336,0.644,-2.469,14.422
2015-05-21,0.311,0.329,0.0,-3.583,14.437
2015-05-22,0.3,0.312,0.535,-4.733,14.89
2015-05-23,0.294,0.299,0.14,-4.274,14.494
2015-05-24,0.286,0.285,1.044,-4.046,14.968
2015-05-25,0.278,0.27,0.403,-2.347,13.432
2015-05-26,0.268,0.262,0.234,-2.87,13.657
2015-05-27,0.255,0.253,0.147,-2.692,14.649
2015-05-28,0.242,0.249,0.231,-5.395,14.56
2015-05-29,0.236,0.248,0.024,-5.369,14.888
2015-05-30,0.234,0.245,0.459,-4.962,14.954
2015-05-31,0.224,0.238,1.03,-3.461,14.845
2015-06-01,0.22,0.238,0.409,-1.222,14.092
2015-06-02,0.221,0.234,0.297,-0.558,14.966
2015-06-03,0.212,0.238,0.241,-2.066,14.791
2015-06-04,0.213,0.243,0.418,-3.646,14.902
2015-06-05,0.21,0.247,0.051,-4.193,14.195
2015-06-06,0.207,0.248,0.021,-6.853,14.94
2015-06-07,0.204,0.248,0.162,-7.642,14.658
2015-06-08,0.197,0.243,0.051,-7.765,14.148
2015-06-09,0.197,0.233,0.365,-7.366,14.252
2015-06-10,0.191,0.219,0.087,-3.615,15.095
2015-06-11,0.184,0.203,0.064,-5.471,15.012
2015-06-12,0.178,0.189,0.015,-5.783,15.294
2015-06-13,0.172,0.178,0.07,-6.786,15.255
2015-06-14,0.172,0.169,0.153,-7.272,15.496
2015-06-15,0.167,0.162,0.687,-5.587,15.301
2015-06-16,0.16,0.158,0.108,-2.029,15.036
2015-06-17,0.159,0.153,0.07,-4.41,15.866
2015-06-18,0.159,0.152,0.467,-4.239,14.453
2015-06-19,0.154,0.151,0.164,-4.113,14.654
2015-06-20,0.152,0.148,0.137,-5.171,15.15
2015-06-21,0.154,0.146,0.094,-5.856,14.825
2015-06-22,0.152,0.144,0.141,-6.194,14.734
2015-06-23,0.146,0.141,0.06,-5.869,15.691
2015-06-24,0.146,0.137,0.036,-6.307,15.025
2015-06-25,0.141,0.133,0.007,-5.625,16.162
2015-06-26,0.141,0.129,0.021,-5.233,16.205
2015-06-27,0.133,0.126,0.095,-5.881,15.369
2015-06-28,0.133,0.122,0.196,-6.267,15.29
2015-06-29,0.127,0.118,0.185,-7.799,15.135
2015-06-30,0.104,0.115,0.335,-9.092,14.874
2015-07-01,0.104,0.117,0.1,-7.324,14.772
2015-07-02,0.101,0.114,0.126,-5.667,14.595
2015-07-03,0.1,0.113,1.419,-2.149,13.604
2015-07-04,0.097,0.113,1.621,-1.74,10.105
2015-07-05,0.098,0.127,0.089,-2.285,10.28
2015-07-06,0.096,0.151,0.096,-7.937,11.967
2015-07-07,0.092,0.178,0.083,-9.549,11.659
2015-07-08,0.093,0.2,0.052,-11.083,12.912
2015-07-09,0.093,0.203,0.016,-10.536,13.771
2015-07-10,0.092,0.19,0.015,-10.223,14.255
2015-07-11,0.09,0.174,0.0,-10.222,14.77
2015-07-12,0.09,0.158,0.094,-9.013,14.999
2015-07-13,0.086,0.141,0.35,-7.321,15.106
2015-07-14,0.084,0.126,0.264,-5.985,13.637
2015-07-15,0.083,0.113,0.366,-4.92,12.021
2015-07-16,0.084,0.105,0.001,-5.758,13.66
2015-07-17,0.084,0.102,0.031,-7.139,14.25
2015-07-18,0.083,0.099,0.009,-6.986,14.841
2015-07-19,0.083,0.096,0.0,-7.851,14.887
2015-07-20,0.083,0.094,0.026,-8.726,14.497
2015-07-21,0.081,0.092,0.322,-7.918,14.337
2015-07-22,0.081,0.09,0.001,-6.7,15.273
2015-07-23,0.079,0.089,0.002,-5.425,16.101
2015-07-24,0.079,0.088,0.012,-4.94,16.007
2015-07-25,0.079,0.087,0.019,-5.053,16.36
2015-07-26,0.078,0.086,0.001,-5.504,16.222
2015-07-27,0.077,0.084,0.0,-6.526,16.421
2015-07-28,0.075,0.083,0.0,-6.554,15.974
2015-07-29,0.077,0.082,0.008,-6.98,15.176
2015-07-30,0.075,0.081,0.0,-7.387,15.29
2015-07-31,0.075,0.08,0.019,-7.025,15.635
2015-08-01,0.074,0.075,0.01,-7.179,15.962
2015-08-02,0.074,0.074,0.001,-6.335,16.487
2015-08-03,0.073,0.073,0.0,-6.048,16.4
2015-08-04,0.073,0.073,0.116,-6.018,16.257
2015-08-05,0.071,0.072,0.001,-6.238,16.111
2015-08-06,0.071,0.072,0.026,-7.052,17.236
2015-08-07,0.071,0.072,0.895,-7.161,17.046
2015-08-08,0.067,0.071,0.028,-6.305,16.026
2015-08-09,0.066,0.071,0.992,-4.029,13.998
2015-08-10,0.067,0.071,0.033,-10.866,14.655
2015-08-11,0.061,0.073,1.019,-5.718,13.188
2015-08-12,0.066,0.076,3.655,-0.256,11.487
2015-08-13,0.065,0.085,2.281,-1.025,9.254
2015-08-14,0.065,0.097,0.391,-3.574,12.91
2015-08-15,0.066,0.116,0.019,-6.353,14.33
2015-08-16,0.062,0.148,0.009,-4.224,13.511
2015-08-17,0.064,0.16,0.52,-3.675,14.597
2015-08-18,0.066,0.16,0.744,-0.57,14.127
2015-08-19,0.063,0.144,0.089,-2.895,14.941
2015-08-20,0.065,0.122,0.001,-3.189,15.847
2015-08-21,0.065,0.11,0.005,-3.136,15.495
2015-08-22,0.064,0.1,0.017,-4.417,15.829
2015-08-23,0.061,0.09,0.037,-3.747,15.984
2015-08-24,0.061,0.084,0.22,-4.123,15.819
2015-08-25,0.06,0.077,0.047,-3.924,15.863
2015-08-26,0.06,0.073,0.306,-4.467,16.236
2015-08-27,0.06,0.069,0.014,-6.173,15.338
2015-08-28,0.058,0.066,0.006,-7.175,14.969
2015-08-29,0.059,0.064,0.0,-8.064,15.791
2015-08-30,0.058,0.062,0.011,-8.881,16.112
2015-08-31,0.056,0.061,0.219,-7.425,15.572
2015-09-01,0.066,0.053,0.105,-4.235,13.982
2015-09-02,0.066,0.052,0.912,-0.661,13.952
2015-09-03,0.064,0.054,1.652,-0.435,13.914
2015-09-04,0.066,0.058,2.587,0.634,14.012
2015-09-05,0.066,0.066,2.568,1.064,12.799
2015-09-06,0.066,0.076,0.706,-1.032,15.198
2015-09-07,0.068,0.086,0.025,-4.301,16.103
2015-09-08,0.066,0.091,0.341,-5.898,16.491
2015-09-09,0.064,0.094,0.053,-5.695,16.956
2015-09-10,0.064,0.091,0.053,-5.773,16.744
2015-09-11,0.062,0.088,0.271,-5.466,17.386
2015-09-12,0.062,0.084,0.006,-3.282,16.486
2015-09-13,0.061,0.078,0.005,-3.969,17.006
2015-09-14,0.061,0.073,0.046,-2.959,17.728
2015-09-15,0.058,0.069,0.071,-2.384,17.36
2015-09-16,0.06,0.063,0.005,-3.035,17.87
2015-09-17,0.06,0.059,0.158,-3.364,17.336
2015-09-18,0.059,0.056,2.001,-1.079,16.676
2015-09-19,0.06,0.056,2.265,0.705,14.347
2015-09-20,0.059,0.06,0.337,0.762,15.488
2015-09-21,0.058,0.07,1.244,-1.426,16.994
2015-09-22,0.058,0.076,1.774,-1.126,16.903
2015-09-23,0.055,0.081,3.508,0.144,16.544
2015-09-24,0.058,0.084,0.819,1.9,15.46
2015-09-25,0.057,0.088,1.704,1.632,15.997
2015-09-26,0.056,0.09,1.015,1.591,15.589
2015-09-27,0.056,0.095,0.002,-2.266,17.164
2015-09-28,0.055,0.097,0.001,-2.187,16.902
2015-09-29,0.058,0.093,0.092,-3.553,16.832
2015-09-30,0.054,0.089,0.484,-4.036,15.999
2015-10-01,0.054,0.074,0.002,-3.215,15.527
2015-10-02,0.054,0.069,2.5,-0.3,13.989
2015-10-03,0.054,0.065,2.478,0.211,12.193
2015-10-04,0.054,0.064,0.089,-0.994,16.016
2015-10-05,0.054,0.066,0.047,-2.111,17.702
2015-10-06,0.054,0.069,0.379,-2.207,17.714
2015-10-07,0.054,0.069,0.324,-2.399,18.276
2015-10-08,0.053,0.068,0.004,-1.856,18.215
2015-10-09,0.052,0.066,0.0,-5.958,17.851
2015-10-10,0.052,0.063,0.444,-6.314,17.954
2015-10-11,0.052,0.06,0.0,-5.235,18.397
2015-10-12,0.052,0.058,0.0,-4.999,18.09
2015-10-13,0.052,0.055,0.0,-6.441,18.264
2015-10-14,0.051,0.053,0.888,-4.748,18.51
2015-10-15,0.051,0.05,0.119,-1.728,17.745
2015-10-16,0.051,0.045,0.079,-1.344,15.098
2015-10-17,0.051,0.043,0.451,0.295,15.519
2015-10-18,0.05,0.042,0.277,0.224,13.392
2015-10-19,0.05,0.042,1.098,-1.394,15.917
2015-10-20,0.05,0.044,7.997,2.06,16.715
2015-10-21,0.05,0.052,1.016,0.898,17.096
2015-10-22,0.05,0.061,0.74,-2.061,17.283
2015-10-23,0.051,0.071,0.401,-2.319,16.643
2015-10-24,0.05,0.076,3.354,-0.855,15.641
2015-10-25,0.05,0.079,6.14,1.376,13.246
2015-10-26,0.051,0.083,2.956,1.123,14.068
2015-10-27,0.05,0.089,3.057,1.819,14.222
2015-10-28,0.051,0.097,5.001,2.205,14.012
2015-10-29,0.051,0.109,0.074,1.191,15.413
2015-10-30,0.051,0.119,0.361,0.461,15.475
2015-10-31,0.051,0.125,1.148,0.678,16.44
2015-11-01,0.082,0.133,1.587,0.03,16.7
2015-11-02,0.082,0.123,0.342,-0.863,15.666
2015-11-03,0.077,0.108,0.031,-0.449,16.375
2015-11-04,0.079,0.095,0.072,-2.868,17.67
2015-11-05,0.08,0.085,0.156,-1.436,16.901
2015-11-06,0.079,0.077,4.773,-0.05,16.719
2015-11-07,0.076,0.07,3.93,2.422,17.199
2015-11-08,0.076,0.065,3.841,1.657,16.619
2015-11-09,0.069,0.062,5.741,2.448,14.0
2015-11-10,0.067,0.064,2.123,0.579,16.957
2015-11-11,0.069,0.07,5.053,2.436,15.916
2015-11-12,0.074,0.079,5.132,2.206,13.787
2015-11-13,0.077,0.091,1.747,1.774,15.388
2015-11-14,0.089,0.118,5.924,1.359,16.13
2015-11-15,0.088,0.154,1.387,2.069,15.006
2015-11-16,0.092,0.198,1.24,1.684,15.867
2015-11-17,0.097,0.246,0.455,0.241,17.649
2015-11-18,0.105,0.263,0.01,-0.378,18.868
2015-11-19,0.115,0.242,0.313,-1.417,18.569
2015-11-20,0.111,0.196,0.271,-1.798,18.199
2015-11-21,0.097,0.155,0.803,2.048,18.716
2015-11-22,0.09,0.121,0.242,0.163,18.64
2015-11-23,0.086,0.096,0.079,0.11,18.672
2015-11-24,0.084,0.082,0.172,0.714,18.387
2015-11-25,0.076,0.073,0.143,-0.591,18.338
2015-11-26,0.074,0.067,4.25,-1.617,18.609
2015-11-27,0.068,0.065,2.808,2.36,17.019
2015-11-28,0.067,0.073,2.195,0.745,18.297
2015-11-29,0.068,0.086,4.006,2.491,17.248
2015-11-30,0.063,0.103,1.632,2.63,12.77
2015-12-01,0.059,0.118,0.338,2.254,13.672
2015-12-02,0.056,0.121,4.151,1.315,15.173
2015-12-03,0.055,0.118,6.52,0.476,15.867
2015-12-04,0.05,0.119,5.717,0.804,15.828
2015-12-05,0.059,0.128,1.142,-0.595,16.779
2015-12-06,0.063,0.145,1.491,-1.194,17.49
2015-12-07,0.061,0.149,1.432,1.424,16.615
2015-12-08,0.075,0.142,3.278,2.198,15.441
2015-12-09,0.082,0.123,5.068,2.54,14.39
2015-12-10,0.086,0.113,3.143,2.421,14.887
2015-12-11,0.086,0.113,2.655,0.346,17.306
2015-12-12,0.096,0.121,0.79,0.785,17.665
2015-12-13,0.105,0.128,0.158,-0.411,19.145
2015-12-14,0.111,0.127,0.322,-1.466,18.427
2015-12-15,0.129,0.116,0.667,-0.818,17.023
2015-12-16,0.136,0.101,3.719,1.107,15.739
2015-12-17,0.118,0.09,3.836,1.582,16.748
2015-12-18,0.096,0.085,11.564,2.904,16.28
2015-12-19,0.096,0.086,6.034,2.012,13.422
2015-12-20,0.091,0.1,18.915,2.945,13.215
2015-12-21,0.112,0.146,8.046,1.526,14.039
2015-12-22,0.357,0.227,9.174,1.841,13.664
2015-12-23,0.71,0.386,8.005,0.335,14.4
2015-12-24,0.841,0.59,4.6,1.096,12.899
2015-12-25,0.98,0.773,7.269,2.981,14.264
2015-12-26,1.037,0.904,7.497,2.542,13.157
2015-12-27,0.99,0.983,4.13,2.641,14.813
2015-12-28,0.947,0.998,2.007,0.802,16.09
2015-12-29,0.894,0.958,0.962,2.114,15.357
2015-12-30,0.764,0.881,1.654,0.965,16.428
2015-12-31,0.597,0.746,1.796,-0.106,17.497
2016-01-01,0.502,0.607,0.001,-0.278,16.962
2016-01-02,0.431,0.461,0.298,-0.08,15.868
2016-01-03,0.364,0.321,1.159,1.657,17.001
2016-01-04,0.305,0.228,1.588,1.751,17.222
2016-01-05,0.279,0.162,0.999,1.433,16.079
2016-01-06,0.259,0.123,7.537,0.677,16.238
2016-01-07,0.261,0.115,2.582,2.976,14.311
2016-01-08,0.268,0.135,0.957,1.205,16.151
2016-01-09,0.278,0.181,2.541,1.304,16.9
2016-01-10,0.285,0.227,2.336,2.278,15.151
2016-01-11,0.289,0.261,7.371,3.098,15.503
2016-01-12,0.35,0.275,5.43,3.137,14.913
2016-01-13,0.437,0.294,2.578,3.227,14.908
2016-01-14,0.498,0.321,1.096,0.654,17.647
2016-01-15,0.528,0.342,2.063,3.158,17.214
2016-01-16,0.52,0.328,10.551,2.52,16.837
2016-01-17,0.398,0.293,4.614,3.378,14.249
2016-01-18,0.365,0.265,8.8,3.449,15.418
2016-01-19,0.382,0.271,6.001,4.049,13.191
2016-01-20,0.548,0.313,0.944,3.97,15.776
2016-01-21,0.773,0.366,0.263,3.159,15.975
2016-01-22,0.889,0.426,0.0,-0.711,17.375
2016-01-23,0.753,0.429,0.203,-0.447,18.138
2016-01-24,0.577,0.368,0.002,-0.043,18.726
2016-01-25,0.447,0.294,1.634,0.96,18.777
2016-01-26,0.364,0.21,1.1,1.424,15.973
2016-01-27,0.312,0.146,2.002,0.845,17.557
2016-01-28,0.271,0.105,2.229,3.135,17.681
2016-01-29,0.257,0.09,3.273,3.329,16.612
2016-01-30,0.235,0.09,2.968,2.997,17.206
2016-01-31,0.232,0.1,7.152,2.612,15.0
2016-02-01,0.267,0.116,3.278,3.191,12.858
2016-02-02,0.275,0.23,11.716,3.562,14.02
2016-02-03,0.327,0.309,5.973,2.959,13.929
2016-02-04,0.52,0.419,3.475,1.658,15.779
2016-02-05,1.004,0.525,4.028,2.783,16.241
2016-02-06,1.043,0.583,8.298,3.45,14.816
2016-02-07,0.923,0.594,5.931,4.164,14.471
2016-02-08,0.837,0.599,2.343,3.941,14.819
2016-02-09,0.926,0.626,12.4,4.317,15.884
2016-02-10,1.086,0.689,5.903,3.389,15.619
2016-02-11,1.2,0.749,2.94,4.192,15.16
2016-02-12,1.327,0.828,3.317,4.002,15.112
2016-02-13,1.503,0.877,0.507,3.153,16.404
2016-02-14,1.239,0.874,0.396,2.974,17.032
2016-02-15,1.043,0.803,0.941,2.382,17.176
2016-02-16,0.931,0.714,9.299,3.486,17.395
2016-02-17,0.811,0.642,4.205,4.021,14.692
2016-02-18,1.014,0.62,4.728,4.143,14.967
2016-02-19,1.087,0.651,4.518,4.066,16.02
2016-02-20,1.12,0.703,4.879,4.156,15.471
2016-02-21,1.432,0.732,6.857,3.446,15.154
2016-02-22,1.468,0.753,10.459,3.92,14.318
2016-02-23,1.495,0.82,7.662,4.389,13.453
2016-02-24,1.652,0.982,9.692,4.318,14.559
2016-02-25,1.775,1.209,14.738,4.066,14.345
2016-02-26,1.926,1.503,2.59,4.109,14.805
2016-02-27,2.142,1.731,1.294,3.679,15.457
2016-02-28,2.264,1.864,6.008,2.876,15.52
2016-02-29,2.129,1.86,2.705,3.417,16.372
2016-03-01,2.329,1.652,1.564,3.154,16.824
2016-03-02,2.002,1.468,1.318,2.285,16.087
2016-03-03,1.667,1.219,0.496,2.107,17.555
2016-03-04,1.393,0.995,1.961,2.183,17.256
2016-03-05,1.166,0.793,2.351,2.057,16.216
2016-03-06,0.941,0.667,0.418,0.874,16.382
2016-03-07,0.801,0.589,2.542,2.112,14.901
2016-03-08,0.712,0.529,5.009,2.588,15.274
2016-03-09,0.647,0.508,5.771,3.079,16.199
2016-03-10,0.61,0.52,3.636,2.933,14.991
2016-03-11,0.937,0.57,2.218,1.642,16.141
2016-03-12,0.947,0.618,5.127,3.013,15.67
2016-03-13,0.999,0.651,3.69,1.791,15.466
2016-03-14,0.88,0.66,2.952,1.672,15.865
2016-03-15,0.889,0.658,0.102,1.789,16.089
2016-03-16,0.843,0.656,0.015,-0.278,16.243
2016-03-17,0.781,0.646,0.396,-0.101,16.38
2016-03-18,0.604,0.613,0.706,-0.083,16.857
2016-03-19,0.423,0.565,0.768,0.746,15.588
2016-03-20,0.392,0.498,2.868,2.0,17.101
2016-03-21,0.393,0.434,1.238,2.803,16.924
2016-03-22,0.385,0.385,5.255,1.895,17.252
2016-03-23,0.364,0.351,0.751,2.283,16.994
2016-03-24,0.351,0.355,0.686,0.737,18.325
2016-03-25,0.33,0.4,0.023,0.167,18.146
2016-03-26,0.308,0.414,0.06,2.619,17.275
2016-03-27,0.294,0.409,1.508,2.435,16.482
2016-03-28,0.273,0.359,1.548,0.363,17.232
2016-03-29,0.26,0.319,1.327,0.264,16.811
2016-03-30,0.253,0.296,1.647,0.52,16.197
2016-03-31,0.251,0.278,0.833,0.404,16.395
2016-04-01,0.238,0.279,3.134,0.324,15.613
2016-04-02,0.226,0.274,4.161,1.523,16.195
2016-04-03,0.216,0.279,3.432,0.405,15.875
2016-04-04,0.21,0.3,1.178,1.03,15.051
2016-04-05,0.207,0.355,3.806,2.315,16.347
2016-04-06,0.236,0.439,1.862,2.243,14.465
2016-04-07,0.233,0.556,7.576,2.179,15.11
2016-04-08,0.323,0.641,4.641,2.07,14.63
2016-04-09,0.362,0.712,1.168,2.417,14.226
2016-04-10,0.395,0.781,1.385,0.715,15.471
2016-04-11,0.362,0.833,4.957,3.183,13.412
2016-04-12,0.401,0.831,1.659,2.365,14.418
2016-04-13,0.411,0.791,0.005,-0.328,15.812
2016-04-14,0.602,0.745,0.221,-1.532,15.895
2016-04-15,0.506,0.703,2.75,0.567,15.254
2016-04-16,0.407,0.635,6.717,1.809,14.937
2016-04-17,0.358,0.576,6.362,2.4,13.505
2016-04-18,0.369,0.539,6.981,2.592,14.37
2016-04-19,0.399,0.566,8.772,3.151,12.485
2016-04-20,0.435,0.638,3.399,0.784,13.177
2016-04-21,0.608,0.744,0.899,1.352,15.37
2016-04-22,0.649,0.877,0.838,1.178,13.742
2016-04-23,0.591,0.959,0.435,-0.305,15.628
2016-04-24,0.495,0.895,0.173,-2.084,16.185
2016-04-25,0.385,0.783,0.146,-3.859,16.194
2016-04-26,0.399,0.691,0.085,-3.59,16.472
2016-04-27,0.355,0.591,0.004,-4.667,16.228
2016-04-28,0.319,0.497,0.0,-4.662,16.131
2016-04-29,0.266,0.401,0.089,-4.027,16.382
2016-04-30,0.27,0.341,0.034,-3.612,16.431
2016-05-01,0.248,0.293,0.0,-2.527,16.022
2016-05-02,0.293,0.255,0.052,-3.32,16.085
2016-05-03,0.278,0.231,0.015,-4.247,15.187
2016-05-04,0.2,0.211,0.031,-4.056,14.668
2016-05-05,0.19,0.197,0.012,-4.314,15.212
2016-05-06,0.188,0.192,0.02,-3.201,16.049
2016-05-07,0.182,0.192,0.346,-2.696,15.799
2016-05-08,0.171,0.19,0.014,-3.195,15.096
2016-05-09,0.153,0.183,0.117,-3.638,14.842
2016-05-10,0.153,0.176,0.088,-4.135,15.515
2016-05-11,0.146,0.167,0.001,-3.986,15.398
2016-05-12,0.141,0.159,0.386,-3.762,15.97
2016-05-13,0.102,0.153,0.037,-2.431,15.397
2016-05-14,0.102,0.149,0.149,-2.807,16.093
2016-05-15,0.101,0.146,0.261,-3.153,16.354
2016-05-16,0.098,0.145,0.0,-1.937,16.572
2016-05-17,0.098,0.145,0.004,-2.902,15.855
2016-05-18,0.096,0.144,0.0,-4.939,15.855
2016-05-19,0.096,0.142,0.0,-6.804,15.676
2016-05-20,0.094,0.139,0.05,-7.348,16.125
2016-05-21,0.093,0.135,0.037,-5.577,16.206
2016-05-22,0.094,0.13,0.155,-5.868,16.354
2016-05-23,0.092,0.124,0.418,-1.849,15.491
2016-05-24,0.091,0.119,0.311,-1.575,14.837
2016-05-25,0.09,0.124,0.209,-2.201,15.312
2016-05-26,0.09,0.133,0.202,-6.49,15.561
2016-05-27,0.088,0.142,0.108,-6.174,15.4
2016-05-28,0.088,0.149,0.101,-6.521,15.603
2016-05-29,0.087,0.148,0.059,-7.591,15.259
2016-05-30,0.087,0.143,0.001,-8.81,15.328
2016-05-31,0.086,0.135,0.0,-9.017,15.532
2016-06-01,0.086,0.125,0.016,-8.459,15.176
2016-06-02,0.08,0.113,0.1,-8.977,15.862
2016-06-03,0.073,0.105,0.126,-8.582,15.73
2016-06-04,0.083,0.101,0.164,-8.161,15.279
2016-06-05,0.081,0.096,0.103,-7.503,16.692
2016-06-06,0.081,0.093,0.094,-4.192,15.389
2016-06-07,0.08,0.092,0.016,-6.205,15.381
2016-06-08,0.08,0.09,0.0,-6.396,15.677
2016-06-09,0.08,0.089,0.007,-5.698,14.722
2016-06-10,0.079,0.087,0.087,-5.179,15.288
2016-06-11,0.078,0.085,0.009,-5.084,15.248
2016-06-12,0.077,0.083,0.003,-4.013,15.033
2016-06-13,0.076,0.082,0.01,-5.855,15.553
2016-06-14,0.077,0.08,0.001,-6.262,15.668
2016-06-15,0.076,0.079,0.0,-6.322,15.726
2016-06-16,0.075,0.078,0.0,-6.846,15.67
2016-06-17,0.075,0.076,0.016,-6.389,15.336
2016-06-18,0.074,0.075,0.013,-7.612,14.865
2016-06-19,0.072,0.073,0.027,-7.3,14.486
2016-06-20,0.072,0.073,0.024,-7.325,14.76
2016-06-21,0.071,0.072,0.001,-7.924,14.874
2016-06-22,0.071,0.071,0.0,-9.403,15.155
2016-06-23,0.071,0.07,0.002,-9.241,15.778
2016-06-24,0.07,0.07,0.027,-7.205,15.007
2016-06-25,0.067,0.069,0.092,-5.732,14.265
2016-06-26,0.067,0.068,0.111,-6.298,14.386
2016-06-27,0.067,0.067,0.408,-5.635,13.363
2016-06-28,0.068,0.069,0.255,-2.036,12.66
2016-06-29,0.068,0.073,0.001,-5.583,14.333
2016-06-30,0.067,0.084,0.006,-6.783,14.943
2016-07-01,0.067,0.096,0.003,-6.765,15.1
2016-07-02,0.067,0.105,0.0,-6.387,14.125
2016-07-03,0.065,0.106,0.0,-6.298,14.298
2016-07-04,0.065,0.1,0.001,-6.852,14.18
2016-07-05,0.065,0.09,0.465,-6.079,14.6
2016-07-06,,0.084,1.961,-7.204,13.828
2016-07-07,0.065,0.08,5.727,-1.558,10.218
2016-07-08,0.063,0.087,0.008,-2.444,12.767
2016-07-09,0.066,0.108,0.003,-5.951,13.575
2016-07-10,0.067,0.147,0.043,-6.101,14.26
2016-07-11,0.067,0.167,0.0,-7.041,14.7
2016-07-12,0.067,0.171,0.697,-7.517,15.33
2016-07-13,0.065,0.16,0.005,-7.047,14.566
2016-07-14,0.065,0.141,0.167,-5.892,15.278
2016-07-15,0.063,0.115,0.195,-6.278,15.36
2016-07-16,0.063,0.098,0.004,-6.587,15.324
2016-07-17,0.061,0.085,0.0,-4.169,13.897
2016-07-18,0.061,0.075,0.0,-4.51,15.392
2016-07-19,0.061,0.069,0.0,-3.866,15.247
2016-07-20,0.061,0.064,0.0,-5.636,15.282
2016-07-21,0.06,0.06,0.006,-6.169,15.325
2016-07-22,0.058,0.058,0.001,-6.839,15.461
2016-07-23,0.059,0.055,0.001,-7.277,15.546
2016-07-24,0.059,0.054,0.0,-6.847,15.875
2016-07-25,0.058,0.052,0.001,-6.631,16.311
2016-07-26,0.057,0.051,0.0,-6.951,16.431
2016-07-27,0.057,0.05,0.17,-6.157,15.89
2016-07-28,0.056,0.05,0.0,-5.941,16.021
2016-07-29,0.055,0.049,0.0,-7.293,16.261
2016-07-30,0.054,0.048,0.0,-10.913,15.482
2016-07-31,0.052,0.048,0.0,-10.483,15.778
2016-08-01,0.052,0.046,0.0,-8.668,15.688
2016-08-02,0.051,0.046,0.003,-8.319,15.203
2016-08-03,0.05,0.046,0.001,-6.045,15.543
2016-08-04,0.049,0.045,0.0,-6.007,15.744
2016-08-05,0.048,0.045,0.001,-6.911,16.672
2016-08-06,0.046,0.045,0.0,-5.957,16.315
2016-08-07,0.044,0.044,0.001,-3.528,15.637
2016-08-08,0.048,0.044,0.001,-3.07,15.173
2016-08-09,0.048,0.044,0.314,-2.909,14.221
2016-08-10,0.048,0.044,0.09,-1.243,14.29
2016-08-11,0.048,0.044,0.584,-3.5,14.024
2016-08-12,0.047,0.044,0.176,-4.882,14.965
2016-08-13,0.046,0.045,0.252,-4.317,15.546
2016-08-14,0.045,0.045,0.373,-5.252,16.148
2016-08-15,0.045,0.045,0.005,-6.097,16.747
2016-08-16,0.044,0.045,0.001,-6.089,16.302
2016-08-17,0.044,0.044,0.0,-4.061,16.028
2016-08-18,0.043,0.044,0.029,-5.285,15.372
2016-08-19,0.043,0.043,0.106,-1.129,14.526
2016-08-20,0.043,0.042,0.004,-5.207,14.834
2016-08-21,0.043,0.042,0.232,-4.678,14.902
2016-08-22,0.042,0.041,0.7,-2.879,15.497
2016-08-23,0.041,0.042,2.741,-2.509,15.845
2016-08-24,0.041,0.046,1.168,-1.724,15.608
2016-08-25,0.04,0.057,0.411,-3.405,16.095
2016-08-26,0.041,0.072,0.972,-4.08,15.468
2016-08-27,0.037,0.083,0.343,-1.707,15.232
2016-08-28,0.036,0.085,0.078,-3.66,14.767
2016-08-29,0.033,0.084,0.288,-9.166,14.847
2016-08-30,0.035,0.079,0.004,-8.83,15.606
2016-08-31,0.035,0.073,0.055,-7.466,16.186
2016-09-01,0.072,0.058,0.001,-6.605,15.497
2016-09-02,0.071,0.052,0.4,-3.28,14.601
2016-09-03,0.071,0.047,0.268,-5.387,14.998
2016-09-04,0.069,0.043,0.006,-3.667,13.491
2016-09-05,0.07,0.041,0.001,-5.584,15.528
2016-09-06,0.07,0.039,0.034,-6.706,15.736
2016-09-07,0.068,0.038,0.092,-3.77,16.259
2016-09-08,0.069,0.037,0.003,-4.846,17.074
2016-09-09,0.069,0.035,0.014,-4.932,17.198
2016-09-10,0.069,0.034,0.05,-5.462,16.865
2016-09-11,0.069,0.032,0.009,-7.72,17.948
2016-09-12,0.067,0.031,0.086,-6.629,19.043
2016-09-13,0.069,0.03,0.054,-6.839,19.128
2016-09-14,0.067,0.028,0.12,-5.777,18.171
2016-09-15,0.066,0.027,0.095,-3.684,16.725
2016-09-16,0.066,0.026,0.0,-3.184,17.649
2016-09-17,0.066,0.026,0.011,-3.923,17.449
2016-09-18,0.065,0.026,0.076,-4.516,17.062
2016-09-19,0.065,0.026,5.156,-2.527,15.053
2016-09-20,0.064,0.03,1.114,-0.494,14.335
2016-09-21,0.064,0.038,0.179,-1.924,15.516
2016-09-22,0.063,0.045,0.224,-2.574,15.7
2016-09-23,0.065,0.054,1.498,-0.231,14.956
2016-09-24,0.064,0.06,1.903,1.309,14.571
2016-09-25,0.064,0.068,1.845,0.401,14.765
2016-09-26,0.065,0.072,1.259,-1.092,15.85
2016-09-27,0.065,0.076,0.475,-1.689,15.766
2016-09-28,0.063,0.078,0.068,-3.118,16.344
2016-09-29,0.063,0.077,0.157,-2.922,17.476
2016-09-30,0.062,0.074,0.38,-2.096,16.844
2016-10-01,0.062,0.058,3.693,-0.381,16.413
2016-10-02,0.061,0.054,0.658,0.909,13.901
2016-10-03,0.062,0.052,3.559,0.565,14.928
2016-10-04,0.066,0.053,4.622,1.245,15.971
2016-10-05,0.061,0.055,0.237,-0.215,16.377
2016-10-06,0.06,0.057,0.214,-1.412,16.895
2016-10-07,0.06,0.058,0.001,-5.202,16.816
2016-10-08,0.06,0.057,0.012,-4.759,17.384
2016-10-09,0.058,0.054,0.801,-1.222,15.832
2016-10-10,0.058,0.051,5.809,2.098,12.876
2016-10-11,0.059,0.047,4.277,1.923,12.774
2016-10-12,0.058,0.051,1.137,-1.014,16.307
2016-10-13,0.058,0.056,0.998,-3.044,17.433
2016-10-14,0.057,0.063,1.677,1.528,15.051
2016-10-15,0.058,0.066,1.877,-0.833,16.835
2016-10-16,0.057,0.066,4.917,0.648,16.458
2016-10-17,0.058,0.063,5.03,1.464,15.357
2016-10-18,0.058,0.061,1.486,1.268,15.927
2016-10-19,0.058,0.064,2.44,-0.495,15.924
2016-10-20,0.057,0.069,4.274,0.198,13.312
2016-10-21,0.059,0.071,1.177,-0.302,14.784
2016-10-22,0.062,0.072,0.069,0.332,15.678
2016-10-23,0.063,0.074,0.913,-0.696,16.529
2016-10-24,0.065,0.074,0.739,1.335,15.868
2016-10-25,0.066,0.072,0.317,-0.682,16.969
2016-10-26,0.065,0.07,2.043,0.35,16.53
2016-10-27,0.064,0.068,2.218,0.969,12.801
2016-10-28,0.064,0.065,2.817,1.095,14.924
2016-10-29,0.063,0.064,2.885,1.354,15.413
2016-10-30,0.062,0.068,2.19,0.927,16.516
2016-10-31,0.061,0.073,1.942,-0.205,16.352
2016-11-01,0.065,0.071,0.153,-0.373,17.311
2016-11-02,0.067,0.074,0.003,-2.688,17.342
2016-11-03,0.066,0.073,0.263,-1.407,16.86
2016-11-04,0.065,0.069,2.46,0.397,15.935
2016-11-05,0.063,0.062,0.178,-0.021,16.74
2016-11-06,0.061,0.056,0.865,0.106,17.618
2016-11-07,0.06,0.052,6.07,0.639,17.351
2016-11-08,0.059,0.049,5.581,1.175,16.194
2016-11-09,0.06,0.05,1.397,-0.556,16.346
2016-11-10,0.062,0.055,0.476,1.831,16.611
2016-11-11,0.062,0.062,0.0,-2.199,17.245
2016-11-12,0.063,0.066,0.016,-2.588,17.448
2016-11-13,0.065,0.065,0.001,-3.128,17.266
2016-11-14,0.063,0.06,0.28,-4.433,17.505
2016-11-15,0.058,0.055,0.001,-3.527,17.713
2016-11-16,0.055,0.048,0.001,-3.611,17.521
2016-11-17,0.054,0.043,2.472,-2.325,17.028
2016-11-18,0.052,0.038,1.263,1.21,15.183
2016-11-19,0.051,0.033,1.344,-0.763,17.274
2016-11-20,0.048,0.032,0.321,-1.61,17.632
2016-11-21,0.048,0.034,0.515,-3.592,17.428
2016-11-22,0.047,0.035,0.028,-1.909,17.554
2016-11-23,0.046,0.033,0.745,-1.162,17.37
2016-11-24,0.045,0.03,1.005,-1.4,18.092
2016-11-25,0.046,0.029,0.19,-1.766,17.204
2016-11-26,0.044,0.028,2.073,0.127,16.33
2016-11-27,0.043,0.026,1.881,0.499,16.01
2016-11-28,0.043,0.028,1.351,0.382,15.971
2016-11-29,0.043,0.034,6.409,1.978,15.251
2016-11-30,0.044,0.044,0.956,1.382,12.968
2016-12-01,0.052,0.052,2.214,2.148,15.862
2016-12-02,0.05,0.063,0.84,1.578,16.239
2016-12-03,0.051,0.069,3.261,1.421,15.604
2016-12-04,0.051,0.07,6.751,2.295,14.33
2016-12-05,0.053,0.07,4.929,1.829,15.997
2016-12-06,0.058,0.074,3.166,1.938,14.455
2016-12-07,0.06,0.081,3.478,1.272,14.539
2016-12-08,0.074,0.091,4.536,1.755,14.519
2016-12-09,0.096,0.101,1.685,2.277,14.709
2016-12-10,0.145,0.107,0.168,0.197,14.481
2016-12-11,0.17,0.11,1.793,0.264,14.892
2016-12-12,0.141,0.105,1.158,1.079,16.265
2016-12-13,0.13,0.096,1.672,-0.231,17.564
2016-12-14,0.119,0.086,4.535,2.244,15.391
2016-12-15,0.117,0.078,1.38,2.477,12.587
2016-12-16,0.111,0.077,0.415,-0.345,16.117
2016-12-17,0.106,0.078,0.046,2.163,16.798
2016-12-18,0.105,0.08,0.624,1.109,17.867
2016-12-19,0.105,0.078,1.206,1.665,16.384
2016-12-20,0.092,0.073,1.993,0.683,16.745
2016-12-21,0.087,0.067,0.035,1.012,15.989
2016-12-22,0.083,0.061,2.04,-0.538,15.748
2016-12-23,0.074,0.057,1.572,1.471,14.519
2016-12-24,0.067,0.055,0.294,-0.782,15.575
2016-12-25,0.065,0.054,1.223,1.652,16.687
2016-12-26,0.063,0.056,4.187,2.29,15.48
2016-12-27,0.058,0.058,3.575,-0.113,16.04
2016-12-28,0.064,0.062,7.205,1.234,12.443
2016-12-29,0.064,0.071,1.992,2.437,14.075
2016-12-30,0.076,0.084,4.669,3.159,14.649
2016-12-31,0.091,0.102,3.481,2.83,13.306
2017-01-01,0.107,0.134,1.443,2.531,15.767
2017-01-02,0.125,0.165,3.516,3.656,14.023
2017-01-03,0.119,0.192,1.54,3.157,13.792
2017-01-04,0.121,0.209,4.801,1.863,15.263
2017-01-05,0.119,0.232,4.448,3.173,13.931
2017-01-06,0.123,0.255,5.561,3.249,13.1
2017-01-07,0.152,0.293,3.844,3.106,12.345
2017-01-08,0.123,0.347,7.251,3.266,13.072
2017-01-09,0.34,0.419,0.645,2.211,12.849
2017-01-10,0.59,0.481,1.586,2.656,12.367
2017-01-11,0.665,0.531,0.579,2.51,14.407
2017-01-12,0.664,0.544,3.331,3.352,14.509
2017-01-13,0.597,0.536,4.578,3.174,14.219
2017-01-14,0.501,0.523,5.786,3.32,12.333
2017-01-15,0.418,0.538,2.452,2.9,14.153
2017-01-16,0.392,0.599,1.989,2.711,14.02
2017-01-17,0.475,0.718,1.081,2.424,14.297
2017-01-18,0.481,0.872,1.703,2.323,13.864
2017-01-19,0.427,0.948,1.687,2.344,12.83
2017-01-20,0.414,0.973,0.554,0.065,13.412
2017-01-21,0.389,0.928,0.562,1.623,12.394
2017-01-22,0.386,0.842,1.352,1.367,12.335
2017-01-23,0.316,0.747,7.331,1.414,14.481
2017-01-24,0.278,0.66,10.188,2.244,13.759
2017-01-25,0.258,0.664,7.73,2.34,12.077
2017-01-26,0.27,0.785,6.62,2.475,11.487
2017-01-27,0.31,1.028,2.616,2.584,12.07
2017-01-28,0.342,1.252,0.694,2.069,14.009
2017-01-29,0.43,1.497,0.3,2.083,14.383
2017-01-30,0.532,1.565,0.789,0.333,15.579
2017-01-31,0.432,1.477,0.586,1.084,15.976
2017-02-01,0.368,1.184,2.765,1.018,16.873
2017-02-02,0.305,0.969,0.952,0.918,16.357
2017-02-03,0.247,0.744,0.387,0.691,16.653
2017-02-04,0.205,0.594,1.179,0.602,17.265
2017-02-05,0.173,0.465,2.431,1.012,17.059
2017-02-06,0.139,0.351,3.032,1.507,16.055
2017-02-07,0.122,0.282,1.62,2.512,15.267
2017-02-08,0.117,0.257,0.358,3.287,16.473
2017-02-09,0.116,0.236,1.955,1.93,16.849
2017-02-10,0.122,0.225,2.194,2.219,17.74
2017-02-11,0.116,0.209,2.51,2.881,16.314
2017-02-12,0.113,0.206,3.208,2.437,15.757
2017-02-13,0.108,0.212,1.556,1.954,13.745
2017-02-14,0.104,0.232,0.051,1.058,16.333
2017-02-15,0.106,0.252,1.251,1.416,15.659
2017-02-16,0.111,0.255,4.835,2.029,13.333
2017-02-17,0.107,0.256,3.376,2.771,13.098
2017-02-18,0.097,0.262,1.375,2.257,14.794
2017-02-19,0.092,0.277,6.131,2.839,12.912
2017-02-20,0.101,0.317,4.242,1.942,12.734
2017-02-21,0.115,0.372,5.888,2.526,13.108
2017-02-22,0.156,0.433,2.905,2.434,12.367
2017-02-23,0.309,0.504,7.328,1.994,11.759
2017-02-24,0.398,0.574,7.965,1.387,12.547
2017-02-25,0.469,0.642,5.539,2.162,12.457
2017-02-26,0.529,0.73,5.228,1.8,12.227
2017-02-27,0.566,0.842,3.588,2.542,11.273
2017-02-28,0.582,0.968,3.92,2.503,12.212
2017-03-01,0.609,0.994,2.296,0.561,12.863
2017-03-02,0.733,1.039,4.845,1.553,13.342
2017-03-03,0.881,1.044,6.845,1.753,13.029
2017-03-04,0.899,1.021,6.095,1.902,13.434
2017-03-05,1.281,1.029,4.818,1.724,12.993
2017-03-06,1.341,1.098,2.75,1.769,13.414
2017-03-07,1.339,1.193,6.665,2.072,13.119
2017-03-08,1.222,1.27,3.083,2.775,13.003
2017-03-09,1.144,1.303,3.211,1.963,14.286
2017-03-10,1.282,1.322,1.593,2.308,14.319
2017-03-11,1.125,1.352,0.668,1.67,12.634
2017-03-12,1.037,1.372,0.758,0.429,14.877
2017-03-13,0.88,1.333,1.379,1.76,13.13
2017-03-14,0.779,1.24,3.874,1.387,13.529
2017-03-15,0.666,1.158,8.113,2.049,13.327
2017-03-16,0.647,1.118,6.06,1.757,11.659
2017-03-17,0.85,1.182,1.965,0.915,13.21
2017-03-18,1.142,1.308,1.469,0.661,14.563
2017-03-19,1.029,1.41,0.53,1.208,13.871
2017-03-20,0.844,1.391,0.752,-0.638,14.58
2017-03-21,0.712,1.25,1.81,0.247,14.93
2017-03-22,0.612,1.106,3.834,1.961,13.872
2017-03-23,0.524,0.959,6.275,2.81,12.906
2017-03-24,0.489,0.882,5.343,2.273,13.482
2017-03-25,0.599,0.903,4.074,1.952,13.859
2017-03-26,0.738,1.012,2.292,2.796,13.968
2017-03-27,0.837,1.125,2.752,0.262,13.258
2017-03-28,0.837,1.192,3.534,2.575,13.455
2017-03-29,0.71,1.207,8.775,3.125,11.967
2017-03-30,0.76,1.207,3.414,2.701,13.007
2017-03-31,0.868,1.252,2.539,3.24,12.632
2017-04-01,1.01,1.299,7.93,2.56,13.005
2017-04-02,1.082,1.403,8.608,2.949,14.397
2017-04-03,1.069,1.44,6.132,0.867,14.297
2017-04-04,1.009,1.415,3.917,1.709,14.405
2017-04-05,0.97,1.328,2.168,0.48,14.756
2017-04-06,0.967,1.222,9.947,1.767,14.046
2017-04-07,0.838,1.106,4.399,2.281,14.737
2017-04-08,0.784,0.999,2.507,1.769,13.977
2017-04-09,0.787,0.903,4.534,1.995,13.847
2017-04-10,0.753,0.86,6.566,1.469,14.301
2017-04-11,0.719,0.809,4.219,2.581,12.627
2017-04-12,0.762,0.773,3.524,2.23,13.105
2017-04-13,0.809,0.749,2.109,2.163,13.75
2017-04-14,0.806,0.737,0.563,-0.746,15.092
2017-04-15,0.706,0.728,1.17,-0.387,15.412
2017-04-16,0.621,0.71,2.057,0.974,15.442
2017-04-17,0.548,0.691,3.291,1.801,13.643
2017-04-18,0.489,0.642,1.829,1.661,13.858
2017-04-19,0.459,0.612,0.991,0.636,15.023
2017-04-20,0.481,0.589,0.035,-3.378,14.711
2017-04-21,0.457,0.563,0.129,-3.741,15.123
2017-04-22,0.416,0.524,0.17,-1.247,15.039
2017-04-23,0.375,0.482,0.987,-0.123,14.678
2017-04-24,0.343,0.439,5.75,0.893,14.425
2017-04-25,0.324,0.399,1.146,-0.87,14.648
2017-04-26,0.302,0.381,1.968,-2.361,14.42
2017-04-27,0.303,0.369,2.423,-0.591,12.532
2017-04-28,0.299,0.368,12.001,0.687,12.657
2017-04-29,0.307,0.383,7.819,1.283,11.829
2017-04-30,0.307,0.425,4.626,1.439,13.411
2017-05-01,0.374,0.506,1.408,1.611,13.735
2017-05-02,0.402,0.58,0.019,-1.904,15.319
2017-05-03,0.38,0.623,0.001,-1.949,14.937
2017-05-04,0.421,0.627,0.013,-0.975,15.264
2017-05-05,0.412,0.597,0.383,-2.149,15.033
2017-05-06,0.337,0.543,1.02,-1.744,14.697
2017-05-07,0.315,0.479,1.906,0.697,13.952
2017-05-08,0.295,0.405,0.662,-2.681,15.106
2017-05-09,0.28,0.373,1.88,-2.31,13.268
2017-05-10,0.267,0.355,0.864,1.073,13.072
2017-05-11,0.253,0.34,1.112,-0.472,14.639
2017-05-12,0.239,0.324,0.447,-2.716,15.482
2017-05-13,0.232,0.303,1.263,-3.158,15.835
2017-05-14,0.228,0.286,4.435,-2.374,15.03
2017-05-15,0.214,0.267,0.628,-2.376,15.065
2017-05-16,0.199,0.255,2.892,0.417,13.327
2017-05-17,0.186,0.247,0.606,0.2,14.475
2017-05-18,0.17,0.24,0.173,-2.944,15.015
2017-05-19,0.161,0.234,1.782,-3.71,14.913
2017-05-20,0.159,0.222,1.176,-3.577,15.177
2017-05-21,0.154,0.211,3.855,-1.685,14.955
2017-05-22,0.149,0.207,4.081,1.129,11.831
2017-05-23,0.16,0.225,2.775,0.55,12.556
2017-05-24,0.155,0.293,2.193,0.513,12.247
2017-05-25,0.155,0.394,0.987,-0.049,13.091
2017-05-26,0.166,0.52,0.828,-1.098,14.031
2017-05-27,0.178,0.575,1.449,-2.127,13.858
2017-05-28,0.184,0.581,0.699,0.743,13.329
2017-05-29,0.173,0.563,1.273,0.792,12.609
2017-05-30,0.184,0.529,2.965,0.47,11.62
2017-05-31,0.176,0.523,0.152,-3.4,14.514
2017-06-01,0.175,0.524,0.007,-4.34,13.962
2017-06-02,0.176,0.569,0.027,-4.055,14.318
2017-06-03,0.177,0.572,0.148,-3.764,14.397
2017-06-04,0.165,0.551,0.002,-3.576,14.464
2017-06-05,0.155,0.483,0.0,-3.073,14.308
2017-06-06,0.141,0.411,0.041,-4.247,13.987
2017-06-07,0.128,0.361,0.139,-0.685,14.42
2017-06-08,0.133,0.311,0.522,-2.786,14.826
2017-06-09,0.131,0.266,0.028,-4.319,14.314
2017-06-10,0.127,0.234,0.077,-3.758,14.987
2017-06-11,0.115,0.21,0.009,-3.963,15.797
2017-06-12,0.111,0.195,0.077,-6.459,14.835
2017-06-13,0.109,0.183,0.017,-7.851,14.448
2017-06-14,0.111,0.175,0.045,-7.465,14.678
2017-06-15,0.102,0.166,0.002,-7.018,14.52
2017-06-16,0.099,0.16,0.046,-7.588,16.009
2017-06-17,0.096,0.154,0.033,-8.027,16.287
2017-06-18,0.086,0.15,0.394,-8.435,16.837
2017-06-19,0.083,0.145,0.122,-7.988,15.383
2017-06-20,0.081,0.14,0.033,-5.108,14.479
2017-06-21,0.076,0.135,0.012,-6.16,14.374
2017-06-22,0.072,0.133,0.011,-5.945,14.348
2017-06-23,0.071,0.13,0.006,-6.082,15.405
2017-06-24,0.071,0.128,0.012,-6.393,15.37
2017-06-25,0.067,0.125,0.09,-6.073,14.607
2017-06-26,0.065,0.122,0.0,-5.884,15.445
2017-06-27,0.064,0.117,0.167,-7.49,14.996
2017-06-28,0.067,0.114,0.232,-4.615,14.002
2017-06-29,0.066,0.112,0.063,-4.734,14.876
2017-06-30,0.065,0.111,0.161,-2.461,14.42
2017-07-01,0.065,0.114,1.122,-2.203,14.071
2017-07-02,0.064,0.125,0.545,0.077,12.432
2017-07-03,0.065,0.148,0.128,-3.492,12.818
2017-07-04,0.062,0.175,0.0,-5.903,14.535
2017-07-05,0.062,0.201,0.0,-6.88,13.785
2017-07-06,0.062,0.211,0.041,-5.922,14.465
2017-07-07,0.06,0.201,0.0,-6.333,14.489
2017-07-08,0.062,0.184,0.001,-7.627,14.783
2017-07-09,0.062,0.163,0.0,-7.932,14.463
2017-07-10,0.06,0.146,0.042,-8.268,14.57
2017-07-11,0.061,0.129,0.041,-8.991,14.298
2017-07-12,0.06,0.113,0.0,-7.68,14.987
2017-07-13,0.058,0.104,0.001,-8.243,15.587
2017-07-14,0.058,0.098,0.0,-7.403,16.06
2017-07-15,0.057,0.092,0.077,-7.479,15.7
2017-07-16,0.056,0.09,0.752,-7.378,15.899
2017-07-17,0.056,0.087,0.372,-4.361,15.122
2017-07-18,0.055,0.086,0.075,-4.959,16.146
2017-07-19,0.053,0.085,0.0,-7.206,16.772
2017-07-20,0.054,0.085,0.0,-6.863,17.048
2017-07-21,0.054,0.084,0.005,-7.247,16.876
2017-07-22,0.053,0.083,0.0,-6.864,15.81
2017-07-23,0.052,0.082,0.003,-7.256,16.537
2017-07-24,0.053,0.08,0.001,-7.913,16.94
2017-07-25,0.051,0.078,0.001,-7.254,15.785
2017-07-26,0.051,0.076,0.08,-7.174,15.678
2017-07-27,0.05,0.075,0.169,-7.162,15.106
2017-07-28,0.05,0.074,0.001,-7.767,15.278
2017-07-29,0.049,0.073,0.0,-7.28,15.316
2017-07-30,0.048,0.072,0.003,-7.113,15.617
2017-07-31,0.047,0.071,0.0,-6.952,15.949
2017-08-01,0.046,0.067,0.0,-6.867,16.203
2017-08-02,0.045,0.066,0.0,-7.403,17.558
2017-08-03,0.044,0.066,0.096,-6.538,17.162
2017-08-04,0.044,0.065,0.002,-6.163,17.367
2017-08-05,0.043,0.064,0.002,-6.692,17.245
2017-08-06,0.043,0.063,0.0,-7.358,17.111
2017-08-07,0.042,0.063,0.0,-6.928,17.553
2017-08-08,0.042,0.062,0.069,-6.34,17.166
2017-08-09,0.04,0.061,0.003,-3.828,15.183
2017-08-10,0.039,0.06,0.057,-5.046,14.969
2017-08-11,0.038,0.06,0.002,-6.536,15.192
2017-08-12,0.036,0.059,0.0,-8.605,14.669
2017-08-13,0.037,0.059,0.008,-9.645,15.414
2017-08-14,0.037,0.059,0.011,-6.836,15.241
2017-08-15,0.034,0.058,0.1,-5.637,15.539
2017-08-16,0.035,0.058,0.077,-6.057,16.142
2017-08-17,0.034,0.058,0.776,-2.301,13.574
2017-08-18,0.033,0.058,0.123,0.069,13.688
2017-08-19,0.032,0.059,0.0,-8.853,15.301
2017-08-20,0.032,0.061,0.173,-9.853,15.957
2017-08-21,0.032,0.066,0.001,-6.919,16.201
2017-08-22,0.032,0.068,0.003,-6.482,15.98
2017-08-23,0.031,0.068,0.086,-7.825,16.94
2017-08-24,0.032,0.066,0.006,-5.782,16.539
2017-08-25,0.032,0.063,0.06,-5.632,16.224
2017-08-26,0.032,0.06,0.011,-4.488,16.401
2017-08-27,0.031,0.058,0.077,-2.647,16.087
2017-08-28,0.031,0.056,0.047,-3.737,16.324
2017-08-29,0.029,0.055,0.018,-3.432,16.684
2017-08-30,0.032,0.054,0.0,-3.595,16.34
2017-08-31,0.031,0.053,0.0,-3.85,16.777
2017-09-01,0.036,0.045,0.02,-3.411,17.071
2017-09-02,0.036,0.045,0.001,-3.502,16.643
2017-09-03,0.035,0.044,0.067,-3.027,16.52
2017-09-04,0.035,0.043,0.189,-2.264,16.754
2017-09-05,0.035,0.044,0.287,-0.955,16.244
2017-09-06,0.034,0.045,2.056,0.301,16.311
2017-09-07,0.034,0.052,5.169,-0.113,13.744
2017-09-08,0.035,0.064,1.42,-0.401,12.813
2017-09-09,0.035,0.074,0.675,-1.169,15.537
2017-09-10,0.035,0.083,0.217,-3.827,16.775
2017-09-11,0.033,0.087,1.738,-2.747,13.961
2017-09-12,0.033,0.087,2.946,-1.472,11.136
2017-09-13,0.033,0.086,1.586,0.03,15.438
2017-09-14,0.034,0.084,1.168,0.785,16.201
2017-09-15,0.034,0.083,5.574,1.682,12.161
2017-09-16,0.056,0.083,5.349,2.326,14.444
2017-09-17,0.037,0.087,2.283,1.962,13.208
2017-09-18,0.037,0.094,0.027,0.894,15.127
2017-09-19,0.05,0.107,0.091,-1.27,16.84
2017-09-20,0.051,0.11,0.002,-1.757,18.589
2017-09-21,0.052,0.11,0.254,-1.128,18.488
2017-09-22,0.037,0.107,3.093,1.47,16.363
2017-09-23,0.056,0.098,4.204,2.133,14.31
2017-09-24,0.034,0.091,0.655,1.165,15.112
2017-09-25,0.036,0.09,0.455,-0.782,14.986
2017-09-26,0.033,0.091,3.883,1.495,15.207
2017-09-27,0.036,0.092,3.044,0.93,14.85
2017-09-28,0.036,0.093,0.063,-0.977,16.044
2017-09-29,0.036,0.094,0.179,-5.542,16.576
2017-09-30,0.035,0.095,0.706,-5.04,17.547
2017-10-01,0.034,0.082,0.014,-4.252,18.118
2017-10-02,0.034,0.079,0.0,-7.071,16.025
2017-10-03,0.03,0.075,0.055,-7.407,17.095
2017-10-04,0.031,0.07,0.0,-6.417,17.432
2017-10-05,0.031,0.065,0.019,-4.491,18.411
2017-10-06,0.031,0.058,0.0,-3.889,17.976
2017-10-07,0.031,0.053,0.424,-1.812,17.527
2017-10-08,0.03,0.046,0.509,-1.927,17.648
2017-10-09,0.029,0.042,0.01,-3.372,18.345
2017-10-10,0.029,0.039,0.092,-2.71,17.733
2017-10-11,0.028,0.038,2.11,-1.262,16.428
2017-10-12,0.029,0.04,3.195,1.522,15.91
2017-10-13,0.029,0.046,2.659,1.817,14.0
2017-10-14,0.03,0.056,13.492,1.857,13.899
2017-10-15,0.031,0.069,10.445,0.348,11.376
2017-10-16,0.051,0.084,6.254,1.596,13.406
2017-10-17,0.083,0.103,4.339,2.101,15.132
2017-10-18,0.066,0.133,2.753,0.472,15.394
2017-10-19,0.063,0.161,3.186,-0.798,16.938
2017-10-20,0.067,0.185,0.149,-0.024,16.804
2017-10-21,0.078,0.173,0.007,0.084,16.515
2017-10-22,0.077,0.15,0.711,-0.078,16.692
2017-10-23,0.065,0.126,1.543,2.07,15.168
2017-10-24,0.059,0.106,1.495,-0.057,17.063
2017-10-25,0.053,0.091,1.483,-0.579,17.497
2017-10-26,0.037,0.083,0.802,-1.061,17.254
2017-10-27,0.036,0.076,1.422,-1.015,17.329
2017-10-28,0.033,0.071,2.887,-0.096,16.646
2017-10-29,0.033,0.068,0.396,-0.504,16.194
2017-10-30,0.032,0.064,0.044,-0.874,17.512
2017-10-31,0.031,0.059,0.0,-1.766,17.535
2017-11-01,0.03,0.045,0.061,0.376,16.437
2017-11-02,0.029,0.043,0.188,-1.741,18.473
2017-11-03,0.028,0.04,1.397,-0.641,17.797
2017-11-04,0.028,0.038,2.261,0.829,18.036
2017-11-05,0.028,0.038,1.553,0.54,16.837
2017-11-06,0.029,0.039,6.804,0.355,16.376
2017-11-07,0.028,0.043,2.402,1.558,16.293
2017-11-08,0.031,0.05,0.494,-0.559,18.148
2017-11-09,0.045,0.058,1.248,0.547,16.582
2017-11-10,0.042,0.062,0.598,0.87,17.145
2017-11-11,0.041,0.062,8.283,-0.573,16.845
2017-11-12,0.035,0.062,8.411,1.992,12.912
2017-11-13,0.043,0.07,1.853,2.167,15.17
2017-11-14,0.058,0.085,0.876,0.959,16.641
2017-11-15,0.051,0.116,2.656,2.564,16.899
2017-11-16,0.044,0.153,2.434,1.752,17.247
2017-11-17,0.045,0.184,3.085,0.409,16.743
2017-11-18,0.047,0.19,1.083,0.211,17.043
2017-11-19,0.046,0.185,0.156,-0.751,16.938
2017-11-20,0.046,0.161,0.001,-2.212,17.506
2017-11-21,0.05,0.139,1.052,-2.357,18.613
2017-11-22,0.05,0.111,0.196,-1.851,18.753
2017-11-23,0.045,0.091,0.892,-1.399,17.223
2017-11-24,0.042,0.078,0.041,-1.213,18.183
2017-11-25,0.039,0.069,0.167,-1.33,18.87
2017-11-26,0.037,0.057,0.53,0.011,18.266
2017-11-27,0.03,0.05,2.922,1.459,17.438
2017-11-28,0.029,0.045,5.579,2.776,14.83
2017-11-29,0.025,0.051,5.594,2.817,15.4
2017-11-30,0.025,0.068,3.553,2.323,17.453
2017-12-01,0.021,0.086,0.657,0.661,17.419
2017-12-02,0.02,0.116,0.62,-0.412,16.647
2017-12-03,0.04,0.143,1.329,1.872,15.924
2017-12-04,0.055,0.137,7.247,1.743,15.368
2017-12-05,0.057,0.121,7.971,2.083,13.966
2017-12-06,0.07,0.107,1.529,2.12,14.1
2017-12-07,0.067,0.106,3.514,2.407,16.107
2017-12-08,0.06,0.112,4.098,2.695,15.436
2017-12-09,0.085,0.121,2.414,1.977,16.501
2017-12-10,0.086,0.129,1.11,0.67,17.935
2017-12-11,0.086,0.128,0.016,0.604,16.919
2017-12-12,0.087,0.118,0.094,0.434,17.754
2017-12-13,0.082,0.103,0.054,-0.704,17.979
2017-12-14,0.077,0.088,0.719,-2.092,17.376
2017-12-15,0.067,0.075,0.191,2.665,16.202
2017-12-16,0.059,0.065,0.93,0.203,17.633
2017-12-17,0.052,0.057,4.78,3.547,15.93
2017-12-18,0.047,0.055,8.262,0.617,13.647
2017-12-19,0.043,0.061,2.473,2.284,13.595
2017-12-20,0.041,0.078,5.113,1.974,15.773
2017-12-21,0.049,0.116,11.571,2.812,13.688
2017-12-22,0.07,0.18,6.772,2.655,14.727
2017-12-23,0.084,0.243,3.895,2.586,15.31
2017-12-24,0.115,0.308,3.105,2.154,15.962
2017-12-25,0.172,0.328,4.809,1.52,14.82
2017-12-26,0.179,0.319,1.912,0.663,13.865
2017-12-27,0.188,0.275,5.484,1.914,13.097
2017-12-28,0.172,0.223,4.576,3.107,13.521
2017-12-29,0.184,0.203,3.925,1.935,13.194
2017-12-30,0.188,0.223,2.431,2.46,13.441
2017-12-31,0.282,0.292,1.488,2.678,15.095
2018-01-01,0.34,0.414,4.39,2.862,14.56
2018-01-02,0.377,0.487,4.831,2.511,13.826
2018-01-03,0.439,0.526,2.945,1.887,13.953
2018-01-04,0.445,0.526,6.823,2.59,14.181
2018-01-05,0.54,0.495,1.094,0.964,15.904
2018-01-06,0.642,0.441,2.329,2.445,14.741
2018-01-07,0.599,0.371,5.0,2.604,13.55
2018-01-08,0.508,0.316,3.962,2.39,13.116
2018-01-09,0.462,0.277,9.809,2.286,14.249
2018-01-10,0.507,0.276,3.246,1.093,12.84
2018-01-11,0.55,0.317,5.84,2.519,12.91
2018-01-12,0.82,0.394,7.877,2.689,12.383
2018-01-13,0.902,0.482,1.843,2.677,14.126
2018-01-14,0.82,0.55,3.972,1.114,13.889
2018-01-15,0.935,0.593,6.735,2.618,11.426
2018-01-16,0.917,0.605,3.029,2.588,12.501
2018-01-17,0.911,0.594,5.282,2.802,13.272
2018-01-18,0.928,0.593,1.791,2.96,12.571
2018-01-19,0.947,0.616,7.931,2.713,13.964
2018-01-20,0.881,0.655,6.038,2.513,12.86
2018-01-21,0.844,0.722,4.31,2.083,13.152
2018-01-22,0.899,0.82,1.251,1.893,13.81
2018-01-23,1.103,0.914,3.708,1.888,13.871
2018-01-24,1.173,0.963,1.407,2.086,13.328
2018-01-25,1.018,1.0,1.201,2.066,14.621
2018-01-26,0.924,1.039,2.818,1.696,14.842
2018-01-27,0.86,1.074,1.369,0.673,16.134
2018-01-28,0.698,1.046,0.213,1.557,15.092
2018-01-29,0.616,0.919,0.202,3.079,12.384
2018-01-30,0.529,0.711,4.201,1.809,15.413
2018-01-31,0.45,0.532,3.456,2.231,14.939
2018-02-01,0.414,0.423,9.705,3.087,15.027
2018-02-02,0.393,0.322,2.123,3.137,12.991
2018-02-03,0.394,0.285,2.15,3.36,14.625
2018-02-04,0.453,0.291,3.102,3.795,15.21
2018-02-05,0.604,0.321,0.558,4.053,16.388
2018-02-06,0.71,0.364,3.31,4.392,16.001
2018-02-07,0.756,0.398,5.7,3.384,16.303
2018-02-08,0.622,0.423,4.939,3.025,14.618
2018-02-09,0.718,0.457,3.58,3.502,12.741
2018-02-10,0.928,0.494,7.696,3.675,13.084
2018-02-11,1.313,0.532,3.499,2.467,12.56
2018-02-12,1.467,0.599,4.303,3.172,14.21
2018-02-13,1.5,0.663,4.151,3.418,13.56
2018-02-14,1.62,0.71,5.998,3.794,12.175
2018-02-15,1.732,0.718,4.607,3.419,13.718
2018-02-16,1.793,0.733,9.667,3.192,14.039
2018-02-17,1.775,0.78,6.716,2.939,14.1
2018-02-18,1.871,0.874,1.91,2.62,15.631
2018-02-19,2.042,0.967,0.271,1.806,14.607
2018-02-20,1.813,0.979,12.762,0.709,14.432
2018-02-21,1.579,0.908,11.685,1.104,14.181
2018-02-22,1.472,0.82,8.51,2.438,10.877
2018-02-23,1.969,0.807,4.51,1.353,13.281
2018-02-24,2.236,0.892,3.992,1.932,13.291
2018-02-25,2.187,1.012,0.923,1.983,13.514
2018-02-26,2.065,1.057,0.96,2.361,12.646
2018-02-27,1.86,1.034,5.446,2.686,14.271
2018-02-28,1.603,0.96,4.795,1.969,14.916
2018-03-01,1.394,0.837,2.918,2.366,13.752
2018-03-02,1.454,0.806,3.278,2.756,13.993
2018-03-03,1.352,0.804,8.777,3.172,14.321
2018-03-04,1.409,0.814,4.804,2.955,14.282
2018-03-05,1.489,0.869,7.35,3.14,13.3
2018-03-06,1.544,0.977,7.844,2.674,13.974
2018-03-07,1.736,1.142,8.336,2.473,12.205
2018-03-08,2.07,1.326,8.704,2.805,13.631
2018-03-09,2.29,1.527,5.549,3.1,13.839
2018-03-10,2.326,1.674,2.467,3.288,14.815
2018-03-11,2.267,1.753,2.907,3.216,15.146
2018-03-12,2.071,1.743,10.759,3.743,14.714
2018-03-13,1.86,1.678,6.392,3.091,14.843
2018-03-14,2.025,1.643,7.585,3.305,12.96
2018-03-15,2.354,1.665,4.688,3.069,14.56
2018-03-16,2.504,1.7,6.294,3.215,12.628
2018-03-17,2.526,1.728,4.006,2.985,13.155
2018-03-18,2.509,1.708,1.105,3.55,13.862
2018-03-19,2.429,1.671,2.501,2.169,13.56
2018-03-20,2.391,1.603,3.452,2.355,14.565
2018-03-21,2.133,1.522,9.073,3.414,12.372
2018-03-22,1.938,1.459,1.946,2.293,15.471
2018-03-23,2.009,1.434,4.141,1.711,14.065
2018-03-24,1.903,1.435,2.101,1.365,15.487
2018-03-25,1.723,1.422,1.238,1.941,13.979
2018-03-26,1.486,1.363,0.546,2.89,14.473
2018-03-27,1.285,1.251,0.99,0.026,14.426
2018-03-28,1.179,1.146,0.943,1.546,14.69
2018-03-29,1.101,1.027,0.854,-0.329,14.788
2018-03-30,1.003,0.889,2.587,0.351,14.052
2018-03-31,1.009,0.785,0.242,-0.522,14.226
2018-04-01,0.934,0.699,0.398,-1.999,14.773
2018-04-02,0.948,0.66,0.505,-1.884,15.164
2018-04-03,0.87,0.623,0.287,0.483,14.318
2018-04-04,0.744,0.592,0.273,-0.557,14.371
2018-04-05,0.682,0.558,0.387,-1.405,15.32
2018-04-06,0.635,0.515,0.202,-1.13,13.875
2018-04-07,0.584,0.481,0.812,-1.881,15.227
2018-04-08,0.552,0.446,0.592,-0.648,13.537
2018-04-09,0.529,0.425,1.336,-1.565,14.068
2018-04-10,0.507,0.423,0.777,1.179,14.47
2018-04-11,0.45,0.441,0.049,-2.08,15.251
2018-04-12,0.479,0.468,0.925,-2.857,15.593
2018-04-13,0.473,0.498,0.858,-1.808,12.34
2018-04-14,0.46,0.501,0.481,-0.429,14.538
2018-04-15,0.433,0.482,0.053,-3.922,15.168
2018-04-16,0.404,0.449,0.0,-4.123,15.801
2018-04-17,0.393,0.411,0.008,-2.052,15.874
2018-04-18,0.371,0.38,0.32,-2.079,15.167
2018-04-19,0.352,0.345,0.205,-2.027,15.929
2018-04-20,0.336,0.315,0.003,-1.636,15.564
2018-04-21,0.288,0.293,0.216,-2.868,14.727
2018-04-22,0.279,0.278,4.639,-1.215,14.71
2018-04-23,0.266,0.268,3.539,0.967,13.764
2018-04-24,0.255,0.279,2.427,0.789,13.082
2018-04-25,0.263,0.314,5.268,0.829,13.499
2018-04-26,0.274,0.365,2.309,1.975,13.201
2018-04-27,0.322,0.426,1.925,-0.336,14.547
2018-04-28,0.351,0.503,4.708,-0.46,13.006
2018-04-29,0.38,0.558,0.89,0.718,14.04
2018-04-30,0.304,0.583,0.862,-1.672,14.877
2018-05-01,0.331,0.59,0.124,-1.973,14.744
2018-05-02,0.331,0.573,0.432,-1.497,15.599
2018-05-03,0.301,0.532,0.398,-2.371,15.841
2018-05-04,0.274,0.475,0.454,-1.256,14.449
2018-05-05,0.258,0.404,1.369,-0.019,13.108
2018-05-06,0.243,0.362,2.256,-2.183,13.547
2018-05-07,0.222,0.34,0.59,-0.785,14.302
2018-05-08,0.218,0.33,0.425,-2.637,13.838
2018-05-09,0.217,0.324,0.296,-1.566,14.659
2018-05-10,0.213,0.307,0.102,-0.941,15.304
2018-05-11,0.201,0.294,0.174,-3.687,15.841
2018-05-12,0.196,0.279,0.528,-3.467,15.477
2018-05-13,0.165,0.26,0.05,-4.728,15.3
2018-05-14,0.188,0.24,0.137,-7.804,14.979
2018-05-15,0.177,0.219,0.002,-7.555,14.886
2018-05-16,0.167,0.204,0.0,-6.159,14.75
2018-05-17,0.155,0.185,0.0,-5.187,15.246
2018-05-18,0.149,0.17,0.257,-6.678,15.429
2018-05-19,0.153,0.156,0.121,-8.149,14.837
2018-05-20,0.144,0.147,0.001,-5.219,14.927
2018-05-21,0.14,0.14,0.0,-6.173,14.776
2018-05-22,0.134,0.135,0.024,-5.715,14.971
2018-05-23,0.132,0.131,0.002,-4.786,14.929
2018-05-24,0.124,0.127,0.002,-5.285,14.723
2018-05-25,0.124,0.122,0.0,-5.527,15.3
2018-05-26,0.12,0.115,0.0,-5.058,15.379
2018-05-27,0.115,0.112,0.029,-5.529,15.78
2018-05-28,0.111,0.109,0.0,-5.349,15.675
2018-05-29,0.108,0.106,0.019,-7.144,14.707
2018-05-30,0.11,0.104,0.043,-8.077,15.347
2018-05-31,0.103,0.101,0.252,-7.948,15.525
2018-06-01,0.101,0.1,0.001,-8.077,15.469
2018-06-02,0.101,0.1,5.521,-6.175,14.509
2018-06-03,0.109,0.107,9.611,-0.081,10.104
2018-06-04,0.113,0.152,1.091,0.222,11.397
2018-06-05,0.148,0.239,0.168,-3.008,13.412
2018-06-06,0.119,0.34,0.046,-3.764,13.533
2018-06-07,0.115,0.404,0.087,-5.814,13.648
2018-06-08,0.121,0.43,0.187,-5.595,13.235
2018-06-09,0.15,0.404,2.367,-3.595,12.244
2018-06-10,0.11,0.371,1.484,-2.586,10.844
2018-06-11,0.115,0.332,0.8,-2.656,11.558
2018-06-12,0.114,0.299,0.304,-4.413,12.876
2018-06-13,0.116,0.289,0.251,-4.833,12.455
2018-06-14,0.112,0.284,0.001,-3.911,13.179
2018-06-15,0.115,0.271,0.002,-4.989,13.013
2018-06-16,0.115,0.247,0.022,-4.33,13.482
2018-06-17,0.121,0.218,0.004,-5.347,14.104
2018-06-18,0.11,0.188,0.0,-5.793,13.783
2018-06-19,0.108,0.16,0.013,-5.937,13.926
2018-06-20,0.1,0.136,0.042,-6.042,13.934
2018-06-21,0.101,0.115,0.158,-6.627,14.853
2018-06-22,0.096,0.102,0.0,-6.279,13.934
2018-06-23,0.093,0.094,0.144,-7.483,14.621
2018-06-24,0.093,0.087,0.734,-6.308,14.603
2018-06-25,0.092,0.082,0.446,-6.02,14.092
2018-06-26,0.091,0.079,1.564,-5.868,15.034
2018-06-27,0.089,0.077,1.013,-4.981,14.901
2018-06-28,0.083,0.076,0.021,-4.812,15.362
2018-06-29,0.087,0.077,0.003,-5.915,14.919
2018-06-30,0.083,0.079,0.033,-6.166,15.255
2018-07-01,0.086,0.079,0.674,-6.471,14.979
2018-07-02,0.086,0.079,1.312,-6.656,15.643
2018-07-03,0.083,0.078,0.653,-7.316,14.506
2018-07-04,0.08,0.076,0.0,-7.069,14.7
2018-07-05,0.08,0.074,0.004,-6.238,15.558
2018-07-06,0.08,0.072,0.0,-5.771,16.233
2018-07-07,0.077,0.07,0.0,-8.236,15.95
2018-07-08,0.077,0.068,0.001,-8.633,15.357
2018-07-09,0.076,0.066,0.212,-6.621,14.499
2018-07-10,0.073,0.065,1.703,-5.041,13.176
2018-07-11,0.074,0.064,0.33,-2.908,13.218
2018-07-12,0.075,0.065,0.001,-3.874,12.849
2018-07-13,0.074,0.068,0.0,-4.136,11.967
2018-07-14,0.07,0.072,0.136,-5.932,12.165
2018-07-15,0.07,0.073,0.0,-6.601,13.945
2018-07-16,0.071,0.072,0.0,-5.709,13.315
2018-07-17,0.07,0.071,0.218,-7.137,14.519
2018-07-18,0.066,0.068,0.026,-3.406,13.723
2018-07-19,0.059,0.067,0.561,-2.463,12.513
2018-07-20,0.068,0.067,2.696,-3.063,11.167
2018-07-21,0.07,0.074,18.564,-0.856,9.5
2018-07-22,0.075,0.099,0.336,-3.719,10.435
2018-07-23,0.073,0.158,0.094,-5.911,12.038
2018-07-24,0.079,0.23,0.004,-4.173,13.068
2018-07-25,0.086,0.272,0.014,-4.888,13.685
2018-07-26,0.087,0.28,0.0,-6.387,13.719
2018-07-27,0.089,0.264,0.0,-7.136,14.148
2018-07-28,0.09,0.234,0.0,-6.911,15.299
2018-07-29,0.087,0.188,0.0,-5.777,15.563
2018-07-30,0.08,0.153,0.416,-6.476,15.124
2018-07-31,0.077,0.119,0.001,-6.637,14.703
2018-08-01,0.072,0.089,0.604,-3.871,12.851
2018-08-02,0.071,0.077,0.178,-2.597,14.697
2018-08-03,0.068,0.07,0.346,-2.829,13.518
2018-08-04,0.061,0.066,1.529,-3.883,13.452
2018-08-05,0.061,0.065,0.021,-3.215,13.374
2018-08-06,0.061,0.066,2.98,-4.91,12.45
2018-08-07,0.052,0.068,4.901,-3.325,10.259
2018-08-08,0.056,0.074,0.601,-4.904,12.409
2018-08-09,0.061,0.09,0.266,-2.642,14.007
2018-08-10,0.064,0.111,0.267,-4.485,14.497
2018-08-11,0.068,0.124,1.015,-4.941,13.926
2018-08-12,0.069,0.124,0.932,-3.446,13.658
2018-08-13,0.07,0.116,0.359,-4.336,13.322
2018-08-14,0.068,0.108,0.015,-6.449,13.72
2018-08-15,0.066,0.1,0.006,-5.618,13.715
2018-08-16,0.066,0.091,0.001,-4.916,13.734
2018-08-17,0.063,0.084,0.086,-5.176,14.286
2018-08-18,0.059,0.075,0.121,-5.455,14.889
2018-08-19,0.059,0.068,0.404,-5.27,14.616
2018-08-20,0.053,0.061,0.968,-2.315,13.399
2018-08-21,0.05,0.057,0.391,-2.234,13.867
2018-08-22,0.051,0.055,0.114,-3.714,14.736
2018-08-23,0.051,0.055,0.011,-6.702,15.803
2018-08-24,0.049,0.055,0.342,-8.222,15.5
2018-08-25,0.049,0.055,0.128,-6.492,14.366
2018-08-26,0.049,0.054,0.595,-2.617,14.22
2018-08-27,0.047,0.051,0.496,-3.17,14.211
2018-08-28,0.047,0.05,0.035,-2.963,14.49
2018-08-29,0.046,0.05,0.005,-2.888,15.396
2018-08-30,0.045,0.051,0.253,-2.79,15.152
2018-08-31,0.045,0.052,0.272,-2.569,15.709
2018-09-01,0.057,0.045,0.002,-2.33,16.143
2018-09-02,0.054,0.044,0.001,-9.999,15.598
2018-09-03,0.054,0.042,0.0,-7.239,15.567
2018-09-04,0.052,0.041,0.005,-6.013,16.202
2018-09-05,0.05,0.039,0.005,-5.938,16.353
2018-09-06,0.047,0.038,0.06,-5.121,16.62
2018-09-07,0.046,0.036,0.043,-4.513,16.721
2018-09-08,0.041,0.035,1.086,-3.866,16.698
2018-09-09,0.044,0.035,0.017,-3.448,16.906
2018-09-10,0.042,0.037,0.045,-2.705,15.67
2018-09-11,0.044,0.038,0.521,-1.937,16.161
2018-09-12,0.041,0.04,0.014,-3.779,16.928
2018-09-13,0.039,0.041,0.223,-4.259,16.941
2018-09-14,0.039,0.041,0.131,-3.959,16.172
2018-09-15,0.038,0.041,1.031,-1.782,15.343
2018-09-16,0.037,0.04,1.068,-0.559,15.635
2018-09-17,0.035,0.04,0.014,-2.383,15.981
2018-09-18,0.035,0.04,0.005,-5.632,16.703
2018-09-19,0.032,0.04,0.006,-5.762,17.429
2018-09-20,0.034,0.042,0.005,-5.23,17.67
2018-09-21,0.033,0.042,0.36,-4.342,17.69
2018-09-22,0.032,0.041,0.018,-2.422,16.418
2018-09-23,0.033,0.04,1.15,-1.574,16.025
2018-09-24,0.031,0.04,0.245,-1.381,14.97
2018-09-25,0.031,0.042,0.27,-0.385,15.399
2018-09-26,0.029,0.046,0.036,-1.131,15.515
2018-09-27,0.028,0.05,2.968,-0.377,15.301
2018-09-28,0.026,0.052,0.948,-0.125,15.727
2018-09-29,0.026,0.053,0.008,-2.648,16.593
2018-09-30,0.027,0.057,0.104,-4.075,17.442
2018-10-01,0.026,0.051,0.2,-3.079,18.299
2018-10-02,0.027,0.05,0.0,-2.373,18.049
2018-10-03,0.026,0.047,0.171,-2.182,17.016
2018-10-04,0.025,0.044,1.449,-1.319,14.184
2018-10-05,0.026,0.042,2.602,0.089,14.685
2018-10-06,0.027,0.043,2.113,1.728,15.372
2018-10-07,0.026,0.05,6.275,2.516,13.859
2018-10-08,0.03,0.058,0.467,-0.138,15.125
2018-10-09,0.029,0.069,0.052,-1.772,16.425
2018-10-10,0.028,0.076,2.873,-0.928,17.203
2018-10-11,0.028,0.078,8.341,1.516,14.918
2018-10-12,0.032,0.08,7.056,0.764,14.311
2018-10-13,0.031,0.084,1.721,1.236,12.74
2018-10-14,0.03,0.088,4.174,1.196,14.908
2018-10-15,0.039,0.091,5.496,2.04,13.894
2018-10-16,0.037,0.095,4.913,2.162,15.189
2018-10-17,0.038,0.101,6.71,0.38,15.86
2018-10-18,0.04,0.108,2.129,0.968,15.069
2018-10-19,0.051,0.114,4.697,0.679,15.741
2018-10-20,0.062,0.117,3.873,2.626,12.671
2018-10-21,0.102,0.116,0.32,0.018,15.077
2018-10-22,0.127,0.111,1.022,0.027,16.317
2018-10-23,0.131,0.108,4.976,2.188,14.913
2018-10-24,0.148,0.102,7.614,1.352,12.789
2018-10-25,0.158,0.097,4.333,1.677,12.62
2018-10-26,0.15,0.098,2.357,1.782,14.416
2018-10-27,0.165,0.104,3.686,1.67,14.348
2018-10-28,0.205,0.109,1.826,1.22,16.639
2018-10-29,0.238,0.11,1.035,-0.161,16.352
2018-10-30,0.24,0.108,2.067,0.391,16.424
2018-10-31,0.242,0.101,2.716,2.174,15.608
2018-11-01,0.223,0.089,1.454,0.498,15.925
2018-11-02,0.196,0.083,4.569,1.918,14.291
2018-11-03,0.184,0.082,2.574,0.902,15.878
2018-11-04,0.18,0.086,3.691,-0.171,15.698
2018-11-05,0.182,0.093,2.61,1.797,14.92
2018-11-06,0.189,0.104,1.997,0.959,15.665
2018-11-07,0.214,0.111,1.914,1.018,16.381
2018-11-08,0.297,0.114,1.342,2.515,16.071
2018-11-09,0.298,0.11,0.27,0.455,17.52
2018-11-10,0.268,0.104,0.063,0.339,18.032
2018-11-11,0.272,0.095,0.642,1.537,17.127
2018-11-12,0.236,0.087,0.539,2.166,14.841
2018-11-13,0.203,0.078,0.923,1.106,17.467
2018-11-14,0.176,0.07,0.456,1.435,16.23
2018-11-15,0.155,0.059,3.552,3.001,17.031
2018-11-16,0.153,0.055,2.614,2.309,16.899
2018-11-17,0.146,0.057,0.045,0.597,17.963
2018-11-18,0.143,0.063,2.298,1.327,17.201
2018-11-19,0.146,0.07,8.388,2.87,15.24
2018-11-20,0.164,0.075,3.639,2.066,16.159
2018-11-21,0.157,0.08,3.912,1.26,17.155
2018-11-22,0.171,0.091,1.984,1.581,17.834
2018-11-23,0.253,0.103,0.962,-1.49,19.212
2018-11-24,0.312,0.106,0.759,0.505,14.836
2018-11-25,0.275,0.101,0.277,-0.249,16.94
2018-11-26,0.236,0.091,10.87,1.976,16.183
2018-11-27,0.203,0.085,5.465,2.141,15.394
2018-11-28,0.186,0.087,3.886,1.148,15.896
2018-11-29,0.216,0.099,0.628,0.858,16.682
2018-11-30,0.3,0.115,0.02,1.144,17.299
2018-12-01,0.265,0.125,1.116,-2.773,17.45
2018-12-02,0.23,0.116,2.065,-0.562,14.815
2018-12-03,0.198,0.099,0.697,-1.55,18.045
2018-12-04,0.166,0.085,0.149,-2.916,18.569
2018-12-05,0.153,0.072,1.008,-3.407,18.506
2018-12-06,0.135,0.062,0.625,-0.065,15.905
2018-12-07,0.118,0.054,1.801,-0.34,16.879
2018-12-08,0.105,0.043,0.206,2.366,15.898
2018-12-09,0.09,0.039,0.026,-1.733,18.376
2018-12-10,0.076,0.038,0.084,-3.127,18.532
2018-12-11,0.065,0.037,0.003,-0.541,18.613
2018-12-12,0.058,0.035,0.076,-2.142,18.966
2018-12-13,0.054,0.033,1.891,-1.09,16.574
2018-12-14,0.047,0.033,1.641,0.932,17.854
2018-12-15,0.046,0.033,1.7,2.488,14.664
2018-12-16,0.045,0.036,3.819,2.591,15.458
2018-12-17,0.046,0.045,5.966,1.813,13.846
2018-12-18,0.042,0.063,5.638,2.488,13.213
2018-12-19,0.06,0.079,7.316,1.976,14.686
2018-12-20,0.059,0.104,0.98,1.561,14.075
2018-12-21,0.083,0.145,4.874,2.67,14.488
2018-12-22,0.121,0.177,2.813,1.445,14.685
2018-12-23,0.155,0.191,2.23,1.73,16.632
2018-12-24,0.181,0.193,4.632,2.931,16.043
2018-12-25,0.209,0.184,4.334,2.302,15.653
2018-12-26,0.252,0.161,2.21,2.223,14.029
2018-12-27,0.251,0.147,2.475,2.978,14.335
2018-12-28,0.246,0.134,4.537,2.6,14.968
2018-12-29,0.271,0.128,4.494,3.145,13.923
2018-12-30,0.294,0.13,4.517,2.017,14.447
2018-12-31,0.302,0.142,6.712,2.859,13.572
2019-01-01,0.31,0.165,1.923,2.58,15.491
2019-01-02,0.323,0.182,7.856,1.963,16.448
2019-01-03,0.413,0.204,9.29,2.87,15.789
2019-01-04,0.548,0.255,9.8,3.149,14.53
2019-01-05,0.634,0.327,6.705,3.204,15.163
2019-01-06,1.001,0.431,0.844,3.544,16.912
2019-01-07,1.149,0.535,0.014,1.03,17.225
2019-01-08,0.95,0.587,0.719,1.261,16.438
2019-01-09,0.695,0.577,0.596,0.815,16.738
2019-01-10,0.508,0.52,2.522,1.478,15.522
2019-01-11,0.396,0.425,8.548,0.008,14.218
2019-01-12,0.343,0.331,4.193,1.035,12.988
2019-01-13,0.318,0.291,3.295,2.5,13.119
2019-01-14,0.382,0.297,2.81,2.519,15.185
2019-01-15,0.558,0.323,0.989,3.225,13.936
2019-01-16,0.685,0.347,2.186,1.722,13.777
2019-01-17,0.656,0.356,2.411,3.639,14.412
2019-01-18,0.57,0.359,0.799,3.256,13.951
2019-01-19,0.495,0.365,3.349,2.115,15.277
2019-01-20,0.5,0.386,2.242,3.546,15.281
2019-01-21,0.465,0.425,0.912,3.005,16.27
2019-01-22,0.435,0.454,1.33,3.042,13.664
2019-01-23,0.521,0.47,1.348,2.98,14.998
2019-01-24,0.457,0.472,1.16,2.952,15.203
2019-01-25,0.4,0.476,0.042,1.465,15.413
2019-01-26,0.379,0.484,1.039,2.576,15.315
2019-01-27,0.37,0.481,2.447,3.125,15.975
2019-01-28,0.311,0.465,7.981,3.196,15.536
2019-01-29,0.283,0.464,10.452,2.606,13.398
2019-01-30,0.283,0.558,10.379,3.526,11.398
2019-01-31,0.516,0.844,8.047,2.873,12.641
2019-02-01,0.995,1.235,10.307,2.75,13.487
2019-02-02,1.494,1.745,8.065,2.725,13.211
2019-02-03,1.876,2.074,3.849,3.434,12.788
2019-02-04,2.173,2.21,2.762,3.679,14.242
2019-02-05,2.134,2.226,2.662,3.294,14.623
2019-02-06,1.75,2.113,3.344,2.906,15.341
2019-02-07,1.618,2.024,2.331,2.405,13.948
2019-02-08,1.531,1.904,4.669,3.02,13.184
2019-02-09,1.567,1.839,7.895,2.856,13.19
2019-02-10,1.691,1.871,3.153,2.828,13.766
2019-02-11,1.864,1.996,10.627,3.338,13.611
2019-02-12,2.087,2.104,6.23,2.331,12.534
2019-02-13,2.014,2.187,0.816,3.323,12.86
2019-02-14,2.239,2.23,5.765,2.908,14.546
2019-02-15,2.259,2.236,3.854,3.643,14.596
2019-02-16,2.036,2.17,9.207,4.192,13.51
2019-02-17,1.882,2.087,7.613,3.662,13.938
2019-02-18,1.774,2.001,2.473,4.152,15.04
2019-02-19,1.965,1.932,5.326,2.226,15.873
2019-02-20,1.74,1.86,4.027,2.982,13.217
2019-02-21,1.527,1.774,1.451,2.372,14.892
2019-02-22,1.475,1.722,0.462,3.241,15.419
2019-02-23,1.391,1.682,0.724,3.191,16.052
2019-02-24,1.248,1.598,0.387,2.476,15.87
2019-02-25,1.106,1.503,1.276,1.478,14.707
2019-02-26,0.96,1.359,3.687,0.745,14.816
2019-02-27,0.874,1.238,6.641,2.033,14.517
2019-02-28,1.029,1.187,4.848,2.055,12.893
2019-03-01,1.055,1.138,6.166,1.148,14.652
2019-03-02,1.282,1.172,3.237,2.583,14.406
2019-03-03,1.201,1.215,2.876,1.641,15.005
2019-03-04,1.11,1.264,1.374,1.578,15.302
2019-03-05,0.969,1.312,1.965,1.441,16.108
2019-03-06,0.867,1.319,0.106,2.18,14.925
2019-03-07,0.839,1.256,0.452,1.513,15.914
2019-03-08,0.758,1.186,0.296,1.579,16.411
2019-03-09,0.677,1.111,0.838,1.559,14.572
2019-03-10,0.608,1.036,4.196,2.692,15.126
2019-03-11,0.548,0.948,4.747,2.912,14.959
2019-03-12,0.52,0.909,9.485,2.338,14.959
2019-03-13,0.726,0.941,4.19,2.139,14.396
2019-03-14,1.123,1.09,6.337,2.431,14.327
2019-03-15,1.293,1.283,1.624,3.273,14.487
2019-03-16,1.269,1.489,1.846,2.589,14.547
2019-03-17,1.182,1.563,4.358,3.743,13.52
2019-03-18,1.095,1.528,6.756,2.941,13.594
2019-03-19,1.042,1.448,3.472,2.745,14.513
2019-03-20,1.328,1.339,3.313,2.562,12.949
2019-03-21,1.595,1.276,3.318,3.314,13.283
2019-03-22,1.622,1.244,1.385,0.755,15.043
2019-03-23,1.545,1.224,4.643,1.178,15.043
2019-03-24,1.498,1.177,2.975,2.726,14.467
2019-03-25,1.363,1.118,3.399,2.055,14.648
2019-03-26,1.437,1.082,2.841,3.201,14.949
2019-03-27,1.456,1.043,8.967,3.318,14.071
2019-03-28,1.468,1.009,3.669,2.957,13.837
2019-03-29,1.499,0.994,1.773,2.754,14.342
2019-03-30,1.557,1.011,4.29,2.873,14.782
2019-03-31,1.407,1.03,1.638,2.87,16.449
2019-04-01,1.263,0.952,10.042,3.56,14.183
2019-04-02,1.195,0.909,7.222,2.93,13.809
2019-04-03,1.228,0.892,3.874,2.436,13.456
2019-04-04,1.456,0.919,0.922,2.123,14.789
2019-04-05,1.5,0.992,1.346,-1.904,14.739
2019-04-06,1.375,1.003,0.172,-0.258,14.204
2019-04-07,1.126,0.943,0.095,-1.549,14.481
2019-04-08,0.959,0.835,0.877,-0.562,14.639
2019-04-09,0.848,0.729,0.322,-0.595,16.229
2019-04-10,0.761,0.666,0.501,-0.832,16.313
2019-04-11,0.699,0.598,0.264,0.864,15.649
2019-04-12,0.642,0.554,0.016,-0.165,15.288
2019-04-13,0.584,0.509,0.017,0.913,15.609
2019-04-14,0.545,0.473,0.453,-0.552,15.33
2019-04-15,0.506,0.442,2.041,0.809,15.796
2019-04-16,0.449,0.425,2.778,1.723,13.354
2019-04-17,0.469,0.431,0.967,2.839,13.787
2019-04-18,0.484,0.455,1.778,1.729,15.105
2019-04-19,0.467,0.498,3.927,1.723,14.962
2019-04-20,0.464,0.529,3.457,1.576,15.106
2019-04-21,0.545,0.57,3.487,0.483,15.59
2019-04-22,0.598,0.601,0.98,-0.071,14.777
2019-04-23,0.625,0.635,0.769,0.941,13.701
2019-04-24,0.558,0.642,1.294,2.208,14.054
2019-04-25,0.537,0.621,1.3,1.756,15.115
2019-04-26,0.514,0.593,2.008,2.027,15.412
2019-04-27,0.479,0.561,0.612,-0.075,15.824
2019-04-28,0.45,0.523,0.56,0.931,14.759
2019-04-29,0.442,0.496,1.021,-0.49,14.891
2019-04-30,0.405,0.454,6.411,2.121,14.418
2019-05-01,0.395,0.415,0.889,-0.618,14.764
2019-05-02,0.381,0.383,0.012,0.687,16.524
2019-05-03,0.414,0.361,0.361,-2.854,16.693
2019-05-04,0.388,0.344,6.201,-2.544,14.856
2019-05-05,0.347,0.333,7.717,0.824,13.583
2019-05-06,0.339,0.339,0.597,-0.93,15.141
2019-05-07,0.37,0.366,0.527,0.04,15.667
2019-05-08,0.446,0.414,0.679,1.675,14.825
2019-05-09,0.408,0.468,0.41,0.436,14.159
2019-05-10,0.371,0.491,0.538,-1.358,16.601
2019-05-11,0.367,0.489,0.38,-2.137,15.627
2019-05-12,0.341,0.468,3.424,-0.444,14.155
2019-05-13,0.321,0.427,2.742,1.119,11.907
2019-05-14,0.305,0.397,0.147,-0.484,13.395
2019-05-15,0.287,0.399,0.01,-2.557,14.477
2019-05-16,0.307,0.422,0.0,-4.309,14.344
2019-05-17,0.318,0.425,0.0,-5.166,15.403
2019-05-18,0.281,0.399,0.001,-5.7,15.786
2019-05-19,0.246,0.362,0.002,-4.654,15.777
2019-05-20,0.234,0.32,0.0,-4.269,14.62
2019-05-21,0.219,0.278,0.042,-4.404,14.832
2019-05-22,0.209,0.242,0.049,-3.9,14.495
2019-05-23,0.193,0.214,0.573,-2.062,15.101
2019-05-24,0.19,0.192,0.086,-4.411,14.628
2019-05-25,0.18,0.175,0.054,-4.611,15.215
2019-05-26,0.173,0.166,0.078,-4.488,15.534
2019-05-27,0.167,0.163,0.05,-4.325,15.525
2019-05-28,0.152,0.162,0.0,-5.175,16.056
2019-05-29,0.142,0.159,0.0,-4.555,16.445
2019-05-30,0.145,0.157,0.001,-4.719,16.386
2019-05-31,0.141,0.153,0.0,-5.629,16.562
2019-06-01,0.135,0.152,0.0,-5.63,15.618
2019-06-02,0.132,0.147,0.0,-5.557,15.281
2019-06-03,0.132,0.143,0.071,-5.558,15.003
2019-06-04,0.128,0.141,0.0,-4.555,15.134
2019-06-05,0.123,0.136,0.013,-6.324,15.321
2019-06-06,0.12,0.132,0.0,-8.376,13.968
2019-06-07,0.111,0.127,0.0,-9.404,14.684
2019-06-08,0.114,0.123,0.004,-8.652,15.167
2019-06-09,0.113,0.116,0.009,-7.202,14.721
2019-06-10,0.114,0.113,0.021,-6.237,15.841
2019-06-11,0.103,0.11,0.147,-5.035,15.769
2019-06-12,0.106,0.109,0.102,-4.913,15.876
2019-06-13,0.108,0.108,0.498,-4.097,16.377
2019-06-14,0.109,0.106,0.639,-3.847,15.308
2019-06-15,0.107,0.108,0.464,-2.736,13.899
2019-06-16,0.105,0.11,0.264,-1.271,11.598
2019-06-17,0.103,0.114,0.099,-1.142,14.723
2019-06-18,0.103,0.122,0.015,-4.718,16.358
2019-06-19,0.1,0.127,0.083,-4.704,16.514
2019-06-20,0.093,0.126,0.029,-5.308,15.104
2019-06-21,0.094,0.121,0.0,-7.127,15.431
2019-06-22,0.096,0.114,0.002,-8.06,15.431
2019-06-23,0.098,0.109,0.006,-9.363,14.731
2019-06-24,0.094,0.105,0.004,-8.921,15.282
2019-06-25,0.096,0.101,0.01,-8.782,14.863
2019-06-26,0.093,0.097,0.002,-8.972,14.379
2019-06-27,0.082,0.093,0.007,-7.179,14.64
2019-06-28,0.09,0.09,0.124,-5.463,14.679
2019-06-29,0.113,0.088,0.055,-3.136,15.305
2019-06-30,0.089,0.086,0.067,-4.601,15.694
2019-07-01,0.086,0.086,0.0,-6.596,15.417
2019-07-02,0.088,0.087,0.217,-6.381,16.877
2019-07-03,0.085,0.089,0.13,-7.245,16.815
2019-07-04,0.085,0.088,0.364,-6.568,16.931
2019-07-05,0.085,0.086,0.072,-7.998,14.825
2019-07-06,0.083,0.084,0.035,-6.229,14.21
2019-07-07,0.083,0.082,0.008,-5.765,15.173
2019-07-08,0.079,0.08,0.0,-6.278,15.4
2019-07-09,0.076,0.078,0.0,-7.609,15.416
2019-07-10,0.075,0.077,0.0,-9.075,15.202
2019-07-11,0.074,0.075,0.0,-9.304,15.1
2019-07-12,0.074,0.074,0.0,-8.029,15.437
2019-07-13,0.073,0.073,0.0,-8.023,15.297
2019-07-14,0.074,0.072,0.109,-6.874,15.269
2019-07-15,0.071,0.071,0.178,-7.304,15.222
2019-07-16,0.071,0.07,0.099,-6.455,13.447
2019-07-17,0.071,0.07,0.672,-0.631,11.765
2019-07-18,0.073,0.073,0.322,-0.721,12.331
2019-07-19,0.069,0.082,0.197,-3.046,12.901
2019-07-20,0.073,0.093,0.107,-3.457,13.506
2019-07-21,0.07,0.106,0.135,-5.256,13.906
2019-07-22,0.067,0.113,0.413,-6.367,14.624
2019-07-23,0.064,0.113,0.063,-5.148,12.075
2019-07-24,0.059,0.107,0.107,-2.745,12.971
2019-07-25,0.067,0.1,0.013,-8.044,12.924
2019-07-26,0.064,0.091,0.0,-10.739,13.741
2019-07-27,0.065,0.086,0.0,-9.752,14.248
2019-07-28,0.064,0.081,0.0,-7.1,14.576
2019-07-29,0.063,0.075,0.0,-5.725,15.598
2019-07-30,0.063,0.072,0.0,-6.032,16.129
2019-07-31,0.062,0.068,0.006,-6.897,15.484
2019-08-01,0.061,0.061,0.004,-7.166,16.16
2019-08-02,0.059,0.059,0.126,-7.211,15.967
2019-08-03,0.058,0.058,0.004,-7.324,14.719
2019-08-04,0.058,0.057,0.013,-10.161,15.546
2019-08-05,0.051,0.056,0.002,-9.224,15.813
2019-08-06,0.052,0.055,0.0,-9.488,16.003
2019-08-07,0.051,0.054,0.0,-9.136,16.215
2019-08-08,0.048,0.054,0.003,-7.73,16.136
2019-08-09,0.048,0.053,0.003,-6.805,15.076
2019-08-10,0.05,0.052,0.001,-6.324,15.663
2019-08-11,0.048,0.051,0.001,-6.67,16.076
2019-08-12,0.048,0.051,0.001,-6.653,16.791
2019-08-13,0.047,0.05,0.005,-5.872,16.048
2019-08-14,0.046,0.05,0.0,-4.744,16.443
2019-08-15,0.046,0.049,0.0,-6.333,16.19
2019-08-16,0.048,0.049,0.0,-6.333,16.786
2019-08-17,0.049,0.048,0.0,-6.292,17.82
2019-08-18,0.048,0.048,0.057,-5.838,17.237
2019-08-19,0.048,0.048,0.031,-5.24,16.539
2019-08-20,0.047,0.047,0.008,-5.181,15.667
2019-08-21,0.047,0.047,0.002,-4.657,15.194
2019-08-22,0.046,0.047,0.006,-4.738,15.463
2019-08-23,0.045,0.047,0.009,-5.235,14.851
2019-08-24,0.045,0.047,0.087,-4.775,15.648
2019-08-25,0.046,0.046,0.027,-4.259,15.176
2019-08-26,0.043,0.046,0.082,-8.686,14.863
2019-08-27,0.045,0.046,0.095,-5.882,15.062
2019-08-28,0.043,0.045,0.032,-5.417,15.392
2019-08-29,0.041,0.045,0.001,-6.327,16.338
2019-08-30,0.042,0.045,0.0,-6.248,16.602
2019-08-31,0.043,0.045,0.005,-5.785,16.289
2019-09-01,0.042,0.04,0.001,-4.65,16.863
2019-09-02,0.041,0.04,0.021,-3.304,16.72
2019-09-03,0.04,0.039,0.251,-2.19,15.165
2019-09-04,0.039,0.039,0.128,-0.931,14.278
2019-09-05,0.041,0.04,0.107,1.077,13.185
2019-09-06,0.04,0.042,0.095,-0.823,15.287
2019-09-07,0.039,0.045,0.092,-1.694,13.435
2019-09-08,0.036,0.049,0.147,-3.407,15.16
2019-09-09,0.037,0.052,0.001,-4.735,16.261
2019-09-10,0.038,0.054,0.094,-3.709,16.604
2019-09-11,0.038,0.055,0.185,-1.095,14.459
2019-09-12,0.038,0.055,1.677,2.036,14.934
2019-09-13,0.04,0.054,0.932,0.733,14.948
2019-09-14,0.04,0.053,0.467,-0.035,16.408
2019-09-15,0.041,0.054,0.315,-0.94,17.262
2019-09-16,0.038,0.056,0.003,-2.939,18.177
2019-09-17,0.039,0.058,0.0,-5.245,17.785
2019-09-18,0.039,0.057,0.002,-2.791,18.637
2019-09-19,0.038,0.054,0.0,-1.718,18.177
2019-09-20,0.039,0.051,0.327,-1.665,17.567
2019-09-21,0.038,0.047,0.367,0.181,14.917
2019-09-22,0.036,0.045,0.391,1.867,16.553
2019-09-23,0.035,0.045,0.006,-4.066,17.75
2019-09-24,0.037,0.047,0.014,-3.677,17.891
2019-09-25,0.036,0.051,0.309,-1.465,17.815
2019-09-26,0.034,0.053,0.003,-0.942,17.38
2019-09-27,0.034,0.052,0.001,-1.916,17.268
2019-09-28,0.033,0.05,0.0,-2.969,18.469
2019-09-29,0.033,0.047,0.0,-5.138,17.758
2019-09-30,0.032,0.043,0.005,-3.14,17.475
2019-10-01,0.032,0.036,2.014,1.312,14.544
2019-10-02,0.033,0.037,5.342,1.13,14.159
2019-10-03,0.032,0.046,8.333,1.483,14.848
2019-10-04,0.034,0.066,0.914,1.658,14.171
2019-10-05,0.033,0.084,2.835,-1.062,15.593
2019-10-06,0.035,0.099,1.517,-0.98,14.907
2019-10-07,0.036,0.11,0.007,-2.418,15.985
2019-10-08,0.036,0.111,0.0,-6.052,16.527
2019-10-09,0.035,0.107,0.0,-5.146,16.411
2019-10-10,0.034,0.096,0.0,-6.243,17.817
2019-10-11,0.032,0.088,0.0,-5.331,17.297
2019-10-12,0.03,0.078,0.222,-2.621,17.358
2019-10-13,0.032,0.07,5.141,-0.233,16.912
2019-10-14,0.031,0.065,0.931,1.388,16.096
2019-10-15,0.031,0.065,3.058,0.627,15.558
2019-10-16,0.03,0.07,5.532,0.921,16.208
2019-10-17,0.032,0.075,5.15,1.048,15.1
2019-10-18,0.037,0.08,5.49,1.68,13.456
2019-10-19,0.035,0.087,7.233,1.282,13.653
2019-10-20,0.035,0.098,1.778,-0.159,15.292
2019-10-21,0.038,0.129,0.702,-3.372,16.661
2019-10-22,0.038,0.182,0.055,-1.42,16.835
2019-10-23,0.035,0.214,0.029,-2.276,16.613
2019-10-24,0.035,0.204,0.0,-2.291,17.145
2019-10-25,0.034,0.165,0.123,-0.379,17.82
2019-10-26,0.033,0.134,0.933,-0.347,17.307
2019-10-27,0.032,0.108,0.619,0.595,17.644
2019-10-28,0.03,0.091,0.007,-0.558,18.415
2019-10-29,0.03,0.08,0.001,-0.555,18.451
2019-10-30,0.03,0.072,0.001,-2.594,18.426
2019-10-31,0.029,0.065,0.602,-0.75,16.579
2019-11-01,0.03,0.046,0.445,1.627,15.368
2019-11-02,0.028,0.042,0.162,-1.531,17.521
2019-11-03,0.028,0.041,4.518,-0.514,16.555
2019-11-04,0.027,0.045,4.09,1.983,16.52
2019-11-05,0.027,0.059,2.331,1.943,15.403
2019-11-06,0.031,0.079,3.06,2.161,14.309
2019-11-07,0.034,0.097,2.699,2.193,15.815
2019-11-08,0.033,0.114,3.468,2.392,15.534
2019-11-09,0.058,0.125,4.099,0.903,15.822
2019-11-10,0.061,0.133,18.961,1.744,15.575
2019-11-11,0.079,0.148,7.97,-0.426,11.475
2019-11-12,0.106,0.203,6.129,1.217,14.709
2019-11-13,0.175,0.303,3.935,1.503,16.396
2019-11-14,0.248,0.414,5.683,1.499,16.724
2019-11-15,0.295,0.474,6.194,3.016,13.831
2019-11-16,0.271,0.444,0.382,-0.391,15.164
2019-11-17,0.25,0.356,0.454,1.127,15.545
2019-11-18,0.229,0.3,0.674,2.447,16.46
2019-11-19,0.202,0.234,0.044,1.499,16.098
2019-11-20,0.172,0.184,0.123,-0.766,15.629
2019-11-21,0.16,0.146,1.405,0.367,16.78
2019-11-22,0.149,0.124,1.592,1.218,16.056
2019-11-23,0.142,0.109,2.188,1.813,14.552
2019-11-24,0.127,0.1,2.024,2.608,13.744
2019-11-25,0.116,0.101,6.928,0.923,15.432
2019-11-26,0.123,0.118,4.228,1.228,16.678
2019-11-27,0.111,0.158,2.275,2.836,17.693
2019-11-28,0.109,0.207,0.195,3.619,16.308
2019-11-29,0.106,0.234,0.187,0.835,17.966
2019-11-30,0.107,0.22,1.382,0.486,17.444
2019-12-01,0.096,0.198,7.99,1.25,16.658
2019-12-02,0.095,0.161,7.153,3.171,14.483
2019-12-03,0.091,0.148,3.432,2.571,15.059
2019-12-04,0.088,0.155,7.778,1.208,15.314
2019-12-05,0.088,0.187,4.162,2.505,13.72
2019-12-06,0.113,0.222,12.43,2.869,13.936
2019-12-07,0.169,0.273,7.038,2.554,14.93
2019-12-08,0.233,0.316,1.955,1.777,15.247
2019-12-09,0.313,0.355,1.097,1.36,16.262
2019-12-10,0.331,0.386,1.534,1.668,16.671
2019-12-11,0.348,0.368,0.956,2.096,15.457
2019-12-12,0.306,0.319,3.182,2.49,16.37
2019-12-13,0.277,0.256,2.875,0.283,13.729
2019-12-14,0.244,0.198,1.65,1.127,14.924
2019-12-15,0.228,0.165,5.964,2.575,15.186
2019-12-16,0.235,0.151,2.676,1.492,15.553
2019-12-17,0.252,0.155,2.968,0.645,16.495
2019-12-18,0.271,0.182,3.958,2.281,13.592
2019-12-19,0.311,0.198,5.294,1.953,13.925
2019-12-20,0.347,0.209,7.237,2.616,15.463
2019-12-21,0.351,0.23,2.201,2.039,15.211
2019-12-22,0.426,0.275,4.181,2.095,14.093
2019-12-23,0.715,0.317,0.999,1.648,15.215
2019-12-24,0.72,0.334,2.433,2.393,15.004
2019-12-25,0.584,0.325,4.291,2.963,15.565
2019-12-26,0.541,0.305,10.596,3.004,14.916
2019-12-27,0.571,0.304,6.827,3.089,15.68
2019-12-28,0.591,0.328,0.814,2.867,14.941
2019-12-29,0.615,0.4,5.252,2.541,15.5
2019-12-30,0.593,0.465,2.41,1.841,15.662
2019-12-31,0.471,0.465,8.96,2.485,14.529
2020-01-01,0.466,0.47,8.381,3.096,13.463
2020-01-02,0.545,0.451,7.435,3.24,12.649
2020-01-03,0.747,0.503,6.847,3.413,14.057
2020-01-04,1.122,0.632,13.655,3.757,14.304
2020-01-05,1.427,0.873,11.682,2.82,13.617
2020-01-06,1.768,1.108,2.922,1.011,15.942
2020-01-07,2.219,1.316,0.748,1.204,15.113
2020-01-08,2.239,1.527,0.355,0.507,16.67
2020-01-09,1.858,1.529,2.655,0.674,16.324
2020-01-10,1.372,1.319,5.447,1.237,15.643
2020-01-11,1.102,1.09,3.522,1.368,14.161
2020-01-12,1.018,0.838,2.173,2.946,15.366
2020-01-13,1.188,0.68,3.7,2.998,14.165
2020-01-14,1.075,0.619,3.421,3.937,13.619
2020-01-15,0.993,0.615,5.593,3.895,12.814
2020-01-16,1.006,0.657,2.989,3.214,13.969
2020-01-17,1.075,0.788,1.96,1.665,14.586
2020-01-18,1.187,0.95,0.998,3.012,14.831
2020-01-19,1.096,1.056,4.283,3.551,16.182
2020-01-20,0.881,1.083,7.882,3.835,14.669
2020-01-21,0.828,1.084,2.26,3.834,13.691
2020-01-22,1.281,1.162,5.85,3.687,13.861
2020-01-23,1.473,1.404,0.897,3.199,14.031
2020-01-24,1.289,1.904,0.185,2.29,15.599
2020-01-25,1.284,2.474,0.185,2.553,15.871
2020-01-26,1.176,2.601,0.627,1.823,17.113
2020-01-27,0.908,2.768,5.547,1.949,17.494
2020-01-28,0.754,2.897,2.664,2.219,15.808
2020-01-29,0.651,2.914,0.688,2.738,15.877
2020-01-30,0.7,2.863,7.708,3.09,15.072
2020-01-31,0.657,2.796,4.8,3.508,14.152
2020-02-01,0.65,2.621,4.095,3.314,12.464
2020-02-02,0.741,2.558,12.752,3.686,15.237
2020-02-03,0.82,2.509,8.902,3.418,14.786
2020-02-04,1.108,2.438,7.66,3.874,15.006
2020-02-05,1.507,2.402,7.067,3.147,14.505
2020-02-06,2.079,2.395,7.931,3.566,14.254
2020-02-07,2.199,2.39,11.204,3.856,14.517
2020-02-08,2.162,2.386,6.478,4.227,11.974
2020-02-09,2.27,2.385,7.193,3.797,13.819
2020-02-10,2.386,2.391,4.369,3.99,13.297
2020-02-11,2.44,2.423,4.717,4.475,14.275
2020-02-12,2.509,2.466,5.574,4.199,13.113
2020-02-13,2.517,2.52,11.866,4.199,14.052
2020-02-14,2.522,2.549,2.079,3.787,13.549
2020-02-15,2.601,2.616,2.529,3.021,15.212
2020-02-16,2.621,2.703,2.258,3.665,15.3
2020-02-17,2.57,2.768,7.083,3.634,16.574
2020-02-18,2.438,2.748,4.203,3.972,15.139
2020-02-19,2.17,2.681,2.347,3.672,15.978
2020-02-20,2.222,2.611,8.759,4.183,14.371
2020-02-21,1.971,2.57,14.018,3.906,9.508
2020-02-22,1.976,2.541,8.361,3.62,13.813
2020-02-23,2.39,2.551,3.775,3.701,15.365
2020-02-24,2.618,2.6,3.639,4.391,16.079
2020-02-25,2.52,2.688,3.827,3.383,16.084
2020-02-26,2.292,2.73,9.212,3.413,13.903
2020-02-27,2.103,2.746,7.743,3.503,14.622
2020-02-28,1.961,2.691,2.856,3.693,14.343
2020-02-29,2.082,2.649,5.89,4.209,15.728
2020-03-01,2.209,2.522,9.155,3.584,15.858
2020-03-02,2.076,2.462,6.093,3.037,15.165
2020-03-03,2.125,2.436,4.27,2.641,15.887
2020-03-04,2.106,2.399,3.215,2.719,15.444
2020-03-05,1.901,2.325,3.218,2.402,15.989
2020-03-06,1.611,2.236,0.8,2.852,15.188
2020-03-07,1.409,2.115,2.624,2.805,14.967
2020-03-08,1.319,2.002,1.316,2.035,15.687
2020-03-09,1.27,1.939,3.807,1.689,14.989
2020-03-10,1.186,1.908,3.34,1.874,14.339
2020-03-11,1.172,1.938,4.281,1.628,14.041
2020-03-12,1.598,1.961,2.871,2.494,13.949
2020-03-13,1.779,1.968,4.676,2.99,13.597
2020-03-14,1.606,1.986,7.002,2.604,15.199
2020-03-15,1.452,2.085,5.027,3.244,14.729
2020-03-16,1.513,2.243,4.392,3.135,13.443
2020-03-17,1.623,2.438,5.658,2.869,13.788
2020-03-18,1.593,2.544,9.909,2.096,13.417
2020-03-19,1.605,2.601,9.62,3.557,13.883
2020-03-20,1.468,2.691,8.572,3.526,13.292
2020-03-21,1.383,2.73,18.682,0.9,11.226
2020-03-22,1.457,2.765,2.195,1.34,13.024
2020-03-23,1.682,2.837,0.605,2.513,14.591
2020-03-24,1.712,2.849,2.121,2.065,15.063
2020-03-25,1.508,2.76,2.52,3.564,15.76
2020-03-26,1.388,2.647,3.76,2.854,15.63
2020-03-27,1.352,2.592,2.662,3.6,15.432
2020-03-28,1.252,2.578,6.174,2.473,14.134
2020-03-29,1.176,2.57,7.975,3.137,13.163
2020-03-30,1.129,2.556,0.308,2.746,14.571
2020-03-31,1.164,2.526,0.247,2.374,14.966
2020-04-01,1.108,2.385,0.316,0.968,14.126
2020-04-02,1.063,2.354,0.102,-0.738,15.054
2020-04-03,0.992,2.326,0.256,0.205,15.114
2020-04-04,0.926,2.317,1.215,2.138,15.008
2020-04-05,0.835,2.283,0.84,0.913,14.021
2020-04-06,0.805,2.152,0.231,0.379,15.159
2020-04-07,0.901,2.058,0.568,2.829,15.488
2020-04-08,1.086,1.984,0.359,2.514,14.606
2020-04-09,0.975,1.898,0.071,0.154,15.418
2020-04-10,0.901,1.816,0.3,0.456,15.553
2020-04-11,0.801,1.672,0.065,-2.384,15.816
2020-04-12,0.756,1.534,0.0,-1.242,15.239
2020-04-13,0.683,1.352,0.0,-2.669,16.794
2020-04-14,0.598,1.199,0.071,-2.642,15.484
2020-04-15,0.546,1.042,0.25,-1.865,13.711
2020-04-16,0.468,0.898,0.159,0.952,13.282
2020-04-17,0.447,0.804,0.103,0.974,11.811
2020-04-18,0.434,0.747,0.43,2.264,12.209
2020-04-19,0.428,0.718,0.0,2.114,12.508
2020-04-20,0.422,0.699,0.0,-0.815,13.502
2020-04-21,0.436,0.683,0.927,0.847,13.407
2020-04-22,0.457,0.655,1.25,1.724,15.235
2020-04-23,0.444,0.626,0.39,0.692,14.679
2020-04-24,0.422,0.595,0.523,0.901,14.752
2020-04-25,0.413,0.566,1.073,0.061,15.946
2020-04-26,0.403,0.53,5.849,0.341,13.964
2020-04-27,0.39,0.508,0.866,1.966,14.342
2020-04-28,0.384,0.487,2.153,1.304,15.506
2020-04-29,0.389,0.473,2.155,0.584,14.93
2020-04-30,0.405,0.456,2.092,2.407,15.096
2020-05-01,0.423,0.449,1.643,1.447,15.772
2020-05-02,0.396,0.445,3.638,1.709,14.436
2020-05-03,0.382,0.451,15.388,2.232,14.159
2020-05-04,0.385,0.471,6.623,2.161,13.536
2020-05-05,0.394,0.504,3.938,1.867,15.549
2020-05-06,0.424,0.542,3.744,-2.762,15.468
2020-05-07,0.444,0.574,8.732,1.419,15.065
2020-05-08,0.411,0.584,2.067,-1.296,15.407
2020-05-09,0.391,0.576,3.353,-1.437,15.802
2020-05-10,0.383,0.562,1.267,-0.343,16.918
2020-05-11,0.375,0.527,0.003,-3.555,16.102
2020-05-12,0.349,0.479,0.01,-3.03,15.385
2020-05-13,0.332,0.422,0.298,-4.254,13.717
2020-05-14,0.306,0.376,0.002,-4.406,14.725
2020-05-15,0.287,0.34,0.002,-6.672,14.323
2020-05-16,0.28,0.306,0.004,-1.305,13.265
2020-05-17,0.266,0.286,0.085,-2.469,14.799
2020-05-18,0.255,0.269,0.0,-1.194,14.286
2020-05-19,0.23,0.263,0.001,-4.001,14.895
2020-05-20,0.218,0.256,0.027,-4.387,15.191
2020-05-21,0.211,0.25,0.165,-3.893,15.306
2020-05-22,0.207,0.245,0.014,-2.937,13.13
2020-05-23,0.206,0.238,0.065,-2.987,15.357
2020-05-24,0.193,0.234,0.006,-6.753,14.971
2020-05-25,0.183,0.231,0.0,-5.725,15.72
2020-05-26,0.179,0.228,0.001,-10.353,14.386
2020-05-27,0.181,0.224,0.0,-8.613,15.211
2020-05-28,0.181,0.218,0.0,-6.858,15.631
2020-05-29,0.174,0.21,0.001,-5.827,15.117
2020-05-30,0.169,0.203,0.001,-6.786,15.539
2020-05-31,0.158,0.193,0.004,-7.73,15.362
2020-06-01,0.155,0.186,0.021,-6.897,14.997
2020-06-02,0.155,0.18,0.034,-4.476,14.681
2020-06-03,0.145,0.176,0.021,-6.519,13.215
2020-06-04,0.148,0.176,0.107,-1.679,14.146
2020-06-05,0.152,0.183,0.056,-1.159,13.684
2020-06-06,0.146,0.191,0.239,-2.201,13.541
2020-06-07,0.145,0.2,0.036,-4.128,14.851
2020-06-08,0.142,0.207,0.169,-1.428,16.111
2020-06-09,0.143,0.216,0.11,-4.046,16.281
2020-06-10,0.139,0.227,0.208,-3.717,16.345
2020-06-11,0.144,0.231,0.012,-3.154,16.571
2020-06-12,0.14,0.235,0.044,-6.166,15.959
2020-06-13,0.138,0.23,0.233,-3.249,15.964
2020-06-14,0.136,0.221,0.071,-3.055,15.122
2020-06-15,0.136,0.205,0.016,-3.874,15.075
2020-06-16,0.128,0.188,0.025,-1.246,16.004
2020-06-17,0.132,0.173,0.079,-2.637,17.095
2020-06-18,0.125,0.161,0.169,-3.945,17.244
2020-06-19,0.113,0.153,0.101,-3.897,16.416
2020-06-20,0.117,0.145,0.208,-5.804,16.588
2020-06-21,0.112,0.137,0.005,-5.824,16.39
2020-06-22,0.114,0.132,0.184,-4.553,16.349
2020-06-23,0.115,0.128,0.005,-5.203,15.997
2020-06-24,0.113,0.124,0.001,-5.611,16.002
2020-06-25,0.108,0.121,0.001,-5.636,16.516
2020-06-26,0.109,0.118,0.268,-4.899,16.037
2020-06-27,0.107,0.115,0.037,-7.687,15.64
2020-06-28,0.101,0.113,0.032,-7.889,15.526
2020-06-29,0.098,0.113,0.0,-8.037,15.895
2020-06-30,0.1,0.111,0.0,-6.474,15.447
2020-07-01,0.1,0.112,0.0,-9.746,15.94
2020-07-02,0.1,0.11,0.001,-9.6,16.452
2020-07-03,0.101,0.108,0.0,-9.379,16.17
2020-07-04,0.1,0.106,0.027,-9.613,16.307
2020-07-05,0.1,0.105,0.007,-7.746,16.307
2020-07-06,0.096,0.103,0.266,-6.05,15.489
2020-07-07,0.095,0.103,0.305,-4.858,14.741
2020-07-08,0.092,0.102,0.251,-8.076,13.725
2020-07-09,0.083,0.101,0.015,-9.676,12.077
2020-07-10,0.089,0.101,0.032,-6.997,14.834
2020-07-11,0.087,0.101,0.0,-6.578,15.536
2020-07-12,0.088,0.101,0.004,-6.671,15.758
2020-07-13,0.088,0.1,0.038,-5.813,15.275
2020-07-14,0.088,0.099,0.011,-6.509,14.747
2020-07-15,0.085,0.096,0.0,-5.939,15.324
2020-07-16,0.083,0.094,0.0,-6.961,16.191
2020-07-17,0.083,0.093,0.033,-6.113,16.472
2020-07-18,0.084,0.092,0.031,-6.052,17.009
2020-07-19,0.083,0.09,0.0,-6.045,16.701
2020-07-20,0.081,0.09,0.0,-6.884,17.235
2020-07-21,0.079,0.089,0.0,-8.618,17.028
2020-07-22,0.08,0.088,0.045,-7.96,16.451
2020-07-23,0.079,0.087,0.081,-6.599,14.634
2020-07-24,0.079,0.086,0.247,-3.437,15.034
2020-07-25,0.075,0.086,0.001,-5.094,12.923
2020-07-26,0.072,0.085,0.005,-7.365,15.027
2020-07-27,0.069,0.085,0.118,-9.53,15.653
2020-07-28,0.07,0.084,0.0,-9.612,16.227
2020-07-29,0.072,0.084,0.106,-7.298,16.096
2020-07-30,0.072,0.083,0.0,-6.373,16.791
2020-07-31,0.072,0.082,0.0,-7.039,17.391
2020-08-01,0.071,0.076,0.001,-7.07,17.059
2020-08-02,0.072,0.075,0.0,-8.586,17.742
2020-08-03,0.068,0.074,0.0,-10.265,17.673
2020-08-04,0.068,0.074,0.002,-8.792,17.329
2020-08-05,0.067,0.073,0.002,-8.425,17.3
2020-08-06,0.066,0.072,0.0,-8.908,16.367
2020-08-07,0.065,0.072,0.0,-9.228,15.895
2020-08-08,0.066,0.072,0.001,-8.195,15.949
2020-08-09,0.065,0.071,0.001,-7.061,15.926
2020-08-10,0.066,0.071,0.004,-6.495,16.231
2020-08-11,0.058,0.07,0.443,-4.979,15.501
2020-08-12,0.056,0.07,0.317,-3.455,14.582
2020-08-13,0.056,0.07,0.124,-5.451,15.849
2020-08-14,0.055,0.071,0.027,-6.256,15.733
2020-08-15,0.055,0.072,0.046,-5.65,16.153
2020-08-16,0.053,0.073,0.006,-3.949,15.989
2020-08-17,0.052,0.073,0.081,-4.487,16.319
2020-08-18,0.057,0.072,0.296,-3.044,16.193
2020-08-19,0.05,0.071,0.218,-3.708,16.977
2020-08-20,0.05,0.07,0.185,-2.926,16.877
2020-08-21,0.058,0.069,0.001,-1.693,17.619
2020-08-22,0.052,0.069,0.05,-3.437,16.742
2020-08-23,0.05,0.068,0.001,-3.714,17.766
2020-08-24,0.051,0.068,0.001,-5.074,16.857
2020-08-25,0.051,0.067,0.024,-4.637,17.346
2020-08-26,0.048,0.066,0.002,-4.233,17.795
2020-08-27,0.051,0.065,0.011,-4.688,18.051
2020-08-28,0.049,0.064,0.226,-4.035,17.818
2020-08-29,0.049,0.063,0.09,-3.289,17.206
2020-08-30,0.048,0.062,0.024,-3.219,17.152
2020-08-31,0.048,0.061,0.101,-2.443,15.384
2020-09-01,0.046,0.054,0.281,-1.959,16.036
2020-09-02,0.046,0.054,0.621,-0.501,15.825
2020-09-03,0.045,0.054,1.103,-1.673,16.901
2020-09-04,0.048,0.053,0.974,-2.172,16.829
2020-09-05,0.045,0.053,0.187,-2.878,18.238
2020-09-06,0.044,0.053,0.523,-1.883,18.517
2020-09-07,0.046,0.054,3.226,0.339,15.102
2020-09-08,0.045,0.058,10.452,-0.3,14.464
2020-09-09,0.044,0.065,1.531,-2.019,16.341
2020-09-10,0.045,0.071,0.06,-3.279,16.826
2020-09-11,0.044,0.073,0.101,-2.491,17.023
2020-09-12,0.044,0.074,0.834,-1.989,15.965
2020-09-13,0.044,0.073,0.346,-3.106,15.714
2020-09-14,0.043,0.072,0.839,-0.845,14.474
2020-09-15,0.043,0.071,0.852,0.647,13.872
2020-09-16,0.045,0.07,0.326,1.075,15.625
2020-09-17,0.042,0.07,0.715,-2.478,14.722
2020-09-18,0.048,0.07,1.92,0.174,14.263
2020-09-19,0.043,0.07,0.029,0.388,16.007
2020-09-20,0.044,0.07,0.37,-0.197,17.213
2020-09-21,0.043,0.071,0.108,-1.122,17.542
2020-09-22,0.041,0.071,0.0,-3.283,16.722
2020-09-23,0.042,0.069,0.005,-3.934,16.365
2020-09-24,0.04,0.066,0.0,-7.556,16.177
2020-09-25,0.043,0.062,0.001,-4.968,16.848
2020-09-26,0.042,0.058,0.086,-3.977,16.839
2020-09-27,0.042,0.055,0.558,-3.793,16.922
2020-09-28,0.043,0.052,7.753,-0.495,14.717
2020-09-29,0.043,0.055,2.862,0.289,12.836
2020-09-30,0.043,0.066,0.446,0.42,14.2
2020-10-01,0.045,0.068,3.028,0.071,15.106
2020-10-02,0.045,0.08,5.57,0.154,15.619
2020-10-03,0.045,0.089,0.584,-0.015,15.712
2020-10-04,0.045,0.093,0.539,-0.007,14.25
2020-10-05,0.041,0.095,0.059,-2.299,16.412
2020-10-06,0.042,0.093,0.022,-2.664,16.465
2020-10-07,0.042,0.089,0.556,0.187,14.385
2020-10-08,0.041,0.085,0.044,-0.94,16.595
2020-10-09,0.04,0.078,0.372,-2.102,18.046
2020-10-10,0.042,0.074,0.164,-2.766,17.602
2020-10-11,0.04,0.071,1.419,-2.191,17.241
2020-10-12,0.04,0.069,0.324,-0.873,16.075
2020-10-13,0.04,0.067,7.568,0.351,15.412
2020-10-14,0.042,0.069,4.055,0.955,13.873
2020-10-15,0.042,0.074,2.215,1.187,12.225
2020-10-16,0.046,0.086,8.128,0.864,13.814
2020-10-17,0.046,0.097,1.601,0.355,14.931
2020-10-18,0.048,0.118,1.511,0.359,15.041
2020-10-19,0.05,0.143,1.612,-0.479,14.761
2020-10-20,0.057,0.153,0.67,0.129,15.002
2020-10-21,0.055,0.153,2.248,0.764,14.334
2020-10-22,0.057,0.144,4.674,1.835,14.62
2020-10-23,0.057,0.131,2.589,1.769,15.435
2020-10-24,0.051,0.124,0.412,-0.079,16.827
2020-10-25,0.055,0.124,0.306,-1.211,17.532
2020-10-26,0.05,0.12,0.622,-1.388,18.305
2020-10-27,0.052,0.111,0.093,-0.314,18.076
2020-10-28,0.051,0.102,0.078,-4.979,18.15
2020-10-29,0.049,0.091,0.001,-4.592,17.824
2020-10-30,0.048,0.084,2.212,-1.38,15.885
2020-10-31,0.048,0.076,2.724,0.046,17.181
2020-11-01,0.042,0.058,1.939,0.194,17.587
2020-11-02,0.043,0.052,0.603,-0.184,17.729
2020-11-03,0.042,0.049,0.888,-1.4,17.134
2020-11-04,0.039,0.05,0.204,-0.673,17.532
2020-11-05,0.039,0.051,0.017,-3.308,18.725
2020-11-06,0.041,0.051,0.0,-2.257,18.221
2020-11-07,0.038,0.048,0.158,-2.984,17.965
2020-11-08,0.038,0.044,0.122,-1.809,17.288
2020-11-09,0.038,0.042,1.238,-1.084,17.642
2020-11-10,0.036,0.039,0.21,0.105,17.889
2020-11-11,0.036,0.037,1.235,0.58,17.943
2020-11-12,0.033,0.036,0.795,-1.218,17.969
2020-11-13,0.033,0.037,0.246,-2.585,18.365
2020-11-14,0.033,0.037,0.005,-1.449,18.274
2020-11-15,0.032,0.036,0.185,-2.444,18.879
2020-11-16,0.032,0.033,0.741,-0.208,18.374
2020-11-17,0.03,0.031,0.192,-0.575,19.766
2020-11-18,0.03,0.03,0.005,-3.135,19.466
2020-11-19,0.03,0.029,0.504,-1.363,17.542
2020-11-20,0.028,0.029,0.101,-1.669,17.896
2020-11-21,0.03,0.029,0.037,-1.738,19.438
2020-11-22,0.03,0.028,0.0,-1.773,19.226
2020-11-23,0.029,0.028,0.083,-2.026,19.127
2020-11-24,0.028,0.027,0.0,-3.732,20.214
2020-11-25,0.028,0.026,0.182,-2.023,20.327
2020-11-26,0.029,0.025,1.244,0.014,18.221
2020-11-27,0.029,0.028,2.004,1.454,17.208
2020-11-28,0.029,0.029,2.417,1.993,16.621
2020-11-29,0.028,0.037,1.016,2.739,16.611
2020-11-30,0.028,0.043,4.465,1.295,18.246
2020-12-01,0.031,0.046,3.742,2.227,15.224
2020-12-02,0.028,0.065,2.066,1.629,17.266
2020-12-03,0.028,0.079,3.376,2.236,17.022
2020-12-04,0.028,0.093,5.394,2.513,14.841
2020-12-05,0.028,0.101,4.372,2.563,14.543
2020-12-06,0.029,0.104,8.575,3.331,13.462
2020-12-07,0.028,0.109,2.49,2.37,15.487
2020-12-08,0.028,0.115,2.815,1.802,16.794
2020-12-09,0.029,0.12,2.712,0.191,18.004
2020-12-10,0.029,0.121,1.15,0.677,16.092
2020-12-11,0.029,0.115,0.473,0.069,18.244
2020-12-12,0.03,0.105,0.77,-0.337,17.625
2020-12-13,0.028,0.093,2.719,0.524,17.832
2020-12-14,0.029,0.08,0.432,-0.582,17.291
2020-12-15,0.028,0.072,2.638,0.279,17.516
2020-12-16,0.028,0.065,1.611,0.692,15.995
2020-12-17,0.028,0.061,1.268,-0.28,15.83
2020-12-18,0.029,0.058,2.699,1.517,16.383
2020-12-19,0.027,0.058,2.502,0.106,17.289
2020-12-20,0.028,0.06,3.807,0.061,15.989
2020-12-21,0.029,0.065,6.802,2.036,15.688
2020-12-22,0.032,0.073,4.415,3.085,10.76
2020-12-23,0.034,0.086,1.916,2.146,15.068
2020-12-24,0.033,0.106,4.786,3.015,14.38
2020-12-25,0.034,0.146,8.898,3.333,14.561
2020-12-26,0.048,0.184,6.585,2.691,11.813
2020-12-27,0.057,0.23,4.645,2.305,11.785
2020-12-28,0.061,0.317,9.06,2.855,9.379
2020-12-29,0.107,0.463,4.941,1.578,12.059
2020-12-30,0.256,0.656,7.897,2.821,13.71
2020-12-31,0.311,0.95,5.026,2.237,10.959
