Qobs,Precipitation,Peff,Qmean,Qinf_2_5,Qsup_97_5
1.0,3.757,0.011121663197597442,1.0,1.0,1.0
1.107,4.311,0.8962393583740766,0.7096897565325342,0.6621276848168153,0.767763985771223
1.196,6.215,2.9477637902005416,0.5389501388235624,0.495777625044984,0.5857329323511878
1.217,8.439,5.172299332714195,0.5484638131370234,0.5163518379761289,0.5822414989581692
1.188,8.357,5.324289590888647,0.7574485199063165,0.7315806687766593,0.779626062180403
1.14,4.58,1.435858699379093,1.0609226388847952,1.0175739206372654,1.0905593181588
1.113,4.822,1.6452123077448522,1.2023897754023234,1.1414869568698989,1.242235235311254
1.107,2.201,0.0,1.2579387242323183,1.1983669883254147,1.3041059417192367
1.104,2.368,0.0,1.1812626806409776,1.1208268718427739,1.230442753869585
1.092,4.454,0.8959148715972267,1.041235443316319,0.966256573364868,1.0954831412403963
1.077,1.837,0.0,0.9265966892532219,0.8467941084728945,0.9816222077721573
1.017,2.529,0.0,0.786964062690231,0.7009298396183649,0.8447095585229066
0.935,5.792,2.588144928837954,0.6461276732165073,0.5668378909583254,0.6991894812151818
0.837,9.687,6.618015844303443,0.6423207344502269,0.5746981983838884,0.6919028739722007
0.756,13.595,10.425944392690438,0.9099021752079786,0.862514823625772,0.9489662822492528
0.775,8.0,4.581122017176444,1.483212540239021,1.4373147528499182,1.5197704598523307
0.935,5.492,2.2932534286790585,1.8935311644422375,1.827502528854802,1.9586456175821956
1.134,4.294,1.0959576793156027,2.0700816643143916,1.9718395075394137,2.156147601107167
1.232,4.138,0.7773162768750419,2.054383285759834,1.9271249253949079,2.14990919759054
1.232,5.604,2.4104844037911373,1.9312376640838107,1.8050703454730943,2.030399201194405
1.175,6.025,3.1224493836835876,1.8216900481076128,1.6936152368329624,1.9229406323029445
1.11,8.224,5.255721153530004,1.7755154854246662,1.6480572479088715,1.8782957505816347
1.098,7.443,4.474176207208173,1.8652021097322764,1.7341691167544844,1.9645862555540596
1.14,2.594,0.0,1.9908138480390938,1.8620539312786941,2.096949360668142
1.217,3.422,0.2279687130403656,1.8961459588870215,1.7479988017978172,2.0055009209991725
1.295,7.271,4.0659526980353515,1.708451288409604,1.555727096460877,1.8173997481790336
1.371,7.475,4.347429850381843,1.6711524002280302,1.532018508339503,1.7797493393365218
1.487,6.681,3.8252188007820616,1.7294504387337768,1.592476111092866,1.8305537051765588
1.598,3.909,0.8050573759895223,1.8147752081917556,1.6824624605055634,1.9099441860392816
1.677,2.213,0.0,1.7547984744442144,1.6340271922869427,1.8601157601648206
1.684,0.905,0.0,1.5806255588559348,1.453017107836718,1.6847504837080494
1.534,0.975,0.0,1.3585636476632152,1.2024534669490563,1.464296098588612
1.475,2.431,0.0,1.1329089283962903,0.9880284396321071,1.2320599373453902
1.404,3.418,0.36027297069673025,0.9180926826877953,0.7813413354465846,1.0137181179393135
1.315,4.652,1.645714934406191,0.7443778113346208,0.6274110536126831,0.8293042877645608
1.238,3.896,0.7253796524305778,0.6709703760028435,0.5701574592707532,0.7456469523119186
1.177,5.972,3.110523832965476,0.609817121312395,0.5219848427414793,0.6738703157202544
1.156,10.505,7.738887566173139,0.6782835732155288,0.6093746322282675,0.7286596328836032
1.185,6.947,4.193115909839339,1.030496393946529,0.9850072591830551,1.066823046793458
1.256,8.988,6.3267627791784085,1.3339969846052153,1.2805490096739411,1.382548563680619
1.374,7.399,4.355476028263517,1.699446303562422,1.6361064343947505,1.7553951328739748
1.511,2.047,0.0,1.968837874750064,1.8746537601755209,2.0347359646476413
1.62,0.181,0.0,1.9567561138554093,1.8606815873261437,2.037383203595769
1.683,8.314,5.360929248569765,1.7988993323623723,1.6885325820075627,1.8848044199616958
1.645,5.452,2.5864397503051735,1.8311204101225351,1.7142387580692655,1.9196977036523668
1.559,11.565,8.646760190858476,1.8338588282931794,1.7119794367072478,1.9368553776176516
1.529,6.976,4.205372744389521,2.112151657265954,1.9944969655319726,2.2012645838810334
1.556,0.947,0.0,2.3014784535358794,2.157986717298085,2.4151691252199985
1.624,3.609,0.6822079497081517,2.2221001114983223,2.039531671427818,2.3331246520211804
1.709,5.256,2.1774758641120626,2.042416214492708,1.8673589438545584,2.1595212237811103
1.745,3.621,0.7176477325737518,1.8946268603427212,1.7223350858317235,2.016996035448931
1.708,2.545,0.0,1.7009000596823718,1.5459676116480405,1.819237194226265
1.62,2.143,0.0,1.4583799336484702,1.2774243732017678,1.5774360481608412
1.544,4.049,1.1253786511132287,1.212154355002199,1.0442893510861682,1.3222763010866196
1.475,12.124,9.037164378634461,1.038455965492789,0.8945916708326781,1.1438214920141665
1.439,5.694,2.987151506968235,1.3006802275980076,1.189106150984031,1.3812035820151645
1.51,4.359,1.5084357719165324,1.4811094783913696,1.3815433476007692,1.5600924632984645
1.691,4.309,1.2511300367262144,1.527766216126558,1.4177091963366384,1.607825316621182
1.888,2.971,0.027008335785208004,1.4923659936390898,1.3804190772946303,1.5753725897832667
1.892,3.365,0.0,1.3555994826156903,1.2431588784240881,1.443911466492145
1.904,6.909,3.706777589702596,1.1698183300417233,1.0555600536592065,1.2578324064821198
1.886,4.162,0.8206269115889548,1.1572808401835404,1.0504328049647198,1.2320285347542688
1.856,5.936,3.028069193195166,1.0952050630671133,0.9921667997274951,1.1684130005906073
1.868,5.408,2.262943712203754,1.1190410186655626,1.0259816440536813,1.1887913013349465
1.868,5.764,2.7939367877871937,1.1474214836635588,1.0568923079849903,1.2163005129915196
1.854,8.066,5.0462498059536465,1.2064320447675472,1.1134596597851472,1.274459525135648
1.849,8.006,4.9235927508786546,1.3863683260318262,1.3087721292662857,1.4486875737608071
1.882,6.189,3.2878178923723778,1.6081688997283856,1.5273501620088723,1.6694910287258442
1.95,10.176,7.223658702856167,1.759204854004919,1.6704299339437825,1.8278050398146568
2.003,14.862,11.985057079341328,2.0575853618543407,1.9665552355645064,2.1282404732158744
2.102,8.615,5.878669532883238,2.643515441618314,2.538072030413801,2.722745176119903
2.206,4.354,1.3590587645514693,3.046402260097341,2.9038957620387813,3.159977869681562
2.353,2.586,0.0,3.105433582994456,2.9612357004348575,3.239044953059646
2.431,0.481,0.0,2.90332866094783,2.716672032952976,3.0541296845489776
2.436,0.549,0.0,2.5690566874359733,2.364914329440049,2.710149133355068
2.394,5.148,2.2909896880323397,2.193071148026267,1.9818437758065244,2.3454162767388103
2.307,6.897,4.064718618912408,1.933446246992338,1.7317394345162587,2.081744463206271
2.229,6.321,3.3849049083129037,1.8411645360765847,1.6608012714689098,1.9824606698375185
2.187,3.805,0.8485044287036922,1.8106382535919123,1.6293452218616562,1.9410458378369908
2.129,2.257,0.0,1.69427772736726,1.5257777916556414,1.81263690217756
2.085,1.304,0.0,1.4947683982011466,1.3249490688244232,1.621844616052686
1.983,2.219,0.0,1.2693816103186146,1.1157946544322652,1.3838141643752222
1.844,3.854,0.9261948273274938,1.0435922445904988,0.9006671462030842,1.1486714660096882
1.685,3.993,1.3824406347050724,0.8830656123996045,0.7562558632164442,0.9760121195997999
1.577,0.144,0.0,0.7916140786191934,0.6804865904973435,0.8749191979068678
1.485,0.023,0.0,0.6747075213658718,0.5726942080728242,0.7529163904843865
1.438,0.008,0.0,0.5538392215947991,0.460781751897324,0.6239087459061693
1.365,0.084,0.0,0.4428747613878476,0.36150068746837005,0.5043700182983529
1.24,0.007,0.0,0.3450925058605227,0.274032490379485,0.4003310136426691
1.118,0.004,0.0,0.2634670600575051,0.20370975690947937,0.30777742193046204
0.901,0.209,0.0,0.19716323743391517,0.14458731950892675,0.2345841459461377
0.803,1.009,0.0,0.144510946972177,0.10264395287624897,0.17633342861684811
0.729,1.034,0.0,0.10396212744314383,0.07048198144604939,0.1287551424793629
0.698,1.638,0.0,0.0735540928121955,0.048396738923319006,0.09330858289853997
0.679,6.462,3.890199578660007,0.05110021051490135,0.031559021181876964,0.06603306675049077
0.685,4.626,2.085780868692643,0.22619062456070413,0.22185614373296544,0.23095251380857384
0.725,7.112,4.824506101938053,0.39056432717172207,0.3782901750744936,0.4008453835681036
0.881,7.492,5.1240490458472365,0.6730396680110579,0.6518590626024322,0.69125737254293
1.19,3.875,1.307227113693311,1.010649565524976,0.9730606710358255,1.0424249451596193
1.499,7.396,4.864636279311751,1.1649493703479625,1.1166456080043345,1.21000705213894
1.721,6.563,4.2286312208265695,1.387044864752822,1.3194819713749022,1.4316972334043732
1.926,0.601,0.0,1.6008834262174012,1.5420404750254755,1.655707663388471
2.037,0.126,0.0,1.5837475372843182,1.5125072107456758,1.6488155366798416
2.266,0.194,0.0,1.4458904454712784,1.3582537870068496,1.5182940753568268
2.301,0.184,0.0,1.2583328170621586,1.1557584338295877,1.337400869794928
2.211,0.654,0.0,1.051899834361046,0.9397406027439104,1.1296096496625354
2.02,0.729,0.0,0.8558892311163174,0.7378578862221601,0.9325260401013897
1.892,0.147,0.0,0.678814809564458,0.5666473986856565,0.7511976923967475
1.67,0.055,0.0,0.5283687453040512,0.42803535784113605,0.5944410548253056
1.489,0.095,0.0,0.4031150013923708,0.31486609453765707,0.4638276765559453
1.271,0.414,0.0,0.3014476549510397,0.22677102598467544,0.35402773826305406
1.108,0.061,0.0,0.22201181278785043,0.16098548495902282,0.26385551161457327
0.961,0.179,0.0,0.16023576178853347,0.11095987451933054,0.19557043463893123
0.834,0.542,0.0,0.11391459972086658,0.07525502152089099,0.14262603385304787
0.75,0.099,0.0,0.07963241978555785,0.05001839110310342,0.10211863450350595
0.706,0.146,0.0,0.05446175854147832,0.03256406958172233,0.07170242562040523
0.671,0.19,0.0,0.03670861620931817,0.019739684297937987,0.04967300790848908
0.633,0.408,0.0,0.024255526161548385,0.012378218822185667,0.03386389163730108
0.603,0.896,0.0,0.015763365762086284,0.007522618540196923,0.022628561293809392
0.583,0.257,0.0,0.010005977979219772,0.004312447677396734,0.014863386956412941
0.564,0.035,0.0,0.0062707027334272915,0.0025505529187737457,0.009622660321215459
0.534,0.0,0.0,0.003859718135735009,0.0014642448436573666,0.006116356214987575
0.517,0.099,0.0,0.0023405346634845854,0.0008527303955106073,0.0038286915796295453
0.498,0.0,0.0,0.0014070453681371024,0.000496315727475371,0.0023734298896332328
0.479,0.0,0.0,0.0008410891238255023,0.0002882483940627378,0.001436880321125236
0.453,0.58,0.0,0.0005020857658802853,0.0001732994476513426,0.0008763743466694324
0.435,0.948,0.0,0.00030293666486047604,9.961239069933914e-05,0.0005344441018068398
0.421,0.623,0.0,0.00018500290485633792,6.200226894178679e-05,0.00032678335518547725
0.415,0.692,0.0,0.00011504495558493768,3.9749854267063245e-05,0.0002043025538537663
0.414,1.011,0.0,7.240411099325974e-05,2.5131562856831934e-05,0.00012695640553713784
0.404,0.571,0.0,4.679253889959271e-05,1.598500935311675e-05,8.201076195135452e-05
0.391,0.242,0.0,3.0117388411336283e-05,9.990416954245003e-06,5.235294059424693e-05
0.385,0.235,0.0,1.9912818306070506e-05,6.699178732760028e-06,3.470116219233373e-05
0.377,0.208,0.0,1.3133334720540658e-05,4.395506739810452e-06,2.301528305094292e-05
0.365,0.231,0.0,8.728049351376218e-06,2.796081992731603e-06,1.5523046296497855e-05
0.355,0.242,0.0,5.816383609570656e-06,1.8719255635184722e-06,1.0405841597143427e-05
0.344,0.026,0.0,3.883520041178477e-06,1.1524976710698666e-06,7.063194499834219e-06
0.335,0.0,0.0,2.602106708674009e-06,7.677675927543893e-07,4.719027214866286e-06
0.327,0.001,0.0,1.7437229743690078e-06,5.043293331181483e-07,3.2083994119768807e-06
0.312,0.435,0.0,1.1696511639398072e-06,3.122029148424628e-07,2.1798376713792033e-06
0.304,0.392,0.0,7.896888340902326e-07,2.1110408634671298e-07,1.4956162505866167e-06
0.301,0.123,0.0,5.294712224116417e-07,1.3813460663482426e-07,1.0087887061843502e-06
0.303,0.003,0.0,3.586548470303623e-07,8.914642347836887e-08,6.942441325804516e-07
0.307,0.03,0.0,2.410143019763117e-07,5.9418349900674503e-08,4.7356468320069785e-07
0.308,0.065,0.0,1.6401332648723418e-07,3.9638317028702465e-08,3.2107779329427465e-07
0.304,0.0,0.0,1.0995586838900924e-07,2.6115176881146838e-08,2.2055341691829246e-07
0.295,0.0,0.0,7.512374280540793e-08,1.6805535644365683e-08,1.5174790123349977e-07
0.284,0.0,0.0,5.0624701491016515e-08,1.1410623199437978e-08,1.0419348837681443e-07
0.272,0.0,0.0,3.4406285187961215e-08,6.865480604466972e-09,7.10396999136355e-08
0.263,0.0,0.0,2.3305911364251056e-08,4.775246014703944e-09,4.866841351099544e-08
0.253,0.0,0.0,1.5891326742461374e-08,2.5149904236048775e-09,3.3758886246035445e-08
0.252,0.017,0.0,1.0722609729899122e-08,1.9211343636582273e-09,2.2618374801694878e-08
0.246,0.0,0.0,7.390105310741758e-09,5.7584127494517e-10,1.580567603896464e-08
0.241,0.016,0.0,4.9874965822741305e-09,0.0,1.0893660171101892e-08
0.236,0.0,0.0,3.461519976130187e-09,0.0,7.857579491321606e-09
0.23,0.0,0.0,2.3715441259381687e-09,0.0,5.243611272069607e-09
0.228,0.0,0.0,1.6646076850555814e-09,0.0,3.9798864879515115e-09
0.225,0.042,0.0,1.1488513264420577e-09,0.0,2.78661152560151e-09
0.222,0.035,0.0,8.356026529618261e-10,0.0,2.3446094778166605e-09
0.218,0.03,0.0,5.871353293306299e-10,0.0,1.8625953475596678e-09
0.214,0.054,0.0,4.5395171915182557e-10,0.0,1.5980868843066215e-09
0.212,0.163,0.0,3.182308314057415e-10,0.0,1.0731544153116362e-09
0.21,0.019,0.0,2.524663395392074e-10,0.0,9.740457623036148e-10
0.206,0.025,0.0,1.7510748110114621e-10,0.0,6.609015310534451e-10
0.203,0.089,0.0,1.4278123218053453e-10,0.0,5.681780990336714e-10
0.201,0.064,0.0,9.410152192205187e-11,0.0,3.805792749722129e-10
0.2,0.012,0.0,7.595306346787594e-11,0.0,3.015705557894845e-10
0.197,0.663,0.0,4.9769568736303496e-11,0.0,2.0840656383519945e-10
0.196,0.182,0.0,3.92437226293717e-11,0.0,1.568953375017292e-10
0.198,0.012,0.0,2.5480985551540476e-11,0.0,1.0773412848284665e-10
0.203,0.012,0.0,2.0037081069981387e-11,0.0,8.16858256961411e-11
0.21,0.0,0.0,1.2947910446904832e-11,0.0,5.569230751134669e-11
0.212,0.023,0.0,1.0207740022683787e-11,0.0,4.229318819522245e-11
0.21,0.038,0.0,6.580836280981457e-12,0.0,2.8789698861072498e-11
0.204,0.002,0.0,5.201490250388369e-12,0.0,2.1897480454241276e-11
0.199,0.0,0.0,3.4126864022674483e-12,0.0,1.4924292368935553e-11
0.191,0.002,0.0,2.648646386518738e-12,0.0,1.1337514898706255e-11
0.185,0.029,0.0,1.7028436882266856e-12,0.0,7.693446564575897e-12
0.181,0.0,0.0,1.3503098075827481e-12,0.0,5.870047224111056e-12
0.176,0.0,0.0,8.6602720430673e-13,0.0,3.977066487743773e-12
0.173,0.03,0.0,6.885582780496244e-13,0.0,3.0392422674141524e-12
0.175,0.0,0.0,4.4053556375634586e-13,0.0,2.0559131354069633e-12
0.173,0.223,0.0,3.5119167332961856e-13,0.0,1.5735807954009272e-12
0.171,0.028,0.0,2.2414126883614585e-13,0.0,1.0627880709461024e-12
0.168,0.0,0.0,1.7916053706179847e-13,0.0,8.147282470847832e-13
0.167,0.0,0.0,1.1406511434934383e-13,0.0,5.493999062240461e-13
0.165,0.0,0.0,9.141839315040938e-14,0.0,4.218290665278928e-13
0.164,0.0,0.0,5.805943308748839e-14,0.0,2.8400794591549684e-13
0.163,0.0,0.0,4.665695228542434e-14,0.0,2.184038204009307e-13
0.162,0.0,0.0,2.955836971516504e-14,0.0,1.4681566638994355e-13
0.16,0.0,0.0,2.3817117856952893e-14,0.0,1.1307952119405689e-13
0.16,0.0,0.0,1.505132455156414e-14,0.0,7.589520014672288e-14
0.16,0.004,0.0,1.2160477544055368e-14,0.0,5.854741056094817e-14
0.158,0.0,0.0,7.665744966035652e-15,0.0,3.923342479185901e-14
0.157,0.0,0.0,6.210108611157186e-15,0.0,3.0313174787101855e-14
0.155,0.0,0.0,3.904975215076399e-15,0.0,2.0281409338056075e-14
0.153,0.0,0.0,3.1720022443324007e-15,0.0,1.5694777255817878e-14
0.153,0.213,0.0,1.9895980867620934e-15,0.0,1.0484314508329492e-14
0.152,0.001,0.0,1.6205114720565707e-15,0.0,8.126038772652104e-15
0.151,0.0,0.0,1.0138985318761962e-15,0.0,5.4197836492742014e-15
0.15,0.0,0.0,8.280445495556747e-16,0.0,4.2072917124667415e-15
0.148,0.0,0.0,5.167787291927583e-16,0.0,2.8017143879990176e-15
0.148,0.0,0.0,4.23191489616453e-16,0.0,2.178343481653954e-15
0.147,0.007,0.0,2.634478809661493e-16,0.0,1.4483241435907935e-15
0.146,0.001,0.0,2.1632188721349944e-16,0.0,1.1278467619131312e-15
0.144,0.003,0.0,1.3432711958059385e-16,0.0,7.486997368432017e-16
0.143,0.065,0.0,1.1059691825632662e-16,0.0,5.839475417093995e-16
0.141,0.465,0.0,6.850315803574749e-17,0.0,3.870344207513886e-16
0.141,0.02,0.0,5.655400253438713e-17,0.0,3.023413673929632e-16
0.14,0.03,0.0,3.494092411721103e-17,0.0,2.0007438961426826e-16
0.139,0.013,0.0,2.892412197192687e-17,0.0,1.5653855202022948e-16
0.137,0.084,0.0,1.782518743610761e-17,0.0,1.0342687687480936e-16
0.117,0.0,0.0,1.4795591017034476e-17,0.0,8.10485132516151e-17
0.116,0.0,0.0,9.095127393871231e-18,0.0,5.3465707835937704e-17
0.115,0.0,0.0,7.569697959872407e-18,0.0,4.196321883492795e-17
0.114,0.001,0.0,4.6414907145718236e-18,0.0,2.763867575726684e-17
0.113,0.084,0.0,3.873447807788258e-18,0.0,2.1726638381843138e-17
0.113,0.236,0.0,2.369077536668719e-18,0.0,1.4287595331097062e-17
0.114,0.079,0.0,1.9823878966733362e-18,0.0,1.1249061189883319e-17
0.117,0.033,0.0,1.2094091220436745e-18,0.0,7.38585966083867e-18
0.12,1.422,0.0,1.0147293129278308e-18,0.0,5.824250199416584e-18
0.125,1.854,0.0,6.175021635912378e-19,0.0,3.818061868912835e-18
0.143,2.203,0.0,5.194949186272303e-19,0.0,3.015530797314909e-18
0.17,0.896,0.0,3.153364127148841e-19,0.0,1.9737169544137997e-18
0.218,0.799,0.0,2.6599951232368957e-19,0.0,1.5613041503939335e-18
0.26,0.137,0.0,1.610568827069598e-19,0.0,1.0202974048268416e-18
0.262,0.245,0.0,1.3622215475033186e-19,0.0,8.083719978909173e-19
0.263,0.0,0.0,8.227220326104023e-20,0.0,5.274346922016319e-19
0.261,0.001,0.0,6.977196741963064e-20,0.0,4.1853811009705437e-19
0.259,0.918,0.0,4.203342695029087e-20,0.0,2.7265320212969573e-19
0.219,0.4,0.0,3.574205185806142e-20,0.0,2.1669992335334648e-19
0.196,0.002,0.0,2.1478476623555593e-20,0.0,1.4094592133235205e-19
0.196,0.036,0.0,1.831227356566791e-20,0.0,1.1219732624215027e-19
0.196,0.0,0.0,1.0976865506524832e-20,0.0,7.286088183072899e-20
0.196,0.004,0.0,9.383575164616101e-21,0.0,5.809065295656966e-20
0.185,0.03,0.0,5.61072006208649e-21,0.0,3.766485792006896e-20
0.17,0.022,0.0,4.8090214513837325e-21,0.0,3.007668793256704e-20
0.158,0.0,0.0,2.8682926507183574e-21,0.0,1.947055109077877e-20
0.141,0.019,0.0,2.464940509307752e-21,0.0,1.5572335873649548e-20
0.122,0.221,0.0,1.4665340292085752e-21,0.0,1.0065147745960635e-20
0.114,1.253,0.0,1.2636202624621327e-21,0.0,8.06264458482568e-21
0.111,1.802,0.0,7.49935461576651e-22,0.0,5.203098704312876e-21
0.111,0.433,0.0,6.478675229360149e-22,0.0,4.174469287719225e-21
0.084,0.305,0.0,3.8354642926459693e-22,0.0,2.6897008182453783e-21
0.086,0.0,0.0,3.3221131635426904e-22,0.0,2.161349627741031e-21
0.087,1.286,0.0,1.9618850808359124e-22,0.0,1.3904196139901843e-21
0.087,1.989,0.0,1.703728270643417e-22,0.0,1.1190481715231393e-21
0.086,0.108,0.0,1.0036678717262766e-22,0.0,7.187664479051422e-22
0.086,0.0,0.0,8.738624153864545e-23,0.0,5.7939205986951375e-22
0.085,0.0,0.0,5.135309198101144e-23,0.0,3.7156064360701192e-22
0.084,0.004,0.0,4.4827215050347127e-23,0.0,2.999827606293584e-22
0.083,0.111,0.0,2.627862167595927e-23,0.0,1.9207534281322667e-22
0.081,0.24,0.0,2.2998291929469126e-23,0.0,1.5531738024001764e-22
0.08,2.901,0.0,1.344922561137702e-23,0.0,9.929183284960867e-23
0.078,0.419,0.0,1.1800589604346467e-23,0.0,8.04162499423803e-23
0.078,0.285,0.0,6.884144840600975e-24,0.0,5.132812950736821e-23
0.078,0.428,0.0,6.0557135228279784e-24,0.0,4.1635863667633214e-23
0.078,0.997,0.0,3.524196095338224e-24,0.0,2.6533671534064064e-23
0.078,0.006,0.0,3.1079901345582428e-24,0.0,2.1557149809529003e-23
0.077,0.026,0.0,1.804375039119934e-24,0.0,1.371637213097778e-23
0.076,1.103,0.0,1.5953128193992792e-24,0.0,1.1161308256587577e-23
0.076,0.743,0.0,9.239523533692135e-25,0.0,7.090570342012817e-24
0.077,1.291,0.0,8.189610089597208e-25,0.0,5.778816001695953e-24
0.078,2.248,0.0,4.731814524737606e-25,0.0,3.66541438926151e-24
0.082,6.995,4.109786230971668,4.204661026796271e-25,0.0,2.9920071811116026e-24
0.086,3.667,0.7340281437933593,0.2021281512210365,0.19467534514425683,0.21384988148311165
0.089,1.997,0.0,0.3121637809039902,0.29796741293155943,0.32708131279579056
0.092,0.78,0.0,0.3367750057978667,0.3191279390525879,0.3508635445289519
0.095,3.833,0.7442240254399448,0.3173785232744059,0.3021006916130542,0.33400997289242484
0.095,1.125,0.0,0.31377440048835564,0.29835909400436894,0.32689399171937
0.098,0.483,0.0,0.28173353401115603,0.26355684942509877,0.29792776341772415
0.103,1.134,0.0,0.23922490557762704,0.2178241765074064,0.2550197688994211
0.107,2.026,0.0,0.19407962348758462,0.16996241652186977,0.20983622409310762
0.09,0.239,0.0,0.15299928960988582,0.12987710774289124,0.1682854715641427
0.089,0.047,0.0,0.11674105598602307,0.09527115628792389,0.13043208929541497
0.086,0.051,0.0,0.08719706739535929,0.06884827385663911,0.09952543277063029
0.082,0.045,0.0,0.06368596556275707,0.048443269719930536,0.07447747928261983
0.078,0.301,0.0,0.04551430108771263,0.032252306731412946,0.05441909949957541
0.074,0.335,0.0,0.03189058575618893,0.021875093313103774,0.03900414223143712
0.07,0.735,0.0,0.021925642086699965,0.014216803209322273,0.02759774486090902
0.069,3.612,0.7834373536638188,0.014790661784635383,0.00889973943671862,0.01914279841147916
0.068,3.411,0.28485743915649886,0.04837428840844805,0.04614673711804949,0.05025512839513116
0.069,1.556,0.0,0.07158117809215366,0.0690677438657147,0.07428512118231699
0.071,0.931,0.0,0.07426901656474512,0.07058143763903188,0.07790703764197371
0.074,0.054,0.0,0.06746573063834711,0.06247986828347396,0.07204747145437629
0.076,0.665,0.0,0.05662080969932906,0.05130441302734802,0.0610302946042106
0.076,0.36,0.0,0.04525502882281643,0.03977200076317101,0.04910204568103307
0.075,0.168,0.0,0.03475181176865223,0.029593771653362952,0.0385521555822621
0.072,2.928,0.0,0.02580819249005922,0.02083769930409142,0.02928091477325957
0.07,5.122,1.9846807352266347,0.018688362529436828,0.014469157472434137,0.021619057989662873
0.07,6.767,3.2409353070347806,0.11085893430689886,0.10902122118849746,0.11360475835307984
0.072,1.567,0.0,0.30085093024896187,0.2911731762778094,0.31273312635179246
0.075,4.252,1.1136479857329915,0.3651815992359853,0.3491691744701814,0.37950464846187115
0.076,5.764,2.5800292076754037,0.417419573055706,0.39772757827856864,0.4322755919343028
0.078,6.301,3.0329668429999432,0.5331747380737545,0.5121512067415286,0.5500291621005481
0.082,3.678,0.24194813101742696,0.6915807067452637,0.661571969943478,0.7107481594507562
0.089,4.074,0.8963836746030776,0.7252694596015256,0.6907727043222244,0.7546929643163699
0.1,8.943,6.001603441295021,0.7227742749857866,0.6850526091232642,0.750978889520337
0.114,7.313,4.021755544816093,0.9536175442993594,0.9143161603440672,0.9799701572774747
0.134,4.886,1.3021696247562602,1.1907781136400053,1.1499229744433122,1.2283841096665908
0.153,1.923,0.0,1.2810307693015162,1.2271381555419036,1.3246187071345916
0.171,4.439,0.8154718649367112,1.2229914097080374,1.1558766209053215,1.2859773879081802
0.172,3.615,0.0,1.1280107288579622,1.0483490621321687,1.1943955731652975
0.154,2.773,0.0,0.9860602122247759,0.896465237913327,1.049485909631764
0.148,0.764,0.0,0.8275972784183677,0.7343571125276974,0.8909574483416572
0.124,0.537,0.0,0.6731754067567983,0.5876221047472585,0.7315650704763925
0.102,0.347,0.0,0.5341840634581706,0.454577201217309,0.5923408957146293
0.087,2.257,0.0,0.4140647533572084,0.3370292442732522,0.4657168302171895
0.078,0.995,0.0,0.31547232195682967,0.24852219075942988,0.3616004850442548
0.071,2.171,0.0,0.23591944438309276,0.18073716968945,0.275723195882468
0.068,2.255,0.0,0.17237427643928624,0.12673551285685886,0.20514279895072352
0.065,1.125,0.0,0.12418964488651488,0.08669663669655757,0.15139163834218292
0.062,0.441,0.0,0.08766349646974057,0.05855017548782995,0.10905712994749057
0.06,1.192,0.0,0.06080120849281425,0.03795920924538877,0.07763231783948478
0.059,0.815,0.0,0.04147330325626836,0.024616184594660848,0.05455326289620292
0.059,2.333,0.0,0.027729998951825815,0.01520694905641241,0.037777442471831034
0.059,3.355,0.0,0.018246649881454795,0.009365872599957793,0.025420453808754722
0.065,5.769,2.2202006663376164,0.011774427765617788,0.005582274048176303,0.016971898256507998
0.074,4.408,1.0472864980643046,0.11665210274314111,0.11502596935761497,0.1191579071766734
0.083,3.814,0.2928725670767176,0.20392595813023578,0.1975929866912494,0.21043664307653845
0.095,0.531,0.0,0.24033947881287676,0.23072772178797607,0.2508325655558791
0.105,1.19,0.0,0.2347694823284889,0.22249848546856119,0.24566228536349738
0.108,7.389,3.725236145032272,0.20859431095050854,0.1936530131304457,0.2216477846524731
0.104,1.767,0.0,0.3585939311608716,0.3490574733661293,0.3668912369150233
0.099,2.432,0.0,0.39894631028429,0.3810500511379761,0.41344081971882235
0.096,1.617,0.0,0.38266953810099175,0.3621613018246474,0.4027811801445957
0.091,3.482,0.0,0.33873504494727685,0.31606327471184603,0.3569357335327076
0.089,10.325,6.53950576664889,0.28496461449738786,0.2573302879468552,0.30410334783464
0.088,2.67,0.0,0.5516118541484861,0.5379548773281033,0.5620857732138996
0.095,2.786,0.0,0.638069749923975,0.6088729325730258,0.6622841092924449
0.112,3.619,0.10982947821371392,0.6246998827012492,0.5969804850992899,0.6534249530257377
0.143,7.318,3.8650610484769206,0.5667419540423204,0.5260612809307215,0.5982845328684417
0.188,6.721,3.488091948214205,0.6780344939347274,0.6450704013386592,0.7005411546463693
0.271,1.062,0.0,0.8472313426646207,0.8127683087625249,0.8753309445261791
0.421,2.304,0.0,0.8594921906440104,0.8156731444148259,0.8973922226830688
0.509,8.327,5.0363147516456745,0.7952533623239735,0.7426545095588605,0.840341603546633
0.518,5.964,2.7123512689784897,0.9380096090058053,0.8903652192327649,0.9725254096500725
0.5,5.984,2.4857676465954635,1.067054080442705,1.0095714555507362,1.1092617762097086
0.48,0.398,0.0,1.1739653909069945,1.1179193284435425,1.21801416512763
0.467,1.968,0.0,1.123074273511625,1.063278237954006,1.172899322323998
0.433,2.203,0.0,1.0056194863780412,0.9226202921231801,1.0642952894928628
0.372,1.762,0.0,0.8599424478596029,0.7827235171287218,0.9228917389342824
0.309,0.979,0.0,0.709009046330731,0.6228808424105212,0.7684006035166382
0.248,0.403,0.0,0.5695431261001911,0.49270738486665766,0.6247315708564671
0.199,0.668,0.0,0.4450632613286667,0.3736140183653504,0.4965630777877493
0.179,0.92,0.0,0.34166718413795344,0.2760916200155521,0.3897885214524719
0.153,2.306,0.0,0.25640313740574994,0.19977555959000853,0.29762761464765586
0.136,3.392,0.0,0.18923926450529938,0.14222780736983884,0.22399961733358023
0.121,2.22,0.0,0.1370634322670194,0.09770609227583693,0.16603965452415118
0.115,8.867,5.611821714328013,0.09769657820064893,0.06690134998729122,0.12076879369620508
0.118,4.129,0.5686674994305139,0.3441822233044132,0.3352024388715668,0.35281634784024113
0.124,4.038,1.0831538394228146,0.46118642423137135,0.44282236789018153,0.4787326573609712
0.134,11.278,7.927188017786888,0.5311748275018535,0.5093049286828746,0.5528995652102109
0.147,0.684,0.0,0.9082913385440846,0.880806693442464,0.9274516834556947
0.184,2.074,0.0,1.0258552052945928,0.9904251412890421,1.0635720695216764
0.271,1.614,0.0,1.0015732539448625,0.9508309325394041,1.047141242550585
0.347,5.053,1.854428134082113,0.9046154462438211,0.8438028987946927,0.9504550062826098
0.378,5.39,2.5797284191049927,0.8682566688391701,0.809141995738903,0.9132552295217921
0.372,3.826,0.6560239134842449,0.8988549310065396,0.8404616657739056,0.9418745532757566
0.363,4.694,1.6238628690162695,0.8708006782274692,0.8093075046968932,0.9215720209736142
0.389,2.607,0.0,0.861741714818272,0.7958225438682306,0.9093501655224274
0.46,5.829,2.2371895117719234,0.7842370559769531,0.7200513175237805,0.8338444746138273
0.541,2.962,0.0,0.7853959480277772,0.7154722958240652,0.833464871097613
0.618,5.006,1.6926607783621628,0.7172849731033556,0.6459588405156375,0.7637237730906556
0.723,10.623,7.819153856573292,0.7027104796694563,0.6422288593216264,0.7495829883370579
0.877,4.52,1.469112587246753,1.0170344989109905,0.9669284657152256,1.054314876058315
0.981,4.631,1.7575786591538862,1.1681178806879735,1.1166153474595204,1.211741429463363
1.097,9.982,7.177339826835965,1.2357350449783493,1.174522815578829,1.2884641443070588
1.206,7.296,4.5064098336186795,1.523378443201128,1.4663818252043785,1.5753738982580874
1.283,4.428,1.3353135450202918,1.7744979382621096,1.703153008445398,1.835677677076151
1.357,3.73,0.5708563088799585,1.8291535926551332,1.7290377062957327,1.904630918198571
1.363,5.491,2.2279071502776446,1.7465512389999016,1.6469890184551101,1.8303285748903957
1.271,6.316,2.8648853116619764,1.6705542202516221,1.5595910519844318,1.762470014133812
1.158,3.967,0.47451234566109557,1.639334670186819,1.5197546296429258,1.7247691759138948
1.03,5.36,2.0544535614637,1.507057075918995,1.3808971963870693,1.5994233813759613
0.919,2.82,0.0,1.417460768188256,1.287146248787085,1.5118431954144411
0.83,5.257,2.118955546615712,1.2550176401398558,1.123163687401425,1.3497808865516177
0.78,4.08,0.9005066876334249,1.170160824992288,1.0499050112532973,1.2555346911758025
0.78,9.608,6.637620733255426,1.071524165620078,0.9590637514934199,1.1589458921921731
0.818,6.83,3.921700393626821,1.255913693815958,1.1595403465972733,1.327472421149897
0.858,2.878,0.0,1.4408837697482426,1.3497419344270791,1.5095790994459661
0.916,3.62,0.5598601862925237,1.4232691514369726,1.319408610904892,1.4983438721386955
0.976,6.164,3.2782505727548883,1.3265059224183597,1.214788045571643,1.405343386835604
1.0,4.655,1.7283980606119433,1.3267384869207,1.2220068905928807,1.4052851783809028
0.997,4.357,1.0811858423311342,1.3015252266854973,1.2007562098704678,1.3784049190564605
1.014,8.547,5.193648454737884,1.2343352589182293,1.1230599432583346,1.3135778767838169
1.081,10.944,8.206174854834378,1.3534895592094667,1.2664756025720725,1.423555128187659
1.155,4.283,1.6470766045641794,1.708512841043014,1.6275728883057392,1.7762366667064855
1.245,1.834,0.0,1.8436281581420968,1.7493296139253796,1.919302307624487
1.335,0.69,0.0,1.7659037089952045,1.6512776890735148,1.8637178753878996
1.37,1.178,0.0,1.5872331139960576,1.464942088027036,1.6790115096933604
1.321,2.048,0.0,1.3640818017756269,1.2362362934581055,1.456724620267125
1.215,0.711,0.0,1.1316155077464751,0.9965036135475054,1.2271940126632996
1.092,1.343,0.0,0.9130036133571039,0.7820602774529747,1.0022453459550595
0.937,0.364,0.0,0.7233124573132149,0.6096613302629748,0.807117318174369
0.806,0.269,0.0,0.5610662398301761,0.45661466157283787,0.6358736079643298
0.693,1.812,0.0,0.4261573791163629,0.3368516723358516,0.49146784110849484
0.625,0.61,0.0,0.3188308358403092,0.24252970013104694,0.3750488543734521
0.591,0.803,0.0,0.23402037590158528,0.17030325382564715,0.2805344966258391
0.57,2.837,0.0,0.16892041616748765,0.11562928546256224,0.207907128344763
0.564,4.451,1.4439941681119026,0.11993104994080041,0.07970019133942942,0.1502519042342743
0.566,1.499,0.0,0.15442965345217446,0.12710245641161474,0.17577332507236776
0.569,2.502,0.0,0.15585808691144232,0.1344808606936355,0.17274557891658468
0.569,0.64,0.0,0.1393279923312165,0.11955911270868881,0.15455786328840376
0.561,1.232,0.0,0.11769227564810152,0.10009327573099738,0.13074917911410042
0.543,0.424,0.0,0.09481369861428578,0.07943560575872273,0.10647653588657545
0.504,0.057,0.0,0.07379217928579367,0.05988864732021881,0.0839937157501595
0.458,0.133,0.0,0.05558106000241545,0.043710761909709205,0.06442507525408013
0.391,0.118,0.0,0.041039452759536646,0.03108879563915748,0.04832005603956503
0.331,0.159,0.0,0.029329127127666516,0.02128792245036729,0.03537603323805526
0.285,0.179,0.0,0.02059822104168112,0.014149967296939308,0.02544038727521902
0.26,0.785,0.0,0.01422992463551422,0.009472982766562565,0.017910809936831383
0.212,3.977,0.5791392161588256,0.00959764725226398,0.006051707939213856,0.012374909597990267
0.196,2.386,0.0,0.03486336441272934,0.03374096228740652,0.035935419838392955
0.205,3.999,0.8776113947337771,0.04160849074173155,0.03955976030465498,0.04365093044047032
0.26,1.906,0.0,0.08291488166499393,0.08025054801417689,0.08481300816376941
0.298,2.015,0.0,0.0929743624103447,0.08857673058444125,0.09689268452668956
0.355,7.325,4.4238035292579605,0.0873497124446963,0.0830736053016893,0.09209717449483616
0.43,4.793,1.9535228574355292,0.2928270375994706,0.28520633502862175,0.3017460001610578
0.532,3.383,0.3345849791204514,0.46143680147466476,0.443775478141085,0.47704183662985694
0.643,2.255,0.0,0.5197033953041041,0.5001192762592533,0.5412672349132543
0.733,2.317,0.0,0.5026947576528243,0.47812099275656117,0.5266464917585779
0.76,1.432,0.0,0.4493595867314044,0.41975037106543717,0.4712757228544856
0.742,4.241,1.380462267727928,0.3802001359580864,0.34871259730631887,0.4042169281356605
0.702,7.323,4.249987850288754,0.3770530379602557,0.3495149349733386,0.3978961110773466
0.694,4.247,1.6769215298250013,0.549040059095007,0.5256696622506953,0.5663608154813021
0.715,4.798,1.8309749059283313,0.6706881963389049,0.6457217786125808,0.6987876891598586
0.803,11.045,8.264636179778114,0.763109122936816,0.730001093238804,0.793139249987143
0.925,8.953,6.122843569996672,1.1525764522680766,1.1171278286840802,1.185011451211877
1.09,2.193,0.0,1.560946178169122,1.5037358512463166,1.6022041592880354
1.253,0.662,0.0,1.6481522311949368,1.586933446785523,1.7061646571483127
1.39,1.729,0.0,1.5647176108742904,1.4825422782276347,1.6373994392738254
1.339,6.578,3.4627175567006656,1.3942011057451122,1.297934081477089,1.477192369272495
1.179,6.802,3.660230371964993,1.3586169188664718,1.2631882425832512,1.4314435587415526
0.975,5.619,2.684285277855215,1.4110085860761192,1.3149185848186347,1.4847135420936224
0.824,4.58,1.7534255270307648,1.4531729654777121,1.3655744735232864,1.5342258081304219
0.759,7.158,4.057615826719653,1.445644570288113,1.3457612622726298,1.5248451755704164
0.758,2.634,0.0,1.5188641109711583,1.4124310745983801,1.594689050025048
0.774,2.205,0.0,1.4398451656288236,1.3397658224065514,1.5197236025643552
0.787,3.961,0.8689347871405575,1.2790358733176102,1.1564261215306644,1.3655218884595373
0.757,3.811,0.8117575090730513,1.131456451567347,1.0171944778106303,1.2113133854755067
0.701,3.904,0.9998390239013966,0.9982837606378175,0.8896863927970243,1.07638514929431
0.642,1.242,0.0,0.8930901802260792,0.7783145082053112,0.9692723422281386
0.602,7.824,4.829990083179265,0.762975694465566,0.6646521275535812,0.8348011553506385
0.598,2.743,0.0,0.8656699961378693,0.780686409650055,0.9244822805558429
0.622,3.784,0.5675496578729264,0.8445306753396702,0.7653826478400773,0.901825737224409
0.666,2.5,0.0,0.7934538719917801,0.7145770852181338,0.8464431742331724
0.706,2.78,0.0,0.6903587327123298,0.6205874494556002,0.7474687216001998
0.718,1.12,0.0,0.5797567183538097,0.5107585395194006,0.6325357615080314
0.71,1.611,0.0,0.47150307729458896,0.4047905707376968,0.5214680398283049
0.688,2.832,0.11640402961342211,0.3730560335465822,0.313018727094551,0.4155406240880894
0.643,1.226,0.0,0.2931559877732079,0.23877094265299667,0.33306481847728814
0.603,3.191,0.07266470225701172,0.22600204001061996,0.1790572599339464,0.26011583033714003
0.575,1.709,0.0,0.1727170481614513,0.13214250496336397,0.20172484888603306
0.551,2.62,0.0,0.12979766405360596,0.09704062683461205,0.15409112152622145
0.541,0.28,0.0,0.09534305342375689,0.06739917552164089,0.11530505058225994
0.543,0.481,0.0,0.0685162731044504,0.04631169985327584,0.08440658026964676
0.545,6.488,3.423626288418308,0.04833910157592094,0.031163918378742286,0.06071473710358766
0.545,1.302,0.0,0.2018576679433698,0.1976952447894976,0.20570725308776946
0.569,5.933,3.253855642482359,0.25502678552085933,0.24288514023101146,0.26533811735638746
0.613,4.955,2.1655955556894786,0.41838557757793965,0.40462561837430683,0.4258505851214067
0.692,2.026,0.0,0.5639110692532858,0.5444961297589922,0.5816258521253896
0.756,2.843,0.06997812657936198,0.5916598215745187,0.5703092117887086,0.6176044300794599
0.835,7.076,4.558636066649817,0.5534050628644231,0.5227154502035289,0.5795954061140167
0.867,1.486,0.0,0.708745276299663,0.6833520140987871,0.7337721985329203
0.867,0.007,0.0,0.727256095142725,0.6895272024389485,0.7575278600757319
0.867,0.029,0.0,0.6726169855765818,0.6282976267248771,0.70555456201176
0.844,0.007,0.0,0.5857350802287992,0.5362831872809694,0.6210271796417286
0.768,0.01,0.0,0.4882976659015807,0.43450746058273476,0.5247597199952313
0.698,0.008,0.0,0.3939230596900131,0.34280643140942885,0.4307262913031623
0.613,0.351,0.0,0.3101944877207166,0.2632628925944334,0.3426034998439677
0.535,0.083,0.0,0.23709799052238084,0.19561846142172523,0.26865902718098716
0.46,0.429,0.0,0.1775495486965695,0.1401958554395507,0.20393808555641235
0.408,0.094,0.0,0.13113433353202442,0.09832649995563793,0.15434754897137468
0.383,0.122,0.0,0.09477899573107369,0.06779753484881433,0.11351512126134918
0.361,0.016,0.0,0.0671445066399821,0.04566661080656208,0.08239920651963711
0.343,0.359,0.0,0.04668817942297782,0.029894550513282884,0.05874289227819107
0.329,2.524,0.0,0.03189196411685272,0.019844119099639738,0.04122621939462915
0.308,0.041,0.0,0.021423456930682094,0.012373262758258289,0.02836343342265679
0.318,1.782,0.0,0.014096309306926388,0.0075233014180674015,0.01935651301864447
0.345,0.836,0.0,0.009126436055778502,0.004730731815226883,0.01288583977263129
0.38,0.848,0.0,0.005816610091190293,0.0028301133593992096,0.008491286553280545
0.4,0.471,0.0,0.0036283145223479298,0.0015983993631221642,0.005450902448256907
0.415,1.67,0.0,0.002245388498300302,0.0009315643742783714,0.003455903581454413
0.416,0.533,0.0,0.0013758865268358829,0.0005497745214368608,0.0021827892838382663
0.404,0.069,0.0,0.0008391339260364426,0.000330219602973978,0.0013504482354437704
0.389,0.012,0.0,0.0005134874488002956,0.00019869086332606953,0.0008552760706904342
0.373,0.012,0.0,0.0003154062785430534,0.00011949470821194246,0.0005214286381651932
0.345,0.025,0.0,0.00019527525376307505,7.528614840456045e-05,0.00032768565114585623
0.314,0.015,0.0,0.00012254059168233155,4.6389768901713606e-05,0.00020507616908386675
0.284,0.045,0.0,7.802936236325361e-05,3.055093917112365e-05,0.00013096200051195358
0.257,0.08,0.0,5.048292248445272e-05,1.898902460900473e-05,8.504623887523319e-05
0.236,0.124,0.0,3.283661445501237e-05,1.211711070076041e-05,5.503754586395548e-05
0.215,0.002,0.0,2.153359856155461e-05,7.66416085898186e-06,3.67982330311959e-05
0.201,0.035,0.0,1.424663733345899e-05,5.145224522032576e-06,2.424204484746519e-05
0.188,0.004,0.0,9.456989888670996e-06,3.2868479268495406e-06,1.6243530632033596e-05
0.178,0.158,0.0,6.277677823239118e-06,2.069279616358717e-06,1.0908012408617663e-05
0.171,0.011,0.0,4.199849370041805e-06,1.3877534323729619e-06,7.4454242284377374e-06
0.164,0.015,0.0,2.8026291130298856e-06,8.392306011065582e-07,4.95065178018627e-06
0.161,0.117,0.0,1.8832942338788797e-06,5.966574529451509e-07,3.3856188608709524e-06
0.16,0.0,0.0,1.2659133320291325e-06,3.77900142515544e-07,2.291837191492236e-06
0.159,0.006,0.0,8.483696878354016e-07,2.3941242739255526e-07,1.5623901676890576e-06
0.159,0.0,0.0,5.739504993200461e-07,1.5906495599869263e-07,1.054300244561995e-06
0.156,0.087,0.0,3.850281457876265e-07,1.0816539618049241e-07,7.20310651168018e-07
0.153,0.028,0.0,2.5969011482274804e-07,7.080051203394083e-08,4.906165474900287e-07
0.15,0.001,0.0,1.7629256902828322e-07,4.7587018266649804e-08,3.3823696365138897e-07
0.145,0.001,0.0,1.1881141125909997e-07,2.9168607018313648e-08,2.3322879112439403e-07
0.141,0.0,0.0,8.056838200027971e-08,2.0355673699701028e-08,1.583097649100597e-07
0.139,0.001,0.0,5.450929423745943e-08,1.2479222084572096e-08,1.0827269683973146e-07
0.137,0.0,0.0,3.7022718201194124e-08,8.996894915926128e-09,7.457834897729331e-08
0.135,0.058,0.0,2.5010596058266544e-08,5.007659736099986e-09,5.2024173534233165e-08
0.134,0.011,0.0,1.6995531708389795e-08,3.3673242277509724e-09,3.562327700258079e-08
0.132,0.0,0.0,1.1520781342830114e-08,1.550327718132625e-09,2.4188906825469734e-08
0.13,0.0,0.0,7.946316054409246e-09,1.0040348054838253e-09,1.672070461837882e-08
0.128,0.002,0.0,5.336099931833741e-09,0.0,1.156900682975289e-08
0.126,0.0,0.0,3.7460667898395965e-09,0.0,8.117859953394929e-09
0.122,0.0,0.0,2.494149984009835e-09,0.0,5.55449781085766e-09
0.119,0.0,0.0,1.8010634225740255e-09,0.0,4.26868005213133e-09
0.117,0.0,0.0,1.2159807666569569e-09,0.0,3.1894975989987746e-09
0.114,0.017,0.0,8.873399851427778e-10,0.0,2.415199963979225e-09
0.113,0.016,0.0,6.346776561497273e-10,0.0,2.0540275265052547e-09
0.11,0.002,0.0,4.785865314797092e-10,0.0,1.660004991647085e-09
0.109,0.015,0.0,3.449467301353099e-10,0.0,1.3020958110792466e-09
0.106,0.004,0.0,2.700080663827937e-10,0.0,1.033437324390433e-09
0.105,0.02,0.0,1.892739931624565e-10,0.0,7.399508685251878e-10
0.104,0.006,0.0,1.4846685963953258e-10,0.0,5.52598547937662e-10
0.103,0.056,0.0,1.0322143535629502e-10,0.0,4.2182647689501396e-10
0.102,0.056,0.0,7.884229631097946e-11,0.0,3.073096698903261e-10
0.101,0.04,0.0,5.407674816611212e-11,0.0,2.2620578776008175e-10
0.101,0.056,0.0,4.0653788810122176e-11,0.0,1.5950155356367742e-10
0.1,0.107,0.0,2.765528688045805e-11,0.0,1.17065987946423e-10
0.1,0.303,0.0,2.088806862094784e-11,0.0,8.258100837729502e-11
0.099,0.126,0.0,1.4068863971156163e-11,0.0,6.058397417686592e-11
0.098,0.006,0.0,1.0635900071226217e-11,0.0,4.271761547836836e-11
0.098,0.184,0.0,7.162030184405867e-12,0.0,3.135341024600176e-11
0.098,0.657,0.0,5.408846271290085e-12,0.0,2.2097025793644492e-11
0.098,0.302,0.0,3.646804444953362e-12,0.0,1.622601277759629e-11
0.098,0.029,0.0,2.7570898035991786e-12,0.0,1.1430379328587275e-11
0.097,0.0,0.0,1.8493667618799037e-12,0.0,8.397284057716214e-12
0.096,0.003,0.0,1.4055447971992574e-12,0.0,5.912722047617967e-12
0.095,0.0,0.0,9.420327470342069e-13,0.0,4.3457613941003005e-12
0.094,0.079,0.0,7.153339178774841e-13,0.0,3.058540841715151e-12
0.093,0.001,0.0,4.799583145538611e-13,0.0,2.249017904114341e-12
0.092,0.025,0.0,3.6414312191864416e-13,0.0,1.582107552492819e-12
0.09,0.112,0.0,2.445874257619429e-13,0.0,1.1639114761248635e-12
0.09,0.129,0.0,1.8540998793251752e-13,0.0,8.183780305065265e-13
0.088,0.003,0.0,1.24668396333406e-13,0.0,6.023473306999165e-13
0.088,0.0,0.0,9.442574868879942e-14,0.0,4.2332305396558257e-13
0.089,0.0,0.0,6.355779843253063e-14,0.0,3.117267215894536e-13
0.09,0.0,0.0,4.809973053346506e-14,0.0,2.1897265241815878e-13
0.09,0.0,0.0,3.240933799239287e-14,0.0,1.6132477808348834e-13
0.09,0.007,0.0,2.4506899209583304e-14,0.0,1.1326815787235971e-13
0.088,0.001,0.0,1.652947135353816e-14,0.0,8.348878153705181e-14
0.087,0.007,0.0,1.248895906349972e-14,0.0,5.859031000566248e-14
0.085,0.0,0.0,8.432064778603215e-15,0.0,4.3207105327206254e-14
0.084,0.053,0.0,6.365828553461627e-15,0.0,3.030705620256176e-14
0.083,0.011,0.0,4.3022314982024245e-15,0.0,2.2360536661727637e-14
0.082,0.001,0.0,3.24543664065376e-15,0.0,1.5676955038927043e-14
0.08,0.057,0.0,2.1955191055962116e-15,0.0,1.157202267077567e-14
0.08,0.18,0.0,1.6549296489579407e-15,0.0,8.109230987420367e-15
0.079,0.0,0.0,1.1206320248725357e-15,0.0,5.988752032712343e-15
0.078,0.0,0.0,8.44059118744664e-16,0.0,4.194668355225382e-15
0.077,0.0,0.0,5.720974172207482e-16,0.0,3.0992983780999228e-15
0.077,0.043,0.0,4.305780299128909e-16,0.0,2.169779432577781e-15
0.076,0.0,0.0,2.9211704909351775e-16,0.0,1.6039486079473475e-15
0.076,0.0,0.0,2.1969253476381129e-16,0.0,1.1223635308917178e-15
0.075,0.0,0.0,1.4918412723197335e-16,0.0,8.300753384819411e-16
0.074,0.031,0.0,1.121145421226725e-16,0.0,5.80565875303428e-16
0.074,0.0,0.0,7.620193251897752e-17,0.0,4.2958051630289857e-16
0.074,0.0,0.0,5.722563366632087e-17,0.0,3.003097715611228e-16
0.073,0.071,0.0,3.8930133190808335e-17,0.0,2.223164722384811e-16
0.073,0.086,0.0,2.921461092234378e-17,0.0,1.5534147412466035e-16
0.072,0.079,0.0,1.9892127534565636e-17,0.0,1.1505320238959693e-16
0.072,0.053,0.0,1.491726737126024e-17,0.0,8.035360773661191e-17
0.072,0.06,0.0,1.0166019723449121e-17,0.0,5.954232412686611e-17
0.072,0.093,0.0,7.618280636273803e-18,0.0,4.1564574513954194e-17
0.071,0.0,0.0,5.196297123650905e-18,0.0,3.081433899442035e-17
0.067,0.0,0.0,3.891365804998068e-18,0.0,2.1500140481661595e-17
0.067,0.047,0.0,2.6564967391836733e-18,0.0,1.5947034424949702e-17
0.067,0.235,0.0,1.988032310428105e-18,0.0,1.112139474881895e-17
0.067,0.08,0.0,1.358300527437414e-18,0.0,8.252908112597488e-18
0.066,0.027,0.0,1.0158276152119476e-18,0.0,5.752772697738691e-18
0.066,0.118,0.0,6.946287108783967e-19,0.0,4.2710444370978905e-18
0.065,0.041,0.0,5.19147434298425e-19,0.0,2.9757413040063634e-18
0.065,0.0,0.0,3.552866549517607e-19,0.0,2.2103506339357374e-18
0.065,0.346,0.0,2.6535939653068507e-19,0.0,1.5392640686029316e-18
0.066,0.468,0.0,1.81749577305605e-19,0.0,1.143900519487091e-18
0.066,0.175,0.0,1.356595115597355e-19,0.0,7.962163477479631e-19
0.066,0.28,0.0,9.298980467809796e-20,0.0,5.919913271682944e-19
0.067,0.066,0.0,6.936446172156132e-20,0.0,4.118594628169512e-19
0.067,0.362,0.0,4.75843074486146e-20,0.0,3.063673171717673e-19
0.068,1.703,0.0,3.547266151285866e-20,0.0,2.1304287156820706e-19
0.07,0.227,0.0,2.4353296616120505e-20,0.0,1.5855119697237948e-19
0.076,0.254,0.0,1.814343518992036e-20,0.0,1.1020085544740873e-19
0.086,1.087,0.0,1.2465694092539636e-20,0.0,8.20534070814214e-20
0.095,0.767,0.0,9.281395308039733e-21,0.0,5.700368405703388e-20
0.101,0.087,0.0,6.381738468955434e-21,0.0,4.246427511949433e-20
0.101,0.015,0.0,4.7486927299923334e-21,0.0,2.9486340944616586e-20
0.096,0.007,0.0,3.2675671012874422e-21,0.0,2.1976109645722795e-20
0.091,0.014,0.0,2.4299702976667033e-21,0.0,1.5252423009047124e-20
0.086,0.012,0.0,1.673293648816254e-21,0.0,1.1373075280835555e-20
0.08,0.0,0.0,1.2436352552030983e-21,0.0,7.889632968922205e-21
0.074,0.325,0.0,8.570005895539415e-22,0.0,5.885793441322495e-21
0.071,0.009,0.0,6.365746354708402e-22,0.0,4.081076714701833e-21
0.068,0.001,0.0,4.389859072407168e-22,0.0,3.046015590273876e-21
0.066,0.018,0.0,3.2588845484559435e-22,0.0,2.111021794939616e-21
0.063,0.095,0.0,2.2489496838900726e-22,0.0,1.5763738767171653e-21
0.061,0.066,0.0,1.6685955077111845e-22,0.0,1.0919699212480544e-21
0.053,0.148,0.0,1.1523059913963092e-22,0.0,8.158049552064384e-22
0.052,0.216,0.0,8.544659053465319e-23,0.0,5.648441488298364e-22
0.052,0.069,0.0,5.904920459797399e-23,0.0,4.221953549526382e-22
0.054,0.442,0.0,4.376219705378545e-23,0.0,2.921773816867039e-22
0.057,0.599,0.0,3.026339725781854e-23,0.0,2.18494528058769e-22
0.06,1.969,0.0,2.241627047119395e-23,0.0,1.5113482638903332e-22
0.068,2.255,0.0,1.5512362923998252e-23,0.0,1.1307528252358443e-22
0.075,0.92,0.0,1.1483826563447355e-23,0.0,7.8177631738767e-23
0.084,0.318,0.0,7.95232563558571e-24,0.0,5.851871760046523e-23
0.09,0.127,0.0,5.8839380986274994e-24,0.0,4.0439005690316095e-23
0.097,0.0,0.0,4.077233236715989e-24,0.0,3.028460553987184e-23
0.097,0.01,0.0,3.0151363697479616e-24,0.0,2.0917916606942926e-23
0.091,0.004,0.0,2.0906987098176097e-24,0.0,1.5672888523849893e-23
0.088,0.022,0.0,1.545263052926724e-24,0.0,1.0820227345123015e-23
0.083,0.059,0.0,1.0721885043934399e-24,0.0,8.111033034427975e-24
0.077,0.178,0.0,7.920520005566327e-25,0.0,5.596987596872153e-24
0.072,0.085,0.0,5.499256263610306e-25,0.0,4.197621716663425e-24
0.067,0.35,0.0,4.0603176495136467e-25,0.0,2.8951582217921647e-24
0.061,1.565,0.0,2.8209098895973406e-25,0.0,2.172353150806862e-24
0.059,1.21,0.0,2.081711820471389e-25,0.0,1.497580793995205e-24
0.058,0.747,0.0,1.4471923250968178e-25,0.0,1.1242361878045986e-24
0.059,3.434,0.7787258401108144,1.0674185346787232e-25,0.0,7.7465480735634665e-25
0.067,2.456,0.0,0.038299416447369096,0.03688725232321438,0.04052046000849095
0.076,1.145,0.0,0.04977074328621311,0.04742607652632543,0.05207789307479806
0.087,0.875,0.0,0.0493437909557797,0.04671090058217531,0.05161035200295106
0.101,2.685,0.0,0.04337757580244605,0.040421838539120805,0.04606733805890279
0.11,0.177,0.0,0.03557087479732047,0.032377231329407785,0.03789011733798236
0.116,2.775,0.0,0.02783616164671462,0.024482047074647205,0.030180853100282668
0.117,5.098,1.6465606953117322,0.020975047667644468,0.017705053964442233,0.023217382679457513
0.111,4.625,1.207306358110284,0.09633131644760166,0.0943800099616006,0.09858652849527806
0.09,0.001,0.0,0.17995992553108117,0.17465803210308803,0.18590516279882116
0.084,0.063,0.0,0.2018825792039609,0.19385116249453224,0.20975696414932016
0.076,0.127,0.0,0.19261459386624388,0.1822195094244552,0.20187197023794867
0.07,0.039,0.0,0.16860549779027184,0.15726996013196795,0.17829687099253655
0.064,0.005,0.0,0.13977459576059315,0.12650393671916954,0.1492700918874953
0.058,0.194,0.0,0.11138587468819983,0.09835858712623145,0.1204438257448718
0.055,0.0,0.0,0.08604372939947665,0.07309832515920996,0.09440951780447596
0.053,0.028,0.0,0.06442059488565675,0.052570041938344914,0.07267639487907888
0.051,1.722,0.0,0.0472329268202905,0.036566090952276496,0.05449727794346798
0.048,0.348,0.0,0.03384163632717744,0.025188263307882038,0.04004148593476106
0.047,3.442,0.2560469042402964,0.023690622003949627,0.016571812776682068,0.028672137166535105
0.048,2.472,0.0,0.0288816490451739,0.024070194244686774,0.03241964977805011
0.051,3.351,0.0,0.027797366953776242,0.02375904451597722,0.030688747552920493
0.053,7.479,4.3101285719959535,0.023621927224399337,0.019827469461742606,0.02630206898638363
0.058,5.144,2.0864238160050728,0.2309488669455545,0.22515377475628182,0.24077131947594752
0.072,2.134,0.0,0.4100649450419473,0.3956850174235886,0.42616055173799455
0.087,3.211,0.0,0.46036423485617134,0.4403389332031384,0.47837208158257144
0.098,2.841,0.0,0.443823279299893,0.41898889523295657,0.46641966181010014
0.108,3.467,0.20053201198542459,0.39503211812479544,0.3681373290574302,0.41639892039507925
0.11,3.714,0.19644598645999478,0.34357850322595673,0.3158495486727074,0.36449145724593984
0.11,7.689,4.2592998317057775,0.29496726517326477,0.26628065472753504,0.31541560063194124
0.109,6.754,3.3953633840534336,0.45114488951724957,0.4328403200147819,0.4654430910929656
0.11,2.855,0.0,0.656065709006738,0.6335528236246493,0.6765843799089328
0.117,9.59,6.760796448057361,0.7022544277677644,0.6653776125697175,0.7335257742464049
0.128,6.678,3.768283800715374,0.9962466228894992,0.9642574612398214,1.0247575823638815
0.146,3.793,0.8581096737090141,1.2526089624444618,1.2160740000333057,1.2913005678291007
0.165,1.615,0.0,1.324144398785886,1.2727578821784011,1.373301651938562
0.206,0.391,0.0,1.252087485539339,1.175310368154008,1.3148300228486727
0.251,1.112,0.0,1.1111897810580524,1.028367809117341,1.1751871039915223
0.297,0.215,0.0,0.944975144112645,0.8575864507218005,1.0108758473847157
0.304,0.92,0.0,0.7769508018856451,0.6798048455575004,0.8387757094467295
0.343,3.839,0.2593336116046818,0.6229237235627902,0.5368262044036601,0.6824473959573227
0.327,2.885,0.0,0.4998521869638714,0.41721286547645187,0.5553753044533445
0.321,5.062,1.6707855297546472,0.3906655538974112,0.31458757064456633,0.442003497230578
0.33,3.021,0.0,0.3824302048019286,0.32034394729601967,0.4228512491984785
0.359,3.249,0.0,0.34171082358067784,0.2909038870276738,0.37918562111013143
0.392,2.028,0.0,0.28888496010729275,0.24099084840704577,0.3208875074003101
0.414,2.664,0.0,0.23499779432023524,0.19213548240517112,0.264805783339106
0.414,9.293,5.816444416732087,0.18453127685613607,0.14927479546749098,0.21032055518183496
0.372,3.366,0.0,0.4272683069878971,0.4116269990959736,0.43978107719443776
0.346,3.019,0.0,0.5102637700317461,0.4846933603854512,0.5335042429448121
0.327,1.497,0.0,0.50463606807351,0.478685655593268,0.5305370827214583
0.319,4.262,0.5364618977131244,0.45943776357376576,0.42556570679841804,0.4819825620096223
0.297,5.914,2.5678338227547,0.4160271979867896,0.38299026096947764,0.44117546558844106
0.271,2.225,0.0,0.48384952450986995,0.45504033516461223,0.5074267286184576
0.259,3.754,0.3387145628063455,0.4733449640694688,0.4437737198979496,0.49775946836898277
0.265,11.524,8.247485003994486,0.44087610884082584,0.4024097904264984,0.46900614055519363
0.293,7.686,4.4467701306346274,0.7897284648857139,0.7607892550141115,0.8072134158845459
0.356,8.545,5.350642442182613,1.1186570272697345,1.0724617068244016,1.1540387821800115
0.551,8.119,4.581706374565025,1.4628491125451852,1.4081119625331295,1.5180178210128046
0.765,11.92,8.478368533190304,1.7480299267739543,1.6606190355999655,1.8031147380583359
0.983,11.763,8.544107291162966,2.18232372080145,2.104280095982783,2.2531933585469224
1.113,6.815,3.5701326185103524,2.6580408967355464,2.5688856137744946,2.7449935273288744
1.733,5.061,1.8446100461438344,2.885329507257571,2.740003681211288,2.998575704376363
1.984,12.782,9.596048827319969,2.8881043265000406,2.726276637546715,3.0088444256444102
1.998,2.849,0.0,3.139590465019964,3.0012029330882073,3.259473848567721
2.014,3.025,0.0,3.0415460477125627,2.8465324777143737,3.1791507066524827
2.063,1.787,0.0,2.7578342065508,2.551144261250128,2.925080698382355
2.093,2.643,0.0,2.3900957741921127,2.162152826913829,2.550437783031379
2.063,2.085,0.0,2.0090487165927065,1.768521567796992,2.1791294042280427
2.003,2.341,0.0,1.6472567421365356,1.4303799387903517,1.8032667376088065
1.743,0.452,0.0,1.3187818612753401,1.110191717327304,1.4632309277816586
1.816,1.403,0.0,1.0425871651117118,0.8630833017476696,1.170308660373593
1.989,1.848,0.0,0.8020080020479963,0.6358365435235446,0.9203854989007572
1.987,1.957,0.0,0.6091098250185223,0.45987672321573836,0.712068192273191
1.863,8.87,5.621051396810815,0.45492654806080735,0.3306898985074187,0.541689417098133
1.768,0.963,0.0,0.6123785400107156,0.5337975345618803,0.6753329793883341
1.809,5.064,1.7473254363808817,0.6375170899612641,0.5666301773448909,0.6904259354847049
1.94,0.962,0.0,0.6798992861567915,0.6214918217484008,0.7276900297691158
1.981,1.974,0.0,0.6422690283398957,0.5808695434414585,0.6880902727141651
1.777,1.046,0.0,0.5639876584431469,0.5022452674420491,0.6115209288123375
1.536,0.46,0.0,0.475390506683811,0.41789583440711403,0.517469928276828
1.272,0.684,0.0,0.38633543851218793,0.3335214972930263,0.42615149454635853
1.1,0.42,0.0,0.30459565362879426,0.25275266573527555,0.34131445805846006
0.938,0.219,0.0,0.23495593047927188,0.1922510194235265,0.2666228038700076
0.797,0.455,0.0,0.17685626605600482,0.13910319142872105,0.20472043236151508
0.686,0.544,0.0,0.13098465763734715,0.1004026544936853,0.15434901316973443
0.594,0.611,0.0,0.09471279196006778,0.06807458213226447,0.11355448235244227
0.556,2.585,0.0,0.06703684944738293,0.046030422344008635,0.08287255775903753
0.541,7.351,3.613181047032982,0.04686504615082705,0.030990123809081973,0.059282995791519896
0.54,6.934,3.7985624480021203,0.20976306102472667,0.20664400301938451,0.2128872142193667
0.554,2.723,0.0,0.4536612259985006,0.44122232262352007,0.4670206689476873
0.621,0.307,0.0,0.5342499511868247,0.5051858566723758,0.5549106001368572
0.743,1.043,0.0,0.5270865586809359,0.5040343209310505,0.5510282632703274
0.779,6.386,3.3522666514936867,0.4758671690062999,0.4473628051086209,0.4997885249192319
0.753,2.035,0.0,0.5708634321245722,0.5455197690657115,0.5908454719036218
0.658,0.392,0.0,0.5686628946642245,0.5373438839987068,0.5938354988012012
0.592,0.003,0.0,0.5155763524950446,0.4766696296278044,0.5450043111580668
0.548,0.028,0.0,0.44216380685664697,0.4026353902240249,0.46962115474481686
0.499,0.038,0.0,0.36451359641093606,0.3243864480572499,0.39468012414151527
0.419,0.054,0.0,0.29071968712663965,0.25107193439104475,0.3201429978058131
0.345,0.131,0.0,0.22559888355824104,0.18724714195652736,0.2520626092457959
0.326,0.983,0.0,0.1711175018543541,0.13756827489387768,0.1948836002651704
0.28,0.553,0.0,0.1273818336871038,0.09799219963517963,0.1474413445103353
0.266,1.91,0.0,0.09280751998142567,0.06919635104854942,0.10987303768543222
0.277,2.676,0.0,0.06631361569826426,0.046684287016759675,0.08057932732547961
0.314,2.106,0.0,0.04633022394511595,0.03092352790890395,0.05746509712291172
0.373,9.577,6.2022684927280745,0.031902949779501595,0.020133740182592594,0.040753042147589055
0.47,5.939,2.6433823750749874,0.32668395540790457,0.3210000741874829,0.33660100014907113
0.586,5.081,1.7165236424055164,0.5673906623585863,0.5486056572945474,0.5880547687640538
0.756,2.93,0.0,0.7245294595993222,0.6970411534275522,0.7547188578861673
0.937,2.905,0.0,0.7409205511552247,0.7000995724046595,0.7729994465321369
1.081,2.351,0.0,0.685440131317368,0.6486106397321715,0.7169691469066892
1.139,2.239,0.0,0.5965539286113394,0.5547423454574079,0.6317559641013063
1.177,0.652,0.0,0.4962605034477763,0.45004489475638865,0.5309379575318041
1.214,3.529,0.0,0.4012282015675901,0.3544476194850266,0.43491220885455406
1.238,3.484,0.010498703649331809,0.314913527639633,0.26890494695135025,0.34711279586039795
1.256,3.031,0.0,0.24197820960626462,0.1981547585812567,0.27140648118761546
1.238,3.314,0.10147207115961354,0.18268201620327318,0.14508925547468188,0.20800774013591225
1.202,4.534,0.8527080698196756,0.13938167032858984,0.10657451212163582,0.16136916330143902
1.14,8.292,4.439986297555572,0.14640568192322115,0.12250464024650286,0.16335084012721432
1.105,1.723,0.0,0.3524603495231587,0.34400517525153734,0.35989807317570405
1.086,1.494,0.0,0.42258645195870015,0.4044914835263873,0.439116844562615
1.077,4.172,0.4749361159262766,0.4174125493721408,0.3977886909090261,0.43835704251864654
1.05,9.835,6.0005778321111265,0.3994235018978929,0.3753551984402403,0.41913467408772415
1.051,2.469,0.0,0.6493927603686066,0.6324519877339684,0.6681051992088244
1.089,2.827,0.0,0.7188522796583564,0.6859864904854757,0.7480409028716033
1.14,4.013,0.0,0.691677262672091,0.6558035312619795,0.7208284903374198
1.208,2.248,0.0,0.6187509108345021,0.5773434171509609,0.6553114085215483
1.244,2.105,0.0,0.5238441599393439,0.4755489630359839,0.554388352078452
1.268,0.468,0.0,0.4293262025426545,0.38473981213461683,0.4628804298777761
1.239,1.613,0.0,0.34100592793442674,0.29381860241383445,0.37351610222517
1.191,3.463,0.0,0.26436984183507534,0.22186459070315664,0.29461891637537296
1.059,6.714,3.711777589391737,0.20047983776673275,0.16195673299284152,0.22837484226375654
1.026,6.951,3.294652341032588,0.33117546009237653,0.30779031546521,0.3488895329412098
1.018,3.213,0.0,0.5273597403924414,0.511646285309873,0.5432406333142713
1.03,2.179,0.0,0.5784732911805874,0.5495616510770109,0.6056383922532254
1.062,2.69,0.0,0.5518559417878194,0.519107849479148,0.5811506206437139
1.082,1.228,0.0,0.4895142104813752,0.45424520623462566,0.5179035394884154
1.058,4.326,0.7750778500480235,0.4129223353071759,0.3710440708089308,0.4416307755755603
1.019,4.061,0.7701140554979093,0.37335452437881794,0.33648461271208346,0.4009205642190085
0.956,2.52,0.0,0.35741831042004707,0.3207627008864067,0.38404915942991
0.925,5.965,2.473651619898936,0.314364741107213,0.2774401530163632,0.3398498863959012
0.899,10.647,7.264064767344788,0.38513722934317457,0.35697643165904935,0.4060300164370813
0.891,4.123,0.32657210000813786,0.7417154786508945,0.7197390174071385,0.7545398322783672
0.908,3.044,0.0,0.8758941047581693,0.8383886266810826,0.9094355206133543
0.911,0.366,0.0,0.8708284346737298,0.8319687142761352,0.9103172959444619
0.876,3.276,0.0,0.7929798338501686,0.7417069831548941,0.8342941095335142
0.802,1.83,0.0,0.6840357037120322,0.6251785764317427,0.7248083170337275
0.717,7.962,4.933193069338917,0.5671815595109835,0.5061934681703405,0.6097129359153672
0.646,7.149,4.025531620716052,0.6984753084351049,0.6481042813862051,0.733443660890608
0.618,4.108,0.8169456888411748,0.9041484565925173,0.8678705064852518,0.936123275699979
0.642,0.835,0.0,0.9727945474111489,0.9260162913548827,1.0110082236437095
0.708,1.728,0.0,0.9271524243276249,0.8687338046920967,0.9703306448175205
0.76,1.293,0.0,0.8217044027553373,0.7591833838431442,0.8698578713195565
0.795,0.215,0.0,0.6968846534462312,0.622629508863702,0.7490245452934492
0.797,0.032,0.0,0.5716878303571141,0.4948500303731976,0.621738225679741
0.776,0.079,0.0,0.4557717916604945,0.3888232646877309,0.5014170552146856
0.736,0.106,0.0,0.35372945499559605,0.29120754714557323,0.39758804858548263
0.693,1.089,0.0,0.2694142668392722,0.21109073396543498,0.30773343888438986
0.643,1.102,0.0,0.2016437448187841,0.15374173648686604,0.23553409540458933
0.629,1.191,0.0,0.14738665057525718,0.10523243458629838,0.17623936835587659
0.618,0.229,0.0,0.10575280757523464,0.0725291007569863,0.1294277638110531
0.609,1.056,0.0,0.07482018904902939,0.048988258785414754,0.0933807277390622
0.599,3.652,0.03666118299001431,0.05181906231821252,0.03194474333209565,0.06647469174667842
0.588,3.333,0.0,0.0371131608701982,0.021816384002509376,0.0483153804970691
0.576,4.732,1.3541763319828264,0.025958350737855112,0.015148083939419302,0.034332956650676434
0.584,2.235,0.0,0.08450031419326688,0.08064039618842267,0.0881585260738099
0.602,0.348,0.0,0.10191491363017494,0.09596791564097136,0.10722322983950214
0.632,0.146,0.0,0.09925973280955973,0.09235611219732041,0.10495943870387432
0.644,1.386,0.0,0.0873937892010916,0.08082444894491607,0.09318489364567391
0.629,1.703,0.0,0.07218851716612855,0.06441838559221931,0.0780892332467773
0.602,3.141,0.0,0.05704398749331802,0.04893986263846862,0.06291108188471418
0.583,8.781,5.586901492122603,0.04373297032450623,0.03630492776776634,0.04907054984455009
0.584,5.417,2.195167283197723,0.30710927615264416,0.3003023273447875,0.317893595885135
0.621,6.476,3.4340426282150527,0.5132635015558848,0.4955059451133542,0.5320279856828728
0.706,6.206,3.0026610866771892,0.7403297738723241,0.7075690705974418,0.765481304834575
0.851,1.221,0.0,0.9399200001192947,0.8979177383319957,0.9721149711155206
1.01,0.754,0.0,0.9650618266306508,0.9243950083456489,1.0014048477534785
1.047,3.789,0.4939362470145845,0.8957575444024259,0.8462061595393974,0.9386867473851618
0.948,3.367,0.21560534886542992,0.8060588536379236,0.7510719923575983,0.8468510495219012
0.82,1.889,0.0,0.7030842818114861,0.6405716462837363,0.7440151183740769
0.714,1.07,0.0,0.5840422470467617,0.5228085643320246,0.6278698907958585
0.647,0.003,0.0,0.47205015913690235,0.4059262649038813,0.5143972397051727
0.598,0.013,0.0,0.37167171765110435,0.31035807110879626,0.4120388256375505
0.552,0.021,0.0,0.2862827092064858,0.2353430585577094,0.32297094276626254
0.508,0.397,0.0,0.2160006105124888,0.17134544919258732,0.24773371956217208
0.459,1.241,0.0,0.1597369638311469,0.12053088113032975,0.18696437022223128
0.414,1.366,0.0,0.11581352791616413,0.08343905472662298,0.13876424371060228
0.371,0.316,0.0,0.08233963644909156,0.056050161169840206,0.1009433997230621
0.34,0.873,0.0,0.057579336112370615,0.03648129627138763,0.07268886279220137
0.334,1.255,0.0,0.039495250239469835,0.02386390523151366,0.05090613382067811
0.343,7.578,4.628957925675012,0.026603069226295045,0.015204512000102036,0.03528832144369167
0.355,4.717,1.9197561607801759,0.24527330942526396,0.24164624668315696,0.2511236204607272
0.393,5.284,2.5126067706459083,0.42049516795216535,0.4072846516939395,0.4336574895512518
0.47,3.909,0.92634055562357,0.5919436071386689,0.5698281223834677,0.6105609303672819
0.545,6.466,3.4283338970652952,0.6727539508114129,0.6478192205676557,0.6952538912984079
0.593,2.985,0.0,0.8230076307329234,0.7912161815496033,0.8495739864048242
0.614,1.392,0.0,0.8318493081240877,0.802636596019518,0.8617157222336876
0.626,2.446,0.0,0.7634687566780103,0.7189010455195735,0.8000265899007065
0.615,0.961,0.0,0.6619765022467841,0.6164529789315126,0.7047274434750475
0.596,0.253,0.0,0.5517767394329383,0.4963884017956541,0.5915296115920398
0.57,0.576,0.0,0.4441201241927962,0.3878104219286464,0.48236835689203866
0.529,0.007,0.0,0.34870908321909555,0.29478859391398093,0.38505055245130665
0.481,0.31,0.0,0.26783705226521104,0.2208054675354558,0.30044501293602777
0.422,0.086,0.0,0.20147629783046245,0.159612918034777,0.2310363165908973
0.373,0.018,0.0,0.148710081257953,0.11430173210482883,0.1738757625050358
0.336,0.001,0.0,0.10775937481024528,0.0802661109132937,0.12863782411185393
0.299,0.018,0.0,0.07645425964259617,0.053790371561456746,0.0936096430739971
0.274,0.253,0.0,0.05333298628935302,0.03632234363098281,0.06689245739793231
0.255,1.2,0.0,0.03647676155519771,0.02326077218340993,0.04701595116441755
0.244,2.887,0.21839072623749667,0.024535419953413132,0.014738807426006677,0.03245818381907286
0.255,2.8,0.05076017784526332,0.026885169901823963,0.020219739632645995,0.0323924249871322
0.295,2.156,0.0,0.027146486611279868,0.02225503955227616,0.03128695780980416
0.363,0.319,0.0,0.02388503292713532,0.01986348420265024,0.027306004838804458
0.431,0.009,0.0,0.0194433741514112,0.016002346004522498,0.022293021735397923
0.473,0.0,0.0,0.0151146737926518,0.012172430315680173,0.01743741869384821
0.469,0.0,0.0,0.011256853367354323,0.008725375082027564,0.01322931147389403
0.434,0.034,0.0,0.008146507667298046,0.006012626294064212,0.00974071688567154
0.385,0.443,0.0,0.005732527974081888,0.004087352782759396,0.006961494836231305
0.34,0.649,0.0,0.003936630190482602,0.002676749668675739,0.0048999802771229365
0.294,0.201,0.0,0.002662071455543633,0.0017388622851550845,0.003393332761243083
0.266,0.314,0.0,0.0017627966100319007,0.0011090001482011696,0.002299633975947054
0.246,1.539,0.0,0.0011583918536666067,0.0006899665349839471,0.0015435122014729279
0.237,0.777,0.0,0.0007484394466205321,0.0004200385319548144,0.0010211233468579567
0.249,0.129,0.0,0.00048295803743725335,0.00026109588932593145,0.000671670143802473
0.288,0.195,0.0,0.0003095160022402743,0.00016378219703067854,0.00043832635973495976
0.331,0.338,0.0,0.00019937357896343923,0.00010439642719143721,0.00028582481501619527
0.349,0.007,0.0,0.00012842707628860184,6.488574055236487e-05,0.00018692774678710235
0.345,0.064,0.0,8.292682902410781e-05,4.084929748240193e-05,0.0001225545072168693
0.33,0.11,0.0,5.3901529569363395e-05,2.6092676397565745e-05,7.974949521811979e-05
0.302,0.023,0.0,3.5300739816599954e-05,1.6298936731399637e-05,5.2836781702375214e-05
0.278,0.0,0.0,2.329941627696915e-05,1.1165785702505392e-05,3.520615758245506e-05
0.252,0.0,0.0,1.5348597767465904e-05,6.873209122939834e-06,2.3491964027939988e-05
0.231,0.453,0.0,1.0214610629079614e-05,4.600182538560249e-06,1.581029753989357e-05
0.214,0.0,0.0,6.7853712968051865e-06,2.996727548258507e-06,1.0519209435459759e-05
0.203,0.0,0.0,4.529717077932895e-06,1.8585902037951204e-06,7.206832637434018e-06
0.197,0.018,0.0,3.0299738450486355e-06,1.273661007101119e-06,4.838459807173069e-06
0.193,0.217,0.0,2.027513551678769e-06,7.925562880259272e-07,3.2672610663874613e-06
0.189,0.037,0.0,1.3605117642049905e-06,5.26631668940585e-07,2.2440247706072416e-06
0.185,0.161,0.0,9.121981680444796e-07,3.4521465860146927e-07,1.5146724871574976e-06
0.182,0.048,0.0,6.131155695425747e-07,2.1943755704366975e-07,1.028086108709981e-06
0.175,0.0,0.0,4.1431383110269246e-07,1.538171924224998e-07,6.98796220389664e-07
0.165,0.007,0.0,2.7935167109513874e-07,9.583434452437802e-08,4.852727357279126e-07
0.159,0.053,0.0,1.8782321829482358e-07,5.980335067006132e-08,3.2384117700870634e-07
0.153,0.011,0.0,1.2752901192298953e-07,4.345180340624038e-08,2.259994861399188e-07
0.15,0.0,0.0,8.595349392696104e-08,2.477910943335206e-08,1.5307521757542723e-07
0.145,0.067,0.0,5.8168159465258234e-08,1.769635132351846e-08,1.0481545916931908e-07
0.14,0.014,0.0,3.933920506302385e-08,1.0477615281009082e-08,7.23412160093496e-08
0.134,0.011,0.0,2.686137309121724e-08,7.627927883285071e-09,4.949750784410936e-08
0.129,0.0,0.0,1.8019988161357055e-08,4.10788791494407e-09,3.4187099062069385e-08
0.121,0.0,0.0,1.2471814731648072e-08,3.116260346132838e-09,2.3252551680275393e-08
0.115,0.052,0.0,8.275295867048026e-09,1.0315798081977524e-09,1.6017123398488863e-08
0.111,0.0,0.0,5.782945449142607e-09,7.611860541820083e-10,1.1322975554944761e-08
0.109,0.004,0.0,3.881954439287804e-09,0.0,7.737507045791881e-09
0.109,0.0,0.0,2.7226147613151366e-09,0.0,5.588644424068971e-09
0.11,0.139,0.0,1.8404670732013477e-09,0.0,3.974499497109582e-09
0.109,0.0,0.0,1.322354217897534e-09,0.0,3.2512758882518523e-09
0.107,0.024,0.0,9.302919276047382e-10,0.0,2.6510250479084037e-09
0.105,0.024,0.0,6.881866359074538e-10,0.0,2.0828749095366908e-09
0.103,0.0,0.0,4.948152330367621e-10,0.0,1.6763755289103865e-09
0.101,0.063,0.0,3.769206720822471e-10,0.0,1.2899097730512205e-09
0.1,0.077,0.0,2.7625825158154177e-10,0.0,9.576824254253238e-10
0.099,0.282,0.0,2.0743783947051182e-10,0.0,7.544991808589283e-10
0.098,0.107,0.0,1.5168701137811417e-10,0.0,5.448587950538664e-10
0.099,0.227,0.0,1.1274736075599126e-10,0.0,4.03864860919974e-10
0.101,0.149,0.0,7.98722794523344e-11,0.0,2.9577406726984736e-10
0.103,0.018,0.0,5.931826829711201e-11,0.0,2.2191646340289044e-10
0.104,0.059,0.0,4.116010454684061e-11,0.0,1.543823122995962e-10
0.103,0.018,0.0,3.0361519889086464e-11,0.0,1.177730097501621e-10
0.101,0.013,0.0,2.104502950419906e-11,0.0,8.037773459177876e-11
0.098,0.001,0.0,1.5515915198542135e-11,0.0,6.115411748205157e-11
0.095,0.003,0.0,1.0685708607064838e-11,0.0,4.156713688612653e-11
0.092,0.001,0.0,7.863169682658407e-12,0.0,3.1609455878530457e-11
0.09,0.005,0.0,5.432180544820146e-12,0.0,2.1496336985874122e-11
0.088,0.006,0.0,3.997095042911557e-12,0.0,1.637580444880527e-11
0.086,0.028,0.0,2.762158697838044e-12,0.0,1.1116774895653889e-11
0.084,0.011,0.0,2.0323719999634026e-12,0.0,8.483757916210005e-12
0.084,0.001,0.0,1.4048339540458987e-12,0.0,5.7490112926880884e-12
0.084,0.041,0.0,1.0336466489038425e-12,0.0,4.395151924117861e-12
0.083,0.086,0.0,7.146636732365105e-13,0.0,2.9730862731659795e-12
0.083,0.175,0.0,5.258349802533451e-13,0.0,2.2769815735706848e-12
0.083,0.0,0.0,3.636446479847809e-13,0.0,1.5375238519908005e-12
0.083,0.0,0.0,2.675676835198728e-13,0.0,1.1796281856893429e-12
0.084,0.008,0.0,1.8507593048416599e-13,0.0,7.951264707070203e-13
0.085,0.003,0.0,1.3618304124025107e-13,0.0,6.111260071739038e-13
0.086,0.0,0.0,9.421464756835826e-14,0.0,4.111975912527027e-13
0.086,0.0,0.0,6.93291677969811e-14,0.0,3.1660399559915425e-13
0.084,0.0,0.0,4.7971266449160905e-14,0.0,2.1264976740769953e-13
0.083,0.0,0.0,3.530294774374598e-14,0.0,1.6402196752250524e-13
0.081,0.0,0.0,2.4430747904399213e-14,0.0,1.0997127546815391e-13
0.079,0.0,0.0,1.79806937127079e-14,0.0,8.497430930469079e-14
0.076,0.001,0.0,1.2444680230599332e-14,0.0,5.687135977514861e-14
0.075,0.0,0.0,9.160114527958758e-15,0.0,4.4022354785920685e-14
0.074,0.0,0.0,6.3404594224079685e-15,0.0,2.941087614900411e-14
0.074,0.097,0.0,4.667591891361712e-15,0.0,2.2806513381960155e-14
0.073,0.0,0.0,3.2310698744286536e-15,0.0,1.520975829116879e-14
0.073,0.455,0.0,2.3789259102886783e-15,0.0,1.1815293742057313e-14
0.072,0.776,0.0,1.6468697972539674e-15,0.0,7.865687037291437e-15
0.071,0.001,0.0,1.2127285583804139e-15,0.0,6.121109525718345e-15
0.07,0.0,0.0,8.395723967591854e-16,0.0,4.067719643239081e-15
0.07,0.109,0.0,6.1835738303039145e-16,0.0,3.171142645334095e-15
0.069,0.001,0.0,4.280965356079204e-16,0.0,2.1036106595510022e-15
0.068,0.0,0.0,3.153605676674773e-16,0.0,1.6428632165434567e-15
0.067,0.003,0.0,2.1832761805465284e-16,0.0,1.087890412889256e-15
0.067,0.033,0.0,1.608665619285086e-16,0.0,8.511126278630428e-16
0.067,0.017,0.0,1.1136732564901417e-16,0.0,5.6261463801493205e-16
0.066,0.035,0.0,8.207547605678722e-17,0.0,4.409330603611724e-16
0.066,0.078,0.0,5.681824652916933e-17,0.0,2.909624233823691e-16
0.065,0.027,0.0,4.188408089169782e-17,0.0,2.284327097184561e-16
0.065,0.0,0.0,2.8993295234494225e-17,0.0,1.5047445640456723e-16
0.065,0.0,0.0,2.1378205702810625e-17,0.0,1.183433668227438e-16
0.065,0.265,0.0,1.4797415150899962e-17,0.0,7.781954029334038e-17
0.065,0.017,0.0,1.0913874433652066e-17,0.0,6.130975068417928e-17
0.06,0.069,0.0,7.553556870997794e-18,0.0,4.024524159227073e-17
0.061,0.0,0.0,5.572766836974049e-18,0.0,3.176253669774937e-17
0.061,0.009,0.0,3.856500291556899e-18,0.0,2.0813274721426302e-17
0.061,0.001,0.0,2.8460715382405403e-18,0.0,1.645511076033999e-17
0.06,0.001,0.0,1.969292965432091e-18,0.0,1.0763816726914665e-17
0.06,0.0,0.0,1.4537930686205429e-18,0.0,8.52484399798646e-18
0.059,0.001,0.0,1.00577603151878e-18,0.0,5.566627649004558e-18
0.059,0.013,0.0,7.427455542063429e-19,0.0,4.4164373184971034e-18
0.058,0.006,0.0,5.137657395741579e-19,0.0,2.8788434594191796e-18
0.058,0.002,0.0,3.7953958369997804e-19,0.0,2.2880088605456775e-18
0.057,0.032,0.0,2.624827925073014e-19,0.0,1.4888259438950335e-18
0.057,0.099,0.0,1.9397802132139458e-19,0.0,1.1853410729400624e-18
0.057,0.001,0.0,1.3412425646080823e-19,0.0,7.69962911308267e-19
0.056,0.249,0.0,9.915744043679436e-20,0.0,6.1408567267031e-19
0.056,0.085,0.0,6.85462308707928e-20,0.0,3.9819489123045353e-19
0.057,0.0,0.0,5.069607615469495e-20,0.0,3.1813730432323196e-19
0.057,0.002,0.0,3.503713464800498e-20,0.0,2.0593092092271775e-19
0.058,0.002,0.0,2.592379514631726e-20,0.0,1.648163260907381e-19
0.058,0.001,0.0,1.7911887043619718e-20,0.0,1.0649946829061554e-19
0.058,0.013,0.0,1.3258578631094004e-20,0.0,8.538584125894034e-20
0.057,0.053,0.0,9.158426865752424e-21,0.0,5.507738563671765e-20
0.056,0.005,0.0,6.782167079348281e-21,0.0,4.423555642601869e-20
0.056,0.009,0.0,4.683453818726271e-21,0.0,2.848388313355848e-20
0.055,0.0,0.0,3.469861343578834e-21,0.0,2.291696638306019e-20
0.055,0.033,0.0,2.3953913687347555e-21,0.0,1.473075726066085e-20
0.054,0.028,0.0,1.775525384776776e-21,0.0,1.1872515935381662e-20
0.054,0.03,0.0,1.2253232368924872e-21,0.0,7.61817510818528e-21
0.053,0.102,0.0,9.086817483469416e-22,0.0,6.150754527485594e-21
0.054,0.028,0.0,6.268850303010301e-22,0.0,3.939824066884109e-21
0.054,0.028,0.0,4.651209687167963e-22,0.0,3.1865007796485504e-21
0.055,0.022,0.0,3.207652218171998e-22,0.0,2.037523876462628e-21
0.048,0.124,0.0,2.3811583864027097e-22,0.0,1.6508197783867672e-21
0.049,0.011,0.0,1.6415265720632254e-22,0.0,1.0537281555414738e-21
0.049,0.056,0.0,1.2192084727498431e-22,0.0,8.55234669977457e-22
0.049,0.058,0.0,8.401734674600155e-23,0.0,5.449472463157713e-22
0.049,0.016,0.0,6.243585584298122e-23,0.0,4.430685595313135e-22
0.049,0.152,0.0,4.300803115961733e-23,0.0,2.8182553508268923e-22
0.048,0.019,0.0,3.197832238026004e-23,0.0,2.2953904405095707e-22
0.048,1.031,0.0,2.2018558363346867e-23,0.0,1.4574921290386422e-22
0.047,0.322,0.0,1.6381056521693046e-23,0.0,1.1891652352252898e-22
0.048,0.483,0.0,1.1274209475484085e-23,0.0,7.537582801311899e-23
0.051,0.226,0.0,8.392510542047858e-24,0.0,6.160668497723668e-23
0.056,0.011,0.0,5.773516527820032e-24,0.0,3.898144858189638e-23
0.063,0.024,0.0,4.3003596565454846e-24,0.0,3.1916368929900347e-23
0.068,0.004,0.0,2.9569979946943693e-24,0.0,2.0159690096919465e-23
0.07,0.044,0.0,2.2038382434412627e-24,0.0,1.6534806357078074e-23
0.068,0.093,0.0,1.5146670284108992e-24,0.0,1.042580816231179e-23
0.064,0.178,0.0,1.1295770840245144e-24,0.0,8.566131757114198e-24
0.059,0.216,0.0,7.759577482183355e-25,0.0,5.3918227569355086e-24
0.055,1.032,0.0,5.7904515848632275e-25,0.0,4.437827196051536e-24
0.051,0.452,0.0,3.9756943252772983e-25,0.0,2.7884411634679636e-24
0.048,0.266,0.0,2.968715596989946e-25,0.0,2.2990902772176834e-24
0.045,0.15,0.0,2.0372351882386132e-25,0.0,1.4420733901391358e-24
0.044,0.436,0.0,1.5222415012454492e-25,0.0,1.1910820032139699e-24
0.043,1.053,0.0,1.0440514423690263e-25,0.0,7.4578430765999415e-25
0.043,1.64,0.0,7.806503252599758e-26,0.0,6.170597758101227e-25
0.044,1.783,0.0,5.351240368494715e-26,0.0,3.8569065718512977e-25
0.047,1.815,0.0,4.003932851408588e-26,0.0,3.1967797461232247e-25
0.052,2.556,0.0,2.7430779723624377e-26,0.0,1.9946421708262987e-25
0.058,1.939,0.0,2.0538726960133915e-26,0.0,1.65614437238942e-25
0.066,2.097,0.0,1.4062815840716625e-26,0.0,1.0315514040904886e-25
0.059,1.968,0.0,1.0536976377609318e-26,0.0,8.579928558325224e-26
0.065,4.244,1.4554000336638944,7.2103474504745e-27,0.0,5.33478292419913e-26
0.069,2.013,0.0,0.07157971280223144,0.06894044798273957,0.07573073323474429
0.074,0.349,0.0,0.09504066086412277,0.09058216092101509,0.0994057067212339
0.08,0.209,0.0,0.09563768395514917,0.09139944141148905,0.09993700999747422
0.085,0.72,0.0,0.08577697530818157,0.08083025577314723,0.09068550101485826
0.084,0.334,0.0,0.07170836420788305,0.06586532276167628,0.07624879186342803
0.08,0.307,0.0,0.05714232862713376,0.05095306226307965,0.06153295690542189
0.075,1.796,0.0,0.04391839512732515,0.03801936502132781,0.04825531965454216
0.07,1.698,0.0,0.03271894230968073,0.026968344152005757,0.036542764205909385
0.064,0.108,0.0,0.02373880364600043,0.01861838582369447,0.027142988237302802
0.059,0.026,0.0,0.016804440032968073,0.01264612813634887,0.019854353463686487
0.056,0.021,0.0,0.011702173521256558,0.008316046216249994,0.01413401170781606
0.054,0.063,0.0,0.007963149681290218,0.005428876253919455,0.009833487736806253
0.05,0.022,0.0,0.005314728847510465,0.003409716933498332,0.006771129592762617
0.046,0.017,0.0,0.0034933625259771076,0.002094427658341234,0.004553944472835856
0.044,0.035,0.0,0.002267596069921482,0.0012776848720040782,0.0030331480179106615
0.043,0.469,0.0,0.001451063837616927,0.000781096452622846,0.0020003349476664625
0.042,0.029,0.0,0.0009238402929153746,0.0004725095054009312,0.0013043814875568543
0.04,0.094,0.0,0.0005852616439828399,0.0002927782623130874,0.0008427515293751585
0.038,0.001,0.0,0.0003699598043692488,0.00017916282671359357,0.0005408587050777148
0.037,0.007,0.0,0.00023558619370490303,0.00011038890198915879,0.00035060168393148867
0.036,0.057,0.0,0.00014962570676426608,6.959599617920387e-05,0.00022402562452839762
0.034,0.024,0.0,9.605126769832938e-05,4.4428753034375086e-05,0.00014606318679095894
0.033,0.012,0.0,6.295520907806185e-05,2.7682243456715864e-05,9.533932032895466e-05
0.032,0.007,0.0,4.059979983247376e-05,1.7829521622519763e-05,6.26373277720572e-05
0.031,0.186,0.0,2.666290811928567e-05,1.1612648893865193e-05,4.147600108482822e-05
0.031,0.156,0.0,1.759197046278037e-05,7.453134177325316e-06,2.7675338784630563e-05
0.03,0.085,0.0,1.1675209442278176e-05,4.952326642828656e-06,1.8392840571144898e-05
0.03,0.046,0.0,7.738304391392215e-06,3.0904881813149384e-06,1.2416543266052215e-05
0.03,0.002,0.0,5.166969983832651e-06,2.0712683354161604e-06,8.371704003784654e-06
0.025,0.274,0.0,3.4480929747029e-06,1.327861289227337e-06,5.627167803403812e-06
0.025,0.593,0.0,2.30874965563845e-06,8.8914809519665e-07,3.8730123494915e-06
0.025,1.522,0.0,1.5463591257720176e-06,5.326280796572803e-07,2.6107371922948154e-06
0.025,0.587,0.0,1.0450038195320239e-06,3.6583488093159077e-07,1.7733238850179289e-06
0.025,2.027,0.0,6.995243644998419e-07,2.3293112162446045e-07,1.208339080207484e-06
0.025,0.903,0.0,4.691320535518148e-07,1.5660562302541703e-07,8.156266981120316e-07
0.027,0.168,0.0,3.174443509712945e-07,1.0627267493371084e-07,5.640233661715217e-07
0.028,0.217,0.0,2.149446797780051e-07,6.74514046751521e-08,3.848370418019666e-07
0.028,0.464,0.0,1.4453125619267775e-07,4.542786091780338e-08,2.6365276822238907e-07
0.028,0.163,0.0,9.78979729309669e-08,2.8571221489974668e-08,1.7960286940323662e-07
0.028,0.442,0.0,6.610978422960314e-08,1.7184507504863082e-08,1.2045019627556273e-07
0.026,0.077,0.0,4.474845330246619e-08,1.2003359688994935e-08,8.419230928781898e-08
0.026,0.005,0.0,3.038220456484769e-08,7.251916027837235e-09,5.741243878394665e-08
0.027,1.229,0.0,2.0660419244493243e-08,4.7716583461889555e-09,3.9735024527204284e-08
0.028,0.015,0.0,1.3942091668775713e-08,2.9243345948601294e-09,2.6981961338194203e-08
0.029,0.019,0.0,9.570991042878668e-09,1.7246714974220476e-09,1.877367934432118e-08
0.029,1.397,0.0,6.5494415721093745e-09,5.362266162725259e-10,1.2724970978287553e-08
0.028,0.438,0.0,4.472612885102894e-09,0.0,9.130475503368317e-09
0.027,1.4,0.0,3.0407149234578386e-09,0.0,6.316830352444873e-09
0.025,0.64,0.0,2.128459911637842e-09,0.0,4.929610203485991e-09
0.025,1.057,0.0,1.4617262811668045e-09,0.0,3.4551832901293095e-09
0.025,0.704,0.0,1.0447867390870133e-09,0.0,2.6657471920372833e-09
0.025,0.766,0.0,7.499673304524485e-10,0.0,2.074974177598997e-09
0.026,1.034,0.0,5.413055162385217e-10,0.0,1.6873622691354677e-09
0.027,7.329,3.9562230280424426,4.1547941479652647e-10,0.0,1.4120931329510488e-09
0.03,6.17,2.7005193146624054,0.19457558174766426,0.1874012505689958,0.2058593261918897
0.041,5.068,1.3567619379905764,0.39850893231060935,0.38515696040397523,0.4166448821323811
0.053,0.454,0.0,0.5290771260879137,0.5057529570896366,0.5475466577400013
0.063,0.469,0.0,0.5477564249424267,0.5205519063775839,0.5671567221256685
0.07,5.393,1.7421131104051324,0.5079803867545565,0.484141341725662,0.5324074924552856
0.067,7.719,4.353403005450407,0.527008302327498,0.49820510400949514,0.5479016145572296
0.067,11.322,8.18967691945928,0.7036836378509778,0.6767922917697022,0.7237717314171142
0.072,4.252,1.0320339250776578,1.1361291798278068,1.103911760542058,1.1611389799514737
0.085,5.192,1.7543347233521924,1.3154885036527388,1.2625484569829857,1.3632883873354216
0.103,1.159,0.0,1.3900686715798118,1.3384609238745355,1.4391778677627312
0.123,0.402,0.0,1.3142730825488993,1.2321412445691127,1.3712369837083789
0.134,0.554,0.0,1.1681904523563311,1.0799615197710526,1.2315819215888797
0.125,0.943,0.0,0.9955767799145938,0.9018767827251368,1.0610690633798152
0.111,0.576,0.0,0.8163522073525716,0.7188622663626437,0.8840321422729518
0.095,0.447,0.0,0.6534455126832796,0.5531793346532341,0.7173807880474758
0.08,1.007,0.0,0.5111979128673005,0.42850025253250473,0.5707935625473031
0.07,1.939,0.0,0.3933325727604051,0.31830985981355775,0.4454461167975137
0.062,0.657,0.0,0.2955733525335404,0.2315920687176911,0.34168351160838945
0.056,2.712,0.0,0.21779795394077472,0.16484883014766832,0.25890591229497145
0.051,6.054,2.798612188675889,0.15806726072958194,0.11166304278117996,0.19148142417930947
0.054,4.344,0.8951183341759683,0.2504691043161964,0.22265951565555417,0.27233239217999483
0.062,3.664,0.205945927242134,0.31511300410515175,0.29067775953869546,0.3327946541110476
0.075,1.236,0.0,0.32749677537911975,0.3049755133848002,0.34612801964714396
0.09,0.305,0.0,0.30315064288963084,0.2768681156274807,0.324606697275436
0.101,0.395,0.0,0.2615217700577342,0.23600296843950638,0.2796810912032243
0.102,0.611,0.0,0.21564111667650132,0.18901698542750672,0.23523492963675963
0.095,0.239,0.0,0.17131765164146753,0.1454597225418111,0.18935136222400586
0.085,0.22,0.0,0.13226406112731973,0.1094104880331738,0.1482288649596923
0.075,0.054,0.0,0.09957039508687603,0.07985302421598142,0.11386748669918753
0.068,1.735,0.0,0.07344263158458154,0.05617333769739416,0.08560829480598368
0.065,3.156,0.0,0.05283577720392409,0.0392550990487265,0.06290186876968187
0.063,1.875,0.0,0.03739665017277628,0.02607557075562717,0.04572568596201765
0.068,3.574,0.30735054751852875,0.025866984616973464,0.017088957547981832,0.03234060574144924
0.076,2.607,0.0,0.0326993171412747,0.027256604496536857,0.0372144982942892
0.085,5.348,2.046096750051166,0.03174154361877622,0.02707823590176658,0.03541037745672616
0.091,9.366,6.226026715901543,0.12808472445032965,0.12552106079853706,0.13066879159931408
0.103,6.189,3.1675830987891196,0.4660193258291886,0.4530150357078853,0.48677264819248994
0.114,4.38,1.1566682245874311,0.7482471303588495,0.7248602664930913,0.7752240306987558
0.139,4.611,1.597437222057112,0.8845344136435797,0.8547657609662829,0.9182548606854856
0.171,7.354,4.545432532163916,0.9570035693889093,0.9085949193730625,0.9922817573753645
0.202,14.679,12.092469508357329,1.1373294253081536,1.0945660245559101,1.1745426610349918
0.241,7.507,4.682603881979997,1.732598878387605,1.6798600372928347,1.7784158974606779
0.277,6.577,3.6061877353817713,2.141086280307404,2.0639180231248058,2.212853409516991
0.342,5.23,2.4519037516791444,2.367041237049565,2.2537617395117633,2.4601167855844666
0.43,7.248,4.319126228712876,2.422790086905695,2.3078403717754585,2.5144851854131214
0.509,7.608,4.847780809178553,2.4791075766701516,2.3294874062905144,2.5864084460386954
0.561,8.558,5.917296161716365,2.5642261564749296,2.4260460488820406,2.690166170711999
0.622,9.869,7.028509030034334,2.6991161348593624,2.540713919677691,2.8133972225812625
0.721,6.836,3.9324937959399855,2.9139766097194673,2.7521172415572948,3.035807918260578
0.829,9.426,6.385089238837688,3.00151409227074,2.8262334433842815,3.1436964487353793
0.89,5.559,2.7764124585458876,3.136455291913775,2.9393306235261134,3.2801148914594553
0.875,5.637,2.898317684720903,3.1031680480216557,2.8991690499388834,3.2589964958223643
0.779,4.471,1.749405920543353,2.9958677035170362,2.7908176679897725,3.1702874110410972
0.704,5.48,2.434461493015658,2.7945804841011888,2.534292364204345,2.9708126338432668
0.657,6.237,3.225053692071627,2.602965844735164,2.3787404776252226,2.7728138121234682
0.666,9.833,6.825104604918414,2.4513677903024655,2.2191993260951057,2.6159854512826386
0.695,8.031,5.18046269908418,2.5121384644483316,2.27167741701961,2.6871250732533425
0.709,7.817,4.926137660570243,2.6137458914438256,2.4012514252536508,2.768139642067519
0.745,6.907,4.127167957808146,2.70759030531191,2.507884534600275,2.8739265944379158
0.812,8.558,5.685983648741167,2.753446891020397,2.5437708905057,2.9178973521630907
0.913,6.355,3.504911222392796,2.848216323546032,2.6316909145404077,3.001385663196177
1.02,9.472,6.611794631527857,2.856078558132814,2.6525601886271466,3.018461782705639
1.14,8.582,5.922861871322807,2.964377531065241,2.744418810686566,3.1217976304499206
1.23,11.048,8.301315669893588,3.084986607816057,2.8658307285540747,3.2593610095299876
1.29,8.462,5.61296548605232,3.332868080697717,3.1247724836319577,3.4915115403411123
1.344,6.099,3.371002153161445,3.500568340574664,3.2774555294237286,3.6801903964431184
1.43,4.785,1.7668083379659048,3.497439234734856,3.263241928139598,3.6980680861008657
1.468,6.889,4.012408307953641,3.307925294516296,3.02824453049095,3.4934264640378774
1.512,4.619,1.6857134770297324,3.167421407208538,2.8956479715611287,3.3681045184708474
1.494,13.312,10.41003597755094,2.9297327610062216,2.6437880091696324,3.1289803925246127
1.418,8.113,5.297665657619544,3.0955008025649278,2.855136099704411,3.271878573813068
1.299,5.858,2.9022238987822955,3.2062904885805437,2.948468614629176,3.40053386324632
1.219,3.842,0.9041843213652938,3.1702261588133367,2.93030650697919,3.3657414127342027
1.163,5.118,2.4302407886517696,2.95535636805623,2.6934477944538373,3.152718439214532
1.13,8.408,5.7126549137293825,2.7302199829254046,2.436955514433482,2.9230831916132787
1.117,4.122,1.303027411367665,2.689989893487253,2.412983746879455,2.8895377922364602
1.113,5.344,2.5723612893437213,2.5209092527572334,2.2608545590673903,2.7027875564001227
1.113,7.806,4.830867182393051,2.361404194591143,2.1150161013425057,2.5425467023676576
1.128,3.393,0.2889369671373072,2.332514644460118,2.0993416773334634,2.508053313415674
1.137,5.72,2.712618130019101,2.149419225341747,1.9064108958323112,2.312912986295311
1.128,7.608,4.844891045924888,2.015539798552122,1.798231958211202,2.1645263809847415
1.102,7.477,4.710727160526729,2.026040868358573,1.827292569655539,2.165458813395902
1.081,8.48,5.922857910518176,2.102885202577991,1.9236224111619358,2.2367202477094863
1.083,5.475,2.8515460043787355,2.270838334279528,2.0653769267432622,2.400903349649774
1.139,3.35,0.6623604448793246,2.320941366673165,2.143572179746967,2.4494469952224978
1.283,6.042,2.8419663388229046,2.2002523703020094,2.028079372749276,2.3323641886829556
1.51,6.703,4.03242616175732,2.108917204703722,1.927734084843615,2.24462288490679
1.7,7.189,4.4277123167336905,2.0899493952619004,1.9154366535257148,2.220162524359045
1.829,8.737,6.158859331034076,2.1350922256146534,1.9664678081532654,2.2538483037861305
1.912,7.942,5.336525311084271,2.297624731599404,2.1367550212107163,2.415136883727515
1.967,9.674,6.787124147357959,2.4631700786865447,2.3130272145168234,2.5939889872965054
2.017,6.048,3.176307833618336,2.7018003634122345,2.549325792951183,2.8246365669767806
2.051,4.148,1.1239205762781515,2.781063544402573,2.5983321713801946,2.9236969937662707
2.037,7.26,4.561598768664027,2.6649767077591897,2.4631711161686236,2.8048847114383455
1.971,3.207,0.3133459612342806,2.623354319784268,2.4296362007390684,2.7748635808277684
1.899,1.566,0.0,2.416875496424078,2.222733988655241,2.559123093942453
1.7,14.457,11.710964253621306,2.1178910766974166,1.9253626742755046,2.277082825645011
1.644,4.896,2.0466545629593114,2.3668134243125385,2.189265081056799,2.5048175300121516
1.631,4.216,1.1916313146449697,2.4194690465717357,2.250917757747564,2.5489041851994587
1.671,4.479,1.2858695141730743,2.3159722737371586,2.133429442384577,2.4564672669108694
1.748,4.569,1.2886583074771836,2.1470977230529575,1.95064298332439,2.2888752885328723
1.835,3.695,0.587899366812112,1.952074905005561,1.7466316662507455,2.09223033787893
1.853,3.86,0.6515776498816281,1.7220369266089826,1.5178883479416378,1.851652196540069
1.849,3.53,0.360737697412401,1.4926778922059911,1.3184095398822853,1.6185653375876028
1.807,1.789,0.0,1.2654917989729015,1.0895806151483307,1.3890305638576297
1.717,2.533,0.0,1.0418599917140476,0.8887993576466738,1.1551339513343066
1.65,5.496,2.60923326351318,0.8384456460614126,0.7021298200020102,0.939734497348545
1.635,6.756,3.8654092457944045,0.7851228092370095,0.6692313985132151,0.8738149722790475
1.768,3.062,0.3880749008205808,0.8813076271394129,0.7849598269336304,0.9503199778412528
1.961,1.8,0.0,0.8751541274723359,0.7941686607623859,0.9419574775998077
2.07,0.515,0.0,0.7969893836448865,0.7112573031213789,0.8602784127900573
2.072,1.883,0.0,0.6868247862970166,0.6097440977631337,0.7453762898414095
1.979,3.902,1.101081424396798,0.5703136678008424,0.49440823635384595,0.6260317396648066
1.849,4.282,1.4602532266156016,0.5124653955134456,0.44661560284645957,0.5621900034464153
1.723,4.311,1.5941417127261261,0.5085775627564089,0.453104020387571,0.5512654683696352
1.686,3.107,0.40092791651058457,0.537117439976809,0.4870951827872812,0.5758266709768534
1.807,3.205,0.39309669408676173,0.525492657096917,0.47923561344395177,0.5614087922184303
1.993,1.84,0.0,0.48922415422692167,0.44313847761294917,0.5244740835836262
2.171,2.94,0.07998445702897561,0.42719614111991633,0.3804012160678911,0.4614028656413321
2.266,2.573,0.0,0.36043339485882275,0.31506105552228747,0.39326062916835547
2.315,5.116,2.037036663056677,0.29277628463446004,0.2492668684360689,0.32326472892139646
2.331,5.005,2.294396352201239,0.33024717287568506,0.2974121208088157,0.35433509072350805
2.362,9.874,7.177565930039148,0.4309040833978434,0.4053443675514589,0.4507663311725937
2.394,7.702,4.894585707082362,0.7942515199441798,0.7728896436417527,0.8103547545188259
2.429,7.332,4.473495356919292,1.1557726202389733,1.1221011363690923,1.1878039954905237
2.454,4.479,1.8989354825484241,1.467939495887603,1.422249986278779,1.5049961705625532
2.462,3.435,0.749037372294675,1.6062464237025518,1.5382089515074844,1.6592883833623933
2.332,3.34,0.7357963331042585,1.5878633909033744,1.514883736938236,1.6516137433386753
2.353,1.119,0.0,1.4854501583514292,1.401690299558799,1.552793507780307
2.3,1.981,0.0,1.3113069933936388,1.2207697069661267,1.38522107239385
2.132,5.607,2.9849977456504795,1.1107498141082421,0.996474081042571,1.1870355840083509
2.006,0.682,0.0,1.0606053154272652,0.9566825472952101,1.1292687306046145
1.894,1.998,0.0,0.9409491006034527,0.8495674044785084,1.0131815081717401
1.72,0.109,0.0,0.803055621703354,0.7047934006745901,0.871103121882918
1.549,0.041,0.0,0.6579254281198523,0.56152253239101,0.7232878492672865
1.427,0.0,0.0,0.5256009256115535,0.44324653299411915,0.5854372592839701
1.296,0.001,0.0,0.41351284638437497,0.33209330604620496,0.464784441885196
1.173,0.01,0.0,0.3130153019545185,0.24587739076036655,0.3613198672377992
1.036,0.178,0.0,0.23454110382400734,0.1765511142484562,0.27585424320057905
0.886,0.002,0.0,0.17273003936815837,0.12470003002295837,0.20719625479276815
0.787,0.569,0.0,0.12482285317140387,0.08687775878082338,0.15307615802331903
0.719,0.001,0.0,0.08834654725332632,0.05806937069483149,0.11089279732562964
0.676,1.893,0.0,0.06161540179156579,0.03722937571223645,0.0793655151123221
0.631,1.738,0.0,0.0420746219495596,0.024286039683298854,0.055417552863893334
0.598,1.074,0.0,0.02830695119708438,0.015340780175822865,0.03833586667883329
0.579,2.035,0.0,0.018695558710341644,0.009697998130003892,0.026011077326839386
0.564,2.232,0.0,0.012108097699787122,0.005777067169331434,0.017307779023484418
0.544,1.678,0.0,0.007696829767276554,0.0036150710594366397,0.011411557852443814
0.529,2.512,0.08561041636701816,0.0048245398387088845,0.002156790177880129,0.007343269871682513
0.523,2.666,0.041177576240145175,0.007171228172404988,0.005659985331695468,0.008714714145983222
0.523,7.039,4.676954313544831,0.009121340732082466,0.008059433842594102,0.010194401771289855
0.545,2.697,0.3704558497013868,0.23868510492018266,0.2309756214447174,0.2512693495389512
0.579,0.627,0.0,0.34217569940865267,0.32839108239660786,0.35602169465278155
0.603,0.45,0.0,0.3613585582527311,0.34635982651560726,0.3769826632241182
0.616,0.084,0.0,0.3372690656670853,0.32093547565664127,0.35238007934136295
0.602,0.009,0.0,0.2931098467945967,0.2754303231945306,0.30789783562366246
0.574,0.033,0.0,0.24275511149333326,0.21941837619705415,0.25773098724000837
0.527,0.013,0.0,0.19363695218762228,0.1702431960212925,0.20997529237186738
0.47,0.055,0.0,0.15054373909029237,0.12873660126831837,0.1652565091070917
0.413,0.027,0.0,0.11387290018663003,0.09362130419625181,0.12788498005829657
0.373,0.546,0.0,0.08433039945691266,0.06642756331233232,0.09617702768167039
0.342,1.628,0.0,0.06103953971426715,0.045937672237027695,0.07150805024425456
0.318,0.224,0.0,0.04325786131103118,0.030665187580312833,0.052003337913164215
0.306,0.862,0.0,0.0300860248479496,0.02024551657480184,0.03702807354361715
0.324,0.427,0.0,0.0205850463627772,0.013278230588009303,0.026170116745416284
0.343,0.27,0.0,0.013800953512365948,0.008263369751434007,0.018026884235546575
0.358,0.03,0.0,0.009079074683492679,0.005118499769381254,0.012137928076616032
0.361,0.067,0.0,0.005885369677478183,0.0032037967875643896,0.008086244769988897
0.349,0.05,0.0,0.0037622997463269622,0.0019236133710132939,0.005345369791569942
0.332,0.225,0.0,0.002363236982948222,0.0011207180941783582,0.003459098984634099
0.308,0.007,0.0,0.001471866475328507,0.0006616254973693649,0.0022210357409535196
0.288,0.02,0.0,0.0009134157127484775,0.0003882788070735382,0.0014126345901153635
0.267,0.151,0.0,0.0005669049112508351,0.00024086796981775022,0.0008883869166111668
0.249,0.063,0.0,0.0003521105893831024,0.00014965487007775573,0.0005587203867982307
0.238,0.156,0.0,0.00022000808084181528,9.059230914889752e-05,0.00035074918956045774
0.23,0.094,0.0,0.00013957017318825247,5.531576743213226e-05,0.00022581210817912537
0.224,0.816,0.0,8.882592070170412e-05,3.69270417514126e-05,0.0001427813407051163
0.224,4.514,2.176862158989478,5.697912042794046e-05,2.1699412743726536e-05,9.386916310846561e-05
0.242,0.988,0.0,0.10709991814951361,0.10317520578142501,0.11328678579997865
0.286,0.068,0.0,0.14383178618044393,0.13767318611118878,0.14954862357479012
0.355,0.459,0.0,0.146244204933557,0.1399408308773905,0.15322312077886682
0.404,0.148,0.0,0.13228407496168634,0.12270579558172891,0.13997106904358958
0.422,0.069,0.0,0.11208040851868682,0.10329082933324985,0.11933847135050202
0.389,0.038,0.0,0.09029565102168638,0.08129744656613284,0.09666125508244085
0.354,0.115,0.0,0.07028282162464299,0.06054132089194863,0.07677543096293557
0.307,0.535,0.0,0.053088257877015495,0.04387836097782292,0.05931114486415984
0.27,1.62,0.0,0.0390025300925092,0.031392287549350736,0.04441470673707936
0.241,1.389,0.0,0.028028535266537796,0.021568295347033768,0.03262641688134156
0.222,0.855,0.0,0.019723834196127776,0.014414355990827047,0.02355770364663049
0.205,0.731,0.0,0.013571651873862969,0.009387746646773068,0.01666999285933274
0.2,0.271,0.0,0.009161850376704523,0.005847920864731575,0.01153100016467217
0.2,0.344,0.0,0.006090931195883053,0.003765129881240706,0.007890676678337715
0.2,0.218,0.0,0.0039805537836977885,0.0022784933548921234,0.005316658302751957
0.197,0.055,0.0,0.0025740404655741475,0.0013987131087528004,0.0035002918301205482
0.188,0.081,0.0,0.001630719464154915,0.0008404941281257234,0.002290731229787768
0.181,0.0,0.0,0.0010307593227816482,0.0005077498633945171,0.001482687628084286
0.177,0.105,0.0,0.0006506441316258076,0.0003080809169670398,0.0009574813915342451
0.181,0.016,0.0,0.00040798518349047187,0.00018811858418142706,0.0006100887470600881
0.185,0.236,0.0,0.00025830678357820983,0.00011819352323385029,0.0003935431625916018
0.185,0.454,0.0,0.00016377536929365515,7.179281321043712e-05,0.00025337341172629036
0.179,0.197,0.0,0.00010441290622676606,4.5125167891166856e-05,0.00016167014380970857
0.17,0.367,0.0,6.761148395255449e-05,3.0138689457658867e-05,0.00010534424190306961
0.16,0.522,0.0,4.394618935118915e-05,1.9341241027843473e-05,6.899547350479717e-05
0.153,0.468,0.0,2.8765120170511444e-05,1.1810384098848119e-05,4.52060651068025e-05
0.146,0.357,0.0,1.897108520496485e-05,7.907078788237064e-06,3.056180718720768e-05
0.141,0.262,0.0,1.256199651221195e-05,5.175526425281342e-06,2.0170024401860607e-05
0.136,0.858,0.0,8.325941636845538e-06,3.2998595854927553e-06,1.3652330609691739e-05
0.133,0.117,0.0,5.566040689192526e-06,2.1098716697058037e-06,9.143804655443203e-06
0.133,0.122,0.0,3.7164462417875984e-06,1.4437251766910115e-06,6.179956713444894e-06
0.135,0.176,0.0,2.4945251534145507e-06,9.152891147073458e-07,4.139321958146292e-06
0.137,0.283,0.0,1.6661775968128375e-06,5.832088240538135e-07,2.841283587307031e-06
0.141,0.146,0.0,1.1199621849347673e-06,3.834115579212276e-07,1.929102274815165e-06
0.149,0.197,0.0,7.537486648623428e-07,2.504205395872827e-07,1.3113306771475077e-06
0.161,0.06,0.0,5.069916874232977e-07,1.6230460163246508e-07,8.943634654236631e-07
0.175,0.013,0.0,3.4192173221509276e-07,1.0715810304666325e-07,6.043917104819445e-07
0.181,0.053,0.0,2.3010802801423408e-07,7.083560092685501e-08,4.193064670866569e-07
0.174,0.002,0.0,1.5620129740109948e-07,4.564382267025862e-08,2.875696979042477e-07
0.161,0.001,0.0,1.0541173549698146e-07,2.9501986314301277e-08,1.9443647423542792e-07
0.153,0.0,0.0,7.100271951538877e-08,1.948205184345825e-08,1.3249695220686968e-07
0.14,0.0,0.0,4.8475400793121746e-08,1.2660837810348623e-08,9.045142204652239e-08
0.127,0.0,0.0,3.258208065833474e-08,7.955318773413325e-09,6.275927526321044e-08
0.114,0.012,0.0,2.2294345704673624e-08,5.200031173354896e-09,4.277909556835826e-08
0.108,0.0,0.0,1.5002435659641625e-08,2.9300120693958337e-09,2.9480067846698017e-08
0.103,1.116,0.0,1.030190979058958e-08,1.6494608713053445e-09,2.0659940400775325e-08
0.1,0.868,0.0,6.969068445095402e-09,9.01544206855772e-10,1.4047625792027702e-08
0.096,1.032,0.0,4.784919871672873e-09,0.0,9.776626230751199e-09
0.093,0.19,0.0,3.2537106356471948e-09,0.0,6.812543431352482e-09
0.092,1.48,0.0,2.291091564381242e-09,0.0,4.9772183212595374e-09
0.09,0.961,0.0,1.5381694492342515e-09,0.0,3.4795795220493148e-09
0.09,1.549,0.0,1.1537412745245227e-09,0.0,3.1306821792297108e-09
0.09,1.794,0.0,7.70372499648126e-10,0.0,2.2857017854011744e-09
0.089,2.142,0.0,6.132424362427888e-10,0.0,1.874234261916716e-09
0.088,1.211,0.0,4.0277848017473615e-10,0.0,1.3733947330790745e-09
0.089,0.545,0.0,3.422698316799647e-10,0.0,1.1424841132652929e-09
0.09,1.158,0.0,2.2078710872613805e-10,0.0,8.379086219228671e-10
0.092,0.062,0.0,1.9012787806380543e-10,0.0,6.640903846101327e-10
0.093,0.033,0.0,1.2155546767524513e-10,0.0,4.783078092942486e-10
0.093,0.025,0.0,1.0110616993360009e-10,0.0,3.6874874837172796e-10
0.092,0.001,0.0,6.488442626737103e-11,0.0,2.602424444938732e-10
0.09,0.0,0.0,5.281670352807764e-11,0.0,1.9606176358126686e-10
0.089,0.0,0.0,3.328183585579114e-11,0.0,1.3698374431303347e-10
0.087,0.014,0.0,2.7228744479740526e-11,0.0,1.0149384825691316e-10
0.085,0.0,0.0,1.6964955963730095e-11,0.0,7.10556666618851e-11
0.083,0.005,0.0,1.3881144872823238e-11,0.0,5.2539572497327647e-11
0.082,0.01,0.0,8.622157645989675e-12,0.0,3.675071423927382e-11
0.08,0.011,0.0,7.061232323246358e-12,0.0,2.71977733395298e-11
0.079,0.087,0.0,4.383109961242878e-12,0.0,1.9007843576819275e-11
0.077,0.0,0.0,3.5928872069471443e-12,0.0,1.4079270919352938e-11
0.076,0.0,0.0,2.2286945368584666e-12,0.0,9.831050224066116e-12
0.072,0.079,0.0,1.8285746840413895e-12,0.0,7.28831243987975e-12
0.071,1.044,0.0,1.1334937249253273e-12,0.0,5.0847192697964674e-12
0.071,0.899,0.0,9.308636392222216e-13,0.0,3.7728870028124056e-12
0.07,0.507,0.0,5.76616038379875e-13,0.0,2.629868576042628e-12
0.07,0.437,0.0,4.739820788698433e-13,0.0,1.953082618777572e-12
0.07,0.002,0.0,2.9339452198940524e-13,0.0,1.3601948034065796e-12
0.07,0.004,0.0,2.4140071524440515e-13,0.0,1.0110378910785157e-12
0.072,0.005,0.0,1.493185106430805e-13,0.0,7.035066011089741e-13
0.076,0.204,0.0,1.229742780692027e-13,0.0,5.233765372377124e-13
0.083,0.554,0.0,7.600993585694268e-14,0.0,3.638607768431339e-13
0.087,0.395,0.0,6.265957813423317e-14,0.0,2.7093247676604853e-13
0.092,0.144,0.0,3.8700882956892425e-14,0.0,1.8819249843849304e-13
0.096,0.042,0.0,3.19342337501221e-14,0.0,1.4025161962453505e-13
0.101,0.097,0.0,1.9708969404398646e-14,0.0,9.733507628204005e-14
0.101,0.566,0.0,1.6278703313976275e-14,0.0,7.260302292550078e-14
0.097,2.353,0.0,1.0039180317969133e-14,0.0,5.0342692476346076e-14
0.091,0.812,0.0,8.299957155935473e-15,0.0,3.758387215738447e-14
0.086,0.497,0.0,5.114729555990799e-15,0.0,2.6037753117231293e-14
0.083,0.357,0.0,4.232754879828254e-15,0.0,1.9455766309359366e-14
0.082,0.003,0.0,2.606369460285512e-15,0.0,1.346699101844909e-14
0.083,0.003,0.0,2.1590372556386986e-15,0.0,1.0071523268822575e-14
0.084,0.012,0.0,1.3284248315679278e-15,0.0,6.965264870680755e-15
0.083,0.001,0.0,1.1015024210486833e-15,0.0,5.213651285531273e-15
0.08,0.085,0.0,6.772118280107855e-16,0.0,3.60250590903309e-15
0.076,1.632,0.0,5.620793897663192e-16,0.0,2.6989124705160573e-15
0.073,1.047,0.0,3.453007204928848e-16,0.0,1.8632527357020353e-15
0.073,0.329,0.0,2.8687675726530706e-16,0.0,1.3971261463409781e-15
0.076,0.161,0.0,1.7609811571949428e-16,0.0,9.6369328598397e-16
0.08,0.001,0.0,1.464458951333919e-16,0.0,7.2324000558162635e-16
0.082,0.001,0.0,8.982456028446852e-17,0.0,4.984319795678349e-16
0.082,0.007,0.0,7.477249082134501e-17,0.0,3.743943289820031e-16
0.07,0.001,0.0,4.582659250577254e-17,0.0,2.5779409473949145e-16
0.067,0.078,0.0,3.818457782333395e-17,0.0,1.9380995602611005e-16
0.065,0.008,0.0,2.3384120059576934e-17,0.0,1.333337305986654e-16
0.06,0.003,0.0,1.9503581052313342e-17,0.0,1.0032817319885119e-16
0.058,0.0,0.0,1.1934505792985417e-17,0.0,6.896156304161749e-17
0.055,0.0,0.0,9.963678213977119e-18,0.0,5.193614688993975e-17
0.053,0.0,0.0,6.092096096605098e-18,0.0,3.56676225588063e-17
0.051,0.002,0.0,5.090996117710572e-18,0.0,2.6885402871171884e-17
0.05,0.333,0.0,3.1103332379876817e-18,0.0,1.844765754925401e-17
0.049,0.096,0.0,2.6017308914139825e-18,0.0,1.3917568617763428e-17
0.049,0.001,0.0,1.5882686196550169e-18,0.0,9.541316315892051e-18
0.048,0.001,0.0,1.3298337049174657e-18,0.0,7.2046053132415e-18
0.048,0.001,0.0,8.111792808655263e-19,0.0,4.934865947116796e-18
0.047,0.004,0.0,6.798396599056974e-19,0.0,3.729555009484018e-18
0.047,0.051,0.0,4.143664838029011e-19,0.0,2.5523629141730486e-18
0.047,0.07,0.0,3.476071658753347e-19,0.0,1.93065129515923e-18
0.048,0.001,0.0,2.1170265191777262e-19,0.0,1.3201080871784883e-18
0.048,0.001,0.0,1.777636246733988e-19,0.0,9.994260486294895e-19
0.049,0.007,0.0,1.0817849341142604e-19,0.0,6.827733439603057e-19
0.049,0.0,0.0,9.09217812563694e-20,0.0,5.17365528372385e-19
0.048,0.085,0.0,5.528757861560564e-20,0.0,3.5313732547422834e-19
0.048,0.173,0.0,4.6511759297154434e-20,0.0,2.678208062661785e-19
0.047,1.064,0.0,2.8260854781644865e-20,0.0,1.8264622037703803e-19
0.046,0.591,0.0,2.3797226465401998e-20,0.0,1.3864082624164197e-19
0.045,0.332,0.0,1.444818135103649e-20,0.0,9.446648488566552e-20
0.045,0.163,0.0,1.217748596585288e-20,0.0,7.176917649997927e-20
0.046,1.091,0.0,7.387718517788973e-21,0.0,4.885902784422257e-20
0.046,0.669,0.0,6.2324046313292865e-21,0.0,3.715222159990156e-20
0.047,0.33,0.0,3.7781210699131324e-21,0.0,2.527038668662367e-20
0.047,0.12,0.0,3.1902106968495077e-21,0.0,1.9232317244676485e-20
0.041,0.856,0.0,1.932452820007096e-21,0.0,1.3070101299506552e-20
0.041,0.729,0.0,1.6332318636764845e-21,0.0,9.955852192605949e-21
0.041,1.042,0.0,9.885725820867698e-22,0.0,6.75998947326176e-21
0.041,0.677,0.0,8.362576870498658e-22,0.0,5.153772771834905e-21
0.043,1.961,0.0,5.057943832941804e-22,0.0,3.4963353866532535e-21
0.046,0.454,0.0,4.282479280140207e-22,0.0,2.6679156429458523e-21
0.053,1.336,0.0,2.588239026870956e-22,0.0,1.808340262192714e-21
0.057,1.981,0.0,2.1933723882475334e-22,0.0,1.3810802684357964e-21
0.064,1.247,0.0,1.3246430602985594e-22,0.0,9.352919964409817e-22
0.07,1.107,0.0,1.1235451523081973e-22,0.0,7.149336652860427e-22
0.077,8.584,4.900050068943708,6.780420762420327e-23,0.0,4.837425438861229e-22
0.086,4.87,1.4048090318378321,0.2409950312894831,0.23210913774710434,0.25497071322300335
0.108,7.252,3.7933570639649803,0.39919902474490637,0.3848188690134245,0.4176318750899241
0.153,8.447,5.121554620605465,0.6283640903448132,0.6042848114572428,0.6519445370777246
0.241,5.16,1.9127836645895546,0.9420831641362419,0.9117429284326428,0.9700315060012067
0.303,2.451,0.0,1.1173480720424023,1.071863382212623,1.156837384959481
0.309,7.479,4.124499448769963,1.1156911537132808,1.0655085627565615,1.1565971075621173
0.303,4.654,1.3374941983326951,1.2264782219536674,1.1758700621007008,1.2710456004563961
0.287,2.627,0.0,1.246280124899834,1.1789709097995549,1.2962089139750033
0.271,5.405,2.0245986865075936,1.1562713949483767,1.0842305677427688,1.2147671904777468
0.261,4.162,0.7995641577078487,1.1095959845091428,1.031335807550677,1.1662737045300533
0.275,4.243,0.7324288465753455,1.032727681020316,0.9438403867109488,1.0974472678351628
0.301,5.089,1.3961724894358807,0.9400405279152367,0.8493656297518037,1.000923164807675
0.313,3.426,0.0,0.8805720307773577,0.7922200370484084,0.9401855548240048
0.318,5.735,2.3202431694214183,0.7757037983219679,0.6893221597244641,0.8322637717619161
0.311,3.238,0.0,0.7653505181787356,0.6921857910992812,0.8195434733454442
0.303,6.779,3.5056780753061,0.6952652069825401,0.6149372406323563,0.74728742634017
0.308,3.398,0.0,0.7702199403071454,0.7125067968620219,0.8129824549114486
0.432,1.916,0.0,0.7421582428992606,0.6777714063639545,0.7893176147084301
0.541,9.652,6.383299375497391,0.6623882545172916,0.5913877325081224,0.7103082018298893
0.566,8.262,5.190229853147354,0.8775245663871669,0.8308606467217122,0.9127767909360875
1.042,1.87,0.0,1.1679907576007011,1.129643595954955,1.2059332977504222
1.094,1.07,0.0,1.2208110881093883,1.1508200422965862,1.2727066659434985
1.144,1.529,0.0,1.1457436845268554,1.0704530218263386,1.2090663921618854
1.232,4.108,0.829569732686184,1.0124411420024129,0.9314156029511628,1.0761085878728343
1.289,2.385,0.0,0.8988951885403837,0.806759738061452,0.9613224379527752
1.381,0.71,0.0,0.764665185519114,0.6779983913485996,0.8280632063738151
1.382,2.174,0.0,0.6256903868184434,0.5360034323303884,0.6867474833191057
1.161,0.725,0.0,0.49869474146691944,0.4178501082638841,0.5521276524619135
1.045,1.336,0.0,0.38879175785311226,0.3187784758264994,0.4388806321878152
0.879,5.197,1.7102911202922706,0.29583456375577,0.2343085703043802,0.3406458023674132
0.738,1.542,0.0,0.30519881627939205,0.25406926564782056,0.3406858706280192
0.6,0.899,0.0,0.2811986166080909,0.23781867842448898,0.31155916489695407
0.588,4.868,1.6936805329059297,0.2415118308505555,0.20673761601284757,0.2683886540757813
0.625,5.562,2.3216692603998523,0.28185882083413344,0.2532050729798346,0.303185246397699
0.763,4.752,1.3175639278472104,0.38840725970684964,0.3672948475296216,0.40471627401196586
0.99,5.154,1.7601792183889442,0.47044897250507917,0.44330145738733273,0.48907247884925525
1.654,5.861,2.457906078137583,0.5566196235232749,0.5335898065851076,0.5798178809114916
2.385,9.498,6.505763271645931,0.6704484329576388,0.6393147892505695,0.6939448164571057
2.402,4.873,1.654626148493906,0.9898305150260028,0.957818760474581,1.015555434384655
2.402,6.393,3.075080144910847,1.154964345098859,1.10390876575221,1.194314724516028
2.402,5.676,2.3975956150634223,1.2973869906764512,1.2525094742922354,1.3404247955001845
2.402,7.118,4.0408801594410715,1.3810400881627443,1.3317915623384389,1.4348214372308896
2.402,6.337,3.0500655361937117,1.5131315144362116,1.4482801880076739,1.5744357554949497
2.402,4.501,1.1572287170010784,1.609704035904455,1.5330477837860759,1.6686878658324202
2.402,6.229,3.1067193958025774,1.586539480045951,1.5022398557287377,1.6566360920946521
2.402,5.592,2.4109007834027967,1.602918176626194,1.513467059238518,1.6831853387191447
2.402,5.28,1.9687281001136756,1.5999364230455073,1.4990306440781933,1.6752231573619214
2.402,3.074,0.0,1.5681629395716392,1.45067331972877,1.6568294741335448
2.402,3.033,0.0,1.4193507523747366,1.290439964144386,1.507636973661272
2.402,2.619,0.0,1.2292734041677704,1.1093654545988678,1.3132907158073546
3.001,6.032,2.964581436109685,1.025111938166336,0.9066842678903255,1.1088026134329687
3.001,6.953,3.540172669701383,0.9771497452852502,0.8733225228988617,1.0547421511773323
3.001,6.846,3.642998758838082,1.0450162861204078,0.9565609919046483,1.1149326801253268
3.001,6.63,3.5813478248960187,1.1695340365784792,1.09242397789078,1.2307155723462062
3.001,6.207,2.979229154856818,1.3175334156643903,1.239058762257929,1.3793942668917019
3.001,9.841,6.43098696233497,1.430242546544105,1.346787363798727,1.4921832368997072
3.001,4.987,1.645077903463119,1.6898653114040274,1.6084646371992386,1.7551840458519765
3.001,6.34,3.381569245980571,1.771453260226997,1.67150137520609,1.8486253162081405
3.001,4.751,1.7741313810338468,1.8446402442472307,1.7504324751655629,1.9344152829491872
3.001,5.844,2.6147982259516866,1.8231589924156362,1.7015447171793299,1.913058491845335
3.001,6.353,3.3237460755127746,1.7932633847605293,1.6666301773947798,1.8817006023092486
3.001,2.648,0.0,1.7993193211462577,1.6602650462776336,1.8938070134317297
3.001,2.675,0.0,1.6604380660111069,1.5181059803651635,1.7561480580086066
3.001,0.906,0.0,1.4503269400592147,1.3145593198585548,1.5497378921312008
3.001,0.023,0.0,1.2237524987658905,1.0720632497222962,1.325328864517631
3.001,0.152,0.0,0.9992446890320076,0.8521884407096443,1.0957205901680613
2.948,1.016,0.0,0.8014706045161246,0.6737478592462448,0.8908342171533612
2.82,2.496,0.0,0.625937245703715,0.5141044530367768,0.706212961740161
2.796,1.898,0.0,0.47808154420743415,0.3786739938400492,0.5507979328310593
2.796,9.266,6.104161030249832,0.36032295149874927,0.2742237807811831,0.42446870340934495
2.765,9.76,6.5856140079696655,0.5667369056949635,0.5148084578674113,0.6081905486493628
2.51,5.93,2.9373192764731355,0.9454814605765901,0.9093214439239278,0.9745262402300912
2.465,6.101,2.588472529136721,1.2048629122158765,1.1484914071879093,1.2433911534185242
2.713,3.582,0.29486131568422724,1.3700104172039669,1.3067831593145585,1.4280064660292253
2.784,4.378,1.2782936085201735,1.3601385001979387,1.2865027668581783,1.4197720404164804
2.796,2.848,0.0,1.3041038974244907,1.2150105610220874,1.3630258805905704
2.796,4.584,1.0476712461294468,1.1700123999866539,1.0859756216577776,1.2337941131657082
2.796,2.2,0.0,1.0499037394876585,0.9575078999638146,1.1185231962216078
2.794,1.011,0.0,0.9022961646610375,0.8142430917112974,0.9674742018592448
2.77,1.131,0.0,0.7450161024280759,0.6528102502576196,0.8099665057648144
2.709,5.9,2.825036350699657,0.5989798601627726,0.5154398340569092,0.6600583245643228
2.05,5.206,2.1694016886995877,0.609540183705943,0.5351014950646382,0.6615010499409772
1.908,5.868,2.6141197456762475,0.6675121817444478,0.6065000672983313,0.7122554611289841
1.87,12.394,9.42543084926891,0.7656914966262788,0.7091656023873608,0.8057427240460214
1.91,5.202,1.6080661079816783,1.2149386202962467,1.1709416975181142,1.2475871568491694
2.029,9.555,6.624043187287234,1.4298235836166324,1.3775697277502699,1.4744697895082282
2.116,6.437,3.5639477864317928,1.7520879381865528,1.6840331228050442,1.806669056970604
2.325,3.26,0.35607493723378125,1.9579061229602914,1.8595769482866544,2.031417983373409
2.433,4.485,1.4538490179810926,1.9306401958505939,1.822393499469578,2.015565120358885
2.512,14.533,11.542484012241573,1.8376686541326992,1.731269957961181,1.927734593814623
2.535,1.382,0.0,2.206913049589452,2.1048862197218514,2.2867685009080714
2.535,3.896,0.3336724339369721,2.2362575929657074,2.1154156052758353,2.340007438263129
2.513,4.587,1.1178142424148074,2.0953418331533293,1.9563785688762103,2.20449217148138
2.445,5.055,1.6960397617460576,1.9077191299884626,1.7675162447267763,2.0230462994418374
2.383,6.227,2.8905238912336846,1.7394484943178106,1.581287982041763,1.8514216990621752
2.24,7.397,4.36831457751777,1.6550446816160433,1.510725583323126,1.7637126300575892
2.173,4.268,1.508624912793286,1.6928681190459256,1.5468774058605639,1.7920863742572646
2.133,3.764,0.5870140832127757,1.646357907868884,1.5072107233463385,1.7534047897311185
2.156,2.356,0.0,1.5220460184797884,1.3730076925728913,1.6244949483183952
2.203,0.551,0.0,1.3319299898050458,1.1945847219417722,1.4376247188601252
2.239,0.447,0.0,1.1203213251975281,0.9740042943134066,1.220401739715765
2.178,0.296,0.0,0.917177531302303,0.7831854094809417,1.0076477201066432
2.041,2.337,0.0,0.7321333811572778,0.6150824415554198,0.817322230923015
1.823,0.676,0.0,0.5706365107770142,0.46227984995661103,0.6460546623785413
1.543,0.493,0.0,0.43772632568552705,0.3461000620281268,0.5027381344563472
1.288,0.177,0.0,0.32931219379457494,0.2519371198081353,0.3857426392508655
1.14,0.746,0.0,0.24357466073142067,0.17946036606741328,0.290739991482337
1.019,3.101,0.08532181714494014,0.17631376009900776,0.12512432274651392,0.21533853812436515
0.926,0.621,0.0,0.1299953846172932,0.0886956998916659,0.160744602827077
0.844,0.054,0.0,0.09413818187080573,0.0613733225728931,0.11845368718341834
0.778,0.895,0.0,0.0666212855891098,0.04123951925021563,0.08579967974400471
0.734,1.757,0.0,0.046484108034059626,0.028833771914139217,0.061069929522971717
0.699,4.484,1.41245874696632,0.03167354796538093,0.01824123033888208,0.0427854544428546
0.691,9.862,7.036443591908258,0.09074139266278869,0.08538806281944067,0.09639567633861067
0.712,9.152,6.1727935549016175,0.4541537611361862,0.4440929753826057,0.4704322445660318
0.794,10.648,7.7571654817496105,0.8963089605379277,0.8678978090040409,0.9310131507062057
0.972,2.9,0.0,1.4257237770716396,1.3657372359192972,1.4793840850621935
1.151,2.01,0.0,1.5922722978193447,1.5311234705118668,1.6547592088781213
1.321,1.508,0.0,1.5514267222714362,1.4888885823260238,1.621265356398096
1.437,3.516,0.30146570381160354,1.40598794894205,1.3286823899579414,1.4734064793132902
1.462,2.074,0.0,1.2280879036831884,1.1345949857950697,1.3047708831038245
1.46,1.483,0.0,1.0314821004145687,0.9347126968877733,1.1001237449017063
1.444,2.924,0.0,0.8424700739015053,0.7477638529035475,0.91231435190674
1.422,6.136,3.1701976803290846,0.6697569093666927,0.5766245124531278,0.7386450152323157
1.398,7.244,4.274594225736365,0.6783531409303332,0.6029982647921036,0.7339778484096369
1.408,7.615,4.569446737850688,0.830573885075942,0.7666055465316185,0.877014645369488
1.439,7.446,4.616918982194522,1.0650414493330145,1.0153673988700112,1.1123188109727655
1.46,3.484,0.4747317587738147,1.325696614161914,1.2708880036786305,1.3753911837360189
1.468,4.117,1.111938583526459,1.3743951756451784,1.302857603147398,1.4353589949490642
1.486,7.944,4.829673075581984,1.34424000394351,1.2673075337971687,1.415089936330949
1.519,6.224,3.1779094039513653,1.4551572757353723,1.3687132156498538,1.5196662475915022
1.58,4.311,1.4358315856630197,1.5515303639356077,1.4624643448699455,1.621347235469348
1.677,1.271,0.0,1.5511233717784774,1.4559512335679257,1.6246537498609173
1.708,2.374,0.0,1.424151888825074,1.3201380962668732,1.5051425995043017
1.706,2.494,0.0,1.236346315410727,1.12791527871725,1.3218930045472093
1.682,6.419,3.678574240370114,1.0355525310506137,0.9209988246707926,1.119024728938438
1.659,2.268,0.0,1.0249621786998562,0.9151145924605771,1.1022056706398429
1.682,4.644,1.6942691675409414,0.9341668359369231,0.8286261664379275,1.0070862866941885
1.759,5.043,2.029402095509957,0.8889363228068519,0.7847198470870941,0.9556686549463034
1.868,4.939,2.0930758482282723,0.8879386150094063,0.7957093007977195,0.9494581166624788
1.84,9.386,6.484480631845893,0.9167800947830533,0.8352099342800589,0.9721573012673007
1.849,3.797,0.8401640487428539,1.1707031457351786,1.1051044764858984,1.2211100204843433
1.836,2.622,0.0,1.2524976967785075,1.1836060340998593,1.3103922822479093
1.757,2.677,0.0,1.185230313700803,1.0991727978727182,1.2512055885718207
1.667,4.113,1.0224721325950528,1.0523128498405376,0.9591428259085558,1.124892082320612
1.588,7.76,4.5604887743113585,0.9469531601733298,0.8518428887736705,1.0167614490463945
1.522,8.987,6.096360008080396,1.0326831377694377,0.9496461851592786,1.0913970577194207
1.528,6.223,3.452446764261607,1.2920152567562126,1.2201829483116158,1.3433156807951363
1.597,5.429,2.379335455919881,1.4939239530629649,1.4254832401180355,1.549897290880324
1.676,5.567,2.5866680580954453,1.5937186690437601,1.5083400755904832,1.6627980066357633
1.769,9.229,6.339715355923252,1.6478124042205624,1.5611497368189307,1.7186550694424594
1.814,6.137,3.199162774918901,1.8582127197066933,1.7748113943401196,1.9330517267122465
1.84,5.028,2.002839317216815,1.978076486508419,1.8829976067222625,2.0642592443002163
1.852,2.879,0.0,1.982800782502165,1.8748265438091327,2.076645103420018
1.849,0.533,0.0,1.8287313636785525,1.6927287796194692,1.9430607612315935
1.775,0.25,0.0,1.6022953368280668,1.4539693740317718,1.7108260339487276
1.631,0.089,0.0,1.351573557525116,1.2047253752234461,1.4611074034096772
1.443,0.7,0.0,1.1056618090596073,0.9563854528583934,1.212126583142771
1.224,2.229,0.0,0.8854448467019003,0.7376857410596136,0.9832474183371513
1.07,2.938,0.0,0.6938973608793951,0.5597092531286744,0.7854071765653103
0.935,8.671,5.661556303112784,0.5339959291192242,0.420148861095988,0.612832458714526
0.877,4.406,1.6619851529915284,0.6800662331517593,0.5955866728164947,0.7388626645218332
0.901,2.474,0.0,0.779585041376704,0.7127488560443542,0.8305116889847033
1.059,1.571,0.0,0.7620039799790201,0.6921567042186832,0.8151607470223964
1.329,3.86,0.981427942793843,0.6869121219635729,0.6192931368467623,0.7380294317549838
1.682,4.564,1.6736769658109933,0.6368115537864399,0.5761900260696149,0.6865967303571615
1.927,0.514,0.0,0.6345901420073126,0.5744945474783707,0.6780441346082606
2.001,2.751,0.0,0.579444335797875,0.5215063029567555,0.622301105572797
1.993,2.858,0.0,0.49835117793991185,0.44652994925736167,0.5394921297160606
1.951,3.38,0.6079076383357354,0.4123744377689309,0.3615505685792594,0.45073615815600193
1.856,3.507,0.7000156341607053,0.3596346040080524,0.3112757211695816,0.39444242696303344
1.688,3.057,0.21228725153000383,0.3332387054643704,0.2876152830060708,0.365006338801537
1.665,4.482,1.7751497848231024,0.2990824853108516,0.25736319121465207,0.3270480116723464
1.638,4.137,1.6326821732057177,0.3413849643519066,0.30634370569569214,0.36466741162240995
1.64,6.662,4.289484900233749,0.40981683591150797,0.3844481318327552,0.430630901736608
1.681,2.156,0.0,0.6177244969629069,0.5958506101982544,0.6363109686199048
1.774,3.145,0.35098524319742586,0.6690018123597167,0.6364353540252545,0.697189397214278
1.842,2.739,0.0,0.6532698971200698,0.6107171201693629,0.6811891258008382
1.893,3.883,1.3536172654967058,0.5884251987063203,0.5465452808403918,0.6233920995207306
1.894,5.611,3.023385676846835,0.5685050313668893,0.5269520632430902,0.5973605720219415
1.892,2.42,0.0,0.6558418602344817,0.6179290835124853,0.6840070957818843
1.842,5.248,2.4234104430767003,0.6435557800250438,0.6047519892317231,0.6766668009689668
1.77,0.749,0.0,0.699147537609881,0.6601005930176997,0.729941609349605
1.68,1.652,0.0,0.6664412708426403,0.6194591586780412,0.7033752307465039
1.611,1.096,0.0,0.5907391994166408,0.5432197572650727,0.6262587741045703
1.548,0.313,0.0,0.49956007230313637,0.44801897202192853,0.5361627364803718
1.469,0.658,0.0,0.4067826868070405,0.3540604353501491,0.4443735974375032
1.342,1.014,0.0,0.3216248800882563,0.27604027401902437,0.3557292735482692
1.223,5.292,2.635284026875546,0.24887289711665608,0.20399169118778926,0.2798721207035277
1.121,2.535,0.16809117908338633,0.3177012466073491,0.28651963608896175,0.3399084630875871
1.105,4.692,2.1916178446217747,0.3298308617741226,0.2997146078072866,0.3515267470486092
1.156,6.51,4.007159042153362,0.41209335062034563,0.38769368217729655,0.4321872635831263
1.262,5.269,2.7830141352356903,0.6138678709874459,0.5966563864073215,0.6313201304412125
1.426,5.966,3.5518303679976104,0.7978340064342525,0.7679378293435117,0.8201307279651188
1.596,6.666,4.4004137732194355,0.9985702310403801,0.9613170741013601,1.0271544602740674
1.736,3.677,1.4146152745198197,1.2348741235961918,1.1656348721180978,1.2734380858174292
1.859,0.605,0.0,1.3268276398800891,1.2771484071860904,1.3867072049215903
1.895,0.658,0.0,1.2642812142034823,1.19112138669428,1.32677696006242
1.868,0.235,0.0,1.1300825047921252,1.052882471989577,1.1914614145024984
1.729,0.758,0.0,0.9630263160135517,0.8688315610756949,1.027084469097141
1.546,0.942,0.0,0.7947687961580223,0.7085928642784687,0.8577830160880842
1.227,0.742,0.0,0.6388998144497161,0.5526376770273875,0.7012958698971038
1.095,0.237,0.0,0.5003746156453661,0.42046433212758927,0.555981696374087
0.944,0.182,0.0,0.38521348031087926,0.31320381401847097,0.4345939959574682
0.848,0.081,0.0,0.28987328541422447,0.22777044750613695,0.3348744650195059
0.804,0.022,0.0,0.21417268743679893,0.16140653292092086,0.2521497471349662
0.76,0.716,0.0,0.1555886835806831,0.1128733051342805,0.1880430480947061
0.727,1.001,0.0,0.11109135375512297,0.07621828154218911,0.13720218725558722
0.697,0.45,0.0,0.07789100445064304,0.05089949836871514,0.09810708745175858
0.666,0.168,0.0,0.053890086003877104,0.03312637374317021,0.06952768208639531
0.642,1.624,0.0,0.036462140003636664,0.020731894609637914,0.04815403638740431
0.613,0.145,0.0,0.02402096527059462,0.012712846329285958,0.03303887916248491
0.59,0.082,0.0,0.015656906967953695,0.007561655111672346,0.022346556275522938
0.57,0.131,0.0,0.010006659064598338,0.004581579315483825,0.01467331813491516
0.541,0.173,0.0,0.006285197055831482,0.0026687089177286644,0.009515640797011284
0.521,0.565,0.0,0.0038805000346664497,0.0015372708059066523,0.006099808351971752
0.499,0.232,0.0,0.00237274421842381,0.0008957522975114848,0.00382407188509075
0.489,0.02,0.0,0.0014338201140258774,0.0005377251920807222,0.0023815474646930197
0.484,0.101,0.0,0.0008616243118764117,0.0003097206476623666,0.0014509991045995518
0.482,0.066,0.0,0.0005166025655136907,0.0001795123612309862,0.0008963399782085748
0.468,0.318,0.0,0.00031295927559298606,0.00011176849461131265,0.0005491627610765287
0.443,0.155,0.0,0.00019188479751831457,6.777866279787973e-05,0.0003353449001745542
0.415,0.582,0.0,0.00011920842955359305,4.1242487668810555e-05,0.00020952019576036803
0.394,0.625,0.0,7.547914397205906e-05,2.678187581529403e-05,0.00013260293527285239
0.386,0.354,0.0,4.847100477653677e-05,1.7297583761972613e-05,8.415227295559076e-05
0.38,0.314,0.0,3.1570676703471034e-05,1.0925019209101e-05,5.470109122856371e-05
0.372,0.837,0.0,2.0775094841471885e-05,6.952575023610085e-06,3.595097802242749e-05
0.37,1.075,0.0,1.365198399633561e-05,4.537162938344802e-06,2.4216283351364046e-05
0.366,0.589,0.0,9.089139064015781e-06,3.050991293202048e-06,1.5982383769138833e-05
0.366,1.149,0.0,6.059055216154933e-06,1.9672647312531496e-06,1.0911596428071937e-05
0.371,1.341,0.0,4.05148037587955e-06,1.2783687606134783e-06,7.210225880900355e-06
0.384,1.486,0.0,2.7050311081818276e-06,8.07340032872073e-07,4.932545470579998e-06
0.412,0.447,0.0,1.8138999247799344e-06,5.425042683409833e-07,3.3326011079500355e-06
0.478,0.14,0.0,1.2195497789422158e-06,3.3431600592893543e-07,2.2390108968745977e-06
0.548,0.305,0.0,8.217245087978172e-07,2.3170845718234466e-07,1.5365038005537307e-06
0.583,0.112,0.0,5.514022874891103e-07,1.5367271174853163e-07,1.0459730471733821e-06
0.623,1.22,0.0,3.7308275688558845e-07,9.651253199251574e-08,7.104071686076863e-07
0.655,0.968,0.0,2.514375958103236e-07,6.122423251552962e-08,4.924140305865651e-07
0.711,0.813,0.0,1.700513109783519e-07,4.166186933432392e-08,3.3674924531132543e-07
0.727,0.258,0.0,1.1481082082731831e-07,2.6879832853354476e-08,2.2771383417403288e-07
0.722,0.073,0.0,7.770948520689922e-08,1.8127750336604668e-08,1.5389492463163944e-07
0.649,0.04,0.0,5.2756069226650325e-08,1.166934562778871e-08,1.0805229696030305e-07
0.58,0.004,0.0,3.5556789725852974e-08,7.694384446589751e-09,7.25025148438475e-08
0.529,0.092,0.0,2.4378087486193232e-08,4.8550638944480415e-09,5.133281247618902e-08
0.471,0.06,0.0,1.6381521211156956e-08,2.648199740747059e-09,3.4016543008518944e-08
0.408,0.068,0.0,1.1257185814494453e-08,1.59873416827035e-09,2.4044903287016426e-08
0.371,0.0,0.0,7.583037475236045e-09,5.129638462460504e-10,1.6199436826670763e-08
0.34,0.071,0.0,5.258412094574776e-09,2.345171492983348e-10,1.1327792318259298e-08
0.31,0.007,0.0,3.532385966345921e-09,0.0,7.847592687478353e-09
0.285,0.059,0.0,2.5080637670338777e-09,0.0,5.528500100990393e-09
0.272,0.003,0.0,1.679208024061715e-09,0.0,3.975159502917814e-09
0.262,0.002,0.0,1.2295385311061497e-09,0.0,3.0627077860427365e-09
0.252,0.344,0.0,8.344858179901389e-10,0.0,2.286992698144425e-09
0.245,0.83,0.0,6.304647046253024e-10,0.0,1.9350373264441506e-09
0.241,2.468,0.3368984855114001,4.535373701790215e-10,0.0,1.5570291353750118e-09
0.238,2.302,0.24327480419754677,0.016569394297534474,0.015958452255687615,0.01753027964311631
0.241,0.206,0.0,0.03293470137571963,0.03181049959082943,0.03439626912092148
0.25,0.008,0.0,0.0360804694864145,0.03448907661473429,0.037784207010821226
0.264,0.005,0.0,0.033197624845591606,0.031233831971873294,0.034879827399205574
0.272,0.076,0.0,0.02794453286311713,0.02570264755159318,0.029766949925546262
0.271,0.0,0.0,0.022176309391702398,0.019763453887624623,0.023980996653835563
0.263,0.0,0.0,0.01685290014723253,0.014422626643085582,0.018538198346545173
0.261,0.268,0.0,0.012432932116714014,0.010100856872509431,0.013972807793580273
0.247,0.093,0.0,0.008838572356563814,0.006798552959572979,0.010178943671692933
0.237,0.192,0.0,0.006182135568541817,0.004552866825061807,0.007313710762693384
0.23,0.009,0.0,0.004225912777389199,0.002953903724663268,0.005134597074792743
0.22,0.041,0.0,0.002825622972160227,0.0018749898299420613,0.0035299648731596618
0.215,0.589,0.0,0.0018715324846419997,0.0011916494355064715,0.002382231261629505
0.208,0.114,0.0,0.0012167958856357606,0.0007333489608204951,0.0015975976681736758
0.204,0.096,0.0,0.0007888600220722713,0.0004516519104756671,0.001056400473482366
0.201,0.164,0.0,0.0005062635958219794,0.0002744282629800258,0.0006929662769239924
0.199,0.16,0.0,0.00032424404225753613,0.00017048405441059047,0.0004516756423565231
0.197,0.03,0.0,0.00020779474894966416,0.0001076114316762545,0.00029633572414995804
0.193,0.002,0.0,0.00013335021251717212,6.70669715947692e-05,0.0001922532788342036
0.191,0.001,0.0,8.623584468012843e-05,4.260162043397673e-05,0.00012579246523199448
0.189,0.014,0.0,5.5974444201455664e-05,2.733198237551243e-05,8.216372382949087e-05
0.186,0.072,0.0,3.669757938934436e-05,1.7483085428713188e-05,5.427403747653851e-05
0.185,0.011,0.0,2.410711082541699e-05,1.0975203018114472e-05,3.610175319324225e-05
0.185,0.0,0.0,1.590317921865194e-05,7.264361841928076e-06,2.4173007708303167e-05
0.183,0.009,0.0,1.0592342337025214e-05,4.784433374865314e-06,1.6199658210713088e-05
0.18,0.002,0.0,7.016383285995438e-06,3.104542789742076e-06,1.0894604249297683e-05
0.178,0.0,0.0,4.68385150852994e-06,1.900651388594037e-06,7.368755685838076e-06
0.178,0.001,0.0,3.1307888630505498e-06,1.3253037134354358e-06,4.9612977801255034e-06
0.175,0.0,0.0,2.0943502800493666e-06,8.637301429189149e-07,3.3600226329443265e-06
0.174,0.007,0.0,1.404368689511468e-06,5.669483739976507e-07,2.2766945099720474e-06
0.171,0.012,0.0,9.450292953671941e-07,3.452765045207934e-07,1.5367419323271185e-06
0.169,0.001,0.0,6.340851483802819e-07,2.3614136721874563e-07,1.0569425341785657e-06
0.167,0.099,0.0,4.2814234130899867e-07,1.4711136263055892e-07,7.144541604151699e-07
0.165,0.311,0.0,2.877288504653664e-07,1.0027777929854352e-07,4.883839637566471e-07
0.164,0.134,0.0,1.9469872687490504e-07,6.29406623698761e-08,3.3594282659179345e-07
0.163,0.001,0.0,1.3128787564546203e-07,4.2720240114423515e-08,2.2810296368057248e-07
0.162,0.0,0.0,8.874232600308288e-08,2.71433836453645e-08,1.5622454486441054e-07
0.16,0.28,0.0,6.024902323820119e-08,1.9236581994077147e-08,1.0828084864515541e-07
0.152,0.0,0.0,4.053935214098375e-08,1.169542264246813e-08,7.381708222390144e-08
0.149,0.165,0.0,2.7690481986542476e-08,7.844842751120895e-09,5.080937043027873e-08
0.148,0.001,0.0,1.8656876490015405e-08,4.3234669745376925e-09,3.479770381409196e-08
0.144,0.0,0.0,1.2721800838639804e-08,2.8229831531833097e-09,2.3678935823645036e-08
0.143,0.001,0.0,8.671880614886756e-09,1.396992141314375e-09,1.650593179679607e-08
0.142,0.718,0.0,5.921323037730139e-09,6.276371658609523e-10,1.1399378537924506e-08
0.14,0.402,0.0,4.0378289086618064e-09,0.0,7.964289736311491e-09
0.14,0.088,0.0,2.7949133094488718e-09,0.0,5.807875211786896e-09
0.139,1.021,0.0,1.941889004607242e-09,0.0,4.055940263118264e-09
0.137,0.01,0.0,1.3249369199302713e-09,0.0,3.254171811348201e-09
0.136,0.009,0.0,9.826719616009567e-10,0.0,2.6052838291562764e-09
0.135,0.007,0.0,6.59831682243702e-10,0.0,2.0073635313523495e-09
0.129,0.026,0.0,5.361045228517549e-10,0.0,1.7069351235393335e-09
0.126,0.004,0.0,3.4918587991613103e-10,0.0,1.2326173923589485e-09
0.124,0.007,0.0,3.0376990668251604e-10,0.0,9.97815916431225e-10
0.122,0.107,0.0,1.9794892818209513e-10,0.0,7.507525931239594e-10
0.12,0.001,0.0,1.6743704438770603e-10,0.0,5.611581832929083e-10
0.119,0.002,0.0,1.0527207481682719e-10,0.0,4.107107020996552e-10
0.118,0.056,0.0,9.018037703049912e-11,0.0,3.1023216147937626e-10
0.117,0.197,0.0,5.458887247675766e-11,0.0,2.1849878840150302e-10
0.117,0.029,0.0,4.69254275755449e-11,0.0,1.6326310200656397e-10
0.116,0.417,0.0,2.7831041915221044e-11,0.0,1.142253287633861e-10
0.116,0.69,0.0,2.3986198813399798e-11,0.0,8.665035953193849e-11
0.116,0.004,0.0,1.4147278743927243e-11,0.0,5.906676738853396e-11
0.116,0.045,0.0,1.223971240341263e-11,0.0,4.489066014359796e-11
0.115,0.14,0.0,7.182747035863325e-12,0.0,3.054386490305524e-11
0.114,0.556,0.0,6.226377022376505e-12,0.0,2.3256353239025626e-11
0.114,0.534,0.0,3.647720355495911e-12,0.0,1.5794459805456016e-11
0.114,1.297,0.0,3.1681372519594866e-12,0.0,1.2048340671166618e-11
0.114,0.93,0.0,1.8828624129380233e-12,0.0,8.177848627845452e-12
0.113,1.214,0.0,1.610089526974098e-12,0.0,6.241843316531772e-12
0.084,0.047,0.0,9.431362704690465e-13,0.0,4.223440213941696e-12
0.084,0.066,0.0,8.19653723333708e-13,0.0,3.233690769479488e-12
0.084,0.064,0.0,4.793212527821649e-13,0.0,2.1839723604619087e-12
0.084,0.622,0.0,4.173595625171835e-13,0.0,1.6752673000256877e-12
0.084,0.003,0.0,2.4366067835289167e-13,0.0,1.1293483582966806e-12
0.084,0.314,0.0,2.1256332098624247e-13,0.0,8.67900095774369e-13
0.084,0.556,0.0,1.238936786525058e-13,0.0,5.839944395219252e-13
0.085,1.476,0.0,1.0828362009105805e-13,0.0,4.4963008396966784e-13
0.086,1.505,0.0,6.301097857661783e-14,0.0,3.0198787020705703e-13
0.086,2.697,0.0,5.5173710853801286e-14,0.0,2.3293834571402916e-13
0.086,1.646,0.0,3.205421509681024e-14,0.0,1.5616017481360861e-13
0.087,2.851,0.0,2.811869410892629e-14,0.0,1.2067758559132882e-13
0.087,2.716,0.0,1.6310016983124642e-14,0.0,8.075158841567685e-14
0.088,3.336,0.49337946580694014,1.433343198169665e-14,0.0,6.251903107622695e-14
0.089,2.739,0.0,0.02426546629655536,0.023370757599980096,0.02567265895581099
0.091,0.799,0.0,0.033584169820160666,0.029620652292170726,0.032632395028476445
0.1,2.223,0.0,0.03208091018934758,0.028694942184882815,0.03178500539514752
0.106,3.421,0.7383400646805125,0.027513570870925277,0.024463710620377083,0.027929590996994
0.108,0.882,0.0,0.058434012560971985,0.05604858488369157,0.058814312801725756
0.11,3.286,0.3529218830514558,0.0662585684514732,0.0624303929586145,0.06849760327519956
0.117,1.122,0.0,0.07882609389315172,0.07417941899500695,0.08171149857344756
0.124,1.051,0.0,0.07652899283724808,0.07157502997186352,0.08032812283408362
0.126,0.85,0.0,0.06681222633495822,0.060990914022858674,0.07042152090990535
0.125,0.683,0.0,0.054978414365241236,0.04887773597554631,0.05904487044796922
0.122,2.518,0.0,0.04327508396157636,0.03732439510636103,0.047560839391286476
0.113,0.827,0.0,0.03267847203593116,0.027205335090624942,0.03647504289766913
0.109,0.001,0.0,0.024086317738410676,0.019120117100386098,0.02745561693265256
0.107,1.305,0.0,0.017314129544732697,0.013234234084712871,0.020185809895166943
0.103,1.549,0.0,0.01211674649692632,0.008752280545928172,0.014478088190249847
0.099,0.783,0.0,0.008336662238093437,0.005771689301295799,0.010239370187367319
0.082,0.355,0.0,0.0056229673268322795,0.0036696751029248317,0.007094896736441667
0.08,0.053,0.0,0.0037249749586218267,0.00228405473682133,0.0048103663663681484
0.08,0.099,0.0,0.0024331449769240056,0.001423915620253354,0.0032149419543481125
0.079,0.27,0.0,0.0015664556938415424,0.000865986100950398,0.002133268653632731
0.077,0.1,0.0,0.0010067043087761015,0.0005246851804449484,0.0013964701179897654
0.076,0.044,0.0,0.0006369756202335139,0.0003208840318025204,0.0009087782777983511
0.074,0.018,0.0,0.0004053811308141096,0.00019793630209265038,0.0005870686414814959
0.072,1.311,0.0,0.0002565011083758805,0.00012275235626920842,0.00037777580419146327
0.07,4.55,0.8726308486979022,0.00016398356734140598,7.797692593901886e-05,0.0002454113717188806
0.07,2.203,0.0,0.04302304296382822,0.04149377080821469,0.04545603852075336
0.071,4.61,1.37167239545954,0.05630698110578996,0.05384102672228677,0.05871176450114794
0.072,4.087,0.7616269231507591,0.12300450794954267,0.11953070432115291,0.12737735864188146
0.075,6.39,2.924095427243504,0.17915475363435052,0.17228932755092102,0.1848284395809923
0.078,4.035,0.7042141523885905,0.33198734329657986,0.321023861275775,0.3423966973124399
0.082,3.823,0.5661651173599105,0.41125240164747295,0.39400028898240314,0.42540526165793086
0.085,0.569,0.0,0.4409526735550619,0.42311688774953127,0.45988433576439525
0.088,0.488,0.0,0.4144854838444062,0.38803559222070727,0.43420124724224884
0.089,0.129,0.0,0.3637192652120695,0.3400764028907884,0.3842333298914542
0.089,0.046,0.0,0.3037265190642786,0.27654246398967325,0.32363590726659036
0.088,0.196,0.0,0.24404039426373267,0.21388576011843763,0.263699670942676
0.084,0.034,0.0,0.19070856005377135,0.16213239712592975,0.20989099985823692
0.08,0.001,0.0,0.14547241455642018,0.11934797850442891,0.16351513879652274
0.077,0.075,0.0,0.10822586927452704,0.0858451201485953,0.12358002004803338
0.075,0.427,0.0,0.07900045592422608,0.059624940681418874,0.09247355611920009
0.074,0.08,0.0,0.05652004947358634,0.04045400502356035,0.06770548315793616
0.072,0.776,0.0,0.03958371951084989,0.026700472953586973,0.04863488737856964
0.071,0.532,0.0,0.027294884600343673,0.017463107463098995,0.03433462953824197
0.069,1.363,0.0,0.018364871379838384,0.011051220599027705,0.02385125102459733
0.068,2.114,0.0,0.012198112474288536,0.0071737053044927815,0.016183863344577935
0.067,1.622,0.0,0.007979210717415192,0.004327738266456253,0.011005352228152309
0.068,1.908,0.0,0.00508834164866477,0.0025460388264565816,0.007242432147988578
0.059,2.186,0.0,0.0032092577454416187,0.0015115716058792213,0.004665003487110365
0.062,1.364,0.0,0.00200937818385818,0.0008709641059007824,0.003003627554371908
0.068,0.201,0.0,0.001247171348783495,0.0005420214163122633,0.0019144487906048707
0.071,1.18,0.0,0.0007702761588579119,0.0003235091149507053,0.0012106902646318019
0.074,4.393,0.7700722676270013,0.0004753361535048064,0.00019612866310232774,0.0007566032419818916
0.076,5.685,2.3552046441758807,0.03816894125289365,0.036937370654291424,0.04019797825263
0.082,1.805,0.0,0.16532890381966764,0.16005041785150853,0.17343588564913995
0.093,1.885,0.0,0.2090280085798694,0.199388512166909,0.21918862792449056
0.106,1.321,0.0,0.2090877791870642,0.19909350497678321,0.21944850546395478
0.112,1.392,0.0,0.18821970900672205,0.17498060358913683,0.19829581723925033
0.111,2.637,0.0,0.1593444637927571,0.14690512546694584,0.16868912409821102
0.106,10.173,7.004525804948827,0.12877441901088793,0.11490460113281807,0.13799213693143603
0.106,7.291,4.1470146579686915,0.4458441992689575,0.4364805384846562,0.4545427600447355
0.126,4.973,1.862239353313854,0.7646759541204412,0.7391487430199751,0.7914718959497898
0.184,4.864,1.8471553261536888,0.9540867023768597,0.9137928871356833,0.9890606744990442
0.293,11.422,8.00927302386372,1.060234640270681,1.010311662082593,1.1038623561394925
0.481,4.957,1.5781188228881589,1.4240740355454022,1.3730634664760302,1.466199644926845
0.763,9.051,5.675790773837649,1.5777372823526854,1.4988602871531114,1.6461632855751833
1.017,10.932,7.452330128732106,1.8093526476166302,1.7320487839178826,1.8706940951238653
1.378,5.055,1.6117546395734914,2.1562495757277076,2.0606479228401753,2.2302059429224124
1.962,6.553,3.11005378218571,2.248877120059727,2.1448923260425454,2.3359339873364897
2.067,3.865,0.43953036567286663,2.284616718433389,2.1639511861045717,2.3877922301585253
2.395,4.066,0.6562979821156065,2.140490474901961,1.9844862605349374,2.245313980433323
2.402,4.789,1.2714357339139473,1.9389236420797085,1.7933939262296772,2.0479802244251974
2.402,3.421,0.0,1.7277372494857532,1.5751847734805042,1.8467077370468914
2.084,1.837,0.0,1.4832981355705068,1.3283063167394904,1.604803545212066
1.941,5.532,2.0772909995995064,1.2311093220761062,1.073944401659572,1.345719235895333
1.161,3.11,0.0,1.0954441375431123,0.949817352022564,1.1974657699272344
1.044,3.5,0.0,0.9338028186910751,0.7995959034734808,1.0301869268505264
1.043,2.483,0.0,0.7700255298150782,0.6438640742763274,0.8589606637689883
1.26,2.569,0.0,0.6180188126858087,0.508291302514405,0.6965433513478805
1.382,4.098,0.7531669790433808,0.4837714887331743,0.39271352913717134,0.5508091830375087
1.37,3.05,0.0,0.408680203754432,0.3276349345332683,0.46720862114553974
1.215,2.306,0.0,0.33207211743843495,0.2610399053775712,0.38269154804183875
1.1,3.622,0.02110388716444911,0.26146227381769904,0.20070732730222746,0.30459825084447856
1.022,1.404,0.0,0.20256983823074237,0.1551842838568946,0.23846441464461562
0.961,4.247,0.7712531681184092,0.15327601882856795,0.11296887838455148,0.18365402625246602
0.881,1.249,0.0,0.1513408130438117,0.1215429005694826,0.17389455668035753
0.753,6.51,3.0003969192760107,0.13474298950009034,0.1098661648259841,0.15369046013432955
0.6,9.335,5.981951731607974,0.26052071978345365,0.2485755848388384,0.27118340847274547
0.541,7.659,4.667379231554827,0.5908603510432454,0.575842697845246,0.6027102979117718
0.564,0.768,0.0,0.9357707607191957,0.90503794622497,0.9632733062873842
0.7,0.177,0.0,1.0336919749159985,0.9850618184444662,1.0723269485074192
0.804,0.741,0.0,0.9981412516484889,0.9509916894974859,1.0438907176904966
0.829,0.992,0.0,0.895402828217574,0.839281666234474,0.9419969703206857
0.756,7.18,4.236994394167041,0.7653770566323508,0.7035897908280359,0.8093422930896095
0.627,4.778,1.649594494440774,0.8379614810395051,0.7827671456637764,0.8790702810387196
0.561,2.672,0.0,0.8850714582136241,0.8239193351391498,0.9259011379530557
0.576,3.87,0.7488595113504108,0.8362399143103432,0.7788848827314507,0.8813666257791796
0.743,5.586,2.6289019864359324,0.773089171389086,0.7050923278452944,0.8208625809019522
0.981,4.639,1.4266684133225898,0.8027134498146469,0.7442365409375747,0.8464551389280145
1.121,5.596,2.6463818113086846,0.8186996761728704,0.7624541534946362,0.863132230988032
1.187,4.467,1.4734985593308862,0.8877346006894257,0.8320850107890133,0.9300479445276741
1.216,6.673,3.716222665313733,0.9189925115048301,0.8616284509306388,0.9621214314056261
1.259,9.73,6.525394389840227,1.0412990672384912,0.9875367781039249,1.08381209805434
1.349,7.738,4.717680643215097,1.3374320024920103,1.290825742710399,1.3816971437743186
1.555,9.8,6.902142804135927,1.6165396546129487,1.5478025011859822,1.6735309464348376
1.993,11.465,8.450385027813542,1.9747022323217005,1.907917603486473,2.043429624430457
2.478,10.545,7.586311362551966,2.4223055991229816,2.3274146567889504,2.508535080321876
2.778,7.074,4.167860754906105,2.8515953049950284,2.7355156482976306,2.954659101554165
2.796,4.562,1.7811642486758914,3.072224908172595,2.9415879245364986,3.1857436086555126
2.601,2.556,0.0,3.049352169132363,2.880101727564564,3.1807873272687925
2.64,3.283,0.0,2.804529435024134,2.607502607013774,2.944942185595958
2.648,7.551,4.133321140399582,2.4604033266114738,2.247163159030177,2.621966081846926
2.631,7.543,4.6039118820719125,2.291453061563544,2.0841791658497937,2.438917383660716
2.601,10.938,8.286768926233371,2.2465673043160406,2.053266318802835,2.393395590118335
2.601,4.038,1.058166258356457,2.452513334818919,2.274617535216295,2.5819474042168675
2.601,2.92,0.0,2.431944446695996,2.237669894116407,2.580445062226896
2.601,2.232,0.0,2.232684081846698,2.0470933550593395,2.3735072526747625
2.601,3.796,0.4642489118283213,1.946521270075466,1.74623544102254,2.085367629421099
2.588,2.82,0.0,1.6661639224419604,1.4794110324215966,1.7979124700048315
2.557,2.36,0.0,1.3818434826020285,1.2066740328182919,1.5188890092585843
2.537,1.663,0.0,1.1190846713843796,0.9556786671600608,1.2439086419117051
2.496,1.045,0.0,0.8841687809975818,0.7360372925785478,0.9972482160595648
2.4,1.597,0.0,0.6861669097151663,0.5528725121592039,0.785683622486445
2.197,2.367,0.0,0.5232756379918629,0.4067736141696821,0.608443754308993
2.037,3.804,0.46615484278103914,0.39249422315526533,0.29352016217942156,0.46626079845004736
1.876,10.901,7.595862245698966,0.311833975215041,0.22976402353874253,0.3722974511524401
1.767,5.82,3.0256059593909534,0.6155501799700775,0.571871728153,0.6512148756774964
1.684,5.545,2.885051517905058,0.864283927913883,0.8305823134967567,0.8959202135796344
1.697,6.4,3.681123651527249,1.0605239052649096,1.0180621304502107,1.1016869211493479
1.881,5.386,2.8336233953045475,1.2561798690328256,1.2056073262562899,1.3004942566420379
2.163,1.46,0.0,1.3928364843058834,1.3330046107155573,1.4458343234413775
2.492,1.533,0.0,1.3517290819637902,1.2740236249744425,1.4175769174723316
2.551,3.161,0.2908622398539129,1.2186292534738818,1.1334717787380932,1.2827437540421223
2.579,1.812,0.0,1.0609901661412986,0.9631651422679288,1.1281162875512545
2.557,1.81,0.0,0.8909667201113429,0.7952101217330865,0.9601538265550245
2.536,1.784,0.0,0.7238335009210976,0.6302946993213288,0.7889128916922655
2.464,7.29,4.256750218373943,0.5747753644997585,0.4898308336079381,0.6383910240000839
2.367,7.672,4.5431054659804175,0.6567551417899914,0.5868886877001659,0.7064100853487784
2.239,2.922,0.0,0.8624164757231086,0.8115009648140357,0.9023080969267315
2.359,2.606,0.0,0.896894001353282,0.8397923041846541,0.9465158722946088
2.113,14.405,11.528459132299073,0.8349458902332786,0.7733180354086282,0.8852589736478875
2.173,4.479,1.6696622197802027,1.301001128510326,1.25820265626971,1.336734431239573
2.251,5.87,3.033085985104345,1.5207654226202245,1.453235629870208,1.5705658473394606
2.373,2.702,0.0,1.6621415614627324,1.5883118229128457,1.7286612052371377
2.526,1.193,0.0,1.6043084191993766,1.508303137699704,1.6727134141250646
2.655,3.186,0.13376648616967568,1.4452816380740028,1.3389280635007037,1.526615878642731
2.748,5.267,2.2522861226822095,1.2496091287711115,1.1402580407298122,1.333673404061393
2.713,4.96,2.291231094656498,1.1528005720904517,1.046374301073116,1.2293706443221322
2.653,10.354,7.4463682999370615,1.1186716579356508,1.019351835640467,1.1952906487224175
2.591,5.23,2.3300706178445876,1.374137851170131,1.288042131213393,1.4346496986826984
2.575,3.632,0.7296439157918861,1.5089815947878091,1.4285129012244464,1.5756593404714296
2.576,4.55,1.4316821195223723,1.4956425879120532,1.4037145989686244,1.5773985056211757
2.579,4.877,1.9000793042689605,1.4363711601161757,1.3328585062275757,1.520262724477676
2.577,2.823,0.0,1.381152841311397,1.2690000800257186,1.465592969031222
2.557,6.879,4.0087773653864875,1.2416198129354699,1.1272563873142327,1.3189053890535705
2.526,5.894,2.9223572064213323,1.262629679165784,1.1624516293780784,1.3377262489173147
2.498,5.039,2.1999778994896864,1.3104264558788123,1.2117968753955204,1.3909277187655062
2.455,4.943,2.057666654041637,1.338867573083363,1.240851887822634,1.412072144133306
2.432,11.806,9.016392312133268,1.3437620322695316,1.2482862618566233,1.4139703340326053
2.405,5.644,2.899937191384077,1.6792848194410435,1.59752815442705,1.7426836401962482
2.402,2.763,0.0,1.8688542112496216,1.7869555460341302,1.9416618924689986
2.414,4.136,1.2750033731246013,1.8169079187668136,1.7038884897378537,1.906908333212093
2.439,4.841,2.1282996355969623,1.7115636859756234,1.5896001617656057,1.8024660730797368
2.436,2.128,0.0,1.6214209991639763,1.489857460904438,1.7139050426000768
2.389,2.765,0.0,1.4423555866607256,1.3131810016862402,1.5345521048738238
2.34,5.352,2.4636425834758233,1.231676165011622,1.0938854332436079,1.3268531725587793
2.299,7.259,4.546625049434731,1.1364625476678012,1.0082368464510243,1.22218260608942
2.259,7.321,4.744811308552089,1.2166071576960802,1.1022416026464188,1.2902782273327813
2.115,5.419,2.8138549817088525,1.3914086229290548,1.2878987451413468,1.4618281427494593
2.173,3.314,0.660675140365039,1.5116755410502187,1.4234325960565521,1.5805799402030212
2.259,4.382,1.6123175818906499,1.48403550184139,1.3848619428994817,1.5609538887890235
2.39,2.224,0.0,1.4280885084465618,1.331722444647023,1.5092316439413116
2.459,4.329,1.632285254341821,1.2819717925135878,1.1669320176293003,1.3697427748198072
2.471,3.574,0.7789682880535658,1.1749676723057254,1.054489179170156,1.2582283671828411
2.479,2.395,0.0,1.0628323030430133,0.963704485159779,1.1397129047607841
2.489,3.838,1.210655093250891,0.9171560540100057,0.816418698437901,0.9948290101146711
2.513,3.314,0.556171074247533,0.818527502596353,0.7125087628913959,0.8920641845799748
2.513,3.272,0.5277982034427073,0.7243789355941753,0.6244316693862122,0.7897604116407342
2.493,2.501,0.0,0.6374520756506714,0.5536381853981669,0.6986972934099335
2.464,3.901,1.2116015333163732,0.5372193221591972,0.4599967250918438,0.5919693905367801
2.438,2.079,0.0,0.4971647908432187,0.43207668438050356,0.5441028198023847
2.394,3.526,0.6797309010897012,0.43089181663394177,0.3695109233437178,0.4759736986454845
2.356,3.212,0.34898971396648903,0.39096458524463,0.3378260387386295,0.42967266637642376
2.384,2.468,0.0,0.35200438010237384,0.3034291753524576,0.38640686652948475
2.425,2.354,0.0,0.2983834135980215,0.25421589630481556,0.3298155403930794
2.46,3.076,0.4420635240349884,0.24381163217846177,0.2040553618512773,0.2717026391146386
2.461,3.831,1.109881009472725,0.21352853674430555,0.17963406479601035,0.23883162191916638
2.46,4.586,1.841811793058179,0.23195489326242635,0.20486077419052395,0.25229124262471
2.443,4.742,1.9028463540115585,0.30967356459217144,0.28951002035271617,0.32588269938598924
2.456,3.509,0.7597648563267039,0.41236169168094283,0.3932025173781491,0.42703432048571405
2.478,2.008,0.0,0.46193523322552676,0.43714851977236174,0.4783531002864711
2.518,1.086,0.0,0.44532664896672325,0.4216963774546389,0.46725254376041125
2.513,0.647,0.0,0.39566498522446436,0.3653117646585147,0.41854193373633863
2.46,0.559,0.0,0.33458259949180874,0.3038618157218666,0.35585381832090623
2.385,0.448,0.0,0.2714438522353077,0.23905421736718857,0.2939225155025071
2.231,0.54,0.0,0.21387043141798648,0.18205516954114515,0.23634809288767736
2.096,0.792,0.0,0.16413952799753778,0.1346741178711927,0.1839050473308533
1.949,1.069,0.0,0.12282230993296551,0.09544000684093094,0.1408042036738998
1.771,0.671,0.0,0.09037406746766423,0.06918924327967849,0.1060059463314818
1.545,3.423,0.5555970760841933,0.06487038390517373,0.04751165316520784,0.0774713959834188
1.458,1.626,0.0,0.07313491817532435,0.0605978059123945,0.08246427401192633
1.383,4.31,1.3867020492309483,0.06872726101879481,0.057439625169081465,0.07669167589031625
1.319,4.218,1.4797583813742397,0.12735951446933105,0.12175217114068376,0.132434595307125
1.295,3.668,0.8137657159479783,0.21454538876146337,0.20800363814335993,0.22036688494725754
1.316,3.893,1.1772359445561222,0.27585471518290583,0.26829967994980325,0.2853785875507867
1.388,3.805,1.0198722645141278,0.33905056165228087,0.3234193106153161,0.34827771780349887
1.489,2.208,0.0,0.3856091234227073,0.36792148419809595,0.40066846477439266
1.578,1.897,0.0,0.37394599259758887,0.35486384452529285,0.3913590224018671
1.665,5.677,2.769717881869515,0.3329902612274777,0.3109783168630849,0.3519974881336194
1.701,2.196,0.0,0.4177619674676379,0.4002057217604949,0.43324596927489895
1.72,1.733,0.0,0.42153870224629914,0.39717340228815706,0.4423663572394483
1.723,1.716,0.0,0.3838634489195823,0.35660171664261886,0.4044192486216233
1.72,3.357,0.4239490143446849,0.3297882571550157,0.30019641157941857,0.3514250642573289
1.654,8.612,6.11922172038726,0.29208636382634273,0.2616156737217542,0.31383797043667605
1.539,2.732,0.1212155528659773,0.5455905921157985,0.5310859443516012,0.5581136299110108
1.454,3.756,1.2350514284184273,0.6309454619423258,0.6007281967896291,0.6545272061122637
1.392,3.961,1.340380566458368,0.6790229508194845,0.6454662194059497,0.7059495464800386
1.345,2.748,0.16722196079271834,0.7107507806412686,0.6720525010785692,0.7394458502010842
1.325,0.923,0.0,0.6735074012507817,0.6303794742787746,0.7093967086124925
1.27,0.872,0.0,0.5948994378956156,0.5471294093676716,0.6309192075243992
1.193,0.94,0.0,0.5004227842512594,0.45415048365638194,0.5385479381674992
1.102,2.77,0.1769568083453419,0.4075301864520643,0.357333082702428,0.4436217416549374
1.008,3.377,0.6585898768200842,0.3304860295596866,0.283562639293083,0.36446316127551215
0.915,1.227,0.0,0.2932892654055167,0.25239843089457287,0.3219025035457462
0.867,2.48,0.0,0.2461050369332036,0.2100375365971334,0.27259694320624417
0.839,8.465,6.0493741363927445,0.19852008133284793,0.16168791360378723,0.2225690838265071
0.825,4.12,1.6489502571169568,0.45273800548008275,0.43999158463466714,0.46343315920979766
0.824,1.682,0.0,0.619857621255752,0.5973341449513616,0.6410054968980065
0.833,1.271,0.0,0.6495437713095777,0.6181902611359702,0.6774117755432636
0.843,0.48,0.0,0.6079066407107089,0.5738372765041644,0.640332751771924
0.834,0.699,0.0,0.5325830271327009,0.4906058424517666,0.5634333660242017
0.817,3.979,1.612517913360695,0.44455059015581627,0.3995866581104204,0.477586532621284
0.806,0.561,0.0,0.4394451682136751,0.39993851117163737,0.469068364307524
0.837,0.312,0.0,0.39535856817973686,0.35658877399440697,0.4250192358396817
0.953,2.235,0.0,0.337362277749805,0.29790939349573764,0.36607926633192384
1.021,0.682,0.0,0.27569545181161437,0.23869086187025487,0.3029419053659144
1.02,0.3,0.0,0.21785861790015718,0.18257863003897584,0.24339894255952038
0.963,0.097,0.0,0.16805007825258994,0.136082455911106,0.19122363547699653
0.836,0.253,0.0,0.12658803219623396,0.09882033480164938,0.14662040746949762
0.742,0.099,0.0,0.09326557092992574,0.07033299563653093,0.10980525508699468
0.678,0.455,0.0,0.0671054084043412,0.04801800480487455,0.08066100336282293
0.615,0.295,0.0,0.047513106124313795,0.03299094726953385,0.058310008831135116
0.57,0.123,0.0,0.033011295051857785,0.021531685728270546,0.0416212770351482
0.527,0.29,0.0,0.022557507275543984,0.013869791548781409,0.029328928663229434
0.492,2.192,0.0,0.015157175053158266,0.0086296087246895,0.020036369025490927
0.467,1.028,0.0,0.009923543974440638,0.005464153425674062,0.013643261783556427
0.442,0.48,0.0,0.0063845216996975505,0.0032431031715383445,0.009025751589364866
0.424,0.134,0.0,0.0040662254674901895,0.0019531491170305454,0.0059100334798293415
0.405,0.23,0.0,0.0025539747449749564,0.001137830432797282,0.0038341905909787433
0.397,0.073,0.0,0.0015863879181110395,0.000676955134278762,0.0024276488486242474
0.388,0.107,0.0,0.000980906879870125,0.0004091628665690017,0.0015240542188804124
0.384,0.001,0.0,0.0006061249108232662,0.0002481781277722284,0.0009654293025871509
0.38,0.062,0.0,0.00037414626507844016,0.00014769142575138115,0.0006034303490725155
0.37,0.484,0.0,0.00023214078860908682,9.076202166151539e-05,0.000378051153088279
0.361,0.169,0.0,0.00014626118046505326,5.717644833360909e-05,0.00023980712657958693
0.355,0.013,0.0,9.27678039794418e-05,3.617929577040407e-05,0.00015190614433201926
0.347,0.0,0.0,5.977030940116416e-05,2.3451313341985892e-05,9.867627771485938e-05
0.345,0.0,0.0,3.895663397292291e-05,1.5171993199488352e-05,6.475749970665281e-05
0.343,0.082,0.0,2.5444207186669973e-05,9.118255608016634e-06,4.235293225157096e-05
0.341,0.273,0.0,1.6861381900063006e-05,6.414701912373484e-06,2.826471169459623e-05
0.341,0.0,0.0,1.1140270097616262e-05,4.044369304728329e-06,1.8702667997051267e-05
0.339,0.0,0.0,7.410551992047035e-06,2.6139475394270645e-06,1.2619087011330912e-05
0.334,0.027,0.0,4.937455912477172e-06,1.6997386730758543e-06,8.556556854650625e-06
0.331,0.0,0.0,3.2982226928191386e-06,1.0950902789411404e-06,5.7454443724125555e-06
0.324,0.0,0.0,2.207172315578006e-06,7.060137432964992e-07,3.924853451637835e-06
0.315,0.012,0.0,1.485712742701471e-06,4.797053006353001e-07,2.6338451954624777e-06
0.308,0.01,0.0,1.0007959242871273e-06,3.12990842583555e-07,1.7918735619873305e-06
0.298,0.001,0.0,6.723480554612637e-07,2.014077360580126e-07,1.2287362352359968e-06
0.293,0.002,0.0,4.52475609799796e-07,1.3599997397018061e-07,8.244195597794125e-07
0.287,0.044,0.0,3.0480158387298355e-07,8.361777498294849e-08,5.690819830235265e-07
0.283,0.291,0.0,2.0636875307112744e-07,5.8831988268061704e-08,3.898705751785141e-07
0.28,0.6,0.0,1.39548821643375e-07,3.6846955998472586e-08,2.649417504056617e-07
0.277,0.281,0.0,9.414949986149029e-08,2.4348275555237785e-08,1.8170572260797065e-07
0.274,0.148,0.0,6.396611469148687e-08,1.5977328819350594e-08,1.240742641571101e-07
0.272,0.159,0.0,4.3250079157479124e-08,8.988621732760811e-09,8.598324885625319e-08
0.269,0.036,0.0,2.926731442981287e-08,6.619994648006006e-09,5.787112482089637e-08
0.265,0.017,0.0,2.0006219220082107e-08,3.6985556758962808e-09,4.00663672833142e-08
0.263,0.095,0.0,1.3426502826943586e-08,2.673599230855275e-09,2.7607299301527738e-08
0.26,0.035,0.0,9.260629623930312e-09,1.1463910069245747e-09,1.9133863231316046e-08
0.255,0.009,0.0,6.213714875054458e-09,4.935362516692512e-10,1.3164929024605276e-08
0.252,0.001,0.0,4.355273287137538e-09,0.0,9.200436181919339e-09
0.25,0.014,0.0,2.908488448812992e-09,0.0,6.440240969115829e-09
0.247,0.105,0.0,2.1104343614734536e-09,0.0,4.8719994720820476e-09
0.245,0.018,0.0,1.382363871661286e-09,0.0,3.3411069789960087e-09
0.242,0.016,0.0,1.064559164025712e-09,0.0,2.9345918691567615e-09
0.241,0.002,0.0,6.965530041717952e-10,0.0,2.079600182020572e-09
0.238,0.006,0.0,5.577011967609262e-10,0.0,1.7519111467458127e-09
0.236,0.001,0.0,3.779314241097835e-10,0.0,1.3231960406331686e-09
0.232,0.002,0.0,3.000659744008108e-10,0.0,1.0804405797727499e-09
0.23,0.091,0.0,2.173451217880391e-10,0.0,8.087939078068003e-10
0.237,0.164,0.0,1.6457889158613013e-10,0.0,6.389456588883957e-10
0.234,0.0,0.0,1.2108303658441252e-10,0.0,4.715568649221808e-10
0.232,0.0,0.0,8.667280161582341e-11,0.0,3.46140724796988e-10
0.231,0.006,0.0,6.394171901145719e-11,0.0,2.495487312235421e-10
0.23,0.0,0.0,4.4919909829868643e-11,0.0,1.800673308088036e-10
0.228,0.0,0.0,3.297527890847991e-11,0.0,1.3207825519678857e-10
0.222,0.031,0.0,2.2928071607639133e-11,0.0,9.313679637947805e-11
0.221,0.0,0.0,1.6819440193452804e-11,0.0,6.835281769000653e-11
0.22,0.002,0.0,1.1675775355448968e-11,0.0,4.817344048170517e-11
0.218,0.0,0.0,8.557536990475339e-12,0.0,3.5373784188527376e-11
0.215,0.0,0.0,5.938246680868423e-12,0.0,2.491690136461431e-11
0.214,0.008,0.0,4.3550077444488575e-12,0.0,1.830655490965624e-11
0.212,0.015,0.0,3.0208829141585694e-12,0.0,1.2887847902546103e-11
0.207,0.0,0.0,2.216819704008686e-12,0.0,9.473963869172948e-12
0.204,0.035,0.0,1.5371319290769628e-12,0.0,6.666022439841384e-12
0.204,0.101,0.0,1.1286818454610989e-12,0.0,4.902942799098968e-12
0.203,0.079,0.0,7.823272425550712e-13,0.0,3.4478879268946166e-12
0.202,0.09,0.0,5.747922382170815e-13,0.0,2.5373590685376097e-12
0.201,0.192,0.0,3.9825782372603636e-13,0.0,1.7833620076479552e-12
0.201,0.122,0.0,2.9278372664937236e-13,0.0,1.3131279150390784e-12
0.201,0.421,0.0,2.0278566510850372e-13,0.0,9.224139876559116e-13
0.201,0.04,0.0,1.4916886448036276e-13,0.0,6.795667771359851e-13
0.2,0.001,0.0,1.0327752130308209e-13,0.0,4.771031127311045e-13
0.198,0.015,0.0,7.601568247106316e-14,0.0,3.5168775273570894e-13
0.197,0.09,0.0,5.26100303690227e-14,0.0,2.4677355647038366e-13
0.2,0.041,0.0,3.8745437079767747e-14,0.0,1.820045944398696e-13
0.203,0.018,0.0,2.6805510850623342e-14,0.0,1.2763946948415634e-13
0.204,0.001,0.0,1.9752810282638304e-14,0.0,9.419057730808848e-14
0.207,0.002,0.0,1.366063967781338e-14,0.0,6.60193677554495e-14
0.204,0.001,0.0,1.0072257557008605e-14,0.0,4.874527974629042e-14
0.203,0.003,0.0,6.963186760545365e-15,0.0,3.414740705400771e-14
0.196,0.005,0.0,5.137040858314289e-15,0.0,2.522653932194358e-14
0.189,0.002,0.0,3.5500443744492414e-15,0.0,1.766217170261335e-14
0.183,0.014,0.0,2.6205121379360193e-15,0.0,1.305517766491836e-14
0.177,0.034,0.0,1.8102849682401734e-15,0.0,9.135461116808789e-15
0.17,0.005,0.0,1.337041862365053e-15,0.0,6.756284008002646e-15
0.17,0.096,0.0,9.23307264456643e-16,0.0,4.725163544805096e-15
0.169,0.14,0.0,6.823202299797947e-16,0.0,3.4964957856788214e-15
0.167,0.169,0.0,4.710103434038665e-16,0.0,2.4440113365836448e-15
0.169,0.327,0.0,3.4826887773496266e-16,0.0,1.8094980597127543e-15
0.169,0.021,0.0,2.4032463083092034e-16,0.0,1.2641237407306073e-15
0.169,0.236,0.0,1.7779643409753228e-16,0.0,9.364470702255724e-16
0.167,0.052,0.0,1.2264463529311025e-16,0.0,6.538467349232286e-16
0.167,0.07,0.0,9.078460227894635e-17,0.0,4.846278294442625e-16
0.164,0.204,0.0,6.260082657668388e-17,0.0,3.381912222451917e-16
0.16,0.204,0.0,4.636400477065092e-17,0.0,2.508034260582874e-16
0.158,0.138,0.0,3.1958886993260224e-17,0.0,1.7492371949292698e-16
0.158,0.24,0.0,2.3682532170406053e-17,0.0,1.2979518472707766e-16
0.158,1.523,0.0,1.6318571537064503e-17,0.0,9.047635077806183e-17
0.16,3.41,1.0126356832447296,1.2099088342027028e-17,0.0,6.717129138278624e-17
0.17,0.798,0.0,0.049803607051920835,0.04796726400400788,0.052691796769258316
0.198,0.001,0.0,0.06533663258559701,0.06304322028566803,0.06803261262128511
0.241,0.004,0.0,0.06517050428188993,0.06226145956727012,0.06814532566126857
0.259,0.003,0.0,0.05780821542730265,0.05468936000703453,0.060456570687597154
0.26,0.005,0.0,0.04778786294368747,0.043959241434619475,0.05068856017023004
0.258,0.159,0.0,0.03761303954220695,0.03334901473712539,0.040694134234419706
0.231,0.028,0.0,0.028634724193143606,0.024335434057264096,0.03182380330097509
0.2,0.165,0.0,0.021118877323778668,0.017128130739234554,0.023853949310967643
0.184,0.723,0.0,0.015338856428168453,0.011786762803804203,0.017505806358454758
0.171,0.055,0.0,0.010628832326845777,0.007835468392503469,0.012631018530332903
0.171,0.149,0.0,0.007297718637869913,0.005076693804556423,0.008883714732476046
0.176,0.034,0.0,0.004914829727970386,0.003255599485991573,0.006106072193795936
0.101,0.168,0.0,0.0032608085817952687,0.0020376015203417107,0.004183060168593149
0.1,0.21,0.0,0.0021298638011219956,0.0012553655872423767,0.00279704643037308
0.099,0.23,0.0,0.0013741404099516315,0.0007674437971695055,0.001844375623028384
0.096,0.058,0.0,0.0008789096710913548,0.00046908861388002016,0.0012148637140135
0.092,0.084,0.0,0.0005597928198718518,0.0002867519001983352,0.000794809565493589
0.09,0.377,0.0,0.00035533564466000623,0.00017631214632098525,0.0005136838505256232
0.09,2.458,0.0,0.00022678127585388968,0.00011229239704340381,0.0003302758474714213
0.09,0.771,0.0,0.00014477001958187815,6.841324865994577e-05,0.00021454934370714718
0.092,0.487,0.0,9.306393776861488e-05,4.422782352345292e-05,0.00013857482801588554
0.1,0.365,0.0,6.0548345746896184e-05,2.8347387692205638e-05,9.096868480490812e-05
0.107,0.062,0.0,3.948955306805828e-05,1.8058706471213963e-05,6.019523124581759e-05
0.108,0.107,0.0,2.5951306504101833e-05,1.1808783252011871e-05,3.9561631767829535e-05
0.107,0.186,0.0,1.7110453113422848e-05,7.65192231783255e-06,2.651820621512976e-05
0.106,0.2,0.0,1.1371381811585712e-05,4.752524623820222e-06,1.78090370387888e-05
0.102,0.493,0.0,7.5559975494549e-06,3.0749267568647152e-06,1.1940141039295398e-05
0.1,2.727,0.0,5.022846835048693e-06,2.0088937273314785e-06,8.018521537419303e-06
0.098,3.485,0.7072877856075079,3.364400509934234e-06,1.3215218548520402e-06,5.440790992857392e-06
0.1,0.786,0.0,0.03478818144050624,0.03350677003962595,0.03680414304639514
0.103,3.137,0.0,0.045207370443633675,0.04306725501979004,0.04761841567789596
0.107,2.441,0.0,0.0445039436660565,0.04208341037166351,0.04631031763384258
0.108,2.391,0.0,0.039068881240824756,0.03667811585560322,0.04134635299225561
0.11,1.32,0.0,0.031993305066147476,0.02914770070518922,0.034169453596837894
0.113,2.178,0.0,0.024945944249767524,0.021833812781258406,0.027215139622513627
0.115,2.277,0.0,0.018746931237082372,0.015740164126601695,0.020898503932629126
0.113,1.875,0.0,0.013684635314574175,0.010989838069824408,0.015543176645443552
0.11,5.523,2.497326501365292,0.009697935066366504,0.007394400406342537,0.01127891920208395
0.108,2.437,0.0,0.12954927000109898,0.126106206771317,0.13516720657007678
0.107,0.286,0.0,0.17116959980295043,0.16345743672067845,0.17918213827518806
0.107,3.11,0.0,0.17371221347531496,0.1674787243872708,0.1817437108503557
0.108,1.298,0.0,0.1577063395562808,0.14961350549042168,0.16655505690560146
0.094,0.0,0.0,0.13364605215512526,0.12316545284945801,0.14170500016852527
0.095,0.0,0.0,0.10784678841287831,0.09674702923893926,0.11628564281579003
0.095,0.0,0.0,0.0842513918706043,0.07240029945023611,0.09269066815213771
0.091,0.018,0.0,0.06379511659236194,0.052242038564886864,0.07123938947257387
0.089,0.606,0.0,0.047049101918475014,0.03755720757081665,0.053725775882924924
0.086,2.419,0.0,0.03387864171458364,0.02532813630703517,0.03951548200819088
0.086,0.702,0.0,0.023983131633436863,0.017257314255966924,0.02868529443375097
0.086,1.288,0.0,0.016614298817936714,0.011481606075338019,0.020332221734675505
0.084,0.68,0.0,0.011235959672544664,0.007230021694179055,0.014202756097518091
0.082,1.236,0.0,0.007498527409899447,0.004520854389166298,0.009738263946188347
0.08,0.297,0.0,0.004934957349483076,0.00284629341702619,0.006574638884159596
0.078,0.291,0.0,0.0031701500759945584,0.0017102731860599322,0.004348499094104663
0.076,0.113,0.0,0.002022730503965346,0.0010391540807174221,0.002862880447884039
0.076,0.179,0.0,0.00127939013964536,0.0006306521554902125,0.0018496319220424164
0.076,0.053,0.0,0.0008051686247212511,0.00038120166903424116,0.001184571587860521
0.076,0.147,0.0,0.0005055081136946554,0.00022998758897025453,0.0007668887472444765
0.076,0.014,0.0,0.0003170376355313204,0.000142593682026718,0.00047970299093000204
0.075,0.037,0.0,0.00020048906005030437,8.939598606949984e-05,0.00030958485872700054
0.074,0.411,0.0,0.00012787965596338283,5.637699831084391e-05,0.00019914020597069183
0.073,0.106,0.0,8.178705448728729e-05,3.4516434418881726e-05,0.0001273967980362235
0.072,0.137,0.0,5.3013043719709455e-05,2.2562847847704406e-05,8.43357894252648e-05
0.071,0.312,0.0,3.4779447192045384e-05,1.4825402831574678e-05,5.518139627409154e-05
0.07,0.167,0.0,2.274641277800367e-05,9.047581729853157e-06,3.655622196506055e-05
0.07,0.029,0.0,1.5041646207848139e-05,6.107786529380955e-06,2.4370033780062056e-05
0.069,0.051,0.0,9.987241450343891e-06,3.928716128491227e-06,1.6196853625362943e-05
0.069,0.11,0.0,6.661441054532417e-06,2.5173010867159787e-06,1.0983814749985382e-05
0.069,0.562,0.0,4.443018398474849e-06,1.6337252376172984e-06,7.4235975825302954e-06
0.069,0.296,0.0,2.965926720333499e-06,1.079384810919519e-06,4.9711309058260065e-06
0.07,0.327,0.0,1.9821647483025118e-06,6.68914296410241e-07,3.359062062076466e-06
0.071,0.36,0.0,1.3385862751869932e-06,4.575654489015538e-07,2.3208088476021357e-06
0.072,0.691,0.0,8.980764973232547e-07,2.846475198377141e-07,1.5601812190987304e-06
0.063,2.476,0.0,6.030133222361086e-07,1.9354753169879755e-07,1.0624790893686953e-06
0.066,5.427,1.6263875790399336,4.0659155743165993e-07,1.2287688545124603e-07,7.322327746913787e-07
0.069,5.903,2.113169033529361,0.07998952183940906,0.07704041939377058,0.08462804023408269
0.072,5.157,1.4496737290343416,0.21104022409023976,0.20296867718276002,0.22079507868001919
0.078,3.465,0.0,0.3243017138974307,0.3129483843290225,0.3358362866153759
0.091,2.116,0.0,0.34903513699501537,0.3323537858063044,0.3642702242827693
0.112,0.245,0.0,0.32823152267043926,0.3094025327006455,0.34398693199141167
0.146,0.333,0.0,0.2868288926767427,0.26706639396164805,0.3007577673871818
0.192,1.191,0.0,0.2390310456759547,0.21776431234680552,0.2559058391248189
0.268,0.619,0.0,0.19111593918134717,0.1661585281305046,0.20871122651884857
0.313,0.248,0.0,0.1491463683954599,0.12681507586136254,0.1641683378716755
0.317,0.134,0.0,0.11290973787655198,0.09134319251941227,0.12690493785220752
0.285,0.035,0.0,0.08385511196887588,0.06624490198003734,0.09653176244463402
0.223,0.638,0.0,0.06068973074936326,0.04570881808002997,0.07118488637188193
0.166,0.929,0.0,0.04317773414550369,0.03093395916550881,0.051844840423804356
0.133,1.232,0.0,0.030071723402006,0.02037298218973255,0.03701923333535893
0.105,1.435,0.0,0.02056415220325689,0.013084922890456731,0.02594413735862228
0.091,1.489,0.0,0.013767975393120737,0.008336618116211194,0.017926807832993674
0.087,0.986,0.0,0.009085754182083938,0.0051653729980912924,0.01222108386114597
0.086,0.216,0.0,0.0058937827888151115,0.0031090395469563414,0.008170704435681627
0.09,5.995,2.3903756029855727,0.0037614698857116762,0.0018832873040794252,0.005367637153254185
0.1,6.862,3.1250326439845946,0.11993656961977758,0.11658810352342483,0.12562609611439912
0.121,8.109,4.392325868855103,0.31350479442724627,0.30424254445131604,0.32809611926363363
0.153,4.162,0.3206147382168565,0.5950427758355511,0.5745662636309343,0.6193362918109632
0.191,1.079,0.0,0.7016582972943224,0.6730831691546718,0.7292693501667312
0.223,0.0,0.0,0.6939346729917102,0.6588649213209884,0.7251680925663644
0.228,0.0,0.0,0.630621631305159,0.5985063349591955,0.6607499788195591
0.205,0.0,0.0,0.5394956781109848,0.4975479130961187,0.5707466126762001
0.181,0.0,0.0,0.44521038847466926,0.40140409455038817,0.4760116720986863
0.158,0.057,0.0,0.3559132234505314,0.3121920235905051,0.3871426371170181
0.158,0.186,0.0,0.277208289170462,0.23276254692516196,0.30733626471612935
0.153,0.585,0.0,0.21148196172124684,0.17077874322521108,0.2379572319528534
0.146,0.995,0.0,0.15768540169017548,0.12384607170910457,0.18105947608676967
0.131,1.435,0.0,0.1152770377609937,0.08571899535744383,0.1359629505648446
0.116,1.944,0.0,0.08282629431654887,0.05898365708970905,0.09953528004256797
0.109,2.883,0.0,0.05834947120537399,0.0398781892339272,0.0717610663382982
0.111,6.889,3.230272015020779,0.040398354169813244,0.02585165187317431,0.051182098562525605
0.13,4.817,1.3236492382417464,0.1862661586112879,0.18354155208761952,0.1888758525694986
0.165,4.959,1.4197019126154786,0.3019702997815183,0.29177695835685086,0.31069098621123914
0.209,6.005,2.5486748695552333,0.39985170988608615,0.38552904608885247,0.4139746955187659
0.266,13.873,10.549738177681476,0.5368776940361139,0.5208755060029583,0.5533250418139053
0.31,13.306,10.072001830388045,1.0779548770128067,1.0482076281820465,1.1063095517437875
0.366,9.113,5.9222271662364605,1.7624711631746068,1.7076689585015348,1.8237131814467746
0.476,2.413,0.0,2.275428266258006,2.1730693750015146,2.354912634664741
0.599,0.064,0.0,2.3779816771594855,2.2746448160924664,2.47235749099392
0.736,3.518,0.0,2.24342994068529,2.1339777960984554,2.350644497374596
0.776,3.329,0.0,2.0024205199449847,1.8599402695717373,2.1163628448182408
0.737,5.113,1.5039363190864403,1.7136673121824246,1.5643144744607484,1.8262977939933318
0.623,5.772,2.709498128677079,1.4972440671238356,1.3613090842321733,1.5990744338471015
0.56,3.882,0.5720074438742135,1.390097957848511,1.259901592339649,1.4952104751225632
0.549,3.933,0.4468038738279625,1.2468238695425067,1.1178046868280942,1.3489440816109344
0.591,3.996,0.6663806286486178,1.0937687373834908,0.9732751929941545,1.1864010191732282
0.684,5.107,1.3533053207426131,0.9541068706282287,0.8435787733015102,1.039736212310271
0.825,4.792,1.3134356016261624,0.8648269060178305,0.7522513692753001,0.9417068415216536
0.999,2.094,0.0,0.8088090728222057,0.7080293601165957,0.8790466864736999
1.1,2.88,0.0,0.7092252080342633,0.6178928761257401,0.7759751700833203
1.11,3.904,0.6119215257095476,0.5960991630607034,0.503806937355817,0.6576910218203889
1.087,2.606,0.0,0.5152835303296228,0.43978475564968944,0.5698492392145497
1.087,2.019,0.0,0.42624561214677403,0.35887018433254014,0.4754056300241713
1.182,4.841,1.3962789208066373,0.3420121966674296,0.27811973787134464,0.38728203839994924
1.507,3.258,0.0,0.3359960359917283,0.28833614058380225,0.3727785237244367
1.861,2.642,0.0,0.30103966022177425,0.26063043211803055,0.3330943515634567
2.072,3.69,0.4541812908102911,0.2546301232104752,0.21776727126678527,0.2847061374048007
2.102,9.35,6.144175150610333,0.2293899741045991,0.19570776530083084,0.25458004786638694
2.054,5.527,2.5214235942729166,0.4962869674291113,0.4814455799001826,0.5075629619882548
1.909,5.474,2.426896090219385,0.7088534577260444,0.6824543139724017,0.730558532195477
1.819,5.005,1.8553270049450212,0.8757900521071295,0.842798817589433,0.9033102727229653
1.691,6.391,3.4763231838796322,0.9792871453113043,0.940899381823286,1.0158377630976427
1.638,7.063,3.9271840689849338,1.1210130628394637,1.07308711418843,1.1588798657255663
1.588,5.908,3.1010612969171683,1.29352746467435,1.2391181860352245,1.3353318681547683
1.563,10.968,8.096601926900167,1.4314318288140524,1.3675543332118274,1.4828479266027794
1.556,5.838,2.6812602086976516,1.7862475237238478,1.7077301596990975,1.846489909354185
1.549,2.534,0.0,1.9666095252200826,1.8898671278472872,2.037882709638711
1.537,6.567,3.2143318332527966,1.9067237195908755,1.809153929051182,1.9925503102433666
1.472,10.019,7.039265741417323,1.882444498625652,1.7719543990067594,1.9680939781476758
1.335,7.539,4.557284869054088,2.06440541341239,1.9498546288631762,2.150096631571411
1.233,4.287,1.1471688865501477,2.226659499688929,2.1051865828353233,2.3268519771955627
1.188,5.493,2.242375978915914,2.191212227291792,2.0455357599934136,2.3005168794914934
1.191,3.107,0.0,2.117324237782007,1.9712243273637176,2.2388657256246525
1.226,1.353,0.0,1.9083238559366837,1.7455513677273609,2.0264038390120525
1.271,4.306,0.9718189331175444,1.6489553943324262,1.4818274573572408,1.76815937888525
1.318,4.945,1.8442380852785636,1.4240383645528345,1.262533007358869,1.535414549132052
1.391,9.048,6.317348316750134,1.2777644668131243,1.1206851088495897,1.3841796543397813
1.577,6.028,3.4014304602203738,1.4072886543953769,1.2823273694049209,1.4984723395657533
1.858,6.641,3.877092524274729,1.5304900859795147,1.4167252122843466,1.6161020818038558
2.066,5.549,2.3669885217252826,1.6605626864770744,1.5567633189579881,1.7477936172414326
2.189,10.195,7.05410449814928,1.7109317152721544,1.586612696585388,1.7992830522549972
2.325,12.53,9.69902591725109,1.950771580869255,1.8476176221157077,2.036475851859906
2.385,2.671,0.0,2.3983818453342036,2.27879841968119,2.4890330458647223
2.433,3.117,0.0,2.4608358248975417,2.3432414021755372,2.57740069354457
2.447,2.911,0.0,2.3013339281830985,2.1546238144765177,2.4228319395333315
2.446,0.887,0.0,2.037457904425885,1.8805426968007006,2.1634262565060287
2.107,1.525,0.0,1.73267658386288,1.5415486283976365,1.865788606001748
2.042,9.925,6.514415307384036,1.4343474082668277,1.262564453997153,1.566189928609315
1.9,1.611,0.0,1.4790443046286599,1.3352724930370703,1.5851434706639913
1.77,1.001,0.0,1.382641172069653,1.2482254234168284,1.4804937570335703
1.682,0.192,0.0,1.2143084533161304,1.0779924767838425,1.3165474172479041
1.573,0.239,0.0,1.0286285303431872,0.8978569455642783,1.1238683451439435
1.438,0.627,0.0,0.8427924979193804,0.7246335108879761,0.9319285475554636
1.252,3.464,0.0,0.6758289508230291,0.571214731081864,0.7599926945512251
1.109,3.794,0.9366548458017467,0.5270957465510073,0.4290533300338157,0.5979322237096608
1.018,10.428,7.334964650210998,0.4491749408903989,0.3679738311861656,0.5108709490334867
1.004,7.043,3.716805866931577,0.7297994548912432,0.680226655076576,0.7706996778327132
1.096,7.346,4.049939428947567,0.9923897732966414,0.9493200010659226,1.0301151090650669
1.268,7.478,4.4456137828292555,1.241602197053321,1.1906224316093832,1.287405209910119
1.476,5.582,2.373095970515268,1.4933106400488205,1.4391800317421257,1.547005335864536
1.584,3.952,0.8814028282691737,1.6204193839411098,1.540287868254195,1.6777888398464196
1.646,0.404,0.0,1.601442793723654,1.519678118632755,1.679174681360034
1.585,0.343,0.0,1.4632534892791775,1.3719073175427525,1.5381746425807996
1.487,3.116,0.0,1.2717206427494039,1.1651647874185644,1.353560703486322
1.295,2.209,0.0,1.0614448218587942,0.950743712646755,1.1454502129533615
1.111,0.549,0.0,0.8642007186517761,0.7557690933283123,0.9476843453596172
0.94,0.395,0.0,0.684596432541711,0.576207855919683,0.7586048904570577
0.791,1.111,0.0,0.5333961826934194,0.4392422802197664,0.6010402591542017
0.696,3.192,0.0,0.4070055362427689,0.32486319258891205,0.46655321193248867
0.626,1.933,0.0,0.3041778992208549,0.23319650086821178,0.3560041522622031
0.599,4.943,1.2338991120681801,0.2237734386411916,0.1631665244556425,0.2674633044474835
0.59,1.335,0.0,0.22266887507127142,0.1778143095527974,0.2568045446713224
0.582,1.962,0.0,0.199965135169149,0.16253261043865658,0.22784934790822034
0.566,1.454,0.0,0.1687978077252686,0.13817811576967523,0.19211561299110946
0.591,5.244,1.7789366235392121,0.13635186635401667,0.10901270267957004,0.15658293066567433
0.593,5.596,2.2164445496963228,0.1942781412000876,0.17698019583231941,0.20775192290110586
0.617,2.628,0.0,0.31160338216355454,0.30123092857388817,0.32230092471038513
0.681,0.348,0.0,0.3400975534351272,0.3218667628011072,0.35440786089266085
0.739,1.426,0.0,0.3221997243336351,0.30158814274530565,0.33867491847019376
0.786,4.459,1.2328982014613903,0.28263606820494175,0.26061054204183554,0.30042415893429136
0.775,2.791,0.0,0.29620213958247044,0.2755276760247153,0.3127431075009335
0.758,2.26,0.0,0.27478326502238987,0.25308717548439574,0.29103087693400936
0.757,0.716,0.0,0.23723258910884437,0.21363855483155195,0.2538488572052696
0.742,1.765,0.0,0.19554040668734707,0.17176415162834477,0.21239542210849024
0.71,1.002,0.0,0.15566995830747138,0.1336874049257424,0.17109152235972075
0.666,0.439,0.0,0.12003001064135475,0.09897734628840157,0.1342166812540505
0.629,0.04,0.0,0.09011680270976252,0.07308865325381453,0.10291819185754729
0.609,0.396,0.0,0.06639474818535325,0.05184400575953471,0.07720583067638637
0.598,0.628,0.0,0.0476848595194551,0.03484596839051006,0.057007682768508976
0.582,0.892,0.0,0.0336284751971976,0.023109043465712954,0.04099100799188373
0.56,1.07,0.0,0.023213370514293005,0.015170697889578167,0.028942955846558593
0.537,1.388,0.0,0.015725534416194908,0.00974402790432232,0.02024046211908838
0.53,0.824,0.0,0.010516585207056856,0.0061312317129174725,0.013925457139677605
0.539,1.006,0.0,0.006876847352790186,0.0037822217578432705,0.009362126059540492
0.556,8.494,5.464812694382676,0.004435554473979393,0.0022979517787084522,0.006213582742199375
0.581,4.167,1.153056796524957,0.2715856393175573,0.26288449884964615,0.28588347836056033
0.626,1.369,0.0,0.4285933238275132,0.41201506650505876,0.44713442901782
0.692,0.998,0.0,0.46830072134243117,0.45060042254627813,0.48904166274379324
0.72,0.745,0.0,0.4450731494846145,0.424361561256943,0.4656011402811903
0.717,0.01,0.0,0.391746931020492,0.3674684184028951,0.4130418494744909
0.68,1.058,0.0,0.32878137420436115,0.2981878693931938,0.3510752079737746
0.613,1.458,0.0,0.266162054757469,0.23494981297046866,0.28625460745445525
0.544,3.081,0.0,0.20893696111321206,0.17890074371979203,0.22906089773251453
0.487,0.528,0.0,0.16000951908581884,0.1329346475981329,0.17816367201961608
0.441,0.429,0.0,0.11964177252404497,0.09556055890656771,0.13628823245400984
0.394,1.183,0.0,0.08775535339615965,0.06714277166557853,0.10173675609354838
0.385,3.16,0.25795494336339386,0.06288149761231415,0.045938311137414554,0.07481693065055241
0.384,1.055,0.0,0.05693498157257086,0.04507414695794312,0.06606114051744776
0.404,0.767,0.0,0.0478888317478947,0.038287777914665755,0.05541088092805393
0.447,0.215,0.0,0.037989244388183734,0.029793523988747746,0.044053856857055644
0.48,0.09,0.0,0.02908822368157972,0.02228617037590387,0.03410900276462071
0.471,0.011,0.0,0.021564489778433255,0.016202805044375008,0.025754350935772097
0.438,0.027,0.0,0.01555868937031367,0.011263043336674307,0.01887034980033785
0.391,0.097,0.0,0.010964528006384613,0.00758379192732719,0.013543057585460802
0.355,0.239,0.0,0.007542635549779361,0.005006280135841656,0.009508808113894533
0.33,1.644,0.0,0.005088714360516105,0.0032158262182860418,0.006576099734413913
0.306,0.591,0.0,0.0033846589287324052,0.00203051635226118,0.004512493570690301
0.306,0.68,0.0,0.002215482634103162,0.0012705707259268448,0.0030066672823076453
0.324,1.416,0.0,0.0014358897305808594,0.0007726178979296319,0.001991992226470344
0.34,1.762,0.0,0.0009182099696446092,0.00047590473333633304,0.0012995547912478234
0.361,0.421,0.0,0.0005847385808350622,0.00029275661179578306,0.0008434128036608851
0.383,0.522,0.0,0.00037231404539418277,0.0001831719618345235,0.000543590082169871
0.393,0.657,0.0,0.0002369032755502242,0.00011410484167076609,0.00035067915869977685
0.397,0.314,0.0,0.0001516489248079989,7.187594428604828e-05,0.00022776077169931965
0.399,0.332,0.0,9.744676846956801e-05,4.5798990445293636e-05,0.00014649654035038483
0.394,0.73,0.0,6.3353752104786e-05,2.936797120614401e-05,9.628257698324571e-05
0.387,0.785,0.0,4.130712352632098e-05,1.9318585309453293e-05,6.405638794330308e-05
0.371,0.063,0.0,2.7119179538316176e-05,1.1561882830582428e-05,4.173051193866404e-05
0.351,0.004,0.0,1.7839989563903635e-05,7.899308641092413e-06,2.803338535593277e-05
0.333,0.048,0.0,1.180683916280264e-05,4.957569271688787e-06,1.8584219029902807e-05
0.305,0.0,0.0,7.853161620681042e-06,3.280231597084347e-06,1.2656333378731409e-05
0.281,0.0,0.0,5.252104375327239e-06,2.123555428617821e-06,8.52998654836334e-06
0.262,0.15,0.0,3.5072385570503524e-06,1.3800289602310864e-06,5.754042618988493e-06
0.236,0.053,0.0,2.3394006931833207e-06,9.026794781400449e-07,3.884693596025706e-06
0.214,0.0,0.0,1.5752058925899053e-06,5.700948132662703e-07,2.64384548602113e-06
0.206,0.253,0.0,1.0500554611974584e-06,3.4830319127968493e-07,1.7865145454399732e-06
0.195,0.57,0.0,7.116219987718471e-07,2.408747159055336e-07,1.2281835050883736e-06
0.183,1.173,0.0,4.766443057857055e-07,1.6122875961036031e-07,8.270979349647675e-07
0.177,1.201,0.0,3.2285037405599474e-07,1.039509466927037e-07,5.679271624216783e-07
0.175,3.752,1.3675369128083168,2.173570742668044e-07,7.171555571171249e-08,3.884682078762609e-07
0.176,1.614,0.0,0.06725856173080744,0.06477873185848276,0.07115888638897479
0.182,0.324,0.0,0.08913543942405563,0.0858615828673362,0.0931579678881008
0.192,1.342,0.0,0.08952282959456602,0.08490098067013169,0.0932631893340455
0.198,1.043,0.0,0.08022041641941931,0.07585362125045826,0.08404252017884281
0.203,1.581,0.0,0.066908690590269,0.06171352670640496,0.07080320477223954
0.207,0.013,0.0,0.053101800880638025,0.04678225945534074,0.057287283045916196
0.21,0.268,0.0,0.04078892883009653,0.03506359277698019,0.04467727351752774
0.207,0.002,0.0,0.030341165664234837,0.02482983310086863,0.03405690252258748
0.203,0.228,0.0,0.02200824900302298,0.01735586653980465,0.025242646767899564
0.197,0.063,0.0,0.015537815389799302,0.011541425646040826,0.018342956119625775
0.192,0.525,0.0,0.010773641514259304,0.007629685254359272,0.012989817203944164
0.183,0.157,0.0,0.007354595928832749,0.004914362076164592,0.009096651547528199
0.176,0.142,0.0,0.004885257935755361,0.0030767187630663835,0.006247914283929551
0.17,0.026,0.0,0.003203384926003134,0.0019125941680533907,0.0041858313627598145
0.163,0.001,0.0,0.0020716162925642568,0.0011509866738284935,0.0028051253653177707
0.16,0.113,0.0,0.0013279186989524393,0.0007074902855549787,0.0018323267243458405
0.159,0.518,0.0,0.0008446811728330925,0.00042840115746965176,0.0011951002908087548
0.155,0.0,0.0,0.0005355814842074017,0.00026645812063059895,0.0007718981659896472
0.152,0.0,0.0,0.00033986981453044,0.00016512180055939897,0.0004980686979100959
0.148,0.016,0.0,0.00021612114287208778,0.00010401761291430064,0.000319815268304137
0.144,0.018,0.0,0.00013816030801626068,6.33692170025933e-05,0.00020748290707889414
0.141,0.041,0.0,8.847821049805832e-05,3.98626971960807e-05,0.0001354221344284329
0.137,0.156,0.0,5.7563816281006544e-05,2.6298413869279842e-05,8.773360807569274e-05
0.136,0.025,0.0,3.75680083334651e-05,1.7187435290334075e-05,5.7728611480176606e-05
0.135,0.045,0.0,2.472959600144582e-05,1.0712813213649864e-05,3.8688978141261624e-05
0.135,0.398,0.0,1.629698903178532e-05,7.120588727913764e-06,2.5660144682039595e-05
0.133,0.038,0.0,1.081951750540493e-05,4.5221879823847905e-06,1.718557963703889e-05
0.132,0.0,0.0,7.17822041659887e-06,2.9214953733448254e-06,1.1523599710098489e-05
0.131,0.0,0.0,4.8007803211191444e-06,1.8864887338382125e-06,7.786010659761944e-06
0.13,0.0,0.0,3.1990285163571547e-06,1.2174786711340603e-06,5.25246912003394e-06
0.129,0.002,0.0,2.1471273175582113e-06,7.938102263459333e-07,3.6001053504293083e-06
0.127,0.0,0.0,1.441033394136869e-06,5.195401778805864e-07,2.4114289401231275e-06
0.125,0.189,0.0,9.623068888983643e-07,3.4359233620422994e-07,1.6412561883774488e-06
0.124,0.084,0.0,6.539044057749568e-07,2.2159090024714272e-07,1.1204471811890085e-06
0.122,0.339,0.0,4.3726248700189906e-07,1.4045557741318495e-07,7.653880323863472e-07
0.122,0.086,0.0,2.9581207172818035e-07,9.555069519057329e-08,5.181061432071199e-07
0.124,0.0,0.0,1.990392794768473e-07,6.294467265140137e-08,3.5249758900746697e-07
0.126,0.023,0.0,1.3472646896801312e-07,4.141876305806018e-08,2.4148732022357074e-07
0.127,0.001,0.0,9.116334205182758e-08,2.8292183746760778e-08,1.666694597165949e-07
0.127,0.026,0.0,6.154583634309836e-08,1.722170768211201e-08,1.1347218831240084e-07
0.125,0.003,0.0,4.187615811540554e-08,1.1905513847275104e-08,7.830038323212203e-08
0.122,0.23,0.0,2.822836525995887e-08,7.430927428644278e-09,5.3296098012639586e-08
0.119,0.184,0.0,1.9355965889129453e-08,4.943137378098357e-09,3.714971010747073e-08
0.115,0.223,0.0,1.2954145207375334e-08,2.7501147299159046e-09,2.538771768917012e-08
0.115,0.0,0.0,8.919470773169991e-09,1.6134772530818298e-09,1.7363328050947473e-08
0.115,0.0,0.0,6.021652595756808e-09,2.7337311473702944e-10,1.222403559442059e-08
0.115,0.132,0.0,4.184413540170026e-09,0.0,8.371246733405838e-09
0.117,0.09,0.0,2.815752937481792e-09,0.0,5.93426783163651e-09
0.117,0.103,0.0,2.0087184595986162e-09,0.0,4.535940495229346e-09
0.115,0.263,0.0,1.3508522041756346e-09,0.0,3.392145873101293e-09
0.115,0.275,0.0,1.0029686982384404e-09,0.0,2.6912406160494116e-09
0.117,0.516,0.0,6.860821004269217e-10,0.0,2.189020350719482e-09
0.121,0.003,0.0,5.379837621950747e-10,0.0,1.6776048121749782e-09
0.126,0.035,0.0,3.6908085811585254e-10,0.0,1.3219665147077098e-09
0.129,0.024,0.0,2.982606173448008e-10,0.0,1.0589072572168075e-09
0.131,0.056,0.0,2.083857023037681e-10,0.0,7.82634219169535e-10
0.137,1.913,0.0,1.6270902081136885e-10,0.0,5.863773520954629e-10
0.137,2.956,1.2246765249756748,1.1390516334043543e-10,0.0,4.251843931275095e-10
0.153,1.215,0.0,0.0602322329602043,0.05801136925261744,0.06372519521742741
0.189,0.206,0.0,0.0795688353013111,0.07637343072298003,0.08314042868838094
0.248,0.022,0.0,0.07967132517073083,0.07524049795569837,0.08315466483609865
0.285,0.018,0.0,0.07104231846907254,0.06635252110789187,0.07488418684168312
0.297,0.0,0.0,0.05918198083499097,0.05452857195150944,0.06305743212568701
0.295,0.0,0.0,0.04679652265979419,0.04138416249590688,0.050742835329231656
0.279,0.135,0.0,0.035804973266974016,0.03066808249780861,0.03937063354756809
0.257,0.0,0.0,0.026537022415287097,0.02175395877822238,0.02991056731662821
0.22,0.556,0.0,0.019144213871938025,0.014962451010559387,0.02207451013413994
0.186,0.0,0.0,0.013512876964876465,0.009981318581909189,0.015864298537716124
0.16,0.0,0.0,0.009285873629099595,0.0062906289134224925,0.011273879811384623
0.144,0.0,0.0,0.006304881031892936,0.0041198700256219615,0.00782591722885429
0.129,0.0,0.0,0.004193592167163574,0.0025989816341040837,0.005385311060637504
0.114,0.005,0.0,0.0027493664180454963,0.0016335291811116308,0.003606352311098491
0.108,0.024,0.0,0.0017810226918652525,0.000998872081363275,0.0024063744709026916
0.103,0.764,0.0,0.0011384263046270498,0.0006159516106707023,0.0015769533681084943
0.1,3.26,0.9652875688681308,0.0007267486717695246,0.00037886203302244827,0.0010312568532449043
0.098,0.02,0.0,0.04793633528194414,0.046375835315797004,0.05048993537571072
0.096,0.009,0.0,0.06255150844210107,0.05977872988994864,0.06510427657669653
0.095,0.108,0.0,0.06251250702368004,0.05939523788900019,0.06518928756256037
0.094,0.637,0.0,0.05504747914459796,0.051547611784685046,0.057735226202232266
0.093,0.613,0.0,0.04548566913920086,0.04160122545972312,0.04858394745921513
0.093,0.01,0.0,0.03577392825542087,0.031662139567386755,0.03898677319832103
0.093,0.001,0.0,0.02715800326217101,0.023058396908726454,0.029928604581050896
0.092,0.0,0.0,0.020016411058622622,0.016160568351948765,0.02265536778285613
0.092,0.0,0.0,0.014337107006188775,0.011100343076096477,0.01656134565875613
0.091,0.173,0.0,0.010057266115083606,0.007403569360286438,0.011916205191784246
0.091,0.552,0.0,0.006885629237837707,0.004828243792937677,0.008394866004168633
0.09,0.0,0.0,0.0046346205288498,0.0030612146145541966,0.005799147601010964
0.085,0.064,0.0,0.0030705241043056425,0.0019379215403388934,0.003951713007689441
0.084,0.005,0.0,0.0019960646183652202,0.0011754844207165327,0.0026421585429364488
0.084,0.0,0.0,0.0012898706457405915,0.0007116763325596637,0.0017388351737151267
0.083,0.0,0.0,0.0008242407474054213,0.00043788622802349084,0.001139738681393641
0.083,0.076,0.0,0.000524761979102627,0.0002667496385758455,0.0007457673389031753
0.083,0.427,0.0,0.0003345791092003286,0.00016485029868959928,0.0004815635215025695
0.083,0.0,0.0,0.00021339336061112091,0.00010419011290731295,0.00031379011606152204
0.083,0.0,0.0,0.00013698973389943413,6.565962214271961e-05,0.00020321564075760388
0.082,0.003,0.0,8.820532183080826e-05,4.1085968369636205e-05,0.000131924559083723
0.082,0.004,0.0,5.716632328898263e-05,2.7314338255988672e-05,8.643347444897268e-05
0.082,0.002,0.0,3.740848055208311e-05,1.7267681935991734e-05,5.712763229085182e-05
0.081,0.037,0.0,2.4594705189432248e-05,1.0962313900347893e-05,3.7574497933952035e-05
0.08,0.001,0.0,1.6217192579963235e-05,6.936699863979178e-06,2.5197719129419986e-05
0.08,0.019,0.0,1.0733463090048029e-05,4.451561618773692e-06,1.680305738469398e-05
0.079,0.001,0.0,7.170830405653324e-06,2.955979327313311e-06,1.1332099350328568e-05
0.078,0.004,0.0,4.755907457322614e-06,1.8669645066167517e-06,7.6117183523992684e-06
0.078,0.008,0.0,3.186232367228521e-06,1.2367881189547417e-06,5.115694146447494e-06
0.077,0.346,0.0,2.1353673424139092e-06,8.307311804390081e-07,3.526753267839588e-06
0.077,0.597,0.0,1.4328177978465429e-06,5.32049804228516e-07,2.392514086073046e-06
0.079,0.416,0.0,9.591801980550216e-07,3.461859934989873e-07,1.5919919242207426e-06
0.083,0.067,0.0,6.493256783011987e-07,2.2710505832020357e-07,1.109317013012143e-06
0.086,0.033,0.0,4.340595137509555e-07,1.4713777093756572e-07,7.469602783177844e-07
0.09,0.218,0.0,2.9406846746352765e-07,9.87807367133989e-08,5.163563603333899e-07
0.094,0.104,0.0,1.9858750451358922e-07,6.618741427165695e-08,3.4900349270922654e-07
0.1,0.071,0.0,1.3388765135658228e-07,4.2377798057393555e-08,2.3827476396294188e-07
0.104,0.005,0.0,9.068100559868794e-08,2.6950210375256054e-08,1.6372115945541865e-07
0.104,0.001,0.0,6.140645074775658e-08,1.8747541387689894e-08,1.1261041237659256e-07
0.102,0.003,0.0,4.137287485232354e-08,1.0883874190297062e-08,7.602681493345769e-08
0.096,0.022,0.0,2.8318484995807907e-08,7.724406752024286e-09,5.248679980807116e-08
0.091,0.036,0.0,1.894542240924174e-08,4.290840750176715e-09,3.5881379900588995e-08
0.087,0.007,0.0,1.3066714840265123e-08,2.3518307409781735e-09,2.48365826769492e-08
0.071,0.032,0.0,8.8161147694401e-09,1.3645163446295225e-09,1.7476011902914762e-08
0.07,0.008,0.0,6.084111221683918e-09,6.593194082020146e-12,1.1935052891675882e-08
0.068,0.05,0.0,4.102029785145961e-09,0.0,8.460055554153642e-09
0.066,0.002,0.0,2.8896140506688197e-09,0.0,5.815122674424297e-09
0.065,0.0,0.0,1.9215871160765647e-09,0.0,4.371476872821393e-09
0.065,0.543,0.0,1.416610458668581e-09,0.0,3.338562254327072e-09
0.064,0.014,0.0,9.28503095898616e-10,0.0,2.6379410905682675e-09
0.063,0.49,0.0,7.47212595201755e-10,0.0,2.127020763953114e-09
0.063,0.423,0.0,4.72133829336477e-10,0.0,1.6147945726880655e-09
0.064,0.205,0.0,4.1161601251584386e-10,0.0,1.3137867896311739e-09
0.065,0.119,0.0,2.6370591810493246e-10,0.0,1.0041800519865933e-09
0.067,0.174,0.0,2.3056176166766217e-10,0.0,7.73129185754836e-10
0.069,1.051,0.0,1.460941553873298e-10,0.0,6.026745327128038e-10
0.07,0.12,0.0,1.2544327951695495e-10,0.0,4.2651758555119587e-10
0.071,0.001,0.0,7.800112003104982e-11,0.0,3.246711934511805e-10
0.072,0.009,0.0,6.60473842151244e-11,0.0,2.2836204214079863e-10
0.072,0.002,0.0,4.037014184851973e-11,0.0,1.694754980500017e-10
0.072,0.001,0.0,3.3752793636683324e-11,0.0,1.1663582645752544e-10
0.071,0.004,0.0,2.0612612034774465e-11,0.0,8.879001614992243e-11
0.07,0.013,0.0,1.716718170009851e-11,0.0,6.107375394083721e-11
0.067,0.244,0.0,1.050475245025524e-11,0.0,4.598807664428523e-11
0.066,0.086,0.0,8.724529782695381e-12,0.0,3.15842060126772e-11
0.064,0.049,0.0,5.341862474667569e-12,0.0,2.3819155443868408e-11
0.063,0.004,0.0,4.434948866381137e-12,0.0,1.633372775438929e-11
0.062,0.007,0.0,2.7171373001331017e-12,0.0,1.2336940535236027e-11
0.061,0.063,0.0,2.2549511028649344e-12,0.0,8.446953954745364e-12
0.061,0.002,0.0,1.382422369385509e-12,0.0,6.389819418730807e-12
0.06,0.421,0.0,1.1467954595369566e-12,0.0,4.3683203205387685e-12
0.06,0.536,0.0,7.035233608350261e-13,0.0,3.3095557320085453e-12
0.059,0.006,0.0,5.833558522455188e-13,0.0,2.2590655194124727e-12
0.051,0.0,0.0,3.581155992525282e-13,0.0,1.7141578566715501e-12
0.051,0.0,0.0,2.9680989874653084e-13,0.0,1.1682698718566959e-12
0.051,0.0,0.0,1.8233635630249956e-13,0.0,8.878343197183926e-13
0.05,0.0,0.0,1.5104937489494752e-13,0.0,6.041677329799202e-13
0.05,0.002,0.0,9.285964516925281e-14,0.0,4.598466689390235e-13
0.05,0.004,0.0,7.688714747291401e-14,0.0,3.124437755136145e-13
0.049,0.003,0.0,4.7302370698365667e-14,0.0,2.381738963544897e-13
0.048,0.097,0.0,3.9145459650054044e-14,0.0,1.615794878315414e-13
0.048,0.472,0.0,2.4101239818197848e-14,0.0,1.233602607556343e-13
0.048,1.369,0.0,1.9934276340388552e-14,0.0,8.356041289518477e-14
0.05,3.669,0.0,1.2282730580132118e-14,0.0,6.389345847282225e-14
0.053,3.928,0.06736316263220976,1.015335588069369e-14,0.0,4.321305072237312e-14
0.056,2.894,0.0,0.0033130656335413973,0.0031909073121008675,0.003505195534647394
0.06,4.299,1.0118474620313078,0.003925256047825835,0.003738079201182042,0.0041080838373022234
0.066,2.998,0.0,0.05331858318212294,0.05150619809037839,0.05616743973050798
0.07,4.861,1.1384133369794234,0.06882154260574055,0.0661610163099812,0.07171770676328278
0.072,4.259,1.0471623109764772,0.12422856112673625,0.120647379442831,0.12851049268227804
0.077,0.757,0.0,0.18893471870136327,0.18313335443655096,0.19483144782549056
0.086,0.667,0.0,0.20109684990654444,0.19325528285391322,0.20946699383697914
0.093,2.127,0.0,0.18686545247715394,0.17814232650484524,0.19579186815656047
0.105,0.062,0.0,0.16158396000508066,0.14928008381263944,0.17138285990605318
0.119,0.174,0.0,0.13241972016840975,0.11945805437946293,0.14192156269831568
0.128,0.139,0.0,0.10452188127410218,0.09092179246704926,0.11360217821996627
0.128,0.004,0.0,0.08013045214009556,0.06751798164345653,0.08870967407753182
0.12,0.0,0.0,0.05976541963087277,0.0476129071657044,0.06774071037399886
0.107,0.257,0.0,0.04351863517416264,0.033712511872919786,0.050516405186837046
0.093,1.117,0.0,0.031008655410022585,0.02284543323901481,0.03672606301069199
0.086,0.804,0.0,0.02169028041694707,0.015287109941468334,0.026247528301608695
0.08,0.802,0.0,0.014878987079038787,0.009923432875111667,0.01854170576098432
0.077,0.067,0.0,0.009987535763282032,0.006404776214118774,0.01281144378112874
0.076,0.003,0.0,0.006574896288642373,0.003928892542652942,0.008663315654432673
0.066,0.166,0.0,0.004283505687722783,0.002395670632527372,0.005811998900575891
0.062,0.798,0.0,0.002736749325216301,0.001443802285269888,0.003836951034928075
0.058,1.581,0.0,0.0017429311102788551,0.0008660649446723916,0.0024913058617187667
0.056,4.928,1.1970869912257918,0.001091888743726903,0.00051684625901905,0.0015915432685071887
0.057,1.449,0.0,0.05955933593731179,0.05769320801667474,0.06263743365064268
0.063,2.851,0.0,0.07821935397047931,0.07516660119320401,0.08139815778428212
0.072,3.679,0.13654979172495274,0.07840702183481228,0.07518607531989023,0.08208102631042671
0.08,1.937,0.0,0.07650837328722118,0.07261633561072761,0.08005220184668119
0.087,4.723,1.1723762782645122,0.06717924877017936,0.062174452266074064,0.0711073619064032
0.091,4.603,0.995278434881961,0.11281399589536319,0.10946022906065836,0.11561116040085422
0.099,3.414,0.0,0.17152406181048946,0.1660197819365845,0.17662985034911946
0.106,2.82,0.0,0.18204615999050075,0.17274499234783164,0.189147892834627
0.112,6.082,2.3648955145994623,0.16908443252730695,0.15867706318607572,0.17761620290570337
0.117,2.613,0.0,0.2619861425476656,0.25332852293213465,0.2686050660770932
0.121,0.796,0.0,0.28184357424149925,0.26530900005915153,0.29337050489337185
0.123,2.284,0.0,0.2650017312641032,0.24812300297096698,0.2789481159680686
0.118,0.271,0.0,0.2302657373004875,0.21191237782370156,0.24377594162359617
0.11,0.279,0.0,0.1902915987784633,0.17067309023255745,0.20408237866521564
0.101,0.473,0.0,0.15192480417903506,0.13160406484789383,0.16491889140202587
0.091,0.501,0.0,0.11778730488475397,0.09877069148342198,0.1304279764757544
0.085,2.39,0.0,0.08864115088938965,0.07187245416117698,0.10025849740186007
0.079,2.941,0.0,0.06517607539113884,0.05035781694870951,0.07522694173919456
0.078,3.286,0.0,0.04701132094054745,0.03503691934084997,0.055614347898598544
0.08,7.946,4.221767681242886,0.033213493743811544,0.0233062532196996,0.04044231670120792
0.087,14.778,11.052404336740526,0.23056885315973183,0.22680455668283453,0.23597822923159514
0.105,5.266,2.1039051505585764,0.845913386357482,0.820400531797972,0.8839589684900315
0.155,5.701,2.326129469101988,1.1924002571982357,1.1497226381093786,1.236330641970977
0.249,6.71,3.296345235951998,1.3875135972154924,1.3326713652412296,1.4412895950106772
0.322,5.743,2.405114597011531,1.5360245636538838,1.4634401240134436,1.5921056923329397
0.398,1.558,0.0,1.616901818191557,1.5538526484622006,1.6710222159236203
0.498,1.918,0.0,1.5223971079230658,1.4487858641609523,1.5946725329335578
0.462,1.027,0.0,1.3505101438939409,1.2488854354178676,1.4225918452787787
0.375,0.171,0.0,1.1500994750244897,1.0438581248694367,1.2265697672560516
0.297,1.435,0.0,0.9459886285244362,0.8302691991576219,1.0242132499866106
0.213,1.929,0.0,0.7594925741055758,0.6446578834237537,0.8303953221304463
0.172,1.994,0.0,0.596483941042115,0.49080235326754135,0.6642576108202762
0.142,2.117,0.0,0.4585568444282924,0.3697529676220405,0.5194974327071782
0.117,1.372,0.0,0.3472687437666085,0.27261681422632905,0.3996755849768689
0.106,1.651,0.0,0.2576305525273066,0.1941360119486481,0.30387044026701954
0.099,0.708,0.0,0.18791927499923128,0.13610518950793316,0.22521497094617066
0.095,2.992,0.0,0.13455965011722656,0.09253976751919181,0.16568506004351405
0.089,3.892,0.0,0.09499045008521481,0.06183933777949905,0.11953379240717509
0.086,13.775,10.23886427665103,0.0654895974443668,0.040305138344634686,0.08502698074462404
0.09,9.86,6.4051524639386965,0.5480100124759074,0.5405320603632303,0.5602685175919832
0.122,6.492,3.1021870680732366,1.0540693157615069,1.0218601648218437,1.0881743490034914
0.204,3.969,0.25043136824988954,1.379853491199518,1.326326488815661,1.4251939394004656
0.32,1.105,0.0,1.4504398494661008,1.3958076002219861,1.5078245634636507
0.386,1.186,0.0,1.3706889973561773,1.31138272499981,1.4266959017012553
0.378,0.791,0.0,1.215708899792073,1.1307599400451558,1.2765291659819697
0.321,0.901,0.0,1.0375822629267868,0.9504620076692412,1.1006681063230495
0.247,2.614,0.0,0.8498262876022298,0.7535981846194679,0.9136866425378787
0.184,2.212,0.0,0.6801900300486998,0.5838482060916665,0.7425991958398993
0.146,0.774,0.0,0.5339944343828522,0.4456812349750878,0.5936243625898658
0.12,6.642,3.049853853418718,0.41012598188413474,0.3313422257276461,0.46362306759935934
0.112,2.324,0.0,0.4584081450197201,0.39889366952350463,0.5005666726811897
0.128,4.267,0.8137174147058488,0.44084617860533976,0.3863632424943654,0.4793132070183851
0.179,1.412,0.0,0.43227074867849047,0.3843015653107566,0.4666816728277341
0.229,1.242,0.0,0.38733921348700595,0.3429035667189872,0.418884739075586
0.273,0.689,0.0,0.3281428525641314,0.28646025458832086,0.35945910945424975
0.271,1.799,0.0,0.26800372244085646,0.22849520338453608,0.2965412186044209
0.23,3.271,0.0,0.21220661696768076,0.1757740377205676,0.2378930391479122
0.225,4.571,0.7979092208637786,0.16277832277547225,0.1307553965739686,0.18553475388092963
0.198,2.336,0.0,0.16157443323040097,0.1374216527169613,0.17971979889031792
0.185,3.81,0.09989394057464329,0.14470355070279817,0.12254481986462683,0.16108025459662306
0.183,6.185,2.67807273861635,0.12610810749644213,0.10767090205433069,0.14060388793775697
0.192,4.646,1.1607541239676498,0.23581057371711636,0.22685396869052993,0.24371028327513503
0.21,5.312,1.9730870281238708,0.32335932208053364,0.31170888801104046,0.33533583284819507
0.234,3.139,0.0,0.4326038651171339,0.4153363261436352,0.44614835153175436
0.247,2.606,0.0,0.44880302294434815,0.4293216036869965,0.46866011919754397
0.249,4.947,1.4179197992198755,0.415630891345771,0.3925757126615839,0.4371435556654037
0.248,6.753,3.569519375319718,0.4290954733112335,0.40453030562896924,0.4486716530074382
0.241,5.476,2.2330727382628077,0.5731176391448399,0.5541972749401617,0.5918811943737615
0.251,4.894,1.5403364225742573,0.7046935850382267,0.6734801905908584,0.7309283854013447
0.283,7.463,4.410365836872996,0.7857416896016143,0.7511912646371781,0.8148163270280833
0.347,3.494,0.05315755136024336,0.9761302383506727,0.940883540014366,1.0075547813545596
0.439,5.336,2.383716573222654,0.996736101851524,0.9522576395038208,1.0425425935928243
0.534,7.647,4.7142762415219055,1.0390137409575144,0.9850389032957813,1.0853514163574645
0.619,10.681,8.079383436249039,1.2061327413906069,1.1570298205077523,1.2463266472394774
0.765,7.649,5.0860470110547515,1.5937179984408831,1.5363406160168784,1.6424225626878477
1.004,4.301,1.2237029401870676,1.9175590428428904,1.8344920714800756,1.989621468300735
1.215,7.361,4.144876812445922,1.9974270690900717,1.8984908072050193,2.076943155888713
1.377,7.487,4.440739534047378,2.0909755939214416,1.9932122818129316,2.182235115402706
1.523,7.149,4.159500347324835,2.19304096366655,2.0649847791869855,2.2817380731153007
1.576,6.58,3.690424724795305,2.2817408105641097,2.131481686286149,2.3855914617456264
1.603,4.446,1.6898059317988157,2.33606565541506,2.212828706068735,2.437936201927077
1.627,5.022,2.2636042488910806,2.264241385507325,2.118234152974924,2.3759712160480158
1.64,4.538,1.4477621365347417,2.166636197412844,2.02484363498168,2.2826423207842375
1.635,2.405,0.0,2.011940766597307,1.8473002718227758,2.138746578939668
1.619,2.318,0.0,1.7748030367888137,1.6036321025227551,1.9032738350325873
1.603,1.297,0.0,1.5020420018106388,1.3289928877751653,1.6249761374643577
1.578,0.726,0.0,1.2340248668423233,1.0707303832544253,1.3546012224843405
1.533,2.292,0.0,0.9911736631799171,0.8368568289762944,1.1016740095804243
1.358,3.269,0.040466037112104836,0.7784973122755101,0.6335880981372439,0.8796746751094165
1.256,4.372,1.0561576861254793,0.6047436415882835,0.48515539222509996,0.6917418371465619
1.165,5.21,2.029572380248572,0.5119287228466531,0.407460764135958,0.5865814209410587
1.084,8.2,5.035018314421151,0.5172905402547248,0.4394187915085176,0.5779070649630162
1.022,2.692,0.0,0.7217288605956599,0.6695783844387199,0.7657406072997516
0.995,2.076,0.0,0.7620717465614086,0.7060914881552143,0.8056462391293685
1.011,1.046,0.0,0.7187390758302059,0.6602801694071437,0.7659398094415243
0.994,1.136,0.0,0.6321036497686201,0.5736326851924535,0.6782283419819197
0.909,1.747,0.0,0.5317807850523909,0.47022527291550775,0.5767600726941338
0.779,3.235,0.17756251029141001,0.4324111244031894,0.3751239651244593,0.47376218759701316
0.671,4.485,1.1182994342400718,0.3506407748588285,0.2983120109709188,0.38801497298464943
0.599,3.673,0.0,0.33100876278035274,0.2839619647338204,0.3647582461979572
0.559,4.436,0.8338487306682705,0.29037669207932676,0.24892087017536552,0.31973800179521716
0.552,10.286,7.045295732646732,0.28218456868894193,0.24708910177589782,0.30819629057346637
0.589,5.413,2.4069644285234033,0.5983011353822569,0.5844972140349829,0.6104918068047676
0.672,2.329,0.0,0.8232674729760415,0.7949146093356246,0.8457546309997231
0.787,1.08,0.0,0.8683023809471895,0.8248329359525565,0.9049208407985567
0.876,2.525,0.0,0.817583324391648,0.774709708759102,0.8543380519570134
0.868,4.557,1.1662055707758556,0.7208373232945992,0.6620208874178023,0.7587384661177259
0.783,3.644,0.1992332906926162,0.6645567777897505,0.6147936627676056,0.7025911867861615
0.712,2.513,0.0,0.5869086169593348,0.5309028107012426,0.6269772129945971
0.67,0.829,0.0,0.4934414769097591,0.4375337540028215,0.5319146358683989
0.646,0.402,0.0,0.40144630193908554,0.34577970012905196,0.44107655579769117
0.637,0.171,0.0,0.3169124803894972,0.26522217728395153,0.35245543529845064
0.604,0.112,0.0,0.24464276678149155,0.19570911246552927,0.27684559863167446
0.549,0.55,0.0,0.18461886107163944,0.14533494428254712,0.21341817104317296
0.476,1.3,0.0,0.1366203631143927,0.10243534659466383,0.16052164903414373
0.391,2.011,0.0,0.09908460971354169,0.07140365621429634,0.11917406773976119
0.327,0.62,0.0,0.0721406901291566,0.048161539937411534,0.08678737961371678
0.364,0.089,0.0,0.04918561528667101,0.03195659923960062,0.061820772259444046
0.333,0.271,0.0,0.03375852256509371,0.020735594446979633,0.0436923898952961
0.314,1.409,0.0,0.022798333934308294,0.012983791188205326,0.03032285683132148
0.307,0.854,0.0,0.014972203889779637,0.008000062145464237,0.02049162743086015
0.319,1.618,0.0,0.009747246089326322,0.004872947766986592,0.013702862514135791
0.374,1.814,0.0,0.006190144071135437,0.002793669216983706,0.008992839109623795
0.449,4.059,1.292316605812931,0.0039000747311273166,0.0017134930495464906,0.005795562752926794
0.524,3.504,0.6523540794212024,0.06598560831941724,0.06479829799189911,0.06839141919751303
0.617,3.75,0.89662633978004,0.1179050572188214,0.11367316823424754,0.12263575974502702
0.732,4.189,1.3458184106538114,0.17421454359698893,0.16778482071120548,0.18045631894092157
0.946,3.532,0.41347019622357495,0.25002697710214056,0.24229705974149546,0.2589206484737541
1.186,4.157,1.5484410063480234,0.2829018897542861,0.2716264778961567,0.2928280827550127
1.421,5.453,2.871941198526162,0.3482963830253655,0.3358464418389228,0.36065336643248064
1.577,1.888,0.0,0.4909358582920663,0.47353941201968114,0.5037413123603138
1.667,3.838,1.2445911876511295,0.5151080258512029,0.4926523073946198,0.535746253991849
1.729,4.169,1.2643346014175396,0.5436493843925745,0.5142349643838258,0.5649185121340421
1.769,5.182,2.761698370896306,0.572259472210543,0.5460433250282933,0.5944500003560146
1.723,2.397,0.0,0.6703203799598464,0.6415756925158287,0.6952875327553226
1.652,2.286,0.0,0.6621308737790913,0.6269463212521194,0.6921000762255411
1.573,2.033,0.0,0.6003490108994404,0.5578311101482227,0.6321932624071931
1.5,1.04,0.0,0.5136522544127554,0.45806996708390335,0.5452815293019049
1.438,1.632,0.0,0.42294634306335854,0.3724526304303157,0.4564355076856542
1.341,1.459,0.0,0.3387797224192856,0.2890133770466175,0.3697489228468851
1.243,2.767,0.059848343260808345,0.26268882638050367,0.218529071069038,0.29310489947123486
1.169,1.577,0.0,0.20302904229158694,0.16338579035522482,0.22997433071972803
1.112,2.366,0.0,0.15304996395955367,0.1195667162333695,0.1762700780892788
1.088,1.373,0.0,0.1132180566773513,0.08445461377767824,0.13334920042402013
1.08,2.183,0.0,0.08197098581514556,0.05854819348279899,0.09853939018887206
1.078,2.242,0.0,0.05819270020033208,0.040087981544402455,0.07129826798776358
1.082,3.333,0.7958744891535052,0.0404706182139455,0.026332951660032276,0.05097721775396725
1.09,1.84,0.0,0.06681111184731213,0.05850303187966554,0.07351865053155053
1.042,6.712,4.18250107047584,0.07134880816106354,0.06421298774466322,0.07725636978819231
1.084,1.721,0.0,0.2712978030544169,0.2660629315025689,0.2780084239359957
1.131,8.725,6.172927124064277,0.34194787202831756,0.3285254094589735,0.35154193911135706
1.234,4.136,1.5181602008851267,0.6489262165557144,0.6314007540777729,0.6661322886965947
1.411,4.902,2.4701911345890974,0.8219523200659639,0.7907361926635059,0.8457613551492607
1.587,7.043,4.417245316986971,0.963710349221219,0.9323609978091991,0.9950449886887168
1.709,4.439,1.817508357615214,1.171517538476213,1.116966158395222,1.2091556036522098
1.797,1.155,0.0,1.2711733333375954,1.2073442395262053,1.311209627801241
1.83,4.547,2.303439512961794,1.2225415443531225,1.1609429213693623,1.2787332146473376
1.794,1.645,0.0,1.2068087960060276,1.1352240802816134,1.2624136930291188
1.709,3.385,0.6939041339882479,1.0976449076657977,1.0162298566641739,1.1557873447134772
1.611,0.753,0.0,0.9852302779490689,0.9027189030370087,1.0445824010326161
1.504,0.448,0.0,0.8417671267986744,0.7480518229716939,0.9036022012829285
1.382,5.825,3.3999520087771304,0.6940072672775572,0.613674332711533,0.7552402380391646
1.239,0.274,0.0,0.7229194801970094,0.6478039882382726,0.7731644798681749
1.118,0.518,0.0,0.6755442640215679,0.6033545472303407,0.726203624561907
1.019,1.365,0.0,0.590677261086639,0.523088172899947,0.6384642442230234
0.909,0.227,0.0,0.4942547676707436,0.4318907045668099,0.5417431932944426
0.821,0.791,0.0,0.40212656871616087,0.3419608471764152,0.4438566491625997
0.733,1.196,0.0,0.3157971683121071,0.26347799057951476,0.3548476763816795
0.69,1.815,0.0,0.24261611921998621,0.19683130288436543,0.27632026008496363
0.626,1.195,0.0,0.18230662276797244,0.1414302671844934,0.21249194393895168
0.587,1.37,0.0,0.1348733660517849,0.10001921205361917,0.1601581629578927
0.552,3.054,0.5731540239955706,0.0976530994307108,0.06973989189378117,0.1182751519599045
0.527,1.542,0.0,0.0975684838619016,0.07702375696711382,0.11257084846196964
0.515,3.802,1.4197641565294825,0.08691609329166598,0.07032298104511908,0.09946364597734159
0.513,2.288,0.0,0.1422726683835855,0.1327996994559773,0.15014855095431984
0.535,1.585,0.0,0.15390274836202789,0.14427303292080365,0.16355027007071476
0.584,1.061,0.0,0.14400889504752648,0.13223315224525473,0.153307803303874
0.627,0.844,0.0,0.12402176732455814,0.11145900547041461,0.13338747476968227
0.656,0.306,0.0,0.10161629169194933,0.08881527936274211,0.1102129327530415
0.645,1.616,0.0,0.07961641082422094,0.06764109066465968,0.08838785485191206
0.616,0.944,0.0,0.06068690456834233,0.04962632591489722,0.06855731629217825
0.592,0.483,0.0,0.04508409718826776,0.035461950071112476,0.05196335092032528
0.584,0.506,0.0,0.032712455460902276,0.02472701140401089,0.038413779978182516
0.583,0.861,0.0,0.023203297320906615,0.01668022085295336,0.027888613324050075
0.572,1.195,0.0,0.016082690478058246,0.011069948745840589,0.01983844578703406
0.544,2.448,0.1709212125207733,0.010964826788043691,0.007093726544243905,0.013918012101125152
0.527,4.733,2.4095161579020408,0.015732084506567705,0.013375574848613516,0.0175888384220433
0.538,1.45,0.0,0.13417833052673434,0.13104470074035224,0.13947658075972355
0.6,0.0,0.0,0.17530722825967368,0.16786052289111716,0.18238278588842594
0.688,0.0,0.0,0.17725553954840575,0.16694926699850068,0.18582374925488543
0.734,0.0,0.0,0.16033793290230086,0.1520709677098471,0.16809519996404884
0.728,0.0,0.0,0.13577040497129045,0.12544618426951373,0.1446422908225237
0.68,0.0,0.0,0.10963687295008122,0.0982267339567771,0.11801657128490842
0.6,0.097,0.0,0.08556029182859792,0.0737629586755986,0.09380716080912331
0.527,0.266,0.0,0.06466996817290405,0.053846831931076214,0.0722171919696242
0.442,0.037,0.0,0.047681575481718065,0.037584798487859394,0.054205532469905275
0.38,0.116,0.0,0.03444902617905485,0.026099036251136475,0.040232285981810646
0.334,0.578,0.0,0.024310590333857844,0.01756172759330626,0.029031814493442127
0.3,0.482,0.0,0.016843281891499265,0.011585534316786565,0.02064955509089325
0.28,0.027,0.0,0.011419769335563334,0.007265667007666648,0.014400180532831397
0.263,0.004,0.0,0.007603495210388265,0.004592911631794823,0.009850113368565451
0.25,0.106,0.0,0.00499481382778336,0.002900900941174972,0.006627979703517758
0.246,0.195,0.0,0.0032260120800453036,0.0017580002428513278,0.00440609764260759
0.239,0.314,0.0,0.0020615272672282353,0.0010634599537877871,0.0029137779524157264
0.236,1.288,0.0,0.0012974021389744914,0.0006252707228454146,0.001882791860078641
0.235,0.594,0.0,0.0008164155008439231,0.0003820592301758913,0.001202412794558521
0.247,0.114,0.0,0.0005108225090816323,0.00022712161549683118,0.0007717352451572749
0.278,0.223,0.0,0.00032007010747127563,0.00014348947381831407,0.0004896568340295901
0.304,0.001,0.0,0.00020253127485160265,8.801524674234845e-05,0.0003150298809941759
0.331,0.054,0.0,0.00012909321459810008,5.564752907145929e-05,0.00020206355828919904
0.326,0.0,0.0,8.287644478409437e-05,3.554862420314334e-05,0.00012977892659157646
0.303,0.007,0.0,5.370355321706691e-05,2.3145126462773182e-05,8.512854502624185e-05
0.28,0.025,0.0,3.521683464997911e-05,1.503136886357408e-05,5.621576606730485e-05
0.258,0.0,0.0,2.3013947037964984e-05,9.309114720308298e-06,3.673065416776891e-05
0.238,0.013,0.0,1.5223027522224835e-05,6.32082339594356e-06,2.468869100436971e-05
0.218,0.004,0.0,1.0106885284667872e-05,3.874712746264085e-06,1.6564750740247525e-05
0.203,0.008,0.0,6.724784594205483e-06,2.5478614150171813e-06,1.1125688235085746e-05
0.191,0.007,0.0,4.471979750381363e-06,1.6068191515112836e-06,7.4370359154694765e-06
0.181,0.002,0.0,3.0024534470075393e-06,1.1206970998525646e-06,5.0401391698677195e-06
0.174,0.002,0.0,2.017469768222163e-06,7.063949770775931e-07,3.4609867998361855e-06
0.167,0.0,0.0,1.3547451022922453e-06,4.5995830647496763e-07,2.3568806760327573e-06
0.162,0.012,0.0,9.078496789722526e-07,2.9875289981717e-07,1.5770491236458579e-06
0.16,0.014,0.0,6.087758098306632e-07,1.9352463167724497e-07,1.0762001742762985e-06
0.157,0.011,0.0,4.110735179364217e-07,1.2228219930613848e-07,7.399090394889017e-07
0.153,0.001,0.0,2.7769384408106964e-07,7.983695475186045e-08,5.008605439430987e-07
0.152,0.071,0.0,1.8694383174652646e-07,5.3573861290590706e-08,3.4265317304367734e-07
0.148,0.06,0.0,1.265495625172166e-07,3.4882139013518205e-08,2.357058913974191e-07
0.145,0.009,0.0,8.557893733450735e-08,2.3762225471256372e-08,1.5871682458607703e-07
0.143,0.0,0.0,5.786380812529788e-08,1.3934152801534139e-08,1.1004555426954118e-07
0.141,0.002,0.0,3.937267614759668e-08,1.0137845015773786e-08,7.558678539498453e-08
0.138,0.003,0.0,2.6567321551228586e-08,5.508213391747288e-09,5.1851479477748336e-08
0.135,0.003,0.0,1.8134708081563687e-08,4.276277092684141e-09,3.575633887507662e-08
0.133,0.1,0.0,1.2218238013790681e-08,2.073305573554239e-09,2.4233196553117295e-08
0.131,0.002,0.0,8.406974032280426e-09,1.1051812141243409e-09,1.6907243843995807e-08
0.129,0.344,0.0,5.707663481082192e-09,3.3445984450301467e-10,1.1616424432176362e-08
0.128,0.004,0.0,3.931207963292303e-09,0.0,8.121790171257152e-09
0.126,0.038,0.0,2.662737470971719e-09,0.0,5.629737361131464e-09
0.124,0.0,0.0,1.8822387592119282e-09,0.0,4.236039875572654e-09
0.122,0.0,0.0,1.285867334259502e-09,0.0,3.1182728959656287e-09
0.125,0.0,0.0,9.462405278467572e-10,0.0,2.6550510076492722e-09
0.122,0.003,0.0,6.543360961261322e-10,0.0,1.8734204180192004e-09
0.119,0.0,0.0,4.989445518098544e-10,0.0,1.5567365037516906e-09
0.117,0.0,0.0,3.594205833675262e-10,0.0,1.2319828405120663e-09
0.114,0.062,0.0,2.7484049339975276e-10,0.0,1.0339986178867175e-09
0.113,0.163,0.0,2.0353962138579627e-10,0.0,7.365398330021916e-10
0.112,0.034,0.0,1.5052458886101145e-10,0.0,5.638986944932921e-10
0.111,0.0,0.0,1.1269589922388237e-10,0.0,4.212706772592523e-10
0.109,0.0,0.0,7.945165905815954e-11,0.0,3.057375499326723e-10
0.108,0.0,0.0,5.909900709180418e-11,0.0,2.2511561631513e-10
0.106,0.0,0.0,4.109156665902507e-11,0.0,1.608730413754124e-10
0.105,0.0,0.0,3.040585440874991e-11,0.0,1.1705654106407547e-10
0.104,0.0,0.0,2.0959913873617074e-11,0.0,8.325569585607951e-11
0.103,0.013,0.0,1.549112576980707e-11,0.0,6.170806811708669e-11
0.102,0.0,0.0,1.067372383509548e-11,0.0,4.3056709027742834e-11
0.101,0.001,0.0,7.881084670625048e-12,0.0,3.1943960908028076e-11
0.1,0.0,0.0,5.425868169352524e-12,0.0,2.2267307643469337e-11
0.099,0.0,0.0,4.010458270796335e-12,0.0,1.653619486699857e-11
0.098,0.0,0.0,2.758843856349731e-12,0.0,1.151581254099282e-11
0.096,0.008,0.0,2.041293340046544e-12,0.0,8.560170157652408e-12
0.095,0.0,0.0,1.403097870280687e-12,0.0,5.955544362666063e-12
0.093,0.002,0.0,1.0392467787661885e-12,0.0,4.431280217224997e-12
0.092,0.053,0.0,7.137566322690666e-13,0.0,3.0799831568164923e-12
0.092,0.017,0.0,5.292151629895466e-13,0.0,2.293908183656992e-12
0.091,0.004,0.0,3.6317179676916307e-13,0.0,1.5928512442593332e-12
0.091,0.0,0.0,2.6955332560263556e-13,0.0,1.1874705504964914e-12
0.091,0.001,0.0,1.848299265996671e-13,0.0,8.237626498928298e-13
0.09,0.0,0.0,1.373265341025016e-13,0.0,6.147091323833029e-13
0.09,0.0,0.0,9.408690216833804e-14,0.0,4.2601900582374896e-13
0.09,0.0,0.0,6.99777745002181e-14,0.0,3.182119485471649e-13
0.089,0.0,0.0,4.790504637457651e-14,0.0,2.2032097884715508e-13
0.083,0.0,0.0,3.62002915091864e-14,0.0,1.6585935017804511e-13
0.082,0.0,0.0,2.439229099188059e-14,0.0,1.1394170932997873e-13
0.081,0.0,0.0,1.818538741671271e-14,0.0,8.527272062156717e-14
0.08,0.0,0.0,1.2424974977813277e-14,0.0,5.89263591500221e-14
0.079,0.0,0.0,9.272632327320161e-15,0.0,4.414250125443121e-14
0.077,0.039,0.0,6.3303701916568504e-15,0.0,3.047449282482623e-14
0.077,0.032,0.0,4.729052682198836e-15,0.0,2.2850923533823443e-14
0.076,0.023,0.0,3.2259081402291924e-15,0.0,1.5760259526062605e-14
0.076,0.007,0.0,2.4123179571886615e-15,0.0,1.1829069307305463e-14
0.075,0.002,0.0,1.644231125673336e-15,0.0,8.150612442021586e-15
0.075,0.0,0.0,1.2307870274253122e-15,0.0,6.123467201396374e-15
0.074,0.078,0.0,8.382246285950267e-16,0.0,4.215189672764139e-15
0.074,0.0,0.0,6.318459246695961e-16,0.0,3.1951178673999434e-15
0.074,0.001,0.0,4.2662650346573183e-16,0.0,2.1799372878532714e-15
0.074,0.001,0.0,3.2113781463093816e-16,0.0,1.6409337076689907e-15
0.074,0.001,0.0,2.175811448041739e-16,0.0,1.127381434506191e-15
0.074,0.001,0.0,1.6394164132358234e-16,0.0,8.494500708328992e-16
0.074,0.0,0.0,1.1098843502584539e-16,0.0,5.830392031114868e-16
0.073,0.0,0.0,8.370856885506197e-17,0.0,4.3972856429368876e-16
0.072,0.0,0.0,5.662602029547781e-17,0.0,3.015259095400987e-16
0.072,0.016,0.0,4.2749609340184186e-17,0.0,2.2763104865004844e-16
0.071,0.005,0.0,2.889581954304369e-17,0.0,1.5593784030022502e-16
0.07,0.001,0.0,2.1836085524299983e-17,0.0,1.1783608925037787e-16
0.07,0.052,0.0,1.4748012626902926e-17,0.0,8.064517599773136e-17
0.069,0.0,0.0,1.1155695527040421e-17,0.0,6.099934091810496e-17
0.068,0.0,0.0,7.528533034893324e-18,0.0,4.1706646703487536e-17
0.067,0.001,0.0,5.70028531219528e-18,0.0,3.15770798138491e-17
0.067,0.012,0.0,3.8438327664969506e-18,0.0,2.1569106373743608e-17
0.066,0.036,0.0,2.9132212811099494e-18,0.0,1.6346274489272057e-17
0.066,0.008,0.0,1.9628846736169754e-18,0.0,1.1154729201070492e-17
0.066,0.005,0.0,1.4891079250991905e-18,0.0,8.461855607061626e-18
0.057,0.0,0.0,1.002536493821903e-18,0.0,5.768805689951961e-18
0.057,0.002,0.0,7.612960854084341e-19,0.0,4.380386516514309e-18
0.057,0.603,0.0,5.121293389356919e-19,0.0,2.98340896454943e-18
0.057,0.681,0.0,3.892733349659598e-19,0.0,2.2675624519437677e-18
0.059,0.273,0.0,2.6165687733861926e-19,0.0,1.5429067176202e-18
0.066,0.154,0.0,1.9908029988849344e-19,0.0,1.1738323679675659e-18
0.072,0.04,0.0,1.337077791790427e-19,0.0,7.979332260772555e-19
0.076,0.012,0.0,1.0182945956013045e-19,0.0,6.076491643849453e-19
0.077,0.016,0.0,6.833642126919018e-20,0.0,4.1266100286177753e-19
0.076,0.003,0.0,5.2094164918617573e-20,0.0,3.1455727182921117e-19
0.074,0.182,0.0,3.49315495695828e-20,0.0,2.134127239653477e-19
0.071,0.24,0.0,2.6654724299433353e-20,0.0,1.6283454850873974e-19
0.069,0.183,0.0,1.785881273816395e-20,0.0,1.103690206835129e-19
0.066,0.325,0.0,1.3640421189780314e-20,0.0,8.42933627113675e-20
0.063,1.168,0.0,9.131781107374133e-21,0.0,5.70786994464423e-20
0.06,0.054,0.0,6.981501780710853e-21,0.0,4.363552493961636e-20
0.059,0.007,0.0,4.670094428892862e-21,0.0,2.95189529727034e-20
0.058,0.109,0.0,3.573851002224172e-21,0.0,2.258848119150943e-20
0.058,0.401,0.0,2.388703197875154e-21,0.0,1.526609038473692e-20
0.058,0.026,0.0,1.8297408907074067e-21,0.0,1.1693212895354246e-20
0.058,0.13,0.0,1.221980274488617e-21,0.0,7.895046816217937e-21
0.058,0.377,0.0,9.369304801302602e-22,0.0,6.053139507644309e-21
0.058,1.219,0.0,6.2521704231779315e-22,0.0,4.083020778262866e-21
0.057,0.412,0.0,4.798315926491547e-22,0.0,3.1334842061141464e-21
0.057,0.243,0.0,3.199345740450855e-22,0.0,2.111584524752597e-21
0.058,0.645,0.0,2.4577239262245543e-22,0.0,1.6220877223941257e-21
0.058,1.134,0.0,1.6373987738783584e-22,0.0,1.09203196561584e-21
0.059,0.411,0.0,1.2590391841068383e-22,0.0,8.396942215218905e-22
0.06,0.003,0.0,8.381270216599306e-23,0.0,5.647577921721375e-22
0.064,0.114,0.0,6.450693454653668e-23,0.0,4.346783324039578e-22
0.055,0.001,0.0,4.2906838264234516e-23,0.0,2.9207145388652577e-22
0.054,0.009,0.0,3.30547366801012e-23,0.0,2.250167358065198e-22
0.053,0.323,0.0,2.196866563431047e-23,0.0,1.5104835272073417e-22
0.052,0.432,0.0,1.694026831701495e-23,0.0,1.1648275898820004e-22
0.052,0.111,0.0,1.1249690131483452e-23,0.0,7.811651758831647e-23
0.053,2.249,0.0,8.682910245481902e-24,0.0,6.029877334677878e-23
0.055,2.119,0.0,5.761510940816423e-24,0.0,4.039892002480184e-23
0.062,2.009,0.0,4.451106181373463e-24,0.0,3.1214422644372185e-23
0.073,1.923,0.0,2.951144116605066e-24,0.0,2.0892799498870313e-23
0.085,0.828,0.0,2.2820617826673614e-24,0.0,1.615854067454184e-23
0.093,2.401,0.0,1.5118263226471099e-24,0.0,1.0804968814172656e-23
0.099,0.352,0.0,1.170153510542826e-24,0.0,8.364672955847778e-24
0.101,1.085,0.0,7.745868435975965e-25,0.0,5.587922820336477e-24
0.097,1.021,0.0,6.000859942299789e-25,0.0,4.330078756479525e-24
0.092,1.419,0.0,3.969121047885539e-25,0.0,2.8898631721937844e-24
0.086,0.03,0.0,3.077787086162753e-25,0.0,2.2415200391322062e-24
0.08,0.001,0.0,2.0341074143330447e-25,0.0,1.4945283648893696e-24
0.072,0.066,0.0,1.5787643914749726e-25,0.0,1.1603512019420559e-24
0.067,0.063,0.0,1.0425767635087958e-25,0.0,7.729137681787553e-25
0.06,0.137,0.0,8.099327980740484e-26,0.0,6.0067047777795005e-25
0.056,0.234,0.0,5.344365349347598e-26,0.0,3.9972188364155975e-25
0.053,0.967,0.0,4.1555912477352663e-26,0.0,3.1094467135445776e-25
0.05,0.153,0.0,2.739917641391694e-26,0.0,2.067210999138509e-25
0.048,1.026,0.0,2.1323972029571677e-26,0.0,1.6096444272351985e-25
0.047,0.864,0.0,1.4048549652776396e-26,0.0,1.0690836531017814e-25
0.047,2.345,0.0,1.0943446331611064e-26,0.0,8.332528011430939e-26
0.048,2.395,0.0,7.204061948227696e-27,0.0,5.528897911498628e-26
0.048,0.494,0.0,5.6168152808363625e-27,0.0,4.313438541979808e-26
0.048,0.401,0.0,3.694662015390995e-27,0.0,2.859337717276719e-26
0.048,0.551,0.0,2.8832048301396344e-27,0.0,2.2329060332981846e-26
0.047,1.086,0.0,1.89505882284451e-27,0.0,1.478741751806358e-26
0.038,0.803,0.0,1.4801628324207396e-27,0.0,1.1558920589094656e-26
0.037,0.222,0.0,9.721219745042617e-28,0.0,7.647495277649597e-27
0.037,0.241,0.0,7.599612742139944e-28,0.0,5.983621491119847e-27
0.038,0.027,0.0,4.987332287134255e-28,0.0,3.9549964666157465e-27
0.039,0.11,0.0,3.902300751981975e-28,0.0,3.0974973744138247e-27
0.039,0.223,0.0,2.5589672661981985e-28,0.0,2.045375183171288e-27
0.039,0.166,0.0,2.003995164966894e-28,0.0,1.6034587090642338e-27
0.039,0.112,0.0,1.3131352208682345e-28,0.0,1.0577909932792383e-27
0.038,0.202,0.0,1.0292446462034115e-28,0.0,8.300506902236638e-28
0.038,0.016,0.0,6.73909974738646e-29,0.0,5.470496537313641e-28
0.037,0.34,0.0,5.286715607537606e-29,0.0,4.296862432201946e-28
0.036,1.202,0.0,3.4589275369891414e-29,0.0,2.8291347309033953e-28
0.034,1.189,0.0,2.715801632723465e-29,0.0,2.22432521200796e-28
0.033,2.039,0.0,1.7755284141625577e-29,0.0,1.4631219072601772e-28
0.033,1.213,0.0,1.395257273748034e-29,0.0,1.151450094236214e-28
0.035,1.433,0.0,9.115066066813012e-30,0.0,7.566715337321583e-29
0.037,0.825,0.0,7.168926017152943e-30,0.0,5.960627130205713e-29
0.039,0.365,0.0,4.6799100044120844e-30,0.0,3.9132201304849196e-29
0.039,0.015,0.0,3.6838069579102266e-30,0.0,3.085594068714223e-29
0.039,0.238,0.0,2.4030352034187087e-30,0.0,2.0237700389512715e-29
0.038,0.373,0.0,1.8931368525922723e-30,0.0,1.5972968206264014e-29
0.036,0.608,0.0,1.2340341754328173e-30,0.0,1.0466176281617011e-29
0.033,2.071,0.0,9.729913157324702e-31,0.0,8.268609150386586e-30
0.032,0.605,0.0,6.337794363608317e-31,0.0,5.4127121102328245e-30
0.033,0.532,0.0,5.001233873252638e-31,0.0,4.280350179766932e-30
0.036,0.162,0.0,3.255311037395776e-31,0.0,2.7992508062431593e-30
0.037,0.345,0.0,2.5709051586545597e-31,0.0,2.2157774472030367e-30
0.037,0.497,0.0,1.672205789339655e-31,0.0,1.4476670693670632e-30
0.037,0.336,0.0,1.3217067087398194e-31,0.0,1.1470252416313979e-30
0.035,1.484,0.0,8.59071561162059e-32,0.0,7.486788749008073e-31
0.029,3.289,0.0,6.795536415213472e-32,0.0,5.937721351874867e-31
0.03,4.858,1.156344247992667,4.413781798953326e-32,0.0,3.8718851157476627e-31
0.032,0.503,0.0,0.056871504230665865,0.05477455588494828,0.06016957245205546
0.034,1.771,0.0,0.07474518278323301,0.07095936216807161,0.07821742602470971
0.037,4.689,1.04216506554247,0.07506406237924396,0.07139902464036937,0.07862432809532566
0.039,3.663,0.26685622175793267,0.117849397008516,0.11333223041725586,0.1212568358498682
0.042,0.108,0.0,0.13908634739339767,0.1340218852982207,0.1446084513491934
0.045,0.042,0.0,0.13469890437014725,0.1279712568242932,0.1410828858204812
0.046,1.274,0.0,0.11854867533476986,0.11057096587535618,0.1251300625625443
0.045,2.123,0.0,0.09851910503959044,0.08958198205399097,0.10543940562477155
0.042,0.728,0.0,0.07810121575449651,0.06818182745126322,0.08464500992970753
0.039,0.712,0.0,0.059976257961856225,0.0508031808970914,0.06622601780284221
0.035,1.066,0.0,0.04475392913705079,0.03657463913970852,0.050508861072084694
0.033,1.895,0.0,0.032652528648875405,0.025530769675886095,0.03769328781864138
0.033,6.673,3.2200443328655473,0.023257079828560647,0.017574547877059456,0.027384248490521755
0.034,8.072,5.25602725517979,0.17457232173309453,0.1715238593004874,0.17960224567505959
0.046,3.964,0.7629899535372662,0.48691098211276074,0.47240176788454424,0.505743061822383
0.065,0.432,0.0,0.6351630325887624,0.6096132519529567,0.6571870319962292
0.078,2.093,0.0,0.6558514879986371,0.6251538550558593,0.681957305476518
0.09,1.593,0.0,0.6081567759539336,0.5755888136834125,0.6344333680831007
0.098,1.338,0.0,0.5322486531545806,0.49145995684078375,0.5586547285011462
0.103,1.069,0.0,0.4413580855463313,0.4024135285379741,0.4696137574933554
0.105,2.21,0.0,0.35586554803247156,0.31555394634438894,0.385831771833848
0.104,1.559,0.0,0.27932142136712296,0.2407696273830536,0.3060706776678028
0.102,3.009,0.1682373422529837,0.21415613326649674,0.1758385905654089,0.23972097178110507
0.102,11.132,8.271641024212562,0.16823623950475208,0.13515994804820444,0.19027777515367114
0.105,6.036,2.7936684270097913,0.536109503145359,0.527566556621687,0.542217220415876
0.116,5.365,2.383177558677407,0.8095864624424173,0.7822194058990333,0.831685860775329
0.145,9.771,7.161645186445075,0.997471039324475,0.9574797115495937,1.028985716321181
0.183,5.544,2.528354889097116,1.3643132744723898,1.321225219559949,1.4020498733353401
0.236,4.552,1.7466739919874619,1.5689971610349427,1.4957955525635322,1.6207819214555539
0.368,6.84,3.840585307474854,1.6382233409447775,1.5683629673885868,1.7053415352525128
0.498,6.494,3.6445826626517537,1.728769646540893,1.6380341807876497,1.7938857353797883
0.59,6.181,3.2411358041260767,1.8226670641615539,1.7393407722704737,1.8965409599355052
0.643,4.869,1.8310575392174813,1.8858747255262778,1.7854040888352924,1.9710921830029098
0.667,3.593,0.4345413620505729,1.8595823818828698,1.7487804062228824,1.9454181472965073
0.668,5.68,2.419169378248049,1.720986885948048,1.5971155930432759,1.811536012441666
0.655,12.446,9.302414703132495,1.6271804246300834,1.4861470861520545,1.7208585424307923
0.637,5.074,1.821785932147859,1.902411205184358,1.7901793172274874,1.9894695694079703
0.622,4.244,1.1404854397033506,1.9929172823477037,1.8701288018303446,2.0815096917127507
0.616,4.976,2.2376022398733326,1.9388255660846234,1.8053068775791203,2.033915410230917
0.615,1.985,0.0,1.8702083185077079,1.7388194997015014,1.9714078897225435
0.616,1.368,0.0,1.6840405142783874,1.5231292168237058,1.7909379639534782
0.615,1.591,0.0,1.4440015666572308,1.2967398116180593,1.5556106342077096
0.591,2.248,0.0,1.2013534656575378,1.0522610845359237,1.302809557950844
0.546,3.109,0.0,0.9740624818639574,0.8373935208422503,1.0739544541616293
0.479,0.938,0.0,0.7725548549103676,0.6479630041464819,0.8642784475733299
0.407,2.404,0.0,0.5998918755070406,0.4903067199087409,0.6834482773298727
0.343,1.69,0.0,0.456452861042654,0.3574187698884679,0.5284699514478817
0.301,1.921,0.0,0.3425674771022518,0.25701300162069146,0.40324775620253867
0.273,1.616,0.0,0.25119213553709263,0.17560238177783247,0.30265982739620095
0.266,4.969,1.9168252447066938,0.1816861085376053,0.12526565629038372,0.22362702777669777
0.263,3.905,0.6568965107364861,0.22339800518702627,0.18217107943884558,0.2533306983554536
0.266,6.689,3.643724182079797,0.2544005516681156,0.22361649965121744,0.2780788584051466
0.293,5.724,2.5119738801355647,0.42410261858087556,0.40446422674466986,0.4387571162636877
0.351,4.572,1.2906117088059128,0.5933906952775404,0.568682650068175,0.6116953734377231
0.445,6.814,3.8093795990571286,0.690421304963633,0.6650203392838766,0.7136974556000967
0.531,16.202,13.699432249416926,0.8676891562033691,0.8352356872371923,0.8983497641749927
0.6,2.423,0.0,1.559831705085408,1.5198188842198666,1.5989311750365667
0.704,3.093,0.0,1.7980240866772685,1.7289080147521427,1.8526602408431407
0.857,3.31,0.34749754989518866,1.78012125606839,1.6940743739671178,1.8442590278241713
0.976,0.99,0.0,1.6474836892882259,1.5547874028654987,1.718306994358464
0.953,2.115,0.0,1.4428969116596617,1.3326789666004266,1.523637540897061
0.93,5.472,2.4772274296766774,1.2188058556523262,1.1046196674267534,1.303940505804937
0.882,5.317,2.470754219343134,1.1228478965087136,1.018615350326502,1.199834987013933
0.857,5.327,2.653881290983837,1.0916185188018261,0.9921572492043782,1.1674970397744242
0.885,3.782,0.7704693307079133,1.1186637175674332,1.0258869802664559,1.1900642648035749
1.0,3.335,0.35527565612320755,1.0770726826426231,0.9814829454023138,1.1481414281397666
1.129,8.34,5.163304028826516,0.9825287449355211,0.8839013567107747,1.0556724542428642
1.243,8.853,6.149756265075936,1.1012001284551365,1.0139405946186784,1.1656400717057755
1.327,4.658,1.8150296109926805,1.3763738169486879,1.3029548304728618,1.4306118100830254
1.402,1.297,0.0,1.49865792485883,1.4181738247886988,1.571482175868259
1.441,0.741,0.0,1.439762430571121,1.328055138000257,1.5229651326491576
1.42,0.941,0.0,1.2911266508533406,1.1845558191179486,1.3683537634600087
1.285,0.368,0.0,1.1063470925954118,0.995541793030637,1.183289562876626
1.112,4.768,1.564807998386378,0.9198899858027877,0.8134918061207744,1.0003155096540082
0.924,4.656,1.5819662102718013,0.8181624053676446,0.7175419413788071,0.8893720208836121
0.754,1.278,0.0,0.7708733925699969,0.6788833292330629,0.8359544288864427
0.697,2.012,0.0,0.6808394651380371,0.6020780204587126,0.7417003042963841
0.671,1.408,0.0,0.5746184981340768,0.49762447572653173,0.6331180925313626
0.654,1.578,0.0,0.467452997968457,0.397015840356663,0.5203440914095043
0.631,4.184,1.1685695771926898,0.37141979634883543,0.30527557073325345,0.41894440117792153
0.6,3.713,0.43734279654652797,0.3442105447352401,0.2924947615015479,0.38307026861144733
0.581,1.063,0.0,0.32011052303348164,0.27456237093776575,0.3540766707705475
0.57,0.915,0.0,0.27728481291448703,0.23571075309630563,0.30761723538366825
0.558,2.751,0.0,0.22936426081173278,0.19317988274566555,0.256473954974865
0.523,7.479,4.739211445085765,0.1827483570537186,0.1502289968239865,0.20703230860499441
0.497,3.688,0.6736312772645072,0.37441176075351096,0.35938806651491295,0.3873767946848187
0.501,2.998,0.0,0.46809340979388137,0.4480417013750133,0.48671540512544237
0.54,4.172,0.9865047745747901,0.4728073400608447,0.4491623210213699,0.49202377096292926
0.594,2.99,0.0,0.48088050153523987,0.4548921138566987,0.5064531202470433
0.593,3.609,0.38740174792468673,0.44064567234128094,0.41197646933761456,0.4634292261820692
0.587,3.982,0.984878165522872,0.39880130142339554,0.3652522200045601,0.4222828977075202
0.592,4.197,1.1643638323194474,0.38944959408783,0.3589927270061775,0.4136430191331809
0.599,12.049,9.35766620726262,0.4050661087853607,0.3743655027903982,0.42775922604858924
0.622,3.31,0.3690289904945532,0.8349691683289988,0.8141556945874138,0.8483045726630601
0.664,2.766,0.0,1.0030985953570493,0.969981901600183,1.0372182580993616
0.724,8.467,5.588637972023819,1.0059877462602342,0.9522968961103793,1.0478199625030646
0.805,4.085,1.346106016975701,1.1966082127557611,1.1439962118104217,1.2354230253864746
0.85,6.5,3.7002806356433346,1.2619873382589617,1.1946037148919855,1.3167766340616096
0.898,8.893,6.220777550270181,1.3767600750276168,1.318325830337291,1.4290425286324784
0.933,6.937,4.565090394112522,1.6286942959821717,1.555594201754472,1.6922180171554442
0.975,4.378,1.5199786808699889,1.8575799454624435,1.7879409518868734,1.9264246090332366
1.056,2.388,0.0,1.9039726443314784,1.7976094317814726,1.9753706544698069
1.128,1.371,0.0,1.78351404799631,1.6768691934122528,1.8702629406388538
1.195,0.769,0.0,1.5755939727777328,1.4509394870612162,1.6725674076018107
1.193,1.123,0.0,1.34155495082689,1.209186511222739,1.4312097947523497
1.112,0.774,0.0,1.0997365086373865,0.9713534379379848,1.1904466870256973
0.963,0.837,0.0,0.882875267825949,0.7615388296822378,0.9733570587643569
0.809,1.5,0.0,0.6939151519206429,0.5761393172738644,0.775345126019282
0.699,1.726,0.0,0.5358660713292052,0.4338064045966751,0.6090195948619755
0.629,0.609,0.0,0.40410138986914407,0.3159304508593154,0.46821377025205485
0.593,2.902,0.28649859180769344,0.30109464753611764,0.22592285778844656,0.3560781072593136
0.566,2.816,0.1536253952272797,0.23280671020257826,0.1692259606603461,0.2791530703590773
0.539,8.11,5.54997104554032,0.18489132190322488,0.13173994585700088,0.22214322008812432
0.532,6.608,3.9457654887745837,0.41539506504386975,0.3917583486967816,0.4357022535183566
0.575,3.471,1.0350552413517038,0.6863348150315275,0.6526842438744098,0.708160940948899
0.651,2.083,0.0,0.8145274701641895,0.7726719050174141,0.8482829259282741
0.732,2.578,0.0,0.8123146544291214,0.7691617769241091,0.8557562849856627
0.799,2.119,0.0,0.7401845882249091,0.6919296045924859,0.7775943902254462
0.799,5.155,2.52562984911591,0.6380280879311185,0.5838161540813155,0.6778429811063663
0.729,5.047,2.4231098245355183,0.6528605089175173,0.6041659275129195,0.6867157346299337
0.729,4.771,2.325916544881623,0.7217239707063714,0.6766265856366768,0.7547445362607318
0.767,2.657,0.0,0.8096844702375688,0.7678589354086994,0.844167902933809
0.858,4.288,1.5061964778676677,0.7846635852423532,0.7325796696705816,0.8251674115646265
0.957,3.726,1.0051372071293079,0.7777186954424921,0.7253499299409732,0.81774317525944
1.011,1.558,0.0,0.7559698637853546,0.7008086621875594,0.7936332321287629
1.013,0.116,0.0,0.6780130657360965,0.6162761078737512,0.7229741465517227
0.992,0.583,0.0,0.5795723949394,0.517773090974284,0.6237787340383014
0.901,0.212,0.0,0.4759087992019891,0.412375250761203,0.5198107383833702
0.831,0.887,0.0,0.3804023038217949,0.3248816965112184,0.4199117710442494
0.739,0.83,0.0,0.29571191105102573,0.24637017952168797,0.331417809169788
0.682,0.456,0.0,0.2252137880825146,0.18024802822034422,0.25715916735016014
0.613,2.177,0.0,0.16810755319124535,0.12957551133904788,0.19577732317212532
0.567,1.847,0.0,0.12290278103558899,0.08972976505559566,0.14624791204621582
0.527,1.498,0.0,0.08828893217894819,0.06226889876761448,0.10713344152642701
0.523,1.999,0.0,0.06199817010460143,0.04125153022011237,0.07715880518785706
0.543,0.784,0.0,0.04287283040506819,0.02710033978325552,0.05473287082005262
0.572,0.853,0.0,0.029023310898642584,0.016972390520814572,0.03807379188134952
0.591,4.621,2.2295838721643104,0.01938013135910922,0.010704462149082081,0.026215796768247757
0.593,4.19,1.579590559723802,0.12235842182843595,0.12090657512518503,0.12371101371579563
0.598,1.037,0.0,0.2347275005700123,0.22722200068094667,0.24163128713785503
0.632,0.115,0.0,0.26624864594607867,0.25362501278190996,0.27818576022092834
0.685,0.421,0.0,0.25625959070130433,0.2435570294675491,0.26716039416205545
0.705,0.054,0.0,0.22569579066276158,0.2097018300848123,0.23831958089789954
0.697,0.74,0.0,0.18905500154810811,0.17179761967333376,0.2020340732120012
0.653,3.225,0.764698485859653,0.15195009973126633,0.13430248725695307,0.16434815386932827
0.609,2.137,0.0,0.15570604859870302,0.14097320400323685,0.16636297866417935
0.582,0.149,0.0,0.14153348817976105,0.126446312894939,0.15257063903914217
0.57,1.002,0.0,0.12000848483363595,0.1048384893122456,0.13065103536509015
0.559,0.433,0.0,0.09733242340512213,0.08333574947405398,0.10712094846246221
0.53,0.395,0.0,0.07583795860704468,0.06321039521478954,0.08501207649280666
0.489,0.102,0.0,0.05737065295505242,0.04607288994232044,0.06524531781267097
0.435,0.489,0.0,0.042323430229619874,0.03321330471615674,0.04905590561006034
0.383,0.448,0.0,0.030504022026191808,0.02286038390283831,0.03602714991423962
0.342,0.715,0.0,0.02149066842656844,0.015266376726537705,0.026125712966082053
0.306,2.715,0.18657865741572532,0.014865266886611692,0.01019652463543022,0.018502338152502434
0.281,0.191,0.0,0.019238049105810867,0.016151408743897377,0.021666860285796584
0.265,0.301,0.0,0.01864975717554875,0.016127449288095317,0.020669226031945535
0.255,0.241,0.0,0.016014368499546086,0.013704373709714905,0.017827219706676084
0.255,0.221,0.0,0.012801233428315061,0.010634438840703317,0.014458555425275727
0.256,0.01,0.0,0.009771370612839213,0.007832104827871403,0.011174991279544922
0.252,0.017,0.0,0.007170913909415316,0.005579313334885125,0.008326913542260521
0.245,0.006,0.0,0.005104398360815165,0.003793408685980836,0.006053420600253618
0.232,0.002,0.0,0.003551517922692934,0.002528206309722272,0.004293464797381847
0.217,0.09,0.0,0.002415369417599558,0.001642637111225939,0.0030119043177066315
0.204,0.617,0.0,0.0016094284334001365,0.0010228824662481552,0.0020608226797772904
0.193,0.477,0.0,0.0010581219931329704,0.0006355105899404301,0.0013898614842849835
0.182,0.255,0.0,0.000687765566683617,0.0003920996772058996,0.0009185632240796131
0.177,0.28,0.0,0.00044604536417746016,0.0002486254446088552,0.0006092664802688708
0.175,0.03,0.0,0.00028772539909901253,0.0001556592461450314,0.00039902188289102526
0.171,0.327,0.0,0.00018535645382256977,9.70038113094816e-05,0.0002606599690608723
0.166,0.506,0.0,0.00011994920912970142,6.282940646109684e-05,0.00017055115171733782
0.161,0.377,0.0,7.793853945583453e-05,3.94882747560027e-05,0.0001125702783531182
0.157,0.608,0.0,5.0828749964230334e-05,2.537832605286586e-05,7.388015571099805e-05
0.153,0.219,0.0,3.3211040500542865e-05,1.648577508675502e-05,4.892202220581308e-05
0.152,0.294,0.0,2.1848947219446964e-05,1.049540156046085e-05,3.263138960099254e-05
0.152,0.202,0.0,1.4481995502178622e-05,6.734980149403492e-06,2.1755809805072972e-05
0.149,0.166,0.0,9.591819136233451e-06,4.392374591412922e-06,1.4618666220167e-05
0.145,0.549,0.0,6.38964140230124e-06,2.8511120094810096e-06,9.906192757364649e-06
0.141,0.848,0.0,4.267469067585951e-06,1.8785002842727942e-06,6.674640239397987e-06
0.143,1.076,0.0,2.8465916052119305e-06,1.1966100182319985e-06,4.468439876942413e-06
0.153,0.262,0.0,1.9082714870019342e-06,7.91829272510815e-07,3.0482550006075343e-06
0.167,0.147,0.0,1.2826505815247964e-06,5.23994010736956e-07,2.0581346606575574e-06
0.184,0.001,0.0,8.600914218266021e-07,3.430064152047464e-07,1.4177770041089132e-06
0.197,0.058,0.0,5.789495575000071e-07,2.114305078689519e-07,9.62099092514546e-07
0.2,0.325,0.0,3.8927581812075617e-07,1.4144308535556436e-07,6.519314281602551e-07
0.195,0.074,0.0,2.6320417970499954e-07,9.098465232361633e-08,4.4881207414663137e-07
0.185,0.001,0.0,1.7650923983494346e-07,5.8470446167852684e-08,3.0542536022513363e-07
0.177,0.016,0.0,1.2021402727394984e-07,3.9689036081674765e-08,2.1047025926545887e-07
0.167,0.011,0.0,8.107448624076526e-08,2.7295183747379934e-08,1.4210673785460321e-07
0.159,0.289,0.0,5.475713414428203e-08,1.711850536640365e-08,9.825388480398585e-08
0.148,0.121,0.0,3.718716907034729e-08,1.0564132747909271e-08,6.714111218955421e-08
0.135,0.01,0.0,2.523453929637526e-08,7.067415122630865e-09,4.655213211105213e-08
0.126,0.002,0.0,1.7109886334423053e-08,3.803173700973975e-09,3.158461938879587e-08
0.115,0.013,0.0,1.1611939497637343e-08,2.484890777577521e-09,2.2503182975969015e-08
0.11,0.031,0.0,7.925748669875813e-09,1.0636711843684361e-09,1.4928239008554424e-08
0.106,0.14,0.0,5.4224912924380554e-09,3.519527089396144e-10,1.069348253938209e-08
0.103,0.241,0.0,3.6966989428908293e-09,0.0,7.298905114193306e-09
0.101,0.231,0.0,2.549055714936809e-09,0.0,5.579045891308168e-09
0.101,0.475,0.0,1.7705168769805914e-09,0.0,3.831628967007884e-09
0.103,0.157,0.0,1.235581611858725e-09,0.0,3.2154439124401258e-09
0.109,0.34,0.0,8.915994609111984e-10,0.0,2.5386601010818576e-09
0.122,0.037,0.0,6.394375302790194e-10,0.0,2.032809238390277e-09
0.131,0.276,0.0,4.754704623823895e-10,0.0,1.56952503414281e-09
0.136,0.391,0.0,3.5562017529053397e-10,0.0,1.2408144694328387e-09
0.134,0.214,0.0,2.6032870584804665e-10,0.0,9.300778231193297e-10
0.127,0.107,0.0,1.961676448280319e-10,0.0,7.110819858244389e-10
0.115,0.183,0.0,1.4732479205316586e-10,0.0,5.264940969880554e-10
0.106,0.186,0.0,1.0512497516167711e-10,0.0,3.9016870133529813e-10
0.101,0.222,0.0,7.761591721263399e-11,0.0,2.832312625634274e-10
0.096,0.202,0.0,5.540688132939662e-11,0.0,2.0405705627117656e-10
0.09,0.026,0.0,3.9878893493673807e-11,0.0,1.4728596700881945e-10
0.089,0.198,0.0,2.8298790119874728e-11,0.0,1.0584528944226054e-10
0.086,0.213,0.0,2.035453444634015e-11,0.0,7.649167429919407e-11
0.085,0.0,0.0,1.440285606269638e-11,0.0,5.4746694547377803e-11
0.083,0.101,0.0,1.0345722618584121e-11,0.0,3.9573894470127944e-11
0.082,0.0,0.0,7.318391020085755e-12,0.0,2.8316806358558972e-11
0.081,0.002,0.0,5.259090347591314e-12,0.0,2.0474033836064267e-11
0.079,0.001,0.0,3.719570995145014e-12,0.0,1.4646391518405137e-11
0.078,0.0,0.0,2.6740450923765677e-12,0.0,1.0592489525477557e-11
0.077,0.0,0.0,1.890944201261585e-12,0.0,7.575599517924299e-12
0.075,0.0,0.0,1.3599825432124926e-12,0.0,5.480152838963827e-12
0.074,0.017,0.0,9.615493777946652e-13,0.0,3.918351356890551e-12
0.073,0.0,0.0,6.91835288259511e-13,0.0,2.8352234994115835e-12
0.073,0.002,0.0,4.890687492321207e-13,0.0,2.026701296189818e-12
0.072,0.094,0.0,3.520263303958434e-13,0.0,1.466837248823426e-12
0.072,0.003,0.0,2.4881246661061083e-13,0.0,1.0482771378968518e-12
0.073,0.0,0.0,1.7916326850307375e-13,0.0,7.588860352015255e-13
0.074,0.0,0.0,1.2661254799317333e-13,0.0,5.422037082412828e-13
0.076,0.0,0.0,9.120582110337656e-14,0.0,3.92618892416474e-13
0.076,0.018,0.0,6.444396656396945e-14,0.0,2.804457435196727e-13
0.075,0.281,0.0,4.644022198030569e-14,0.0,2.03126145364193e-13
0.073,0.045,0.0,3.2808564050526334e-14,0.0,1.4505584136622548e-13
0.072,0.001,0.0,2.3651712639246448e-14,0.0,1.0508977494363062e-13
0.07,0.144,0.0,1.6706681535239136e-14,0.0,7.502769291162369e-14
0.069,0.069,0.0,1.204830460542013e-14,0.0,5.436946980867358e-14
0.067,0.072,0.0,8.509220370439258e-15,0.0,3.88068115902848e-14
0.067,0.005,0.0,6.138790520821533e-15,0.0,2.812870478504447e-14
0.066,0.245,0.0,4.3349547873140255e-15,0.0,2.00721702611964e-14
0.065,0.004,0.0,3.1284681720263987e-15,0.0,1.4552726701605998e-14
0.065,0.001,0.0,2.2088856832132777e-15,0.0,1.0381992301114836e-14
0.064,0.182,0.0,1.594671644735014e-15,0.0,7.529029745465118e-15
0.06,0.427,0.0,1.125782366619746e-15,0.0,5.369910815941047e-15
0.059,0.155,0.0,8.130176754620456e-16,0.0,3.89523490853194e-15
0.059,1.16,0.0,5.738876337260083e-16,0.0,2.777496009123199e-15
0.059,0.536,0.0,4.145877791929659e-16,0.0,2.0152470566481887e-15
0.06,0.708,0.0,2.926100419291469e-16,0.0,1.4366130739056552e-15
0.063,0.174,0.0,2.114557184760271e-16,0.0,1.042612526781598e-15
0.068,0.01,0.0,1.4922454227724787e-16,0.0,7.430639389550382e-16
0.081,0.15,0.0,1.078716856005461e-16,0.0,5.3940824792571445e-16
0.103,0.471,0.0,7.611648230448034e-17,0.0,3.8433731923577324e-16
0.12,0.285,0.0,5.5040107985498536e-17,0.0,2.790694061786834e-16
0.129,0.05,0.0,3.883321654380755e-17,0.0,1.9879201139303308e-16
0.121,0.199,0.0,2.8088825867859544e-17,0.0,1.4437994594402529e-16
0.111,1.154,0.0,1.9815864231863574e-17,0.0,1.0282182299817131e-16
0.1,0.694,0.0,1.4337358016169227e-17,0.0,7.469671840097612e-17
0.089,1.014,0.0,1.011361662377405e-17,0.0,5.318285787723729e-17
0.082,0.034,0.0,7.319554926022969e-18,0.0,3.8645254495809605e-17
0.076,1.317,0.0,5.162767976056235e-18,0.0,2.7507938399538612e-17
0.074,0.006,0.0,3.737481101851431e-18,0.0,1.999359183498484e-17
0.075,0.026,0.0,2.6359686195700356e-18,0.0,1.422801830343419e-17
0.078,0.24,0.0,1.9087582832081885e-18,0.0,1.0343927625024815e-17
0.082,0.05,0.0,1.3461028573982012e-18,0.0,7.359203077542311e-18
0.085,0.265,0.0,9.77582349908367e-19,0.0,5.351556633097516e-18
0.086,0.011,0.0,6.863887744720865e-19,0.0,3.806423973033326e-18
0.084,0.0,0.0,4.989233986812445e-19,0.0,2.7686928518526686e-18
0.079,0.122,0.0,3.5064909795484885e-19,0.0,1.968808757663177e-18
0.073,0.008,0.0,2.5493213743759024e-19,0.0,1.4324168937012747e-18
0.068,0.04,0.0,1.791647017313206e-19,0.0,1.0183332054754829e-18
0.063,0.269,0.0,1.3028317030202638e-19,0.0,7.410782895605785e-19
0.06,1.478,0.0,9.156052783763013e-20,0.0,5.267157176985851e-19
0.06,0.801,0.0,6.659229584106166e-20,0.0,3.8340586122289976e-19
0.066,0.113,0.0,4.6799282429273365e-20,0.0,2.724348434225996e-19
0.066,0.666,0.0,3.404321283117364e-20,0.0,1.9835968330596163e-19
0.071,1.181,0.0,2.3924570207381115e-20,0.0,1.4091233932749706e-19
0.074,0.113,0.0,1.740631893886778e-20,0.0,1.0262379386533272e-19
0.075,0.001,0.0,1.2232694507320045e-20,0.0,7.28845368438441e-20
0.077,0.008,0.0,8.901273815172097e-21,0.0,5.3093667627482746e-20
0.077,0.122,0.0,6.255645893198384e-21,0.0,3.769830050722964e-20
0.075,0.124,0.0,4.552659938868774e-21,0.0,2.7468654623650114e-20
0.072,0.555,0.0,3.1995820254493446e-21,0.0,1.949881172693317e-20
0.068,0.001,0.0,2.328869263434214e-21,0.0,1.4211242557092745e-20
0.061,0.004,0.0,1.6367578849447222e-21,0.0,1.0085432335263696e-20
0.057,0.512,0.0,1.1914913364149653e-21,0.0,7.35235920131037e-21
0.052,0.992,0.0,8.374228183214893e-22,0.0,5.2165202093255676e-21
0.049,1.099,0.0,6.096795177785597e-22,0.0,3.803832476721394e-21
0.047,0.869,0.0,4.285222361204608e-22,0.0,2.6981573224626077e-21
0.046,4.116,0.8809792865781345,3.1201561481406143e-22,0.0,1.967959012128541e-21
0.048,2.172,0.0,0.04332846149469071,0.04173086799188358,0.045841147309325606
0.056,1.313,0.0,0.0566700517999247,0.05393560962413604,0.059055943449417
0.07,0.129,0.0,0.05640272172771472,0.05374365717594701,0.05980509524541453
0.078,0.126,0.0,0.04966231175983256,0.04664145670904766,0.05239319230784565
0.082,0.038,0.0,0.04084205233591301,0.03713977084192986,0.043741026049546
0.082,0.036,0.0,0.03208404636758746,0.028216334867046302,0.034834695303314636
0.078,0.114,0.0,0.024274724046918487,0.02050408356346167,0.0268990551317248
0.074,0.261,0.0,0.017809271667195956,0.01434449982894817,0.02020624397873783
0.07,0.691,0.0,0.012718932125580862,0.009781108916786508,0.014742555651149916
0.064,1.431,0.0,0.008878406228200261,0.006450183325806621,0.010557849467486929
0.06,2.169,0.0,0.0060767922273776065,0.004164429220157017,0.007400451547719284
0.063,0.65,0.0,0.004080636676886957,0.0026439336889145836,0.005106412231313
0.07,0.566,0.0,0.0026940258614850466,0.0016747999641011908,0.003469554049556206
0.074,1.043,0.0,0.0017532581919538772,0.0010305867050594381,0.002311166689205629
0.078,0.373,0.0,0.001135441173247456,0.0006342752750474023,0.0015333809718027249
0.069,0.584,0.0,0.0007263364504614493,0.0003982728031781785,0.001002042903193814
0.069,0.005,0.0,0.0004617058827662215,0.00024392127867994538,0.0006514010035013663
0.068,0.203,0.0,0.00029398631623403986,0.00014766927130782057,0.00042353012941678765
0.065,0.127,0.0,0.00018798521953988751,9.266761464999377e-05,0.0002730967751432163
0.061,0.001,0.0,0.00012078296655914974,5.863557690347129e-05,0.00017876357473311182
0.058,0.306,0.0,7.775561614937896e-05,3.6534334391104216e-05,0.00011559975931481637
0.056,1.355,0.0,5.07512822468575e-05,2.3461119809650544e-05,7.608312848731581e-05
0.054,1.398,0.0,3.324542539144726e-05,1.5439869372048105e-05,5.0616998568237624e-05
0.053,2.66,0.0,2.187418916064015e-05,9.836738004532708e-06,3.330964745623232e-05
0.051,3.432,0.2841129426048319,1.4451064674586566e-05,6.219231893732081e-06,2.2356123843692118e-05
0.053,1.648,0.0,0.01398287758330715,0.013472991509868668,0.01478797479027205
0.057,3.433,0.0,0.01756505596362121,0.01676400090482414,0.018318234338710958
0.063,3.105,0.0,0.016816853832936535,0.01581252959280736,0.01771057627448891
0.066,2.758,0.0,0.014347492997752983,0.013165187932466144,0.015206108697489335
0.066,1.799,0.0,0.011370746095636637,0.010093315453421155,0.012285235580741186
0.066,1.279,0.0,0.008617910055949354,0.007326516285219287,0.009462951083515522
0.065,1.276,0.0,0.00629429003090899,0.005088284241049123,0.007097879048205113
0.063,0.416,0.0,0.004464394255839281,0.003428107308638795,0.005147908738489379
0.06,0.22,0.0,0.0030928477122049262,0.00225698626923168,0.00365059661875364
0.057,1.856,0.0,0.0020959247160749115,0.0014485143262540116,0.0025355910324063305
0.054,1.234,0.0,0.0013957933680813581,0.0009198712339421742,0.001741792631730498
0.05,1.489,0.0,0.0009172953355394365,0.0005675688165253486,0.001169493841998393
0.047,2.431,0.0,0.0005972727969996862,0.000361314800542985,0.0007792702230221337
0.048,2.752,0.0,0.0003865389237341191,0.00022204915037561202,0.0005155343606983208
0.053,0.001,0.0,0.0002488429575469146,0.00014035133097291226,0.00033759244766268655
0.058,0.468,0.0,0.000161355939978254,8.731671574807102e-05,0.0002233043928883731
0.064,2.538,0.0,0.0001039648259093746,5.449115179246834e-05,0.0001462696325177432
0.067,0.511,0.0,6.763311052450241e-05,3.5163219942705706e-05,9.555339932682333e-05
0.067,0.32,0.0,4.419817015154587e-05,2.262306324983933e-05,6.374696571315712e-05
0.066,0.936,0.0,2.9009015975552593e-05,1.4496074625488999e-05,4.194870789074575e-05
0.063,3.076,0.0,1.9074993820339636e-05,9.401416574742602e-06,2.81705059509949e-05
0.051,2.198,0.0,1.2648532421221748e-05,5.93117552389126e-06,1.866915617711993e-05
0.052,1.722,0.0,8.390012720905168e-06,3.9026357283918075e-06,1.2700431441944949e-05
0.059,1.327,0.0,5.600416174676229e-06,2.463441005711092e-06,8.481322505364966e-06
0.07,1.781,0.0,3.739584831272784e-06,1.668250504997778e-06,5.792596268941831e-06
0.077,5.047,1.5766208659680583,2.5118673602856964e-06,1.099195237741232e-06,3.861393966502929e-06
0.082,2.405,0.0,0.07754327885598025,0.07468507146447974,0.08203912992790983
0.086,1.577,0.0,0.1031290744985733,0.09843131344120311,0.10763772636192288
0.089,0.164,0.0,0.10421671929800415,0.0998760766042159,0.10911592774488003
0.089,0.353,0.0,0.09347911067332863,0.08811865395479704,0.09859138930911118
0.085,0.285,0.0,0.07820630453163145,0.07190687825426062,0.08343486984223986
0.079,0.019,0.0,0.06248049579331206,0.055865329997509185,0.06734662360818919
0.072,0.082,0.0,0.04826739736783503,0.04171312450924959,0.052894266458573654
0.063,0.013,0.0,0.03598025842754675,0.029571857570308037,0.04016282904042212
0.054,0.099,0.0,0.026176428019760813,0.020432943585531587,0.030005327796737525
0.046,0.775,0.0,0.018618472460712646,0.014040599985400437,0.021901276656001157
0.041,1.974,0.0,0.012958428874289593,0.009290058456536288,0.015630720679041876
0.038,2.663,0.0,0.008847159197837549,0.006034865616256917,0.010900384135284475
0.039,4.255,0.682552357461736,0.0059256504745852,0.003745384231822627,0.007544162092839931
0.045,1.149,0.0,0.03747536342712648,0.03688644137292903,0.0380607189937264
0.057,0.275,0.0,0.04662396311870112,0.04470853450635492,0.048608184892631336
0.07,0.16,0.0,0.04531992079324291,0.043121917763592456,0.04732366194003681
0.076,0.349,0.0,0.0394263035083365,0.036324693914200186,0.04199388522435663
0.077,0.367,0.0,0.03211858244199807,0.028820138555511795,0.034540281767665174
0.072,1.459,0.0,0.024964417611344884,0.02168686455741851,0.0273835804126838
0.066,2.236,0.0,0.018728878001300082,0.015497652826435315,0.020933554648219287
0.059,1.97,0.0,0.01360025450345064,0.010790821479242218,0.015524205292117073
0.056,3.004,0.0,0.009655447452551594,0.0072822814890353615,0.011260156595205961
0.056,1.671,0.0,0.006699536534604086,0.004777631636356329,0.008036292394553118
0.059,0.495,0.0,0.0045551898729272915,0.0031076989340259333,0.005621541173819752
0.067,0.77,0.0,0.003032569567593697,0.0019570693808652444,0.003838772839955787
0.067,1.077,0.0,0.001994630733999913,0.0012109444720638986,0.0025982832357221088
0.067,1.118,0.0,0.0012913456856406746,0.0007271974655853019,0.0017212425802880108
0.065,0.1,0.0,0.0008291179562729163,0.00045569694935423716,0.0011440270796538449
0.059,0.032,0.0,0.0005304528148535538,0.0002797520994424821,0.0007397632224723901
0.053,0.545,0.0,0.0003412082598435332,0.00017674058690937092,0.00048060571721588347
0.042,0.621,0.0,0.00021668714692700517,0.00010901256567296521,0.0003126893999774014
0.036,0.182,0.0,0.00013949743987888116,6.823692862320774e-05,0.00020218499066021218
0.033,0.399,0.0,8.998554430133984e-05,4.376279346306528e-05,0.00013244996459839262
0.031,0.79,0.0,5.8181050849448645e-05,2.7238204595962702e-05,8.705014648109206e-05
0.029,0.876,0.0,3.8098541254045334e-05,1.8032575758201105e-05,5.72737374794437e-05
0.028,2.866,0.0,2.5118165346775082e-05,1.1597945501774882e-05,3.8001027791462475e-05
0.028,0.406,0.0,1.6581340925058843e-05,7.633686257841182e-06,2.545555741233995e-05
0.03,2.184,0.0,1.0959215093451752e-05,4.70739031768483e-06,1.7221226536802958e-05
0.031,1.621,0.0,7.314316336484411e-06,3.1708992584526113e-06,1.146220841839594e-05
0.032,7.813,4.31691172136961,4.862668490040192e-06,2.0123756857191007e-06,7.666159103067949e-06
0.032,1.351,0.0,0.21231828773877012,0.20449154760046287,0.22462894573798456
0.032,1.657,0.0,0.29051325011748325,0.27798326826911757,0.30362788730963153
0.033,4.89,1.6032391763090743,0.3014127877987761,0.29001557454610555,0.3128080409808579
0.033,3.652,0.42115748524546515,0.3564311780180893,0.34435188122573307,0.36839589213743
0.037,3.267,0.0,0.37172183692115185,0.3555968360343042,0.38509039794256494
0.05,3.763,0.11860146964727836,0.3439883734708969,0.3256345548945008,0.35886071634701483
0.063,1.756,0.0,0.30330710652474363,0.2802735722759797,0.3193071111543474
0.073,1.518,0.0,0.2544337993888532,0.2290799378200913,0.2718549431963364
0.078,1.848,0.0,0.2051992482380093,0.18085423145095064,0.22199800184440877
0.078,0.923,0.0,0.16041417535129052,0.13666412379168041,0.1763885584935947
0.076,1.027,0.0,0.12223281038210186,0.10065508475285519,0.13707302433496427
0.072,2.252,0.0,0.09099214236518972,0.0722279028873402,0.10424367507046024
0.067,4.0,0.39458350655491303,0.06615903553915684,0.05037183624135868,0.07752379137890013
0.063,3.471,0.0,0.06656160292536883,0.05457606392989968,0.07508466322000543
0.063,5.412,1.8735831831131384,0.059450614474729685,0.04954267838546943,0.0668669383175967
0.069,11.087,7.844255742487561,0.14131969077852838,0.1373798342454553,0.14457803763194185
0.085,4.284,1.016696794181243,0.5508560276296928,0.5379091323005607,0.5716424147165367
0.139,2.195,0.0,0.7585830487719742,0.731290199641341,0.7834659578252193
0.238,3.925,0.541854188851179,0.7986562672333882,0.7620081513132725,0.8305324313602894
0.318,4.826,1.4812398017002923,0.7746620501131192,0.7264471290482503,0.8072458443530772
0.362,5.315,2.21452428494904,0.7682328156230733,0.7278152944671235,0.8010831251561988
0.391,5.601,2.5207458327310133,0.8069956414799613,0.7561023674341939,0.8444971528032686
0.432,5.55,2.546063835006073,0.8817758809437503,0.8293475343634567,0.9233139335827271
0.498,3.594,0.5443893339079358,0.9719921800994504,0.922810073369814,1.008198735910879
0.561,2.672,0.0,0.9617103134054745,0.8951734497238347,1.008623246453954
0.6,1.205,0.0,0.8734608535949787,0.8097749486793459,0.9214316565120142
0.6,2.073,0.0,0.7539303238269139,0.6871301359058479,0.8021830144328657
0.549,1.789,0.0,0.6269252756953794,0.5557291731812037,0.6766765466113894
0.464,3.38,0.2014720644028105,0.5049933579042525,0.43426500322104955,0.5528621436268653
0.363,3.447,0.5898391701950776,0.4063780644724777,0.34252589998227295,0.4502974491369845
0.317,2.033,0.0,0.3470984890120269,0.29178473235480135,0.3860916005405851
0.308,0.945,0.0,0.28563316468439887,0.2357795679742737,0.32084784576948694
0.31,0.227,0.0,0.22670174656387163,0.18459572232568752,0.2580907481419746
0.31,1.873,0.0,0.17548410616779053,0.13907426595308944,0.2020094087204091
0.305,1.308,0.0,0.13204509405975726,0.10106422877793209,0.15477551053057276
0.283,1.814,0.0,0.0975851680770661,0.07140722040714319,0.11617995854173148
0.27,2.692,0.0,0.07073191417832088,0.05018019059373899,0.08585665711625581
0.266,4.458,1.1123576739473826,0.05014545792260357,0.034447527507284144,0.06211824761511101
0.282,1.839,0.0,0.08959220951373,0.08077501984594133,0.09712632885689611
0.327,1.729,0.0,0.0981969997964558,0.0903240146152551,0.10481438017755686
0.382,4.845,1.6912754004461368,0.09207844804912377,0.08305801196945828,0.09844462596197368
0.439,1.813,0.0,0.16167948422350129,0.15731096765793454,0.16652509719787215
0.482,1.562,0.0,0.17874465948381094,0.1687624337832224,0.18652346494716437
0.53,1.73,0.0,0.1691613770344823,0.15771262003323752,0.17825240689913877
0.556,2.735,0.0,0.14712968601529328,0.13560405528764563,0.15660183633757965
0.556,2.825,0.0,0.12118944225282635,0.10789301067808041,0.13110609185439648
0.533,1.262,0.0,0.09610454347366502,0.08303636210546185,0.10507755092904758
0.53,1.32,0.0,0.07386886069325863,0.061792577764260115,0.08223700292237641
0.493,0.867,0.0,0.05514013672715912,0.04412493727304662,0.06270687856487298
0.419,0.567,0.0,0.04025168638497351,0.030922389622058098,0.0466879100170579
0.344,1.656,0.0,0.028640193925780613,0.020647113462725814,0.03415542090752088
0.279,1.033,0.0,0.019987245113304984,0.013939888919215515,0.024382305560939985
0.209,1.615,0.0,0.013683704735816881,0.008894744927600867,0.01719501129432074
0.115,3.406,0.0,0.009202971988011769,0.005779122990803136,0.01183711481058442
0.089,2.168,0.0,0.006084131436095472,0.0035629031467035496,0.008010697228457885
0.064,0.32,0.0,0.003948544304750142,0.0021733128915282967,0.005370197996811911
0.061,0.095,0.0,0.0025330407183303837,0.0013096339913182774,0.003553714126735513
0.058,0.658,0.0,0.0016137511288809873,0.0007969993092324297,0.0023200349570622844
0.053,1.294,0.0,0.0010114203142586192,0.0004826653234310231,0.0014927856289364402
0.051,1.385,0.0,0.0006354669584331425,0.00029242721703620216,0.0009607246373753389
0.058,0.86,0.0,0.00039880906151623543,0.00018006013925660978,0.0006039257398551876
0.061,1.881,0.0,0.00025120400170897274,0.00010735839464202756,0.0003893147702716584
0.073,8.778,5.5216075185345765,0.0001594772042486398,7.061968841394644e-05,0.0002476105689687402
0.091,8.537,5.290885955219354,0.2716662871075534,0.26170952613636134,0.28736211951696744
0.123,7.678,4.75231519636646,0.6339577379308662,0.61049681769163,0.6631036812876102
0.283,2.397,0.0,0.9961369794454906,0.9601522712677902,1.0338267988385375
0.449,2.67,0.0,1.0999716135981406,1.0564050783500367,1.1422056590146294
0.581,3.229,0.0,1.061111863502339,1.0065167443787393,1.109916241542675
0.622,2.3,0.0,0.9519817354330498,0.8994304442239549,0.9975687654790081
0.6,0.594,0.0,0.8145473358351105,0.7564284108717451,0.8607924141204853
0.546,1.159,0.0,0.6728576500125194,0.6079042021051596,0.7258089852272623
0.482,0.145,0.0,0.538005159493513,0.4706856767274597,0.5837579278125675
0.394,1.952,0.0,0.42040427207989467,0.35759419387285557,0.4652888460949535
0.31,6.972,3.875922527445317,0.32299548511468873,0.2670936024075551,0.3645511142765303
0.268,4.069,0.8386888426191508,0.43309425595874246,0.39115632755386415,0.4627384606318819
0.318,2.444,0.0,0.4900218632225019,0.45285356872690546,0.517561311688386
0.353,1.191,0.0,0.47370556130072594,0.43508620017205657,0.504094936733569
0.394,1.266,0.0,0.4228291155206344,0.3805986105295593,0.4529166859662765
0.397,2.227,0.0,0.35781883355678257,0.3167400986056818,0.386341491745619
0.367,1.983,0.0,0.29104267853368393,0.2527996356061734,0.3182239791907749
0.336,1.185,0.0,0.2293979301603068,0.19129890397436636,0.25607103611501814
0.317,2.641,0.0,0.17664886531238763,0.14234585655352983,0.1997180003472644
0.303,4.44,1.3138078065766288,0.132707522861041,0.1032966356211709,0.15278198865271586
0.301,5.527,2.3990909717830307,0.16250878853134673,0.1424592097902482,0.17749930431410726
0.321,3.101,0.0,0.27797765833512633,0.26726324320392114,0.28759758839540195
0.41,4.429,1.2724670674972023,0.3082027661772604,0.2932829308059163,0.32336465890853616
0.506,8.174,4.930748152035808,0.35617211686964456,0.3389905103189802,0.37070442151934885
0.602,7.677,4.521435618365044,0.5899120647498849,0.5757452224625084,0.6030918176677185
0.691,2.143,0.0,0.8775790419509126,0.845975333472743,0.9021235345647295
0.72,3.129,0.0,0.9510287648186403,0.9087079468264952,0.9889246699422538
0.711,2.685,0.0,0.9087351781966295,0.8500379874113243,0.9497932095882188
0.667,4.13,1.055663076497929,0.8099476540309887,0.7489596859414966,0.8530597994920024
0.619,2.683,0.0,0.7404537817813204,0.6744453168339846,0.7843528665481344
0.588,1.061,0.0,0.6363985380716489,0.5665288354581612,0.6797907456601281
0.556,1.968,0.0,0.5283216942495254,0.45993359498578446,0.5727121443713574
0.515,1.156,0.0,0.4248710749225431,0.3616412992844377,0.46729514115523374
0.472,0.285,0.0,0.3321965302022589,0.27150479913945935,0.3725173204415274
0.415,0.071,0.0,0.25441854945955517,0.2004701340801823,0.290145661151624
0.335,0.3,0.0,0.19144298338942906,0.14691986405100924,0.22266139286302603
0.283,2.794,0.0,0.14112339160820353,0.10453182765417672,0.16739533427258704
0.232,0.294,0.0,0.10165813790878289,0.07216060521162536,0.12325602444905583
0.165,0.061,0.0,0.07218492221452807,0.04857946143822228,0.08930846515025379
0.134,0.248,0.0,0.050140703938954916,0.03146629687176513,0.06367292556265518
0.116,0.48,0.0,0.03425948208312872,0.0203938551521814,0.04483571856732572
0.108,0.801,0.0,0.02300269311796101,0.01313290473276218,0.030649084232767233
0.1,1.898,0.0,0.015181255481387993,0.008052884489798084,0.020894507892794068
0.096,3.425,0.8444332884131454,0.009824597768737224,0.005013013343547696,0.014010062091496888
0.102,2.171,0.0,0.04774660477353649,0.04650608808094162,0.049144291771228775
0.142,1.519,0.0,0.05901097215942162,0.05678113674941919,0.06162826814625108
0.21,0.731,0.0,0.05734055283666379,0.05387472382560591,0.060334211395096975
0.279,1.278,0.0,0.0500408084789,0.046327300395381854,0.05333115381209479
0.33,2.684,0.0,0.040955719359433033,0.0366965521390508,0.04433829507401196
0.343,3.837,0.9096177123415266,0.03204119958113496,0.027658503603889727,0.035106573296469976
0.343,1.751,0.0,0.06890068051082485,0.06684841291904263,0.07044205753229249
0.353,1.253,0.0,0.07797158334620018,0.07448486339363333,0.0808444881671393
0.373,0.948,0.0,0.07370514876010623,0.06859668968632998,0.07780512277814579
0.39,0.795,0.0,0.06339603976327941,0.05811078360967139,0.0674841156807753
0.393,0.344,0.0,0.05168162862055799,0.04603321489958881,0.05587989781677807
0.387,0.319,0.0,0.04043009831690334,0.034412344816848774,0.043976250232785265
0.369,0.078,0.0,0.030198080975253616,0.024866096719767115,0.033982970329426786
0.34,0.024,0.0,0.02208992425508118,0.017347554925800566,0.025418219455943233
0.295,0.0,0.0,0.0157969380437601,0.011714618787064535,0.018583716632299355
0.255,0.227,0.0,0.010999266699357003,0.00782326219402165,0.013264279150619375
0.206,1.739,0.0,0.007549448179587495,0.005067252065320244,0.009362111778589997
0.159,0.242,0.0,0.0050660294523623165,0.003198499115277796,0.006438117861310895
0.129,0.024,0.0,0.003345320458311863,0.0020431257484807347,0.004391137548605421
0.102,0.218,0.0,0.0021767131070219137,0.0012445955250326027,0.0029061534323338617
0.091,0.209,0.0,0.0014006681192920824,0.0007610537310971077,0.0019246730136147504
0.083,0.463,0.0,0.0008942790113747799,0.00046324699707720954,0.0012576464967550712
0.079,0.173,0.0,0.0005689682717874404,0.00029155215827610527,0.0008169058128380315
0.078,0.285,0.0,0.00036150307379120296,0.00017682004964174428,0.0005305576312402611
0.078,0.575,0.0,0.000230034827015062,0.00010983409736631884,0.00034014465500897475
0.078,0.425,0.0,0.00014695633047568532,6.847918795387613e-05,0.00021977629343343497
0.078,0.003,0.0,9.460190658255238e-05,4.5398803101137216e-05,0.00014324061725741704
0.078,0.199,0.0,6.114513675981847e-05,2.769194815970231e-05,9.317041380978813e-05
0.078,0.014,0.0,3.999818124221439e-05,1.750018136184495e-05,6.141867118837638e-05
0.075,0.007,0.0,2.6225982402738362e-05,1.1199164437344764e-05,4.057996028962927e-05
0.072,0.0,0.0,1.724996142920385e-05,7.224396526676993e-06,2.7233651078463236e-05
0.068,0.016,0.0,1.1457327380592098e-05,4.692268044956265e-06,1.8048335218572634e-05
0.065,0.0,0.0,7.635313375391858e-06,3.1907758030876103e-06,1.2122269244645087e-05
0.062,0.008,0.0,5.080558709598565e-06,1.9847989278270083e-06,8.226637723278096e-06
0.06,0.001,0.0,3.4050526997185646e-06,1.3137676214449606e-06,5.566925042120459e-06
0.055,0.01,0.0,2.2701609142613094e-06,8.496104856380564e-07,3.769324544388744e-06
0.049,0.078,0.0,1.5263582479267046e-06,5.770504316504889e-07,2.5505674746877926e-06
0.049,0.575,0.0,1.0257708416926946e-06,3.630755700259149e-07,1.7530191012575555e-06
0.049,0.118,0.0,6.875048705327881e-07,2.3807097486611835e-07,1.1793616575442746e-06
0.049,0.284,0.0,4.635505968080319e-07,1.5323992016402744e-07,7.965344925087478e-07
0.054,1.247,0.0,3.1321020293668914e-07,1.0312124687974513e-07,5.466319758623573e-07
0.056,1.15,0.0,2.1092278493196756e-07,6.792631968896907e-08,3.7406241307408015e-07
0.057,1.209,0.0,1.4264601639782623e-07,4.55419474890709e-08,2.5803014757849385e-07
0.062,0.691,0.0,9.659616559103506e-08,2.8479943690948862e-08,1.762275966522963e-07
0.067,1.231,0.0,6.487518334538043e-08,1.8218540989027378e-08,1.1961923232192858e-07
0.08,1.805,0.0,4.424467496113705e-08,1.1656877299528506e-08,8.451983226485606e-08
0.101,1.812,0.0,3.000425430749705e-08,7.562666983326682e-09,5.627125573569604e-08
0.117,1.903,0.0,2.022643132947252e-08,4.567988615386138e-09,3.8975468941224785e-08
0.126,2.551,0.038228057250047964,1.3813200843653925e-08,2.9260273648731033e-09,2.656597373356508e-08
0.129,0.356,0.0,0.001880147467066741,0.0018108328502536254,0.001989174017061563
0.136,0.137,0.0,0.0021732448940077584,0.002043427888420545,0.0022964977364298656
0.154,0.012,0.0,0.0019275328287890728,0.0017643882118018818,0.0020515459744707434
0.171,0.073,0.0,0.0015200112523051253,0.001333704660213494,0.0016521235839875323
0.174,0.035,0.0,0.0011316203134295363,0.0009387532553095768,0.0012523642246546139
0.159,0.045,0.0,0.0008053607559745968,0.0006379280682333843,0.0009174003617982474
0.139,0.009,0.0,0.0005556726187975279,0.00041591166050339106,0.0006462968222133499
0.111,0.007,0.0,0.00037438470434665485,0.0002734105139506828,0.0004450059764772735
0.09,0.05,0.0,0.00024974447197723387,0.000173894073605468,0.00030292079012438826
0.076,0.007,0.0,0.00016412462870046853,0.00010848453113136991,0.0002052252620040505
0.068,0.16,0.0,0.00010759520058838025,6.859034412159581e-05,0.00013569488889030926
0.059,2.052,0.0,7.063234973140127e-05,4.454105664739497e-05,9.026227005847219e-05
0.059,0.986,0.0,4.62674208682541e-05,2.811720073791721e-05,5.983018167739819e-05
0.073,0.136,0.0,3.046761420240175e-05,1.811323935126331e-05,4.025954177752774e-05
0.103,0.034,0.0,2.003697374263517e-05,1.1426215623701506e-05,2.7083344935012005e-05
0.148,0.047,0.0,1.3301881143028008e-05,7.465634293930211e-06,1.8063905032343413e-05
0.166,1.352,0.0,8.814629127664072e-06,4.754819492301966e-06,1.2180749421408121e-05
0.162,1.94,0.0,5.863959035542158e-06,3.1188754373889487e-06,8.182420990119356e-06
0.148,6.728,4.467305656861022,3.902103266497127e-06,2.0108423680822946e-06,5.50584274350658e-06
0.136,6.751,4.618052130940831,0.21971433970283635,0.21161427344913403,0.2324546463596726
0.156,9.054,7.031786308157301,0.5281038503181057,0.5081519184600773,0.5546831413056802
0.229,0.938,0.0,0.9803601814994687,0.9491324472468042,1.0210144508285863
0.34,0.035,0.0,1.133870638947604,1.087797995796609,1.1787340602504293
0.442,0.0,0.0,1.118309439868273,1.075336624388787,1.166951828373701
0.527,0.016,0.0,1.0179579119752336,0.9685705628440612,1.064823613809566
0.55,0.435,0.0,0.8783545021681106,0.8155465833461977,0.9310888573224179
0.506,0.35,0.0,0.729913655606684,0.6639010467254727,0.778861300697969
0.428,0.169,0.0,0.5890876948449496,0.5227210480858729,0.6350567259290796
0.359,0.0,0.0,0.4637160872624751,0.39801509843678845,0.5105451339088067
0.285,0.056,0.0,0.3581160507799065,0.29523359407987376,0.4003349325492978
0.229,0.703,0.0,0.26953795784299994,0.21335311631195464,0.30865794695807325
0.173,0.154,0.0,0.19954712342174877,0.15092322251192633,0.2334058264123777
0.131,0.005,0.0,0.14518956847418066,0.10496547125356334,0.17318086211945707
0.099,0.222,0.0,0.10382950146176663,0.0715595519744563,0.1267998084168131
0.08,1.746,0.0,0.0731794107542514,0.047652692298617044,0.09147465199956259
0.067,1.544,0.0,0.05013576129072378,0.030956674899702597,0.06418766992543799
0.061,0.553,0.0,0.03402745602734806,0.01970954087438853,0.04485322849822567
0.061,0.098,0.0,0.02259269800331422,0.012241006603167556,0.030777040679848135
0.066,0.013,0.0,0.014713335361427134,0.0074492456395665405,0.020672343088049747
0.07,0.226,0.0,0.00944645507035573,0.004439691967582266,0.013636567077262704
0.069,0.004,0.0,0.005947671434044029,0.0026657737723737463,0.008873274849188177
0.063,0.0,0.0,0.003689732352721435,0.0014985216435097692,0.005723988910700142
0.056,0.0,0.0,0.0022550358098925322,0.0008867621921646199,0.0035668502105039492
0.049,0.002,0.0,0.0013696838721808657,0.000523967041854859,0.0022350731947140936
0.045,0.0,0.0,0.000825449123867253,0.0003032817211509548,0.0013694758549749222
0.04,0.0,0.0,0.0004979449288896442,0.00016744555175020014,0.0008508575367134594
0.035,0.0,0.0,0.000301778164615531,0.00010076946386561433,0.0005181746640132169
0.035,0.0,0.0,0.00018652990321309587,6.734625030850461e-05,0.0003222772468246554
0.033,0.011,0.0,0.00011661948901759561,4.201209266097972e-05,0.00020052815716385176
0.032,0.042,0.0,7.388810383137807e-05,2.6365393050345142e-05,0.00012787020148508503
0.032,0.223,0.0,4.77529567749716e-05,1.7091651045085968e-05,8.233993087014616e-05
0.032,0.073,0.0,3.0893371723787104e-05,1.0580860865050786e-05,5.324288212830429e-05
0.032,0.021,0.0,2.0418732796422443e-05,7.2071068475210734e-06,3.525038087667097e-05
0.032,0.0,0.0,1.3396376139523855e-05,4.2906914665812395e-06,2.328020407173882e-05
0.032,0.008,0.0,8.93114118370975e-06,3.0088482975609193e-06,1.5664263458803538e-05
0.031,0.0,0.0,5.9635833870411505e-06,1.9712473762718232e-06,1.0692102983519858e-05
0.031,0.018,0.0,3.963683764196939e-06,1.2597418361786805e-06,7.027427591443577e-06
0.031,0.012,0.0,2.679478722889407e-06,8.305109496997331e-07,4.781486474057045e-06
0.03,0.357,0.0,1.7824094407377109e-06,4.987371470919335e-07,3.269509111621589e-06
0.03,0.331,0.0,1.1979723624481547e-06,3.442749292815974e-07,2.1954412865493384e-06
0.03,0.06,0.0,8.035885491494586e-07,2.2694857080862692e-07,1.5000888966294929e-06
0.03,0.184,0.0,5.443302235338523e-07,1.5236354969193786e-07,1.0223165342798478e-06
0.03,0.006,0.0,3.648320940612584e-07,9.775159335667573e-08,6.910350721332719e-07
0.03,0.0,0.0,2.4712596956017635e-07,6.51283045441507e-08,4.758098180350467e-07
0.031,0.003,0.0,1.670467920963682e-07,4.292482802828055e-08,3.242950047369339e-07
0.031,0.0,0.0,1.1267642188795667e-07,2.7078899824700422e-08,2.2274946462558785e-07
0.031,0.0,0.0,7.638096164366505e-08,1.849999610465148e-08,1.5227760225394386e-07
0.03,0.005,0.0,5.186988296057469e-08,1.1609800630444194e-08,1.0445076142151664e-07
0.03,0.0,0.0,3.5102332392175314e-08,7.951042510479432e-09,7.154111749356085e-08
0.029,0.022,0.0,2.3792559301580438e-08,4.977258743979182e-09,4.935565764307994e-08
0.029,0.055,0.0,1.6194765965673393e-08,3.065316792016783e-09,3.324780531421784e-08
0.029,0.0,0.0,1.0964657168061801e-08,1.555437219625457e-09,2.3636064651449332e-08
0.024,0.0,0.0,7.542586606043708e-09,9.91550246757147e-10,1.5842438192027902e-08
0.024,0.0,0.0,5.067578900576223e-09,0.0,1.1161604163040466e-08
0.024,0.0,0.0,3.5527931910946578e-09,0.0,7.664323580752014e-09
0.024,0.0,0.0,2.3706740920034106e-09,0.0,5.4605738669992315e-09
0.024,0.0,0.0,1.7205938355405902e-09,0.0,3.902212592270945e-09
0.024,0.001,0.0,1.142233381982103e-09,0.0,2.922405203168067e-09
0.023,0.001,0.0,8.730073091436581e-10,0.0,2.2982053163274925e-09
0.023,0.054,0.0,5.865131334099263e-10,0.0,1.8823770658932557e-09
0.023,0.154,0.0,4.720780252051154e-10,0.0,1.4680284274857808e-09
0.023,0.005,0.0,3.2222135872511497e-10,0.0,1.2570376864995266e-09
0.024,0.0,0.0,2.645747123864994e-10,0.0,9.232386472128675e-10
0.024,0.002,0.0,1.7555402759247567e-10,0.0,7.122871630775592e-10
0.023,0.0,0.0,1.4595178862884676e-10,0.0,5.411248961376375e-10
0.023,0.002,0.0,9.50071706621506e-11,0.0,4.000376603437382e-10
0.023,0.021,0.0,7.732075524677668e-11,0.0,2.9428550473543017e-10
0.023,0.408,0.0,4.9733253904409164e-11,0.0,2.1370164866559852e-10
0.023,0.85,0.0,4.000674112572631e-11,0.0,1.5464918963479375e-10
0.023,0.195,0.0,2.5738131189874282e-11,0.0,1.1053851997991771e-10
0.023,0.234,0.0,2.0417389167590816e-11,0.0,8.000074039614046e-11
0.024,0.184,0.0,1.3166698518362922e-11,0.0,5.744747902550502e-11
0.026,0.961,0.0,1.0381973730917552e-11,0.0,4.1384752875324754e-11
0.03,0.748,0.0,6.7042834428317176e-12,0.0,2.97166353414794e-11
0.032,0.271,0.0,5.2802932373784595e-12,0.0,2.140852410236696e-11
0.043,0.408,0.0,3.4145377899162366e-12,0.0,1.5371926348501375e-11
0.055,0.951,0.0,2.6861688550644793e-12,0.0,1.107472860544152e-11
0.064,0.092,0.0,1.7394569028078506e-12,0.0,7.951644493861952e-12
0.068,0.013,0.0,1.3667985338327056e-12,0.0,5.729008394117056e-12
0.068,0.024,0.0,8.863306545999573e-13,0.0,4.1132548229061846e-12
0.063,0.035,0.0,6.956173732116676e-13,0.0,2.9636425876314772e-12
0.058,0.059,0.0,4.5172737605701897e-13,0.0,2.1277190221726058e-12
0.05,0.0,0.0,3.5410321438355853e-13,0.0,1.5331060501722459e-12
0.04,0.001,0.0,2.302787337163002e-13,0.0,1.1006340318396738e-12
0.034,0.0,0.0,1.8029416912992802e-13,0.0,7.930828712180996e-13
0.025,0.007,0.0,1.174157379394453e-13,0.0,5.693398705671581e-13
0.021,0.073,0.0,9.181733955469413e-14,0.0,4.102654500980272e-13
0.02,0.124,0.0,5.988143018306217e-14,0.0,2.945101450732045e-13
0.02,0.21,0.0,4.676896975947335e-14,0.0,2.122322224866335e-13
0.02,0.096,0.0,3.054567616349458e-14,0.0,1.5234525119541494e-13
0.02,0.057,0.0,2.382757568811564e-14,0.0,1.0978871477773544e-13
0.021,0.043,0.0,1.5584663835792173e-14,0.0,7.880569128902751e-14
0.021,0.063,0.0,1.2141987041155657e-14,0.0,5.6794212541568955e-14
0.02,0.101,0.0,7.953049359558817e-15,0.0,4.0764887215786e-14
0.02,0.123,0.0,6.188514849857939e-15,0.0,2.9379910318504295e-14
0.02,0.287,0.0,4.059353958439052e-15,0.0,2.108700530909906e-14
0.019,0.147,0.0,3.1547779916940886e-15,0.0,1.5198364339643497e-14
0.018,0.415,0.0,2.0723622185000958e-15,0.0,1.0907960833757395e-14
0.018,0.108,0.0,1.6085545836902955e-15,0.0,7.862184643814083e-15
0.019,0.015,0.0,1.0581772989106977e-15,0.0,5.6425086383744706e-15
0.02,0.007,0.0,8.203258452902184e-16,0.0,4.0671447464899594e-15
0.026,0.0,0.0,5.404229783689492e-16,0.0,2.9187768673067057e-15
0.034,0.0,0.0,4.1842685486266824e-16,0.0,2.1039529367683458e-15
0.035,0.025,0.0,2.760516570656338e-16,0.0,1.5098352437984615e-15
0.033,0.112,0.0,2.1346872371983256e-16,0.0,1.0883846673697988e-15
0.029,0.14,0.0,1.4103494080168913e-16,0.0,7.81012927079916e-16
0.022,0.446,0.0,1.0892548541956264e-16,0.0,5.630264676227867e-16
0.021,1.107,0.0,7.206784701766546e-17,0.0,4.040051357231546e-16
0.021,3.498,0.16216020737331727,5.559097786190094e-17,0.0,2.9125622063448814e-16
0.026,0.844,0.0,0.007975388761336301,0.007681322717265053,0.008437894133452657
0.042,0.268,0.0,0.009809030126179806,0.009352471364476998,0.010289477634123155
0.056,0.047,0.0,0.009209407647152165,0.008605386661183188,0.00973941375488995
0.066,0.004,0.0,0.0076975641742162435,0.007020974070515246,0.008252139368519375
0.057,0.028,0.0,0.006007360709940396,0.005273531200747641,0.006504357505661053
0.056,0.001,0.0,0.0044747818197299095,0.0037447344944858503,0.004987117797171315
0.052,0.002,0.0,0.0032065484173126714,0.0025557506515534226,0.003631474987392693
0.045,0.012,0.0,0.002235945139262421,0.0016901368844505665,0.0025969948684637133
0.042,0.003,0.0,0.0015341881466628612,0.0010943077386154907,0.0018201306322630283
0.04,0.281,0.0,0.0010202915766161726,0.000684155431603851,0.0012497918452370376
0.038,0.489,0.0,0.0006744349978845007,0.00043502198520351275,0.0008462828906976522
0.037,2.58,0.0,0.0004421661893337067,0.0002743755738661166,0.0005673488482758152
0.035,4.682,0.9006882844266846,0.0002875216742899873,0.00017245765802911383,0.0003766870233017547
0.035,6.265,2.934181962749176,0.044483357828078295,0.04291080588269143,0.04698950374265026
0.04,0.89,0.0,0.2024128568060095,0.1956267365939143,0.21279108104976216
0.048,0.345,0.0,0.2573885972477279,0.24591377911305476,0.26874463778847085
0.057,0.483,0.0,0.25978674751394004,0.24691559540633828,0.27181457885911553
0.062,3.086,0.0,0.2356114923294619,0.22218695056638252,0.2469860787909328
0.064,4.384,0.8660749467532445,0.2000473923004011,0.18426048258341832,0.2117065337374874
0.067,7.507,4.190017427438997,0.20518839746558828,0.1914238367652712,0.21529488235182448
0.07,0.692,0.0,0.39403135682074875,0.38561381116455434,0.4011355441257716
0.072,2.127,0.0,0.45048882241961774,0.430678020470502,0.46877026667233246
0.073,2.553,0.0,0.43867989363271204,0.4170240883855224,0.45885961451092294
0.072,6.785,3.9211073864886563,0.3916406969783195,0.3664576762914591,0.414330511214282
0.072,7.228,4.031579526418518,0.524528353242872,0.5024418841305508,0.5412806163198036
0.079,6.939,3.6226119317249226,0.7419308201995802,0.7120510165573635,0.7652006223142085
0.09,4.081,0.5312323011390458,0.9675514526597403,0.9292015046682479,1.000117969269906
0.108,2.356,0.0,1.0285492262868887,0.9655411877043005,1.0734724719357993
0.127,2.129,0.0,0.9738678599731893,0.9166486375212551,1.020014237785211
0.141,4.136,0.7020389701142551,0.8622207199297042,0.7927295661978305,0.9148713144646983
0.146,4.968,1.4418663138307988,0.7659707378279192,0.6955666202412663,0.8089379139488945
0.145,2.956,0.0,0.7193647917414928,0.6540856166873562,0.7654554203808673
0.144,3.137,0.0,0.6344736262022136,0.5696554813492554,0.6822030674504511
0.145,3.833,0.4310930094425265,0.5320105058700126,0.46590679388726425,0.576744920378098
0.148,6.084,2.632018829708782,0.45229050307115976,0.39229149084139603,0.4960807510410496
0.163,3.687,0.10784508211287136,0.5001805207057572,0.44958752588155704,0.5365114807793934
0.165,2.624,0.0,0.4845097923201523,0.44005259701534316,0.5190005792031374
0.181,1.751,0.0,0.43163696777639643,0.38512674118550894,0.4648974344849857
0.187,0.338,0.0,0.3659927609373248,0.31863046357401115,0.39801258010278845
0.179,2.358,0.0,0.2986935990557788,0.2574621020912659,0.3287011171696451
0.154,1.847,0.0,0.23547909134910514,0.19808123198404748,0.2633088525242988
0.134,1.009,0.0,0.1811957101394015,0.14801777740662986,0.20593767850686498
0.115,3.066,0.0,0.1364486680462719,0.10587176475619904,0.15746313736884548
0.101,3.701,0.11712349697677871,0.10039341529443961,0.075191618132992,0.11851096753729899
0.097,3.256,0.0,0.07823871261196189,0.058732179798860945,0.09292626093194709
0.106,4.571,1.186137263317515,0.05909657776225964,0.04297954925805783,0.07097521061678476
0.133,5.927,2.710780195305121,0.10191310761231638,0.0930667200197745,0.10927872906501995
0.165,2.468,0.0,0.24422254372801427,0.23879811061835135,0.24864437085599084
0.21,4.012,0.438241338806598,0.2896611927372527,0.27838109285045487,0.3022343882571477
0.274,3.06,0.0,0.30577085000551946,0.2929114065655043,0.3199838900346537
0.332,1.839,0.0,0.2846654240568278,0.2689710671947072,0.29900725403881295
0.467,4.194,0.7099509446257746,0.24664524832139592,0.22813075030406701,0.26262646474468737
0.555,4.687,0.8715005050465039,0.23910136944596777,0.22048079275068247,0.25521900223302285
0.601,4.149,0.7089255038389646,0.2561794135231065,0.2372142013430927,0.2674407573203506
0.645,1.261,0.0,0.27126216078312115,0.25299683679275087,0.28397096123289345
0.641,0.003,0.0,0.2545142392008223,0.23516630641023684,0.2683613478141668
0.566,0.021,0.0,0.22153978599277127,0.1993671621255186,0.23733191895849426
0.479,0.585,0.0,0.1826207798873543,0.16104297403872678,0.19827878789163336
0.334,0.0,0.0,0.14621001525693594,0.1250291120282964,0.15985648553642393
0.271,0.326,0.0,0.11179991949231309,0.09280311914920693,0.12586622757859264
0.211,0.804,0.0,0.08416302830280004,0.06686040327708431,0.09611334303026056
0.187,2.28,0.0,0.06212258384780457,0.04676502764097182,0.07218639269590217
0.181,1.924,0.0,0.04435527006487579,0.03154194508846714,0.05310415295223328
0.209,2.66,0.0,0.031311908931012294,0.02107349205868247,0.03830224953657017
0.305,3.543,0.10713765546232512,0.021644615967163352,0.01390356583338561,0.027146373515908727
0.628,6.548,3.1216356659386797,0.019966781158858787,0.014753849369659565,0.023943471540472418
1.103,6.074,2.448282328422306,0.17024628241377532,0.16707939577042258,0.17572721102653874
1.864,5.778,2.3769502132968228,0.34386698090980644,0.332018625593127,0.35754054145675196
2.509,8.986,5.713696075525679,0.5138233596057348,0.4929572505522611,0.5303417828821275
2.744,3.911,0.32888235551185785,0.836431344888974,0.8077838600186538,0.8626027482490204
2.51,0.465,0.0,0.9446012508164955,0.9055712932388863,0.9779830527097229
2.129,3.944,0.14432738322635208,0.9225400460853723,0.8787912334735609,0.9566689409163814
1.703,5.894,2.6611881610803003,0.8374241734558174,0.78397915578352,0.8808470395103338
1.349,1.254,0.0,0.8531115636100074,0.8037060668761034,0.8902917104052599
1.103,0.216,0.0,0.7892329613790425,0.7336547119825054,0.830266228426659
0.925,0.101,0.0,0.6858864174472908,0.6263020919604613,0.7300283526709398
0.756,0.363,0.0,0.5717772985508983,0.5071282461419817,0.6167214611250469
0.576,1.406,0.0,0.4624010623016859,0.3991048284316056,0.5050178301412673
0.432,0.832,0.0,0.36433154328134065,0.30592519491514886,0.40423142287047437
0.311,0.959,0.0,0.28067907289591904,0.2302700275368262,0.3157159582187037
0.231,0.875,0.0,0.21109756369180915,0.16449409165548595,0.24275747916943652
0.193,1.029,0.0,0.1555670013354715,0.11621544910391059,0.18327377165728392
0.177,0.16,0.0,0.1127792117929273,0.08004747608359462,0.1353313359245327
0.159,0.281,0.0,0.08044963495233244,0.05551996892840784,0.09844773311562022
0.152,1.549,0.0,0.05627342087939847,0.03680863614283856,0.0710175165989787
0.148,1.873,0.0,0.03862928367609996,0.02391474992982095,0.0496950383441227
0.15,2.961,0.0,0.0260197795267215,0.014927577415494567,0.034619094095282285
0.165,1.355,0.0,0.017171027589422183,0.009249381066490203,0.02364070136341677
0.207,2.022,0.0,0.011161420530425837,0.005775431485077879,0.015731525361975095
0.298,2.191,0.0,0.0071266472254241245,0.0033594059309582287,0.010418964867525343
0.399,4.906,1.4863345182488392,0.004465981003490654,0.001960822293712142,0.006694812128305728
0.559,3.716,0.32455708774495484,0.0758680755137793,0.0745240155467345,0.07861248109575135
0.783,3.293,0.0,0.11529071457399223,0.11081350947228975,0.11937529478392198
1.088,2.788,0.0,0.12159503762091614,0.11666589907044149,0.1274640303990041
1.403,4.099,0.7459936591302978,0.11187369867789704,0.10495789166053168,0.11755095729259281
1.68,7.293,4.273944708941757,0.1318996272421123,0.1259754688949304,0.13693225479675525
1.729,9.124,6.027315167907266,0.3381601191070744,0.3286719044937935,0.3468624195138607
1.867,9.897,6.7217653211806425,0.7046268391547805,0.6842368842968718,0.7302244745165933
1.997,15.664,12.62466395640831,1.159910119246198,1.1161104111918692,1.200318668653509
2.118,9.524,6.414491360164673,1.9237943713174712,1.853635915839453,1.9817239263061939
2.367,3.698,0.013913936494145851,2.4897424907877435,2.394640915345531,2.5718787146720827
2.468,0.686,0.0,2.6082011538495324,2.496088979026531,2.705966508362133
2.519,0.134,0.0,2.4695810618282104,2.326235073494848,2.5768703726824893
2.496,0.99,0.0,2.2023849584862365,2.0455744081304728,2.3281154558799675
2.371,1.642,0.0,1.8890371088321054,1.729034165842695,2.0050332882289217
2.042,6.11,2.684835896741143,1.5721275043064131,1.4007140447233093,1.6947921354634858
1.735,2.999,0.0,1.4039936739308545,1.2510993264273997,1.5220559378102434
1.495,1.296,0.0,1.202310107429172,1.0516426928136204,1.3177922022536857
1.261,0.725,0.0,0.9959349390696675,0.8513217342492616,1.0949528554657413
1.113,0.335,0.0,0.8031883322844945,0.6786599735634427,0.8926863164641942
0.95,0.125,0.0,0.6328634696294041,0.5214919975065717,0.7140883545308103
0.787,3.258,0.0,0.48801767386549544,0.3823122019750695,0.5636162146762078
0.671,7.226,4.184669943959493,0.36973975615794386,0.2835374059417179,0.43346884482643244
0.631,4.615,1.3852083090078668,0.48071572202423796,0.4179575811392791,0.5268074223172454
0.681,5.861,2.7500345351973086,0.5618279221179441,0.5139867682726811,0.5999414505777689
0.837,3.078,0.0,0.6871193984134755,0.6449961660891212,0.7208454394629753
1.029,1.79,0.0,0.6923618807805819,0.6473592449209727,0.7279766820432962
1.165,2.116,0.0,0.6346913066925957,0.5849983515812016,0.6725127417204564
1.235,2.158,0.0,0.5487252055844258,0.49465541254468753,0.5856787705209084
1.244,0.377,0.0,0.45266972895649327,0.39861765908358554,0.4899090081132081
1.217,7.053,3.3601046772940086,0.3641864589460036,0.31283440631887466,0.40118824190253205
1.192,2.46,0.0,0.4498091821772638,0.412211242193827,0.47769427887963467
1.226,3.998,0.6682807653895879,0.45241584523685296,0.41414904866889046,0.48032064951435305
1.377,4.271,0.8986922397322288,0.4437116282420926,0.4080310638420881,0.47159359756785174
1.596,2.801,0.0,0.4439308391186315,0.40895453281287725,0.47053230040354516
1.687,0.941,0.0,0.4022924139509023,0.3617611688289861,0.42981322266682487
1.688,1.207,0.0,0.3441467876489859,0.30576201676969683,0.3727692089253781
1.521,0.322,0.0,0.28190291196059186,0.2438559464373857,0.3086266980676867
1.367,0.324,0.0,0.22342820886407724,0.18671487466896394,0.2480530679839858
1.169,0.378,0.0,0.17275232238754915,0.14004876589379073,0.19489664090159212
0.989,0.414,0.0,0.13050194309254182,0.10181286775149351,0.15056900354437128
0.793,0.788,0.0,0.0964157995771839,0.0724918781296889,0.11326403729353259
0.669,1.33,0.0,0.06968742497412274,0.05022650412746884,0.08345680168699682
0.584,0.772,0.0,0.049451744884887246,0.03422580090523531,0.06063436794822538
0.523,0.197,0.0,0.03445460702243983,0.02238499730908046,0.043440930194010886
0.483,0.464,0.0,0.023470559448807975,0.014515158581179483,0.030187290548957302
0.446,4.557,0.9814124819606467,0.015743102826650163,0.009255395908483486,0.02092463803765993
0.412,10.607,7.343444742200714,0.05858413799227176,0.056633759950632,0.06064500971997917
0.411,2.58,0.0,0.4325043239446775,0.42029662737354073,0.45295300538300876
0.465,3.298,0.1854273175317518,0.5753180030930828,0.5480753112481189,0.599839241996304
0.561,9.628,6.893496438664551,0.6074458132083174,0.5788698388826414,0.630309018958634
0.68,3.824,0.7180700296671736,0.9075226081442115,0.8730946922018163,0.9327272382876599
0.799,1.495,0.0,1.022053330051809,0.9845873832353512,1.0608141146018322
0.93,2.811,0.0,0.9942670716821952,0.9410456422753257,1.0348019094587075
1.013,10.606,7.278971005097733,0.8984987017873871,0.8393421842060905,0.9450152339052488
1.029,4.976,1.8223309998899024,1.1275172452480549,1.0763494229707469,1.1648512038033447
1.056,11.223,8.492866662614913,1.240061541645021,1.180818915381745,1.2925875318169533
1.105,3.221,0.3015055389613206,1.616479758801689,1.5636351792221763,1.6612800971763668
1.169,1.418,0.0,1.7056529043778659,1.6369950130338402,1.778162937580443
1.209,0.972,0.0,1.6117997233189671,1.5216038423467333,1.6876383472536927
1.193,1.376,0.0,1.4339416931217541,1.326004629645651,1.5125054978609
1.128,1.055,0.0,1.2214601397851093,1.1057549878160622,1.3017942597932985
1.023,0.29,0.0,1.008045805959867,0.8902821198229667,1.0916415952034109
0.87,1.243,0.0,0.8097214467541123,0.6920729744691357,0.8892581325647715
0.734,3.593,0.001032310511087875,0.6376717958301815,0.5318519718175194,0.7092074526549661
0.645,0.36,0.0,0.49244599956274965,0.39568969793297015,0.5603890523438533
0.594,0.553,0.0,0.3731685103842023,0.2927017607138671,0.4310500165107982
0.547,0.365,0.0,0.27603540769570817,0.2050319563194973,0.32567965963694945
0.514,1.295,0.0,0.20207933355244023,0.14263613311903983,0.24302106688963593
0.484,5.963,3.110069600746744,0.14498283570556508,0.09886678441775289,0.17943518608085773
0.468,2.554,0.0,0.25488141944358406,0.22640511161781302,0.27673645855327506
0.478,5.04,1.842091900692533,0.28457694618735735,0.2602642971614693,0.30434785542688336
0.521,6.18,3.1171835477533207,0.3618240415943384,0.3385306403650186,0.3783729966228375
0.6,6.17,3.2090722618179983,0.5191418267460194,0.49353816732813505,0.5350719118817903
0.705,5.18,2.353845033882783,0.7093051484168884,0.6722909631669703,0.7311274773151403
0.848,3.827,1.0762088659324305,0.8632484971230618,0.8272958374422813,0.897477224459102
1.055,3.955,0.7183128073582865,0.9187884777200261,0.871693838030131,0.9568162708454132
1.209,3.255,0.14975819914312716,0.9061238627724842,0.8443787917197481,0.9487610690134339
1.339,8.038,4.956486661728305,0.833611179711368,0.7686389841747077,0.8778170960001761
1.408,4.904,1.9170070983715064,0.9618047169198927,0.9152644017367221,0.9986438326705157
1.441,6.082,3.0136074229867087,1.0445274972238694,0.9887151415048446,1.0878144170625397
1.494,6.525,3.480443401583554,1.1437387259539167,1.0828933736431217,1.191066120679859
1.522,15.429,12.530570933280138,1.2755773110157853,1.2097289260812303,1.3229919829768708
1.537,2.705,0.0,1.8502934613937543,1.7806232883872208,1.8970839304547091
1.575,5.068,1.8474210121719072,2.0178463389536048,1.9388904272424958,2.106066713989556
1.605,3.278,0.2898284396734261,2.035193738743453,1.9272026665466866,2.1209398820541465
1.613,4.651,1.5450469120916184,1.90092589031961,1.7814111587389705,2.0026187680367897
1.591,2.608,0.0,1.7494708813269084,1.6090171098210748,1.8423103245014518
1.528,1.808,0.0,1.5339004526519742,1.3920508461974204,1.6335788564900013
1.484,1.258,0.0,1.2902574200813006,1.1382789529772124,1.3894605188402596
1.412,1.931,0.0,1.0560074121286773,0.9088200897182216,1.1554036443060334
1.299,1.616,0.0,0.8467970054387486,0.7143709015722501,0.9391965158664936
1.2,0.092,0.0,0.6619954096754255,0.5449635453458859,0.7450460759745946
1.138,0.043,0.0,0.5097919309165843,0.40568349117463426,0.5848568073821779
1.086,0.118,0.0,0.3834962736771349,0.29345022396644926,0.4493090330056475
1.003,0.328,0.0,0.28325553585621777,0.20664879414705795,0.33786628713126826
0.833,1.15,0.0,0.20710315005901622,0.14232447859316463,0.2516547396715562
0.744,2.805,0.004604876214296283,0.14807002035397085,0.09967449472601,0.1843745662604033
0.694,0.771,0.0,0.10453819130949701,0.06635664779814762,0.13357336580066084
0.64,1.113,0.0,0.0723795019393426,0.043389856066250024,0.09460494684046973
0.603,0.584,0.0,0.049211868414904464,0.027500940620703008,0.06621115312118549
0.59,0.163,0.0,0.03289693671890341,0.01675309844468349,0.045571653702390524
0.575,0.713,0.0,0.021575544553771992,0.010357712288449943,0.030773601244717032
0.56,0.368,0.0,0.013896655044497297,0.006205376002255727,0.020379869337975802
0.529,1.991,0.0,0.008775335501719406,0.0036221012736269726,0.013375863931972824
0.504,3.047,0.16872629988653198,0.005435941983137205,0.002086674438699522,0.008613734148952662
0.482,0.815,0.0,0.01163327493761675,0.010020413565921697,0.01341800565651901
0.479,0.253,0.0,0.012555933354166,0.011212428663660767,0.013948106305937543
0.479,0.211,0.0,0.011264107581496955,0.009941542429144861,0.012455504273561782
0.468,0.571,0.0,0.009216905917572694,0.007889408721638062,0.010310929385048196
0.442,4.028,1.2554647903274634,0.007107002734550941,0.005869206647841932,0.008039274073839729
0.422,1.951,0.0,0.06698595939492709,0.06538643879037859,0.06975441998936181
0.429,4.715,1.8987908968586003,0.0863542893979962,0.08267554059037599,0.09025037551295245
0.459,2.322,0.0,0.1790568979631275,0.17348792116685388,0.18521261032379355
0.498,4.787,2.0828719243579794,0.20559487099313384,0.19595098647489156,0.2146907894084117
0.528,3.861,1.3451489508217365,0.30050044111658,0.28800321146312674,0.3089033626714434
0.557,0.227,0.0,0.3843258968922473,0.36333878978765144,0.3979840508231017
0.57,0.168,0.0,0.3912600260145433,0.36920877771292726,0.40973840208283674
0.563,0.367,0.0,0.3574747075463704,0.33752123790527533,0.3763812959684037
0.527,0.541,0.0,0.30679257800208437,0.28250746924045356,0.3260538528693111
0.48,0.023,0.0,0.25235939668428325,0.22571870103208708,0.27144607273861215
0.422,0.042,0.0,0.20138604277020972,0.17513535362475346,0.22079406708259322
0.38,0.144,0.0,0.15513672302786177,0.12946874467422906,0.17239556322616773
0.341,0.129,0.0,0.11684375719602236,0.09267615421884697,0.132480681535865
0.303,0.587,0.0,0.08633332149497117,0.06628617226812789,0.10027717247492403
0.282,0.752,0.0,0.062441957060538095,0.04559171907760304,0.07403327464293595
0.278,0.006,0.0,0.04409040025673132,0.03067406862757476,0.053524446646545404
0.279,0.013,0.0,0.03069924228356094,0.01997206875429368,0.038305933338070794
0.28,0.148,0.0,0.020939196997418016,0.01306123131564326,0.02672387735682447
0.274,0.111,0.0,0.013968103017020965,0.008239376689770058,0.01839441783340721
0.26,0.34,0.0,0.00917465156751193,0.005024590088952092,0.012420622469212123
0.245,2.108,0.0,0.005933366153187967,0.003092604672043713,0.008303256394273406
0.238,2.202,0.0,0.0037828399589113965,0.0018723752809874186,0.005429914412279998
0.25,1.862,0.0,0.0023766739114795357,0.001087128171454401,0.003516933034494715
0.289,2.643,0.0982021676269067,0.0014783323049488667,0.0006455635328246052,0.0022386370016919672
0.357,1.373,0.0,0.005747299309311343,0.005466368928433966,0.006084187672351308
0.449,1.923,0.0,0.006496880557835926,0.006053086106804943,0.006875229076806313
0.527,0.987,0.0,0.005884145041470301,0.005330460336608496,0.006316007857415669
0.545,0.024,0.0,0.004789551409437545,0.004161445708253518,0.005247457830590793
0.523,0.073,0.0,0.003662063513347064,0.003084112180290891,0.004091182818845795
0.456,0.0,0.0,0.0026806248832458774,0.0021494594700763505,0.0030679056053116447
0.384,0.132,0.0,0.0018915052548167373,0.0014497002668235931,0.002209975263548288
0.327,0.001,0.0,0.001300862115411022,0.0009371805649244143,0.0015632303559108723
0.272,0.01,0.0,0.0008780815954311494,0.0006031400595116452,0.0010764134177253136
0.234,0.022,0.0,0.0005854947252943145,0.0003816673591262849,0.0007341836549918292
0.201,0.031,0.0,0.00038267591190099343,0.00023978316390879109,0.0004947761494091365
0.175,0.0,0.0,0.00024993648278536895,0.00015029704946360856,0.0003279372294154372
0.159,0.013,0.0,0.00016237640739049291,9.323841392012008e-05,0.00021569668747142194
0.152,0.0,0.0,0.00010585196558504015,6.0958394186601696e-05,0.00014272717234420417
0.144,0.032,0.0,6.893852754041566e-05,3.789753154847363e-05,9.488123683868677e-05
0.137,0.042,0.0,4.515711825108103e-05,2.5012306304071476e-05,6.305302513526642e-05
0.132,0.079,0.0,2.9623640640883378e-05,1.5578336852108028e-05,4.191383525182245e-05
0.129,0.0,0.0,1.9520498301586567e-05,1.0058275265770765e-05,2.785268848153014e-05
0.126,0.081,0.0,1.2927956375130545e-05,6.512212137456267e-06,1.8755952996613467e-05
0.123,0.0,0.0,8.577558342490915e-06,4.2157588187498756e-06,1.248331165643564e-05
0.117,0.158,0.0,5.711060715602827e-06,2.751083032968335e-06,8.45293997139299e-06
0.113,0.265,0.0,3.808736551979201e-06,1.7519798330656232e-06,5.731131653052365e-06
0.108,0.0,0.0,2.55036583525058e-06,1.1832453577822765e-06,3.825618268128411e-06
0.105,0.0,0.0,1.7138974026330908e-06,7.807972566643957e-07,2.6437786469170722e-06
0.102,0.109,0.0,1.1456561868382867e-06,5.017527433565996e-07,1.770174616049512e-06
0.101,0.033,0.0,7.686907426582791e-07,3.2560360259278547e-07,1.2054314748374233e-06
0.099,0.175,0.0,5.176860530129419e-07,2.152665247841212e-07,8.225252124177589e-07
0.096,0.545,0.0,3.486391481496081e-07,1.3333980044526123e-07,5.672898944425959e-07
0.096,4.029,1.8141179175633217,2.3576177865567974e-07,9.358594951235336e-08,3.8291864021842225e-07
0.106,4.002,2.0088924910382167,0.08922239047545358,0.08593270354493275,0.09439643198291851
0.158,10.85,8.614671967450622,0.21808528145644826,0.21068564618738098,0.22894510123836798
0.268,0.117,0.0,0.6818574239845853,0.6608663019591269,0.7162734406718132
0.404,0.004,0.0,0.8578835329047491,0.8242208992604311,0.8923098129172131
0.563,0.001,0.0,0.8754060311494986,0.8370731050482357,0.9104367814418353
0.643,0.01,0.0,0.8090735071910614,0.7681177356217814,0.8419148256951329
0.643,0.291,0.0,0.7040241532593172,0.6587416130471764,0.7421586152937124
0.571,0.033,0.0,0.5889151979449375,0.5360934638856809,0.6235741579110483
0.498,0.021,0.0,0.47551661397270095,0.41842713649445945,0.514451562265244
0.389,0.003,0.0,0.3758401209942487,0.3228745196727132,0.41100195696539765
0.335,0.006,0.0,0.2884927682693727,0.24056271867201798,0.32243530954222754
0.263,0.099,0.0,0.2178529521401957,0.17459499657636376,0.2481535183975325
0.209,0.0,0.0,0.16087626099623048,0.12198721127327997,0.18714628220314317
0.165,0.063,0.0,0.11681236529890873,0.08538386238045047,0.13918183974294682
0.136,0.375,0.0,0.08306961404521891,0.057451396227223145,0.10141731006256599
0.113,0.17,0.0,0.058187502676713826,0.038017185748214465,0.07300271187142614
0.101,0.189,0.0,0.03999057421097097,0.02478130465607346,0.051479804306414904
0.093,0.028,0.0,0.026979533624663266,0.01577260683343116,0.03560898206073095
0.088,0.001,0.0,0.018124904372683413,0.009932119950307182,0.024248814519499437
0.083,0.047,0.0,0.011609629187316237,0.00589042674298691,0.01616877283502546
0.081,0.046,0.0,0.0073891884484881265,0.003521156659349566,0.010763475407835024
0.08,0.002,0.0,0.00465896698120775,0.0020618834351555987,0.006973974863183458
0.078,0.0,0.0,0.0028748230313623106,0.0011709181894784468,0.0044442662946322
0.075,0.0,0.0,0.001765125147680363,0.0006867671561514749,0.0027960374602639276
0.074,0.0,0.0,0.0010726556393138211,0.00040415541556286007,0.0017483611443245592
0.073,0.001,0.0,0.0006519124748484653,0.00024322640846834826,0.0010859187734540024
0.072,0.0,0.0,0.00039800210424858963,0.00014226626968579076,0.00066956547210035
0.071,0.002,0.0,0.0002437642297769343,8.662085271419203e-05,0.0004150740730122355
0.07,0.002,0.0,0.00015212124139090676,5.733910519876909e-05,0.0002585629028438226
0.07,0.0,0.0,9.593028013461361e-05,3.488013616083695e-05,0.00016360912169472897
0.069,0.0,0.0,6.137493314957806e-05,2.23790124430278e-05,0.00010472362543465802
0.068,0.022,0.0,3.98595315618606e-05,1.467618802141072e-05,6.729318375993887e-05
0.067,0.0,0.0,2.6028643357575258e-05,9.136222354811247e-06,4.4114373445742325e-05
0.067,0.0,0.0,1.717889871612282e-05,6.143251182795249e-06,2.9447984911774856e-05
0.066,0.074,0.0,1.1402811689789728e-05,3.944965133986698e-06,1.9487692037040945e-05
0.065,0.115,0.0,7.65424267182044e-06,2.4865023532840104e-06,1.3377373922760105e-05
0.065,0.058,0.0,5.053255156383685e-06,1.6159106187609772e-06,8.926122777285923e-06
0.065,0.202,0.0,3.364664951560297e-06,1.0890015365783362e-06,6.003781002135947e-06
0.065,0.002,0.0,2.2608997890660286e-06,7.021617217153488e-07,4.086777614107067e-06
0.067,0.0,0.0,1.517446039538759e-06,4.47792740019976e-07,2.7503284053494305e-06
0.069,0.0,0.0,1.0182135267997272e-06,2.944662552967955e-07,1.8651083344516309e-06
0.071,0.0,0.0,6.856570697851823e-07,1.9779084559033945e-07,1.2868283911338292e-06
0.072,0.004,0.0,4.611865776187337e-07,1.1800139973897214e-07,8.613581498146152e-07
0.072,0.275,0.0,3.1240562315501596e-07,8.097687311055182e-08,5.986784187093881e-07
0.072,0.265,0.0,2.1022445724632058e-07,5.3281420059600574e-08,4.0815031523010157e-07
0.072,0.0,0.0,1.4238651543001004e-07,3.307276259065068e-08,2.7388897919159655e-07
0.071,0.0,0.0,9.595972714947963e-08,2.3236268121429412e-08,1.8828646073553546e-07
0.069,0.001,0.0,6.54851137036423e-08,1.3873038371982076e-08,1.293517744398735e-07
0.067,0.0,0.0,4.403545598503848e-08,1.021271943884309e-08,8.857167389545717e-08
0.064,0.0,0.0,2.992573009170931e-08,5.480276552642377e-09,6.081430664309872e-08
0.062,0.0,0.0,2.0395464452082273e-08,4.211450560196457e-09,4.1818524027985796e-08
0.06,0.0,0.0,1.3784939855281345e-08,2.050004228299516e-09,2.9342295671130453e-08
0.058,0.0,0.0,9.485164395841563e-09,1.324377252662522e-09,1.9990609837360375e-08
0.057,0.001,0.0,6.3580038038423045e-09,0.0,1.3650933022923386e-08
0.054,0.189,0.0,4.462249306314441e-09,9.660358024358902e-11,9.550818961075234e-09
0.053,0.265,0.0,2.9648207841862666e-09,0.0,6.555804804423689e-09
0.052,0.033,0.0,2.1232649986632157e-09,0.0,4.695353653012613e-09
0.051,0.062,0.0,1.4314247646217399e-09,0.0,3.332243100305969e-09
0.051,0.004,0.0,1.039726975710864e-09,0.0,2.769026075886131e-09
0.051,0.0,0.0,7.343601090853487e-10,0.0,2.2539469604670094e-09
0.05,0.0,0.0,5.383079908051992e-10,0.0,1.7641048910656992e-09
0.049,0.001,0.0,3.961825785365949e-10,0.0,1.4328073287769928e-09
0.049,0.0,0.0,2.992997872208216e-10,0.0,1.0621081536876675e-09
0.048,0.007,0.0,2.1960568309972104e-10,0.0,8.729714440179366e-10
0.048,0.399,0.0,1.6831013616106193e-10,0.0,6.173980802427779e-10
0.048,0.058,0.0,1.1964519849971444e-10,0.0,4.758898523924037e-10
0.047,0.005,0.0,9.123093983402146e-11,0.0,3.577414666200237e-10
0.047,0.044,0.0,6.342067187942015e-11,0.0,2.589831622809685e-10
0.047,0.026,0.0,4.74850110567003e-11,0.0,1.873601040889398e-10
0.047,0.054,0.0,3.237322923750538e-11,0.0,1.3395457048580281e-10
0.047,0.094,0.0,2.4233847230455256e-11,0.0,9.693347495840273e-11
0.046,0.06,0.0,1.6509422888988775e-11,0.0,6.928568946379142e-11
0.046,0.005,0.0,1.235017318105211e-11,0.0,5.01499434723184e-11
0.046,0.002,0.0,8.412635805765893e-12,0.0,3.5836826979206585e-11
0.046,0.0,0.0,6.28247603470404e-12,0.0,2.594580301418036e-11
0.046,0.001,0.0,4.282270713868912e-12,0.0,1.8535980202711993e-11
0.045,0.001,0.0,3.1966216361401642e-12,0.0,1.3423438828677982e-11
0.045,0.006,0.0,2.1802940191226306e-12,0.0,9.587415826559666e-12
0.045,0.0,0.0,1.6268691471062977e-12,0.0,6.944811500735245e-12
0.044,0.044,0.0,1.1103335387071897e-12,0.0,4.958925357451563e-12
0.044,0.07,0.0,8.281584400565414e-13,0.0,3.5929993582633883e-12
0.044,0.061,0.0,5.693870288595519e-13,0.0,2.5699937559097363e-12
0.045,0.144,0.0,4.2051849219624775e-13,0.0,1.8588905504261352e-12
0.045,0.287,0.0,2.8897158995695425e-13,0.0,1.3266598504318853e-12
0.046,0.052,0.0,2.14194155897406e-13,0.0,9.617241075220113e-13
0.063,0.069,0.0,1.4704729298701776e-13,0.0,6.861919099536708e-13
0.065,0.188,0.0,1.0908932531922186e-13,0.0,4.97561981179115e-13
0.065,0.147,0.0,7.505818731961707e-14,0.0,3.5492092207404533e-13
0.068,0.472,0.0,5.558045408608646e-14,0.0,2.5742094308101063e-13
0.068,0.05,0.0,3.826534064837642e-14,0.0,1.8357672121680984e-13
0.066,0.137,0.0,2.8323974220800628e-14,0.0,1.3318047776768107e-13
0.07,0.208,0.0,1.9512011037300465e-14,0.0,9.495189064514253e-14
0.07,0.268,0.0,1.443700681438745e-14,0.0,6.890286222569976e-14
0.066,0.293,0.0,9.951444495777963e-15,0.0,4.9112226645056196e-14
0.068,0.827,0.0,7.360200366475071e-15,0.0,3.564790075633592e-14
0.066,0.247,0.0,5.0764087971200765e-15,0.0,2.5402451601550826e-14
0.065,0.004,0.0,3.753101228102246e-15,0.0,1.8442961520809237e-14
0.063,0.009,0.0,2.590073993175043e-15,0.0,1.3138979671617262e-14
0.061,0.013,0.0,1.914157948168626e-15,0.0,9.541735268624035e-15
0.06,0.084,0.0,1.3217570778061827e-15,0.0,6.7959104718956686e-15
0.06,0.066,0.0,9.764518387157029e-16,0.0,4.936556009940924e-15
0.06,0.0,0.0,6.746426592971104e-16,0.0,3.5150674030184968e-15
0.061,0.002,0.0,4.982051180000962e-16,0.0,2.5539993212909447e-15
0.058,0.845,0.0,3.4441134246915506e-16,0.0,1.8181079491404235e-15
0.06,0.377,0.0,2.5424276528686913e-16,0.0,1.32134884382136e-15
0.06,0.0,0.0,1.7585771028029027e-16,0.0,9.403849589478958e-16
0.061,0.0,0.0,1.29768973364394e-16,0.0,6.836191239516676e-16
0.061,0.001,0.0,8.980997070283035e-17,0.0,4.863978905304369e-16
0.06,0.135,0.0,6.624815510537449e-17,0.0,3.536803410426698e-16
0.058,0.168,0.0,4.5873907613664366e-17,0.0,2.5158091451343964e-16
0.06,0.049,0.0,3.38264321319848e-17,0.0,1.829816927056773e-16
0.056,0.268,0.0,2.343601913377056e-17,0.0,1.3012588622235376e-16
0.06,0.139,0.0,1.727495536135058e-17,0.0,9.466825322573757e-17
0.06,0.164,0.0,1.1975062388565737e-17,0.0,6.730536893782564e-17
0.058,0.065,0.0,8.823784351590359e-18,0.0,4.897800482426716e-17
0.05,0.036,0.0,6.119930369783433e-18,0.0,3.481254053599161e-17
0.05,0.105,0.0,4.507844669498372e-18,0.0,2.5339487005432973e-17
0.05,0.6,0.0,3.128159384557373e-18,0.0,1.80061858061877e-17
0.05,2.106,0.0,2.3033398446078466e-18,0.0,1.3109754230567498e-17
0.05,0.252,0.0,1.599204186883106e-18,0.0,9.313388864172392e-18
0.05,0.131,0.0,1.1771208529123502e-18,0.0,6.7825231460876105e-18
0.035,0.674,0.0,8.176935854052388e-19,0.0,4.817189664088409e-18
0.049,0.252,0.0,6.016681141771534e-19,0.0,3.5090376007832035e-18
0.047,0.209,0.0,4.181651943001627e-19,0.0,2.491608221621839e-18
0.045,0.211,0.0,3.0758476658290286e-19,0.0,1.815451963839928e-18
0.045,0.041,0.0,2.1388227647567324e-19,0.0,1.288741354271593e-18
0.045,0.066,0.0,1.5726914468900326e-19,0.0,9.392506521271425e-19
0.045,0.342,0.0,1.0941336176394577e-19,0.0,6.665792254893352e-19
0.045,1.333,0.0,8.04251931766189e-20,0.0,4.859350789488373e-19
0.046,1.086,0.0,5.598009263705118e-20,0.0,3.4477660120346093e-19
0.048,0.578,0.0,4.11348212396894e-20,0.0,2.5140563063354487e-19
0.048,2.216,0.0,2.8645974692787724e-20,0.0,1.7832974719168028e-19
0.048,1.478,0.0,2.1042390453893654e-20,0.0,1.300683862356122e-19
0.048,2.017,0.0,1.4660858573114753e-20,0.0,9.223798433465534e-20
0.047,1.134,0.0,1.0765830966298977e-20,0.0,6.729278563789964e-20
0.047,1.815,0.0,7.50447124396916e-21,0.0,4.7708505675902124e-20
0.046,1.417,0.0,5.508915848182078e-21,0.0,3.4814908988096545e-20
0.045,1.713,0.0,3.8418887310609e-21,0.0,2.467640127621311e-20
0.044,1.073,0.0,2.819355980323446e-21,0.0,1.8012003581420884e-20
0.045,1.323,0.0,1.9671277799260086e-21,0.0,1.2763442733279936e-20
0.045,0.547,0.0,1.4431052156125353e-21,0.0,9.31877418630068e-21
0.045,0.765,0.0,1.0073551041178487e-21,0.0,6.601670503722089e-21
0.045,2.555,0.0,7.387704389502238e-22,0.0,4.821204510705365e-21
0.046,3.724,0.40204184011956157,5.159338023324895e-22,0.0,3.4146001482892836e-21
0.046,5.743,2.2254164437218042,0.019773284859552768,0.019044210474471104,0.02091996883265948
0.046,2.101,0.0,0.1345473180551336,0.12996450656285446,0.14157613461008858
0.056,1.767,0.0,0.17416517677032334,0.16464387566217556,0.18171347495695211
0.056,6.83,3.4589356879795097,0.17508385167042861,0.165794641422638,0.18430785702311378
0.056,2.093,0.0,0.32788392319217435,0.3188699101380145,0.33629118682045595
0.056,1.024,0.0,0.372670689483757,0.35596983317756997,0.38528116651397715
0.056,0.45,0.0,0.3595964678220857,0.3418266255658407,0.37696117200338464
0.089,1.191,0.0,0.3206044559377742,0.2990906206264483,0.3367583296186524
0.085,5.586,2.246097137960894,0.2691262194589208,0.24674896689801154,0.28711661745107475
0.079,2.307,0.0,0.3281507011303203,0.30834192132668925,0.3429684388131694
0.055,2.3,0.0,0.32733495888448466,0.30356766563019916,0.34444900675019147
0.054,1.499,0.0,0.29729163220847127,0.26863171416952747,0.3132574663330344
0.053,0.35,0.0,0.2505989286953301,0.22608073944462015,0.26837609652330635
0.053,0.121,0.0,0.2042184548057595,0.17881366471669932,0.22127846896187925
0.053,0.189,0.0,0.16076501510859728,0.13527418384795356,0.17753542194428593
0.056,0.054,0.0,0.12336776611166281,0.1012200010560253,0.13855871081464843
0.051,0.153,0.0,0.09247274220370204,0.0728226791788213,0.10600526355890492
0.054,0.004,0.0,0.06751907839962763,0.05131205375667317,0.07897337893418846
0.056,0.121,0.0,0.04844252023326278,0.03499964533872947,0.058000963690175135
0.059,0.492,0.0,0.033921090101336815,0.022865231376177072,0.04166904746174951
0.058,0.233,0.0,0.023355790401939143,0.015012174251771435,0.029441485937888544
0.057,1.301,0.0,0.01579542953273912,0.009497010287438013,0.02040605558737314
0.057,2.399,0.0,0.01048535749029336,0.005947412734913107,0.013973956207994524
0.056,0.455,0.0,0.006863909431179623,0.003662279502263141,0.009450869278459123
0.056,0.981,0.0,0.004402032067345243,0.0022017906331529774,0.006188746680071854
0.053,1.769,0.0,0.0027806668802283032,0.0013114565688659206,0.0040424957277303995
0.046,2.847,0.0,0.0017465960524080462,0.0007909765593093159,0.0026035919942732828
0.048,3.665,0.3813262016164045,0.0010925745378299715,0.0004689180271600646,0.0016626112305899014
0.051,2.0,0.0,0.01942801509166129,0.01905954773460681,0.020154126164352523
0.052,0.461,0.0,0.024382393839554005,0.023396101065373202,0.025460989782342416
0.053,0.742,0.0,0.023535666246244764,0.022294695841500105,0.02471950068235745
0.052,2.702,0.0,0.02018205852162154,0.018606002561636865,0.021350951977521154
0.028,3.865,0.5085056081280119,0.016155972283458567,0.014431003576542567,0.01752690563079106
0.045,6.632,3.2448112121687043,0.037387010668215634,0.036369227501297,0.03808500747273323
0.073,5.818,2.1868413913246094,0.20183058648795707,0.19602977678849043,0.21090404268590948
0.089,3.107,0.0,0.36769547380067014,0.35442187238608763,0.38273456720692556
0.121,0.411,0.0,0.41551595345207354,0.3969430226707707,0.43210493781157666
0.241,1.685,0.0,0.4014503624025707,0.38213920274051794,0.41853024771728903
0.244,2.272,0.0,0.356893528645126,0.3359690269993035,0.3742981086870704
0.248,3.022,0.0,0.3007708871958199,0.2769364962500732,0.3198823306669976
0.268,0.536,0.0,0.2434106323986391,0.2170936989059809,0.26126719834674433
0.317,0.393,0.0,0.19165287948789886,0.16537292484498842,0.2087951612848456
0.33,0.296,0.0,0.14691557826505444,0.12221162208657868,0.16336543812942367
0.234,0.277,0.0,0.10980178869713914,0.08685642763829601,0.12469943991847365
0.209,0.11,0.0,0.08031979490556378,0.06267395635468118,0.09284645856034372
0.192,0.117,0.0,0.05773977944981792,0.04217939471585317,0.06837311802164775
0.177,0.244,0.0,0.04060487663276679,0.028185023153131154,0.04943289520013491
0.155,1.692,0.0,0.028006792041280405,0.018423275713284285,0.0350287682119255
0.124,0.431,0.0,0.01899057264476611,0.011775041114349757,0.024361940421422926
0.121,0.152,0.0,0.012620961079716775,0.007381163872059445,0.0167206188227186
0.113,0.339,0.0,0.008262870641989644,0.004544299364474228,0.011194111999842493
0.101,0.816,0.0,0.005290209903490995,0.0026942435849422962,0.0074288276131919805
0.085,1.127,0.0,0.0033578842651487855,0.001608783166672209,0.004862795928577103
0.081,1.065,0.0,0.00210525411213212,0.0009475811084359758,0.0031260144267376256
0.077,1.054,0.0,0.0013061137850983557,0.0005606136252124395,0.0019939527944578114
0.077,0.932,0.0,0.0008082688720641933,0.00034348196074475456,0.0012634328307658785
0.077,1.615,0.0,0.000498397611727548,0.0002070528255709687,0.0007979238035863144
0.073,6.012,2.340863074517434,0.0003094308648094709,0.00012783302202856972,0.0004975219112910404
0.073,8.229,5.155070732592609,0.11532240308483242,0.11118140642813538,0.12189161268878299
0.089,11.271,7.975202275268499,0.408554091044655,0.39512695747922644,0.42918156245426065
0.105,5.649,2.5222446158081024,0.9068929556593105,0.8748482522336013,0.9480892020627614
0.121,6.676,3.5759163524723627,1.2116841229796642,1.1722176524471033,1.259868714764207
0.113,11.851,8.693431385915833,1.443604115307719,1.3835685690497805,1.4954953609108665
0.483,8.639,5.415947993070972,1.879511434841881,1.808124383647151,1.9281594466723004
0.518,2.212,0.0,2.2266682558071467,2.1348883860833734,2.30644877520427
0.574,6.401,3.3073903909773663,2.2371476456926156,2.118288284137301,2.3336064868128306
0.559,2.838,0.0,2.23764462228736,2.123518971124811,2.3391740537446792
0.549,5.157,1.9147595452315116,2.0657622330299628,1.9186102555580107,2.1754510374905087
0.57,4.603,1.2072011616341611,1.9026402462615097,1.7322777793826283,2.0067541094596835
0.624,4.849,1.1900974127906356,1.7136380378089175,1.5395690618261264,1.8239440291891582
0.709,4.934,1.3355732274904493,1.5447125345268746,1.3854639187009776,1.6540595277217875
0.746,3.208,0.0,1.3941078075900992,1.2475242381887304,1.503921262520051
0.806,6.278,3.136164107566801,1.1992451226506722,1.0622703227570907,1.3038319927235318
0.859,5.258,1.9422268752496135,1.1499367594603664,1.0188020022126243,1.2437849164690327
0.893,4.794,1.5179044792756904,1.1256975633882467,1.009630457433386,1.2072945660326027
0.916,6.877,3.9997946555285537,1.0923262816398183,0.9780181039239721,1.172659564377786
0.983,4.318,0.9876977008202004,1.1792250419225538,1.0811976012587452,1.2529658364285592
1.015,2.563,0.0,1.1761883355650786,1.0761233252515765,1.2506360007661972
0.928,3.117,0.0,1.0760995012251515,0.9786770886780131,1.1495357706252893
0.87,5.136,1.6989620249322317,0.9340021753245108,0.8268992765387768,1.00411598517707
0.854,9.837,6.462513535242117,0.8628652079417714,0.7705339763343264,0.9293416512348674
0.928,8.536,5.308212804346499,1.0704579899542195,0.9932252388865722,1.1256782142070947
1.054,8.569,5.2040696547659735,1.3493921929262225,1.2866688144372198,1.4078143027281813
1.398,8.051,4.590557078739865,1.6420265881821177,1.580414782761621,1.7035361075858508
1.549,0.834,0.0,1.8886438968106998,1.7883187856514215,1.9591463970122356
1.407,1.427,0.0,1.8754941808620091,1.7761281584652677,1.9610146492678673
1.238,5.212,1.8870641631056655,1.7145610754258196,1.5880020874275897,1.8035266829670489
1.183,4.084,0.798693772892324,1.5897879293091308,1.4640045609414947,1.686165506543731
1.139,0.6,0.0,1.4320776703898213,1.308299020012857,1.523450966872239
1.103,0.931,0.0,1.2265334349862425,1.1007981504424016,1.318907776201704
1.021,0.785,0.0,1.0230513538144936,0.8989782885173672,1.1155812695769691
0.958,0.24,0.0,0.82624596642315,0.7105037456522996,0.914184461920325
0.881,1.272,0.0,0.653509844703616,0.5432358119564653,0.7312218207659837
0.827,0.897,0.0,0.5060713899383641,0.40999127918661515,0.5759942832554178
0.484,0.022,0.0,0.38451128554194175,0.29974304393393186,0.4452363369292733
0.476,0.028,0.0,0.2867177181788776,0.2139679421149146,0.33975449667672547
0.468,0.003,0.0,0.21010910522938683,0.15032665405154516,0.2536739206828678
0.484,0.629,0.0,0.15127670899963783,0.10481631057265194,0.18666783037223725
0.492,1.7,0.0,0.10677021155130952,0.06855556436847036,0.13463239919255915
0.504,4.186,1.5381060091201597,0.07445908864173319,0.0460167937871314,0.09675478626957235
0.512,1.792,0.0,0.12638272460740307,0.10957270856990826,0.1409841899457881
0.521,0.741,0.0,0.1380376295429119,0.12332271130812598,0.14989028339488075
0.525,0.206,0.0,0.12920996420988434,0.11579372996766903,0.14039600504910815
0.525,0.549,0.0,0.11108593625601736,0.09820579086873635,0.12144759678319589
0.538,2.902,0.0,0.090975388979439,0.07819719714928756,0.10063575347475373
0.593,3.893,0.6628090300628635,0.0715441289160458,0.059778969305916176,0.08016586262881761
0.829,3.947,0.666756033005623,0.08705302867492044,0.07846452301194522,0.09355824928356357
1.0,5.802,2.3420430269101202,0.11750571363436596,0.10998042962287702,0.12283385737952147
1.308,2.85,0.0,0.23492743192165783,0.22810201386826487,0.2401852220305305
1.158,3.709,0.43525999139548066,0.2688997231061107,0.2572897212808544,0.2804437574922312
0.899,4.73,1.4738295997602449,0.280930925980502,0.2693216030172537,0.29291725158402204
0.842,5.828,2.8175351675203255,0.3326293580917776,0.31960047303246314,0.34381174639145967
0.842,5.812,2.7504446672911658,0.46506588940726906,0.45120797205754976,0.4780875977197517
0.975,2.192,0.0,0.625080719633692,0.5962586161752238,0.642642641899154
1.266,2.146,0.0,0.6518661695329124,0.626642334886641,0.6775891201813455
1.139,1.198,0.0,0.6068687687743043,0.571378897630685,0.6363741583624283
0.929,1.343,0.0,0.5306328698605661,0.49375717036868755,0.5594523637185203
0.952,3.024,0.0,0.4441723541283562,0.40323736646163205,0.47646514205943713
0.693,4.406,1.4010426015819584,0.35821784418211794,0.3117585957986741,0.3888238893368369
0.704,4.528,1.234981037994487,0.3503928781648765,0.3135316652644878,0.3760414127262483
0.71,6.867,3.713049694859286,0.37432706121883275,0.3435692703300566,0.396263669924648
0.698,4.236,1.0617087461910595,0.5338901186146457,0.511234375933234,0.5516448379317593
0.226,3.523,0.12787354361972225,0.6186602348599818,0.5945522668790519,0.6444195948956195
0.676,4.718,1.4005460495099582,0.6138658785884041,0.5833789706832224,0.6420322654267818
0.693,2.176,0.0,0.624939067143913,0.5871006607014477,0.6525328604727424
0.71,3.377,0.0,0.5763050323899502,0.5354840434800329,0.608901401465492
0.739,1.397,0.0,0.49938393731504027,0.454146116062539,0.5297329451364476
0.776,4.325,1.030120849015134,0.41432773681797697,0.3646496901557734,0.4473193125222929
0.87,7.467,4.3365631983349555,0.3835277627551108,0.33769029527115796,0.41385943170158584
0.967,1.07,0.0,0.5451302376181082,0.5153837733874118,0.5662506805728826
1.067,0.41,0.0,0.5782510118555254,0.5464966880198598,0.6064742248731654
1.186,0.412,0.0,0.5429914578123923,0.5050150741976458,0.5749667640847452
1.158,2.741,0.0,0.4756855543121416,0.43168952967769686,0.5077923414173479
1.111,8.263,5.023355299941445,0.3990167723670822,0.3542523875555724,0.4294228892888049
1.024,8.186,5.03449155458372,0.5708653986395221,0.5409083853617469,0.5909601599040019
0.952,3.963,0.812292353909573,0.8523645568915658,0.8271149122897047,0.8754583643689801
0.892,0.896,0.0,0.9656156066259729,0.9223764556217061,1.0037180141353548
0.809,0.167,0.0,0.9440642887651743,0.8995428453640743,0.9884363381142811
0.783,0.76,0.0,0.8498635626285809,0.7904039678906783,0.8959472644363612
0.745,0.937,0.0,0.7306307605974023,0.6638605937826159,0.7779788909661269
0.676,0.256,0.0,0.6028575689948293,0.5359952300634763,0.652154841511325
0.598,0.399,0.0,0.482751916206412,0.4151012736061967,0.5291994887042455
0.492,0.987,0.0,0.37759635157948557,0.3159522287943305,0.42096346285321495
0.382,0.928,0.0,0.28977349383520556,0.2342234883638284,0.32922961753621527
0.355,0.668,0.0,0.21762882544410667,0.16973024592734248,0.2514700232028179
0.333,2.131,0.0,0.15991380250259266,0.11973406483981457,0.18853118324475174
0.319,0.579,0.0,0.11576277504127597,0.08174872908450392,0.14011782879177498
0.314,0.097,0.0,0.08191708528550741,0.05416548024794512,0.10158506026340876
0.307,0.266,0.0,0.057288157415212836,0.036239662274447935,0.0725051109958561
0.294,0.881,0.0,0.03905492521559666,0.023278844050133238,0.05110152539154633
0.292,0.527,0.0,0.026326356415013727,0.014559255886239969,0.03529291207977794
0.29,1.18,0.0,0.01733407390036367,0.00864961498299421,0.02394636249664958
0.28,2.444,0.0,0.011242469456659014,0.0053482878552118494,0.01604072112880775
0.273,1.535,0.0,0.007130661267277727,0.0031740724439916373,0.010498272001714545
0.268,0.885,0.0,0.004483779260432663,0.0018829343753141868,0.006812215296770659
0.283,2.828,0.0,0.002770393351512591,0.0010779388426716899,0.004313298413207353
0.303,6.166,3.021903208761838,0.0016856199506658964,0.0006192097053474709,0.002718051903627423
0.327,4.695,1.5470230317412437,0.14964791302579203,0.14480124192607538,0.15765227567726442
0.342,1.606,0.0,0.2781318619849897,0.26738300530526365,0.2908804801589192
0.342,0.723,0.0,0.3180271763615566,0.30160253211591537,0.32623999270474524
0.303,0.691,0.0,0.30248148408919456,0.2861088342346808,0.316314485278336
0.257,2.015,0.0,0.2674617321477756,0.24891303247294777,0.2821606951743448
0.252,0.591,0.0,0.2243887566288395,0.20544019531048713,0.23850359421262946
0.252,0.786,0.0,0.180715532302926,0.16024308536660886,0.19474199073935963
0.247,0.0,0.0,0.14152816438090285,0.12291312512865597,0.15464709737805327
0.247,0.034,0.0,0.10747349437694018,0.08955743992595877,0.12078902772814244
0.242,0.156,0.0,0.07953932327177099,0.06352533377197006,0.09074223971226592
0.237,0.114,0.0,0.057954180942045,0.044105132403181015,0.06776099940109623
0.231,0.131,0.0,0.04119159449605264,0.02984480587900824,0.04922982337854096
0.216,0.0,0.0,0.028769969701965162,0.01976939602208448,0.03518452076148561
0.21,0.014,0.0,0.019632074136474203,0.012748441246724902,0.024665296548448398
0.2,0.019,0.0,0.013192045285854498,0.008262500140423148,0.017143355201471852
0.195,0.027,0.0,0.008703456890950723,0.005083051511927735,0.0116266839128093
0.189,0.121,0.0,0.0056564036785363035,0.0030733744702443003,0.007717941062233981
0.178,0.026,0.0,0.003643224734989262,0.0018299189286175848,0.005069836232268216
0.168,0.0,0.0,0.0022799728609840704,0.0010929930238463353,0.0033214901161640453
0.157,0.081,0.0,0.0014252678427653432,0.0006444948865674657,0.002128106015270376
0.151,0.345,0.0,0.0008879536980018053,0.0003877680164324288,0.001355839518743026
0.146,0.117,0.0,0.000551343943172179,0.00022902620776407644,0.0008582952014206474
0.146,2.01,0.0,0.0003420046257838672,0.00014462818156028316,0.0005409697214969066
0.146,1.811,0.0,0.00021462298106311858,9.078556694775948e-05,0.00034086068251851606
0.14,0.369,0.0,0.0001356403878560839,5.49242351061834e-05,0.00021769806199993638
0.135,0.547,0.0,8.690338108270462e-05,3.6106107637681764e-05,0.0001391923621572214
0.135,0.177,0.0,5.6018051126947556e-05,2.2388664315131408e-05,9.050842363044747e-05
0.084,0.064,0.0,3.65692844941305e-05,1.4979665839387048e-05,5.9563719934621255e-05
0.078,0.119,0.0,2.4013414716588407e-05,9.308294391043244e-06,3.93571125203267e-05
0.072,0.1,0.0,1.5834576465391743e-05,6.159017546660106e-06,2.6149128114086146e-05
0.078,0.051,0.0,1.0482540436096445e-05,3.907901284924069e-06,1.737205855406158e-05
0.084,0.196,0.0,6.990011588021788e-06,2.5553391509590033e-06,1.175749756970887e-05
0.084,0.002,0.0,4.670847961204613e-06,1.7071342938016099e-06,7.923194730522638e-06
0.089,0.25,0.0,3.115999771982557e-06,1.0596082241663373e-06,5.361044890609918e-06
0.089,0.073,0.0,2.0862578815225133e-06,6.961749326659554e-07,3.5806837619117146e-06
0.084,0.0,0.0,1.4013277986429377e-06,4.53379767813802e-07,2.4772538397482015e-06
0.078,0.055,0.0,9.400024784562352e-07,2.865438505522561e-07,1.6672224746349421e-06
0.078,0.21,0.0,6.343395589744088e-07,1.9008588344183758e-07,1.1439175806382126e-06
0.072,0.158,0.0,4.2630205243402474e-07,1.252651797055209e-07,7.775011230110198e-07
0.072,0.219,0.0,2.882790616978358e-07,8.397381187937776e-08,5.253698297830533e-07
0.072,0.105,0.0,1.9465093761776762e-07,5.393430101758829e-08,3.61782619498432e-07
0.066,0.027,0.0,1.3154466062537715e-07,3.6254260407464205e-08,2.464101795836848e-07
0.066,0.035,0.0,8.88648942701302e-08,2.4400126095981625e-08,1.6911983393461864e-07
0.06,0.086,0.0,6.023229271276737e-08,1.4469444616018127e-08,1.1506611271717155e-07
0.06,0.086,0.0,4.080742647062485e-08,9.337446255506164e-09,7.975115881650854e-08
0.054,0.057,0.0,2.767305756079148e-08,6.1715611588687705e-09,5.512497264632145e-08
0.049,0.12,0.0,1.8799503181096008e-08,3.758983453110681e-09,3.776129644366542e-08
0.049,0.006,0.0,1.2798825744448722e-08,1.9599965162589235e-09,2.5952919441629606e-08
0.049,0.03,0.0,8.678013672788457e-09,9.693658653159712e-10,1.7787148806229246e-08
0.054,0.01,0.0,5.988857778001598e-09,2.393985748772395e-10,1.244522890876562e-08
0.049,0.017,0.0,4.035390814427877e-09,0.0,8.496079788432358e-09
0.049,0.004,0.0,2.8082695965361205e-09,0.0,6.030630422503516e-09
0.043,0.098,0.0,1.9279250465909935e-09,0.0,4.350319707830882e-09
0.043,0.024,0.0,1.3442697652374145e-09,0.0,3.2270332800201537e-09
0.049,0.007,0.0,9.714167142667798e-10,0.0,2.744966582044033e-09
0.049,0.001,0.0,6.785834318119492e-10,0.0,2.026605689983814e-09
0.049,0.007,0.0,5.101564511454435e-10,0.0,1.7666720826933034e-09
0.043,0.083,0.0,3.772414836400808e-10,0.0,1.321476160426581e-09
0.036,0.939,0.0,2.8144303286216705e-10,0.0,1.012221327643468e-09
0.036,0.492,0.0,2.1039046905342896e-10,0.0,8.20272863921947e-10
0.035,0.213,0.0,1.5643455059760702e-10,0.0,5.896953385165743e-10
0.035,0.202,0.0,1.1367659052004227e-10,0.0,4.444579943287176e-10
0.035,0.27,0.0,8.429741837558966e-11,0.0,3.2860711950145665e-10
0.033,0.108,0.0,5.915671160059565e-11,0.0,2.3435564152327256e-10
0.032,0.269,0.0,4.4144438396956207e-11,0.0,1.791211586662211e-10
0.03,0.231,0.0,3.02789560908064e-11,0.0,1.211871284254052e-10
0.027,0.231,0.0,2.259831901000933e-11,0.0,9.281640161070612e-11
0.025,0.291,0.0,1.539256807491703e-11,0.0,6.26668084648726e-11
0.023,0.503,0.0,1.1502375802710996e-11,0.0,4.8095291899747083e-11
0.021,0.237,0.0,7.828272984415283e-12,0.0,3.240549499992089e-11
0.021,0.017,0.0,5.853682976997918e-12,0.0,2.4921592381846508e-11
0.024,0.102,0.0,3.98265688197101e-12,0.0,1.6757133994864335e-11
0.026,0.144,0.0,2.9781539639254193e-12,0.0,1.2913604254184348e-11
0.026,0.415,0.0,2.0266519032546717e-12,0.0,8.665244576548934e-12
0.026,0.251,0.0,1.5155487052943857e-12,0.0,6.691433398487346e-12
0.028,0.087,0.0,1.03153302676613e-12,0.0,4.4808654997274956e-12
0.027,0.014,0.0,7.714289892959436e-13,0.0,3.4672954391902052e-12
0.028,0.164,0.0,5.251498252251227e-13,0.0,2.31709047041388e-12
0.03,0.086,0.0,3.9275691996557384e-13,0.0,1.7966460999338946e-12
0.03,0.035,0.0,2.6741013362826795e-13,0.0,1.1981855402431852e-12
0.028,0.038,0.0,3.5121838780548447e-13,0.0,9.325082138632789e-13
0.024,0.077,0.0,1.35895002919899e-13,0.0,6.19591080957343e-13
0.022,0.006,0.0,1.0209247788301231e-13,0.0,4.823984751857573e-13
0.022,0.031,0.0,6.922866760062468e-14,0.0,3.203953768535399e-13
0.022,0.24,0.0,5.201340889413227e-14,0.0,2.4996409054261583e-13
0.033,1.059,0.0,3.527432349148944e-14,0.0,1.6567894647310556e-13
0.03,0.592,0.0,2.6505310684158692e-14,0.0,1.295237237760824e-13
0.03,2.697,0.6246210568836088,1.7977123570473066e-14,0.0,8.567387451561208e-14
0.047,0.516,0.0,0.030720210820170492,0.029587504798914987,0.03250172429402545
0.047,0.067,0.0,0.03970524567482124,0.037770041535336855,0.04173117695241329
0.048,0.043,0.0,0.03898013669617363,0.03738376154494044,0.04081593237280879
0.047,0.001,0.0,0.03405188801220136,0.031880586061319854,0.03605114027394065
0.048,1.135,0.0,0.027732637056318517,0.024968272491053278,0.0296850218503272
0.047,0.013,0.0,0.021542971892824794,0.018750073479085066,0.02340697307062444
0.047,0.06,0.0,0.016126055966149657,0.013427242846535136,0.017958903932863663
0.047,0.0,0.0,0.01172963280398644,0.0093168725444056,0.013369424423320503
0.048,0.0,0.0,0.008283918224399233,0.006265092061254273,0.009631565778948041
0.047,0.019,0.0,0.005744331240879453,0.004128834017789285,0.006844453468304916
0.047,0.0,0.0,0.0038941775064044244,0.002648377798070092,0.004773002820125209
0.047,0.024,0.0,0.0025888982993041527,0.001650489388974835,0.003256720085303251
0.047,0.289,0.0,0.0017007951475600978,0.001044640025184334,0.0021909677651897673
0.047,0.618,0.0,0.0011032344835329453,0.0006341873697553866,0.0014670132762320657
0.046,0.447,0.0,0.000710038175490224,0.0003919305184471306,0.0009606964507165447
0.046,0.062,0.0,0.00045502122387495536,0.00024302141629230188,0.0006312473451220208
0.047,0.0,0.0,0.0002909773400979559,0.00015067998071225319,0.000412293994454216
0.047,0.001,0.0,0.0001860891865935312,9.46914387478389e-05,0.0002667843595989665
0.047,0.127,0.0,0.00011980863205700134,5.96563930431797e-05,0.00017425088470365545
0.048,0.002,0.0,7.755172954578722e-05,3.74127838691461e-05,0.00011427025797278384
0.046,0.008,0.0,5.033604865325719e-05,2.3949285229659255e-05,7.483313460100017e-05
0.046,0.0,0.0,3.300899181303653e-05,1.5246468497864499e-05,4.951642312748962e-05
0.047,0.002,0.0,2.173729415020994e-05,1.0186717300765738e-05,3.272937486178932e-05
0.047,0.0,0.0,1.4376680130114277e-05,6.400369282904309e-06,2.1972995950493703e-05
0.046,0.0,0.0,9.544860888058036e-06,4.081149617889603e-06,1.476914857676843e-05
0.045,0.012,0.0,6.3592702677369645e-06,2.664323796365234e-06,9.985848279221954e-06
0.045,0.022,0.0,4.228887251300061e-06,1.7414150173551403e-06,6.723813219080045e-06
0.045,0.008,0.0,2.8338630645531125e-06,1.1491626165617854e-06,4.543244776138658e-06
0.022,0.014,0.0,1.8996569062437095e-06,7.5232342623762e-07,3.0584887365847223e-06
0.021,0.129,0.0,1.2812515551982574e-06,5.07268934601599e-07,2.098123669716718e-06
0.021,0.192,0.0,8.523406366355018e-07,3.143330769762544e-07,1.4140625756512756e-06
0.054,0.498,0.0,5.773105488106578e-07,2.0855383688968878e-07,9.581723504041377e-07
0.051,0.008,0.0,3.886934997343889e-07,1.3541010278298634e-07,6.642581482483464e-07
0.047,0.045,0.0,2.6145007449009e-07,9.219258984308849e-08,4.486486143222888e-07
0.044,0.429,0.0,1.7644981738486148e-07,5.6800000401089694e-08,3.0887832723468283e-07
0.041,0.735,0.0,1.194296934296256e-07,3.914356150110146e-08,2.122206262145231e-07
0.041,0.002,0.0,8.079309407360208e-08,2.4625223772539257e-08,1.438935582218574e-07
0.041,0.024,0.0,5.46610062885968e-08,1.7458712766720657e-08,9.84624843941297e-08
0.038,0.23,0.0,3.697575756234188e-08,9.803094991846318e-09,6.757382175668082e-08
0.038,0.0,0.0,2.5128169021167015e-08,7.295383034748484e-09,4.6277553617203467e-08
0.038,0.111,0.0,1.7001957073338172e-08,3.6789814561859926e-09,3.218117072041726e-08
0.031,0.039,0.0,1.1595910678226363e-08,2.5001005396271893e-09,2.2184754482544854e-08
0.03,0.0,0.0,7.898543583086031e-09,1.3468635307977603e-09,1.515000929977209e-08
0.036,0.002,0.0,5.383021810872499e-09,0.0,1.0622611442893704e-08
0.036,0.0,0.0,3.6898976701672357e-09,0.0,7.341570533819215e-09
0.036,0.024,0.0,2.535886693539384e-09,0.0,5.217775272046389e-09
0.022,0.465,0.0,1.7389430823393187e-09,0.0,3.902484660081816e-09
0.038,0.472,0.0,1.254488923831027e-09,0.0,3.078488691173411e-09
0.041,0.8,0.0,8.624054616404415e-10,0.0,2.3200526518033874e-09
0.044,3.299,0.631992797378353,6.541651753226351e-10,0.0,2.0318946954527904e-09
0.051,6.119,3.7516207633112795,0.03108276913433038,0.029936695651288835,0.032885308043675524
0.054,19.337,16.76976086981318,0.22473589323414994,0.21687160389941681,0.2365341573348959
0.058,0.58,0.0,1.1198056899068543,1.0820213613491032,1.177346017230853
0.062,0.452,0.0,1.4855207095203125,1.4255739122793891,1.5453146898545556
0.062,0.801,0.0,1.559577430935278,1.489400973197621,1.6202311129287479
0.062,4.413,2.012681445147702,1.4716401260243386,1.387501083838539,1.5355445314833036
0.067,0.462,0.0,1.406767538217027,1.334933639133548,1.4692782173043333
0.067,0.043,0.0,1.2571348513651932,1.1612248426519896,1.3259616823072142
0.062,0.531,0.0,1.071647749873745,0.9724706748457462,1.1382189990312577
0.058,0.206,0.0,0.8843830885602474,0.7844586475694364,0.9536247894021119
0.058,0.006,0.0,0.7109730041930723,0.6143451387214595,0.7783211659966809
0.054,0.003,0.0,0.5582099255365354,0.46604410739048235,0.6214264198972429
0.053,0.382,0.0,0.4296086685885011,0.34608077377673263,0.48665004147401764
0.052,0.003,0.0,0.3244081281988706,0.2515584477022068,0.37499429624818004
0.051,0.0,0.0,0.24125472984740753,0.1816156349557894,0.2829604868675275
0.05,0.014,0.0,0.17525980263088042,0.12195044459653477,0.2111500053426892
0.05,0.028,0.0,0.12557145990085966,0.08519975430542014,0.15450485349342127
0.051,0.001,0.0,0.08816613260802078,0.05674724420311269,0.11125561181083685
0.052,0.186,0.0,0.060914126715743096,0.03683106712889399,0.07901251181162493
0.051,0.036,0.0,0.04159946276783467,0.02299707038898,0.05510442698205985
0.05,0.022,0.0,0.02795743441417053,0.014155731594643629,0.03783109786711555
0.05,0.007,0.0,0.01802645153153773,0.008650481450708288,0.02559026827721409
0.051,0.022,0.0,0.011560615889111513,0.005192318667187039,0.016900392706304106
0.05,0.245,0.0,0.007282232045070923,0.0030971343746500454,0.010901277037588386
0.048,0.231,0.0,0.004519261552185716,0.001873120584447569,0.007029528426950773
0.047,0.302,0.0,0.002755978353132264,0.001036244738113514,0.004483157705617689
0.046,0.307,0.0,0.0016671754062508955,0.0005783513576033284,0.002734161825670646
0.045,0.021,0.0,0.0009968805848106243,0.00034469966729374447,0.0016948116343288072
0.044,0.232,0.0,0.000596474179329303,0.00019352348892038014,0.0010406279723129712
0.043,0.004,0.0,0.0003593142233032639,0.0001193527990730501,0.0006318722860901031
0.044,0.006,0.0,0.00021953012397303717,7.856573365282545e-05,0.0003866268089820932
0.045,0.02,0.0,0.00013566102924299922,4.729009136632101e-05,0.0002383660304165284
0.043,0.007,0.0,8.521619115372853e-05,3.00906376853577e-05,0.00014935190612241068
0.046,0.02,0.0,5.477914596034917e-05,1.935549871255071e-05,9.539111570740342e-05
0.047,0.057,0.0,3.528296330416525e-05,1.1811751694042158e-05,6.098878555171449e-05
0.047,0.0,0.0,2.314542929924719e-05,7.822049980606309e-06,4.013098064211387e-05
0.047,0.034,0.0,1.5265487735747508e-05,5.000451766463416e-06,2.673731725109315e-05
0.021,0.178,0.0,1.0151820338376208e-05,3.2413606455251234e-06,1.7979362073479097e-05
0.021,0.086,0.0,6.731576049890759e-06,2.0697429745697483e-06,1.197424166692126e-05
0.021,0.861,0.0,4.5053033935411395e-06,1.4188844972540233e-06,8.064506103679122e-06
0.046,1.456,0.0,3.010843878347714e-06,9.323859313908923e-07,5.456297075768349e-06
0.047,0.491,0.0,2.021491104975865e-06,5.759419952178492e-07,3.7488264672092247e-06
0.039,0.918,0.0,1.3563591741280652e-06,3.7953655117400487e-07,2.5232371506856636e-06
0.058,0.0,0.0,9.125873144281888e-07,2.434813290985889e-07,1.7282353060681933e-06
0.042,0.024,0.0,6.141472171138263e-07,1.5829432155112794e-07,1.15835555635571e-06
0.042,0.0,0.0,4.137407661088729e-07,1.0648041058475333e-07,7.935275121201015e-07
0.044,0.106,0.0,2.7968201523886353e-07,6.870546803516096e-08,5.380493280579649e-07
0.044,0.606,0.0,1.8785039349410447e-07,4.725895181610042e-08,3.706893795699995e-07
0.042,0.831,0.0,1.2791886213116583e-07,2.9164319266473906e-08,2.5353251296135336e-07
0.042,0.118,0.0,8.62103764594902e-08,2.0075069014113225e-08,1.7320513859734793e-07
0.045,0.289,0.0,5.8584216849741586e-08,1.2182680878137586e-08,1.1812533508290766e-07
0.045,2.855,0.0,3.965102763602104e-08,8.19652795958862e-09,8.097348242591491e-08
0.042,4.958,1.9459371896429318,2.6793037225084066e-08,4.330612658064773e-09,5.489680122815254e-08
0.039,3.268,0.36266576157225927,0.09570540648636311,0.09217660756124471,0.10125550013036642
0.037,2.827,0.0,0.1459068154066019,0.14031450564896195,0.1519142900176682
0.037,1.818,0.0,0.15481350149286208,0.14769807472015858,0.16157360707972188
0.037,1.153,0.0,0.14348110860063246,0.13598583762582472,0.15063089076809572
0.075,1.456,0.0,0.12291322926864327,0.11447632530067531,0.13022693050025286
0.081,0.671,0.0,0.10008083457158569,0.09082386077908829,0.10707211100953619
0.084,2.184,0.0,0.07855961306923522,0.06871561283548515,0.0852334068997394
0.084,1.636,0.0,0.05963721284700449,0.049831071748194344,0.06605619029326955
0.042,2.541,0.0,0.04427022866802937,0.03563202710680631,0.050074694564340314
0.041,3.668,0.21675461914729688,0.03197467335970938,0.024750221347335538,0.03689601759136677
0.041,2.48,0.0,0.03323014238237298,0.027780642020375248,0.0370697487876676
0.041,5.528,1.9343643635020302,0.02979508618012606,0.025147718572955776,0.033126712238933854
0.042,5.079,1.7951825241590313,0.11976177668570341,0.11736634362978111,0.12210511181481942
0.044,3.546,0.11776131581956673,0.2376434594930894,0.23019636696390344,0.24577133817080768
0.047,4.211,0.5399082658385108,0.27758478918100726,0.26452597835156527,0.28749215177810117
0.045,2.123,0.0,0.29615642629833683,0.2848524062683316,0.30945449264698854
0.045,0.137,0.0,0.27819959000671507,0.262180805562043,0.29240140324692054
0.044,0.821,0.0,0.24135219055173196,0.22442207087066124,0.25587514681977086
0.042,0.064,0.0,0.1996732899249849,0.18011213922349154,0.21400508270781435
0.041,0.146,0.0,0.15919909606083651,0.13819537619260772,0.17390872205385877
0.04,0.004,0.0,0.12319557419241256,0.10282170117836834,0.13651386395291434
0.038,0.001,0.0,0.09301606221663261,0.07509287528859956,0.10496731381091101
0.037,0.687,0.0,0.06859455228687222,0.053512741343879386,0.07884261428711073
0.036,0.004,0.0,0.04949571726593502,0.03713002446483485,0.05837707700262131
0.035,0.0,0.0,0.03495144050387028,0.025381684985966213,0.04205447449690093
0.034,0.905,0.0,0.024189090786325557,0.01675972415137815,0.029879883101677048
0.033,1.102,0.0,0.016398580685840592,0.010383140208640859,0.020905420144267755
0.031,0.136,0.0,0.010983307120385206,0.006637231738121592,0.014360080520148704
0.029,0.036,0.0,0.007185080296193798,0.004039104193374113,0.009694720933170661
0.027,0.196,0.0,0.004649713001487857,0.0024822239618164043,0.006449525386020313
0.028,0.228,0.0,0.0029459573812317436,0.0014707359209634367,0.004224676036188458
0.029,0.34,0.0,0.0018597737918644383,0.0008833117297729745,0.0027183145501097905
0.03,5.116,1.5329090694167098,0.0011635841581721703,0.0005186308112447708,0.001752458793844195
0.031,6.829,3.4712029828673723,0.07611123905507236,0.07369689534778767,0.08010742550807853
0.032,3.827,0.36263192830115365,0.2715334325051966,0.26270063768191443,0.2849706774784459
0.033,7.643,4.391289986485546,0.3581759100182814,0.3420526159723697,0.3747194468004345
0.035,11.054,8.097163405187505,0.5835051645779145,0.566057330353631,0.6025328562988765
0.036,8.524,5.353110795230827,1.0437395275393644,1.0094301011710745,1.0753240356855545
0.036,3.838,0.3922037490039263,1.45912925237919,1.4051505817469332,1.5069746477111756
0.037,2.758,0.0,1.575551594021993,1.4950756501889217,1.6357504919475185
0.042,1.157,0.0,1.5139237804943206,1.4432104324083563,1.5770440283757021
0.045,3.138,0.0,1.358727897671398,1.274891766726991,1.4256857877124733
0.048,9.953,6.716285410510011,1.1636650732384064,1.0563658597445087,1.235771102897085
0.059,1.268,0.0,1.2934632982574485,1.2053356062584375,1.3541015466812312
0.079,3.738,0.18414060018952227,1.2575043393658796,1.1693127082487027,1.3235298417819064
0.098,2.789,0.0,1.1429024217452861,1.0477469328597278,1.212304481460588
0.125,1.503,0.0,0.9847051493632226,0.879421566047851,1.053957539610503
0.142,1.124,0.0,0.8209466004701117,0.7222433019550869,0.8897080174759855
0.15,1.237,0.0,0.6628720868105982,0.564670021696821,0.7318822904507306
0.166,2.009,0.0,0.5215626706962119,0.43302202868193124,0.5872111678261381
0.154,1.155,0.0,0.4036462722978016,0.3277968655452614,0.4603462330855392
0.15,3.303,0.0,0.30533287565959577,0.237570767129462,0.3535842509419677
0.154,0.725,0.0,0.22736706896252082,0.17116275703061856,0.269791601664642
0.116,1.801,0.0,0.1657277200043851,0.11508463988095355,0.20048686431401147
0.107,4.384,0.575626909315281,0.11907126009402216,0.08051009685724453,0.14725111339415942
0.116,10.336,6.521479334827218,0.11204041782331091,0.0835632922824059,0.13291143513076528
0.125,14.229,10.79714037239817,0.41785172261115655,0.4098188146330029,0.42326517030013483
0.198,6.969,3.3848277853377393,1.0594953000609746,1.0278868800583878,1.093971515632987
0.289,0.097,0.0,1.4685381512228879,1.408161883013356,1.5238576612057155
0.362,0.518,0.0,1.5696318315108433,1.503080650492785,1.6315193211172676
0.513,0.222,0.0,1.4960179802393436,1.4256911286969098,1.5713745693832621
0.414,1.013,0.0,1.3334236309000613,1.2509818382578217,1.4060749845164702
0.289,3.037,0.0,1.1339504880129139,1.0368238894177888,1.2118400702793226
0.223,1.903,0.0,0.9373246193887905,0.827481801389918,1.0110881938628196
0.188,3.172,0.0,0.7539358003621268,0.6517667396216158,0.8248567681382132
0.17,0.802,0.0,0.5934952582960812,0.4952629623056505,0.6589500108809192
0.15,0.065,0.0,0.4582628296603076,0.3672353126852574,0.5169368437201872
0.146,0.789,0.0,0.3453835462163131,0.268463386984302,0.40011625585612326
0.139,0.109,0.0,0.25676475086590644,0.18893389901697483,0.30181668910663184
0.128,0.28,0.0,0.18690036751506878,0.13367294412699324,0.22499547146937543
0.113,2.015,0.0,0.13397244986497828,0.09283605755517703,0.1652402317506379
0.093,3.276,0.0,0.09461405759978962,0.06190114859366437,0.11934428336795846
0.088,6.109,2.6779311709986113,0.06545574533629767,0.04055830760386161,0.08466924619370104
0.079,7.719,4.441937878667167,0.17622346446776424,0.16537504639903833,0.18591724372822652
0.072,7.614,4.841576447766798,0.4291932791202987,0.4169903900716205,0.43786080140692885
0.093,5.643,2.8309920025080673,0.7545043708185788,0.7261083696831406,0.7770788955808268
0.101,3.756,0.6126570540493761,0.9958482201219868,0.9561915462573931,1.0275505894538317
0.146,2.589,0.0,1.0666688399314972,1.0206017454399245,1.1133552769875208
0.27,2.547,0.0,1.0150862607149127,0.96577439676464,1.0636239878535136
0.347,0.714,0.0,0.8992549259494326,0.833871364385526,0.9459328786851573
0.491,0.86,0.0,0.7657935031880911,0.7009289424904073,0.8129737007328793
0.354,7.963,4.876643782540433,0.6264013953028676,0.5536455500340728,0.6783128357300436
0.328,8.449,5.420775192916295,0.7396230620132169,0.6807705229970736,0.7808446076182732
0.309,4.994,1.8730393641602636,1.0001888671695904,0.9577845234516081,1.0350580094520647
0.319,6.023,2.6837210337917092,1.1449725069510326,1.095531528064423,1.1889442666575023
0.396,1.16,0.0,1.2564658906127244,1.187709693728727,1.3051058737145051
0.546,2.098,0.0,1.2101356402580559,1.1384396100929068,1.265733196581389
0.494,0.003,0.0,1.0872677569988136,1.002072787094916,1.1536967794651083
0.411,0.081,0.0,0.9311316221246837,0.8435495573376633,0.9960347637278566
0.331,3.769,0.16230911450824337,0.7698922864019891,0.6787921211610106,0.8324808607399997
0.285,5.364,1.6778945357073796,0.62536755345479,0.531758556531217,0.6883934225838019
0.257,1.703,0.0,0.5794403108903755,0.5004991051585461,0.6321375930195154
0.254,2.018,0.0,0.5045930498583103,0.4363537123495911,0.5530157941558485
0.263,6.133,3.172278208428149,0.418364399164331,0.35431815288722895,0.46393467492521373
0.252,7.886,5.170681437493312,0.493182168937896,0.4451506738686569,0.527596621081939
0.252,4.946,2.0798142994254305,0.7407156213750609,0.7103840789946829,0.7672954212714489
0.282,7.773,4.704603288587501,0.9042585558998316,0.8578715419658373,0.9386704412097235
0.386,4.586,1.329025429515744,1.1455732110185346,1.1080856612564352,1.1834072335188182
0.515,7.415,4.30092589440461,1.2411706298791225,1.1850168151537823,1.2821614605837175
0.773,4.038,0.9491959096386124,1.3996831078898055,1.3250614599378356,1.447678657467412
0.842,7.545,4.617607702692392,1.4149625742755123,1.3402616303496464,1.4744779744656713
0.885,6.547,3.6598835042821207,1.5374790958670037,1.4595675193903348,1.6025276998891385
0.954,7.285,4.174224558113366,1.656963415636801,1.5733864376120634,1.7208098499546134
1.055,7.983,5.151519281281605,1.7899802346540072,1.7044004713712968,1.866576993045414
1.104,10.179,7.276479999450176,1.9745897480653876,1.8632389251016417,2.048292878722609
1.14,13.249,10.67539523095222,2.27364848151395,2.17147089080554,2.3619228580242337
1.356,17.275,14.691075685922703,2.7836281773622957,2.6709019962895795,2.8803115083305157
1.816,7.583,4.979573005904906,3.569218448348567,3.424564900133035,3.6809512696018265
2.011,5.519,2.618943977911117,3.983302407911625,3.8247492702876453,4.107455917015624
2.086,2.308,0.0,4.049739691758103,3.8635229885000415,4.206727336626501
2.118,2.273,0.0,3.7813210773226555,3.5368953870327027,3.9553315226593155
1.896,2.137,0.0,3.358982630385522,3.090566319206452,3.5497481675069786
1.908,1.051,0.0,2.8788328499320635,2.620629310339184,3.08379732388072
1.671,2.129,0.0,2.3993726412535574,2.1357918836811574,2.5882099491083133
1.412,1.708,0.0,1.9503160378673448,1.6810415612435965,2.1387769998265957
1.301,3.664,0.6024606032946926,1.5572074584445985,1.309168765075194,1.7344055877829494
1.232,2.974,0.0,1.2511916202976878,1.0195198873857827,1.41440346533003
1.24,4.02,0.5756936272252915,0.985438852101126,0.7873037623850699,1.1307096492684743
1.218,2.525,0.0,0.7904877965655543,0.6170904174551569,0.9136100697728549
1.075,0.541,0.0,0.6197965357077153,0.4784531089977348,0.7244381034147905
0.935,2.564,0.0,0.4770894536029538,0.3568597188564665,0.5636135618390088
0.81,3.585,0.2149425417191555,0.3603162687897456,0.2642284820390474,0.433557986743394
0.695,7.579,4.322703616319856,0.2781783007800677,0.19935136834330458,0.33781589249362315
0.711,4.677,1.7980640222751565,0.4222539937210863,0.3731140108787612,0.46236052433004055
0.863,2.406,0.0,0.5444973928837851,0.5040587779045917,0.5778855833652657
0.962,0.664,0.0,0.5581832664477905,0.5190902169888536,0.5892733052657811
0.905,0.547,0.0,0.5134603983078191,0.4701964922404367,0.5469676696760151
0.771,0.068,0.0,0.4450359417841776,0.3995336029978275,0.477925736650251
0.654,0.056,0.0,0.36862357102694954,0.3229384899582147,0.400704322490344
0.587,0.022,0.0,0.29582736072004623,0.2528173283568747,0.3268843049873553
0.51,2.127,0.0,0.23148085849195005,0.1930433911234179,0.25925780749806304
0.465,1.75,0.0,0.17578573525214045,0.14158417528693606,0.20064059181900903
0.445,1.069,0.0,0.13095498077624418,0.10068900049753662,0.15287779534648394
0.465,1.139,0.0,0.09619575013998263,0.06994777863571663,0.11429915636646763
0.477,5.026,1.6751666001141978,0.06847696640047762,0.047612751799516455,0.08335402286895738
0.425,2.542,0.0,0.1306011257468993,0.11940886309438124,0.13926405403661354
0.418,2.323,0.0,0.1461235151119045,0.13575836114213433,0.15510734719178282
0.494,1.663,0.0,0.1387268370617844,0.1272451174149835,0.1477993654613182
0.615,5.8,2.6236841437803844,0.12080126754604828,0.10896006042580425,0.1298875668912632
0.559,4.97,2.189822044806548,0.22838706859820712,0.2220036224621559,0.23387636875542636
0.679,7.73,4.831014750237253,0.36573374653537355,0.35473510069061454,0.37498966373674364
0.792,5.743,2.883445949939468,0.6378256543492851,0.6147757137340576,0.6552358510222112
1.011,4.435,1.4943822602120367,0.8615213748637672,0.8292722564840825,0.8925658622874939
1.087,6.688,3.917553846447177,0.977466466301664,0.9368139883473264,1.0138908971924028
1.173,10.329,7.430790357689647,1.1461253234665774,1.0928136892790794,1.185487497527024
1.147,11.102,8.315839884957041,1.506428711894484,1.4549731675827875,1.5576540442784763
1.433,7.598,5.036960240475628,1.9825492516974268,1.9226221670642551,2.038059415505698
1.534,4.747,2.0337558421818605,2.330857127733665,2.24147972302532,2.4062428700443865
1.518,8.309,5.443571416053343,2.438552254992318,2.3542876924494,2.5274933134775193
1.471,3.188,0.30766853238230407,2.5695306961944357,2.4295836693895176,2.670080655339063
1.448,0.878,0.0,2.4596432475821404,2.3193284339250684,2.5818783725201766
1.44,0.302,0.0,2.2073392157219276,2.0275208874563866,2.342619481427356
1.365,0.915,0.0,1.9057804208456186,1.7235171961887599,2.044874093280385
1.201,0.259,0.0,1.5901417666555133,1.3956916475616603,1.7194760085632013
1.03,0.549,0.0,1.2938075538193912,1.1174009357666654,1.4169548482542806
0.927,2.198,0.0,1.0291357293477603,0.8467465910723511,1.140182162138565
0.83,1.413,0.0,0.8045001408279571,0.6660317003193794,0.9089864049875526
0.765,1.586,0.0,0.6181758809283118,0.489193102632483,0.7111209537484925
0.749,2.236,0.0,0.4662421370029368,0.3596227747416915,0.5451377600184162
0.699,1.866,0.0,0.34590497639812656,0.25664587503134334,0.4125510863379535
0.65,0.527,0.0,0.25236592660747903,0.17939070877347638,0.3071570366780521
0.581,1.171,0.0,0.1808049790698532,0.12048468127744243,0.22560647150938978
0.59,3.017,0.2103940531660471,0.12763230741932582,0.08181020631744759,0.1628109620345227
0.563,3.844,1.1015586066794216,0.09880115650362975,0.06491152089554056,0.12611597592751453
0.542,2.489,0.0,0.1283519851832307,0.10538650212282323,0.1469981445990778
0.559,6.85,4.251500026255693,0.12955532124552435,0.1109676652390614,0.1447246360251802
0.567,3.33,0.7515262315910509,0.3253564486313595,0.317355718833762,0.33184416441055176
0.572,1.137,0.0,0.42786518351491426,0.4108913346315392,0.4436012145549599
0.704,3.949,1.073804960482688,0.44006666410522177,0.41857091584799727,0.46100672387283487
0.824,1.027,0.0,0.45820250152887704,0.4384061882986113,0.47390259629543446
0.729,0.637,0.0,0.4261449254472881,0.40070668473121207,0.44778644897218145
0.671,2.657,0.0,0.3699375906139951,0.3408282343984008,0.392904723194635
0.691,1.085,0.0,0.3067857147309992,0.27565356472875163,0.3297696360679846
0.71,3.298,0.08429264524595315,0.24568727802096374,0.21558434562906445,0.267836143466373
0.724,1.769,0.0,0.19611765354011576,0.1657034201733967,0.21734959438376347
0.734,1.029,0.0,0.15140718572075257,0.12373063925819638,0.17029267364435235
0.695,3.81,1.1257656657371244,0.11407196947892072,0.09055742250738036,0.13106412209587776
0.72,2.197,0.0,0.1395962428539854,0.12312696587550374,0.15199061167283
0.695,1.574,0.0,0.13706743886844439,0.12128666933413387,0.14849208328064237
0.72,2.973,0.2542531360406537,0.1220996575152768,0.107458103754179,0.13327921185402195
0.782,3.198,0.4080425963041754,0.11439531393512521,0.10129585410337011,0.12374221823389522
0.691,1.419,0.0,0.11862137176895501,0.10775573739272402,0.12710863936787561
0.662,3.404,0.3941015105538339,0.1082065739707794,0.0966341381874687,0.11736315713453457
0.647,1.562,0.0,0.11094524902031157,0.10148254626895632,0.11846921070920276
0.619,2.637,0.0,0.1005951189886526,0.0905392284500109,0.10811177610031408
0.527,3.453,0.7396675552490257,0.08468207912721229,0.07495738785560277,0.0921105967009162
0.551,1.191,0.0,0.1044271835963062,0.09622757610917208,0.11007443986131736
0.623,1.135,0.0,0.10264154748598371,0.09454573968595609,0.10902573637749922
0.72,1.343,0.0,0.09085475353402607,0.08179690233868042,0.09750718934643225
0.72,1.31,0.0,0.0752374111519764,0.06667810801397653,0.08173563878492658
0.667,0.99,0.0,0.0598258449089238,0.051133878070106734,0.06596763331313814
0.652,3.189,0.5740189655754344,0.045827994046572416,0.037806573325437964,0.051497824445078465
0.671,0.379,0.0,0.06228642807212236,0.057047289801554206,0.06631519013081993
0.652,0.148,0.0,0.06276224406776164,0.057382724675595596,0.06730749143565798
0.671,0.666,0.0,0.05580046436419097,0.050232554682299355,0.06008963235950693
0.681,1.498,0.0,0.04627374623012493,0.040696025203875295,0.050456934981948164
0.575,0.519,0.0,0.03653842060687586,0.031132070635897572,0.040585252853470685
0.513,0.946,0.0,0.027809210906081922,0.02290077231115728,0.031364698418035096
0.513,1.33,0.0,0.020554533956953818,0.015947385380911727,0.0236409120504486
0.498,4.202,1.8410531861789141,0.014781742217853258,0.01106417638835685,0.017369313922698405
0.46,2.656,0.32252029250480474,0.10083584607289965,0.09905933126401123,0.10378330002811796
0.499,0.261,0.0,0.14499570966593148,0.13796256662327103,0.15024824964594558
0.527,0.105,0.0,0.15128016551194146,0.14223126047623663,0.15871392700542028
0.566,0.059,0.0,0.13870507256686584,0.12936675846058382,0.14616709831356664
0.633,0.056,0.0,0.11855005702481719,0.10979124772786138,0.12540755040148482
0.542,0.034,0.0,0.0960518902284381,0.08600932172883273,0.10386647309582415
0.479,0.012,0.0,0.07513309542680358,0.06460021222632073,0.08282577324871997
0.436,0.359,0.0,0.05705695000241517,0.047578108623042105,0.06349212017100823
0.402,1.11,0.0,0.04207625881320621,0.03340380280376868,0.04798411058860143
0.383,0.384,0.0,0.030303336512749822,0.022857376881908947,0.03549784560327331
0.376,1.226,0.0,0.021251594471427982,0.014696326716386135,0.025583834590533976
0.354,0.276,0.0,0.014701548055248698,0.00963910576228403,0.018130602153871137
0.354,0.235,0.0,0.009997411912459495,0.006371383005833267,0.012629922720151204
0.349,0.253,0.0,0.006650880467284488,0.003913588761764903,0.008617524183345751
0.33,0.317,0.0,0.004370800008252669,0.002464339533415324,0.00584227289234106
0.306,0.038,0.0,0.002822402827863361,0.0015613949977929605,0.0038448372927819404
0.282,0.0,0.0,0.0018002384373489466,0.0009300698197563201,0.002543977960668805
0.263,0.008,0.0,0.0011396418872523907,0.0005665504636441222,0.0016397685892435116
0.253,0.158,0.0,0.0007188428123203126,0.0003431001363711404,0.0010565309373542168
0.248,0.0,0.0,0.00045226231973837574,0.00020869286078605546,0.0006709136566980592
0.234,0.0,0.0,0.00028457503670106034,0.0001291045262429687,0.0004344472935804821
0.224,0.0,0.0,0.00018037037057426144,7.949327802515562e-05,0.00027751494094891446
0.21,0.013,0.0,0.00011513676712082136,5.160988281408715e-05,0.00017776428808174757
0.205,0.073,0.0,7.420110102881745e-05,3.241705558968847e-05,0.00011561019109834272
0.181,0.045,0.0,4.810276996393388e-05,2.0470467351354226e-05,7.534686128944185e-05
0.191,0.232,0.0,3.1568412028984126e-05,1.3484382080960658e-05,4.9455803443062894e-05
0.176,0.082,0.0,2.0758523520988865e-05,8.43377393202944e-06,3.329283647053586e-05
0.172,0.117,0.0,1.373764332998361e-05,5.606362161614208e-06,2.215129790689835e-05
0.162,0.287,0.0,9.0853642327638e-06,3.61426985981923e-06,1.4802954131524514e-05
0.152,0.088,0.0,6.065047869724722e-06,2.3605038095737833e-06,9.999943419178404e-06
0.148,0.267,0.0,4.04520974790082e-06,1.5425066079405155e-06,6.732252945119474e-06
0.144,0.314,0.0,2.7132028375356134e-06,9.78678974246782e-07,4.535646618957938e-06
0.143,0.001,0.0,1.816996844699054e-06,6.461850468671865e-07,3.1031683300698534e-06
0.133,0.0,0.0,1.2195921377789297e-06,4.1622290478628274e-07,2.1052405875702947e-06
0.133,0.0,0.0,8.193779954979535e-07,2.78375352049991e-07,1.4236397012153142e-06
0.128,0.022,0.0,5.516853668784173e-07,1.7604768797373888e-07,9.725767329958796e-07
0.123,0.0,0.0,3.720036278946978e-07,1.1686461480998558e-07,6.602629327783978e-07
0.119,0.0,0.0,2.5024142042294463e-07,7.70563859447144e-08,4.532242320244631e-07
0.11,0.542,0.0,1.6955978746594288e-07,5.1650179389042124e-08,3.122726393117549e-07
0.109,0.284,0.0,1.1448003652051167e-07,3.372434282074484e-08,2.134643768231609e-07
0.104,0.297,0.0,7.75806600755352e-08,2.202786126226473e-08,1.4431157911131539e-07
0.104,0.08,0.0,5.241358981241103e-08,1.4727482830274051e-08,9.994077251474243e-08
0.104,0.106,0.0,3.548586669701664e-08,9.299242170706569e-09,6.788766045420657e-08
0.156,0.003,0.0,2.4157265802556737e-08,6.262179444065046e-09,4.649504712182255e-08
0.154,0.105,0.0,1.6356248922540238e-08,3.4011120317658236e-09,3.234427356474845e-08
0.108,0.068,0.0,1.1152926756906514e-08,1.9587573417019676e-09,2.2334703121903872e-08
0.099,0.114,0.0,7.545253088489744e-09,1.1233587740118566e-09,1.5334251237585616e-08
0.095,0.142,0.0,5.229861955742356e-09,0.0,1.0750397610991428e-08
0.09,0.017,0.0,3.5169834666459095e-09,0.0,7.384311488723781e-09
0.085,0.011,0.0,2.4785537122074387e-09,0.0,5.39702195266777e-09
0.08,0.0,0.0,1.6707085979717354e-09,0.0,3.692136672169169e-09
0.08,0.0,0.0,1.213931802361408e-09,0.0,3.120515593825256e-09
0.084,0.038,0.0,8.338034261315736e-10,0.0,2.2770515629849255e-09
0.08,0.002,0.0,6.274291042099996e-10,0.0,1.9366787767019804e-09
0.08,0.007,0.0,4.472717289515866e-10,0.0,1.5593445990361463e-09
0.071,0.3,0.0,3.4778428334018975e-10,0.0,1.2500986745677626e-09
0.061,0.033,0.0,2.497929956220156e-10,0.0,9.47840467843594e-10
0.061,0.002,0.0,1.8921951921042356e-10,0.0,6.96991250266418e-10
0.056,0.001,0.0,1.4148037785044358e-10,0.0,5.249646745925102e-10
0.067,0.001,0.0,1.0220205556390291e-10,0.0,3.937522992372697e-10
0.056,0.0,0.0,7.513349504322445e-11,0.0,2.8796225403442915e-10
0.056,0.068,0.0,5.3048129997095446e-11,0.0,2.054370278592512e-10
0.07,0.211,0.0,3.858980488500511e-11,0.0,1.505073605053012e-10
0.07,0.004,0.0,2.7140642977939047e-11,0.0,1.0666950913102126e-10
0.07,0.0,0.0,1.970636794841303e-11,0.0,7.789194236256317e-11
0.069,0.426,0.0,1.383355183686418e-11,0.0,5.5178147660422546e-11
0.069,0.026,0.0,1.0018708149879759e-11,0.0,4.031134865948556e-11
0.068,0.305,0.0,7.056612066991959e-12,0.0,2.854262669878745e-11
0.067,0.0,0.0,5.0959574211305765e-12,0.0,2.0862296939764618e-11
0.067,0.001,0.0,3.5886523685607097e-12,0.0,1.476456846448003e-11
0.066,0.047,0.0,2.5926592840094557e-12,0.0,1.0796846250148902e-11
0.065,0.047,0.0,1.8254478699614915e-12,0.0,7.637435904034398e-12
0.065,0.078,0.0,1.3193771647470252e-12,0.0,5.587682376898787e-12
0.064,0.389,0.0,9.28771537854907e-13,0.0,3.950703153242752e-12
0.064,0.026,0.0,6.715751941529759e-13,0.0,2.8917883632334253e-12
0.063,0.01,0.0,4.7265942446088e-13,0.0,2.04362505968436e-12
0.063,0.079,0.0,3.419171183719447e-13,0.0,1.4965846971709643e-12
0.063,0.057,0.0,2.405948190641091e-13,0.0,1.057129129326982e-12
0.068,0.0,0.0,1.7421207890478339e-13,0.0,7.745261666907888e-13
0.065,0.0,0.0,1.2225443191280708e-13,0.0,5.468331829209383e-13
0.063,0.0,0.0,8.886049474280253e-14,0.0,4.008398482465342e-13
0.063,0.0,0.0,6.225873483821127e-14,0.0,2.828613180688013e-13
0.063,0.008,0.0,4.527117612638046e-14,0.0,2.0744629536839063e-13
0.049,0.007,0.0,3.171249950417041e-14,0.0,1.4631589870345645e-13
0.047,0.028,0.0,2.3069009926867503e-14,0.0,1.0735949943918906e-13
0.062,0.005,0.0,1.615674245565412e-14,0.0,7.568494115704317e-14
0.062,0.0,0.0,1.1757873807178481e-14,0.0,5.556166765775038e-14
0.062,0.0,0.0,8.233205232840957e-15,0.0,3.914960963756287e-14
0.061,0.0,0.0,5.9940430587635695e-15,0.0,2.875478117078677e-14
0.061,0.003,0.0,4.196377746337011e-15,0.0,2.0250949678490475e-14
0.06,0.126,0.0,3.0563335047173167e-15,0.0,1.4881436700054083e-14
0.06,0.085,0.0,2.1392887545615124e-15,0.0,1.0475224828088361e-14
0.06,0.085,0.0,1.5587270496104433e-15,0.0,7.701576894197977e-15
0.061,0.003,0.0,1.0908176706503039e-15,0.0,5.4185278686847445e-15
0.06,0.01,0.0,7.951086936317602e-16,0.0,3.985790340952092e-15
0.06,0.016,0.0,5.563160483999028e-16,0.0,2.8028462153209473e-15
0.06,0.0,0.0,4.056660980524438e-16,0.0,2.0627625823419497e-15
0.06,0.0,0.0,2.837765099257419e-16,0.0,1.4498304885039222e-15
0.06,0.0,0.0,2.0701195180369874e-16,0.0,1.0675397116318016e-15
0.059,0.022,0.0,1.4478231326133559e-16,0.0,7.499549686062493e-16
0.058,0.034,0.0,1.056587221924898e-16,0.0,5.52482891483522e-16
0.057,0.505,0.0,7.388182156480926e-17,0.0,3.8792980241703975e-16
0.057,0.942,0.0,5.393830299015474e-17,0.0,2.8592598669909716e-16
0.057,2.533,0.3584823297524564,3.770869588318321e-17,0.0,2.0066475709160639e-16
0.05,0.041,0.0,0.017630934186360563,0.016980851886346814,0.01865337986526549
0.072,0.0,0.0,0.02236543977187984,0.021452002050030047,0.02349069790864893
0.1,0.0,0.0,0.021556010302901253,0.02054854352588722,0.022728136816036446
0.123,0.195,0.0,0.018515594355203013,0.01729904941740897,0.019594916555255974
0.14,0.196,0.0,0.014817005587980776,0.013041206351546675,0.016004998592951312
0.124,1.477,0.0,0.011297892606711409,0.00963713682070063,0.01238650768965583
0.058,2.23,0.06364583535108892,0.008350273337301666,0.006805631319017253,0.009345888927915647
0.059,0.316,0.0,0.009063510243997909,0.00795953441433075,0.009826591742489616
0.059,0.794,0.0,0.008124913253447321,0.0070571770297136035,0.008860680361107426
0.058,0.287,0.0,0.006615200129091567,0.005600907698958586,0.007319407070821623
0.058,0.0,0.0,0.005072847183182549,0.004123729357091159,0.005681350818200919
0.057,0.0,0.0,0.0037195238678035558,0.0029485371523279564,0.0042629159225890485
0.056,0.033,0.0,0.0026380908052781207,0.0019707161234389565,0.0030873488895204106
0.057,0.008,0.0,0.0018308860704054027,0.0012863064126028897,0.0022059638939509523
0.056,0.011,0.0,0.0012331031500936698,0.000831630184214977,0.0015219654601397133
0.056,0.053,0.0,0.0008222304040599399,0.0005288363932448343,0.001033365027242794
0.056,0.002,0.0,0.0005397748479142074,0.00033487141308331483,0.0007009363583652916
0.055,0.971,0.0,0.0003520204978947626,0.0002090002027325388,0.00046234704429981154
0.056,0.843,0.0,0.00022964860730229436,0.00013361217587427944,0.00030837834816875375
0.056,1.447,0.0,0.00014807391917217062,8.224213370147481e-05,0.00020252516981722685
0.063,0.364,0.0,9.667148639701126e-05,5.328945415746058e-05,0.000133759118265832
0.063,0.867,0.0,6.312766908961339e-05,3.3714600611499584e-05,8.824734406897245e-05
0.061,0.07,0.0,4.116895678678262e-05,2.131317420704426e-05,5.81239345837545e-05
0.063,0.03,0.0,2.742903029211941e-05,1.3813192260984e-05,3.908398782945808e-05
0.058,0.022,0.0,1.7826282275640096e-05,8.895367973301773e-06,2.5851119603621644e-05
0.056,0.002,0.0,1.1841809093831317e-05,5.709562453747086e-06,1.7395041677322877e-05
0.058,0.024,0.0,7.8539851193726e-06,3.7443974320919133e-06,1.1659973954300427e-05
0.049,0.036,0.0,5.243462614854987e-06,2.447683841613486e-06,7.866745496457125e-06
0.047,0.522,0.0,3.4972810307920656e-06,1.5738872896076238e-06,5.3358259191124575e-06
0.045,0.463,0.0,2.342679372564658e-06,1.0270729437446452e-06,3.6201579801167695e-06
0.045,1.415,0.0,1.568045713918243e-06,6.671680989720768e-07,2.4416889059352524e-06
0.041,0.151,0.0,1.0525725438702244e-06,4.418972636953745e-07,1.6732039340134918e-06
0.049,0.158,0.0,7.11023081796088e-07,2.849078841072257e-07,1.1341911303967442e-06
0.047,0.196,0.0,4.753538963324489e-07,1.8526902152673216e-07,7.604924534847411e-07
0.049,0.005,0.0,3.217015920758553e-07,1.241156382745668e-07,5.298858592716147e-07
0.047,0.489,0.0,2.158402203315587e-07,8.116671033237768e-08,3.581843872933692e-07
0.047,0.195,0.0,1.4650343922224427e-07,5.097499136043348e-08,2.4610991114250834e-07
0.047,0.781,0.0,9.838372921733309e-08,3.547220268951308e-08,1.6797478928346336e-07
0.048,0.457,0.0,6.693398355035267e-08,2.215271027426991e-08,1.159471313383748e-07
0.043,1.54,0.0,4.512971559509152e-08,1.497823671522832e-08,7.886689788204914e-08
0.047,0.919,0.0,3.066180955340925e-08,9.556483211690163e-09,5.46682567547581e-08
0.045,1.165,0.0,2.075120105416019e-08,5.8969338929543355e-09,3.7658401118961977e-08
0.045,0.643,0.0,1.4131720472094057e-08,4.1605897955518106e-09,2.5922694287234158e-08
0.045,1.53,0.0,9.552937811544794e-09,1.9939085034814635e-09,1.7528656280479374e-08
0.059,3.314,0.2659439249118871,6.556511430262621e-09,1.2066236456486818e-09,1.2225538130044495e-08
0.041,1.432,0.0,0.013079700115999881,0.01259743495380622,0.013838209875783342
0.045,0.418,0.0,0.016408149204350537,0.015666099893390118,0.017202477599706226
0.049,0.049,0.0,0.015664642310728644,0.014839205175829415,0.0164479737174742
0.045,0.839,0.0,0.013313717499071787,0.012197485128002289,0.014134108352982167
0.045,0.377,0.0,0.010567264983091003,0.009417889143719401,0.011389296678226721
0.045,0.944,0.0,0.007985239988508688,0.006809974549877013,0.008782799663321818
0.043,2.54,0.0,0.005823845081413593,0.0046998956554353145,0.006540567839706621
0.041,1.193,0.0,0.004117606942006731,0.0031482878596598525,0.004752016095436127
0.039,2.66,0.0,0.002844515295238299,0.0020709060904119843,0.003359570412037529
0.037,4.165,1.0728751537963372,0.0019236650802261833,0.0013240056860766305,0.002340680555662742
0.041,2.78,0.0,0.054048157308342906,0.052362923749472955,0.05676090008839902
0.045,10.141,7.047407816557142,0.07048982638286089,0.0676069344858123,0.07314252826550631
0.058,4.047,0.9390994180283774,0.4167521941012232,0.4037558382493898,0.4367755712203399
0.127,1.259,0.0,0.59482161672142,0.5649606662444532,0.6185586554507725
0.104,1.801,0.0,0.6338708278376417,0.6038526140557418,0.6647284714015586
0.082,0.648,0.0,0.596027790896233,0.5598255028296325,0.6284471997659411
0.104,0.156,0.0,0.5237371235072878,0.48958658430749696,0.5509441563996315
0.104,0.177,0.0,0.43924505498732846,0.4006570547290271,0.46637326528033696
0.096,1.25,0.0,0.35504854692535337,0.3145086850552593,0.3842908610746556
0.082,0.146,0.0,0.2798715339810686,0.24181188688300906,0.30657932525786813
0.078,2.426,0.0,0.21572438822325968,0.17888448416067892,0.24011236819948986
0.075,3.436,0.0,0.16189661074279107,0.12887940001233356,0.18352477019518273
0.069,3.735,0.0,0.11942031784411916,0.09134493566178539,0.1389275028330935
0.066,3.12,0.0,0.0860620742787145,0.06241454895667236,0.10202076626798298
0.069,4.426,1.0016161496389624,0.06100922001183281,0.0417147347901866,0.07426090965091067
0.069,4.971,1.5849757167489287,0.09166234815546263,0.08005223583298832,0.10056422210680875
0.104,0.269,0.0,0.17396361093523643,0.1680169615927302,0.17932300945918034
0.1,0.547,0.0,0.19585243282539763,0.185334661805324,0.2042463934976224
0.092,0.161,0.0,0.1869951488579159,0.1749612517284918,0.19692447982581648
0.089,3.267,0.0,0.16388180592713913,0.15069541979193937,0.17407311178508306
0.089,2.557,0.0,0.1362487659891381,0.12157951586402885,0.14566573563854904
0.096,1.848,0.0,0.10810665004380189,0.09426278900191949,0.1183528290100869
0.082,0.607,0.0,0.0830715411963129,0.06920654816351417,0.09253959973266644
0.078,5.888,2.060895709597715,0.06232692209150511,0.04987788210834557,0.07081697746951553
0.075,5.812,2.348783630532529,0.1470565632159101,0.1426744859895618,0.15129266047343515
0.075,1.595,0.0,0.2882722488640614,0.2804762105005404,0.29415065917036387
0.11,0.507,0.0,0.3291362615044796,0.31638313097099247,0.34163623967934675
0.119,0.555,0.0,0.31832224267052556,0.29846266085634393,0.33404622692429065
0.141,0.413,0.0,0.2830044812279782,0.2641686137682172,0.2973036414880294
0.165,0.077,0.0,0.2372852052397805,0.21643799816332632,0.25383399075203567
0.15,0.305,0.0,0.19167258374261809,0.16955655091050917,0.2070103187479154
0.143,4.913,1.059493411857372,0.15030511002096275,0.1287467073547472,0.16493120825041305
0.145,8.58,5.0813169206793685,0.16674889976607732,0.14966949119563405,0.17847013871530604
0.152,5.826,2.605212985864222,0.4076722144576531,0.39958022279391764,0.41309937487544485
0.15,12.195,8.968411595773402,0.6168630626015034,0.5951994847588433,0.6380515620713102
0.165,9.442,6.132379600349466,1.1106379124368941,1.0759086588189755,1.1405844522452204
0.278,2.693,0.0,1.5762040333143064,1.5173273996173802,1.62944350617383
0.527,6.392,3.0144226262393663,1.6963672922812465,1.6280001816129224,1.7728135616254324
0.845,6.448,3.2484996716403995,1.7749292342330925,1.6885126160287915,1.8470921202474044
0.829,3.662,0.490276768789339,1.8289195127797233,1.7361759057455874,1.898207757976132
0.829,1.374,0.0,1.7406767591405523,1.6363270974084172,1.824445296631654
0.895,0.328,0.0,1.5569159635034497,1.4227310799852202,1.6382016224710252
0.895,1.552,0.0,1.3254656368535234,1.2012542790035134,1.4165206844640685
0.708,3.288,0.0,1.0999923587113134,0.9740448543928428,1.192220453198397
0.493,2.248,0.0,0.8863303718923042,0.7674113656844548,0.9708309205268468
0.395,1.227,0.0,0.6994486718945093,0.5798524127980986,0.7791723128395684
0.363,1.186,0.0,0.5403890511386782,0.4374408228691961,0.6128483579624893
0.355,3.041,0.0,0.4107331965683838,0.3212612268559624,0.4737799667354637
0.342,0.475,0.0,0.30540547645985144,0.22448229239134387,0.3617681258086335
0.313,1.628,0.0,0.22422344264225416,0.16148650658844196,0.26956596048718745
0.317,1.216,0.0,0.16152514515355024,0.10690771322798658,0.19857491178551182
0.372,2.493,0.0,0.11435950729217839,0.07420432223490322,0.14453091090092052
0.35,1.505,0.0,0.07966232938274298,0.04861793805244634,0.10289874758488902
0.317,0.918,0.0,0.05449974589368023,0.031138974532740817,0.07233430226619518
0.297,2.278,0.0,0.03655505336307762,0.019570137381350484,0.04983958973398911
0.305,1.963,0.0,0.024003793693156313,0.0120057188404397,0.03379604562208307
0.301,1.922,0.0,0.015509662109422194,0.007011661246411125,0.022466276461032168
0.271,2.818,0.0,0.009856903758865056,0.004268520050099353,0.014767065149039034
0.247,7.501,3.675126070078536,0.006125650913025794,0.0024333610678099766,0.009552147378254027
0.24,4.303,0.9575086404893414,0.18449757309908865,0.17998073615821966,0.1928010839376875
0.267,1.484,0.0,0.29645466165329337,0.28613298885481836,0.308008589473526
0.355,1.206,0.0,0.3229910327279389,0.30765326487455125,0.3358090480890797
0.515,3.67,0.0,0.306228835776251,0.29322387189112503,0.3199208261724415
0.395,3.365,0.2538384334127022,0.2679898624762104,0.2502696178436827,0.28269371431913015
0.337,5.654,2.3646382235986083,0.23526156649521443,0.21738530548450727,0.250230927985356
0.329,7.234,3.9060196061120327,0.31353394292400716,0.2983161897062643,0.3259283975506951
0.381,13.045,10.03070768036293,0.5117006613876819,0.4967956482704139,0.5236530084292108
0.482,10.124,7.129464433697578,1.0617365023806924,1.0331439218243752,1.0888699357754816
0.645,4.151,0.8616661711109668,1.6041490338895856,1.538230558965947,1.654055114729003
1.156,7.64,4.447658798922678,1.8075956629026446,1.7276350814532635,1.8733008936626663
1.669,3.699,0.364970731303484,1.9922617645476484,1.9018240505744413,2.0589899420968023
1.565,14.614,11.607063041603551,1.949729277719534,1.852940409897358,2.02811352658928
1.553,5.269,2.23772867153109,2.3457544591190307,2.262372024613701,2.42589717482548
1.791,0.349,0.0,2.48044431550245,2.3270695810005293,2.5686269599715574
1.979,2.554,0.0,2.3686044320211286,2.2154078669505126,2.476379257817548
1.656,1.341,0.0,2.1291691823357,1.9659393480500775,2.246094937315968
1.261,1.249,0.0,1.8225152654540764,1.6402819055061344,1.952052543304973
0.956,2.039,0.0,1.5195053556888753,1.3268000098616795,1.6374774538460093
0.774,1.283,0.0,1.2299897163167937,1.0469016402498994,1.3515979754781986
0.619,2.39,0.0,0.9784302403820411,0.8034389244304877,1.0918335084268798
0.556,2.303,0.0,0.7607262923074898,0.6140549344483142,0.8640479157194036
0.532,1.44,0.0,0.5831558632528311,0.45229376159314133,0.6731753279283598
0.587,1.885,0.0,0.4384288982605366,0.3330527985478131,0.5149513723909562
0.562,2.068,0.0,0.32401388778015927,0.23041342520365976,0.3894249777778002
0.606,4.288,0.6779107155933839,0.23520139049165617,0.15859496463317377,0.2888781591671047
0.672,5.003,1.9379225715082593,0.20168177405730658,0.1428823225922238,0.24410520481145392
0.686,1.618,0.0,0.26052964177133253,0.2203153106375131,0.2903319254277649
0.777,4.648,1.126645043818863,0.2639461382223978,0.22776464448150582,0.2887720816455358
0.951,3.263,0.0,0.2959062468309584,0.2647491520449105,0.31741855237678224
1.017,3.668,0.3704231038325685,0.28350366879475974,0.25629956932846437,0.3057984262233263
0.93,3.432,0.34422298597562184,0.2670544189697346,0.239677857833265,0.28642208549327264
0.857,2.761,0.0,0.2506158256317391,0.225587705867797,0.2686619377996186
0.925,3.303,0.08850096613538794,0.21826296883379973,0.19447814292733345,0.23554818238348071
1.097,3.567,0.1722773547682519,0.18478602824218648,0.16077487771559948,0.20085358290874086
1.163,5.889,2.4437802143534615,0.15827051762068423,0.13654168406788347,0.17362127074833544
1.268,5.388,2.3634597679396396,0.2492189362839481,0.23663163735344447,0.2597430371083331
1.371,8.08,5.328618307546499,0.38589728720828503,0.37289774833664147,0.39619231895794554
1.458,0.439,0.0,0.6800883492213358,0.6584722031422704,0.6953241596556903
1.642,0.339,0.0,0.7710007702155335,0.7402478007720681,0.7991752694423646
1.62,0.092,0.0,0.752048890085224,0.7205052676131918,0.7811360924926053
1.325,1.266,0.0,0.6760100137673803,0.636343201990093,0.7111179784580263
1.086,2.969,0.0,0.5771454353103269,0.5295355430750208,0.6116210368720134
0.898,4.4,1.230675327332178,0.4735072825454943,0.4243369587432098,0.5077624834055017
0.832,5.979,2.685813856694287,0.4390527298854703,0.3899941797398955,0.4706449848122131
0.807,8.315,5.182770570282781,0.5123822725349062,0.47400911515267463,0.5396431647400882
0.739,8.433,5.51624406952978,0.7583359357255848,0.7310070459792954,0.7807628079031383
0.93,4.968,2.1227863741161417,1.0899980409184316,1.0444329917534623,1.1175994572358283
1.306,7.297,4.092133343182185,1.2784950206245618,1.2284515454354727,1.3193390492678179
1.563,8.152,5.273753025236255,1.4723426540101836,1.4165037040636204,1.5243774113684136
1.591,5.5,2.5072722192003947,1.716028797187889,1.6498283052794156,1.7708633359943644
1.761,3.24,0.3848467229810737,1.8296481542601537,1.751610252535616,1.894725176173444
1.815,5.337,2.2504176644010494,1.7681659534326664,1.6712910911539425,1.8439679239976587
1.799,3.287,0.052507424340646924,1.7009896693900461,1.5931143923494615,1.78388633657183
1.769,7.426,4.394540860112137,1.5345821018084618,1.4231412850883773,1.6200711548670301
1.731,5.883,2.743508996529273,1.5362409078559844,1.4238468880162074,1.616496998314896
1.753,3.624,0.3801418087041064,1.5507353257214895,1.4475050738894386,1.6305664340347445
1.708,1.674,0.0,1.445351709582959,1.3204143900289227,1.5368841602683574
1.701,4.819,2.0105037368974172,1.2757045302873862,1.1623086306111927,1.3640875460977533
1.5,6.648,3.572535372989118,1.1778043421770152,1.049797453033143,1.2654046010541538
1.57,1.637,0.0,1.2061644040330548,1.1063591380210531,1.2852917880807977
1.577,2.827,0.0,1.1218654903174106,1.0202998369611174,1.1977482702842237
1.563,2.751,0.0,0.983067807613949,0.8743361123036263,1.0592453694964494
1.479,6.026,3.195880219729362,0.8252829630216718,0.7270800839556765,0.8978615806090502
1.398,3.909,0.924972257483756,0.8307177383440775,0.7389634695604562,0.8926469228363404
1.332,6.101,3.134640639741029,0.8060250453461526,0.719543550728459,0.8665181494991793
1.332,6.692,3.654640343877316,0.8784220361120458,0.8142222121251059,0.9299369906963569
1.274,7.093,4.318024820544964,1.0208456110121473,0.9599120556947096,1.0695049933620786
1.391,7.988,5.165314587311149,1.2223726413396923,1.1664989609696574,1.2750820025541225
1.731,7.367,4.841987630164061,1.4802520445068406,1.4263425559907095,1.5326127606251427
1.956,5.697,2.9969943528373513,1.7333386700915099,1.6521658129778727,1.794534163338655
2.013,6.963,4.105013659403074,1.8802786943513816,1.8010049413084914,1.9610036657015713
1.845,9.483,6.276327237413218,2.0106393201490462,1.9146281195862622,2.0886266296282643
1.799,7.058,3.9493423670631516,2.232816400127638,2.1077594746314703,2.3073300988865473
1.838,8.422,5.422669494472968,2.3607369957041087,2.2449781912072413,2.4570990994341764
1.964,5.35,2.44185543576505,2.522736517908266,2.389241477584703,2.629251395754023
2.021,5.272,2.444986181017673,2.5364891054877985,2.3845205482345384,2.6553485176276617
2.112,4.532,1.4971874441902355,2.4728066642375106,2.318313379429297,2.5948484063176043
2.07,4.545,1.4411593810378753,2.314861833520871,2.146663487396158,2.4432319437097267
2.021,2.961,0.0,2.126514697786848,1.9393136225500347,2.256987923384726
1.822,0.409,0.0,1.8586223919422116,1.6779813438266635,1.9986230247705952
1.577,0.323,0.0,1.5691744754039114,1.3810803562043967,1.7089930973942793
1.371,0.158,0.0,1.2839406590460531,1.113563797395466,1.4072294571177566
1.193,4.802,1.3861717453643885,1.0271997665009562,0.8591545148325253,1.1430049357846876
1.063,4.397,1.36515496056664,0.8753040968763253,0.7380792507834225,0.980076787575449
0.968,4.002,0.8084106647160372,0.788088231123294,0.6702599387328882,0.8765913352043776
1.08,1.434,0.0,0.7133289275227703,0.6148171242097512,0.7888807756265476
1.199,4.921,1.6479165303587897,0.6120298674199803,0.5218580590242258,0.6807910143365148
1.051,2.108,0.0,0.5867322208743958,0.5112243976275931,0.6447107150275755
0.909,2.48,0.0,0.521738784874595,0.4546239825413672,0.5743375722983713
0.725,0.619,0.0,0.44104660267480444,0.3784801786612201,0.48881457522529137
0.556,0.495,0.0,0.35896035360752354,0.301391039792104,0.4011315047052598
0.415,4.12,0.930452390912142,0.2844792357780715,0.23468682370906718,0.3226371417851806
0.356,3.384,0.39888997224961775,0.2640994760511913,0.22183590039790935,0.29667514443025517
0.347,2.211,0.0,0.24869205973876132,0.2110454334563062,0.27528672843310287
0.385,4.505,1.4842080668729816,0.2172603644323389,0.18635330608429834,0.24148703220734744
0.454,1.017,0.0,0.2522859175181335,0.22806192003768952,0.2707463338969777
0.601,1.839,0.0,0.24592170029517307,0.2220030963563699,0.26304821731100686
0.749,1.4,0.0,0.21825948962633757,0.1943192248272905,0.23621816340320032
0.787,2.244,0.0,0.18269384857795032,0.15904282670474645,0.19940624772650475
0.782,2.858,0.0,0.14703883398925133,0.12479695649450827,0.16250877493058927
0.73,5.234,2.100462438505815,0.11453393839116802,0.09497924434760459,0.12868959364576305
0.744,7.967,4.916519795032713,0.19027780103037076,0.17888794888107748,0.19896317825401758
0.837,6.147,3.093584374503219,0.4497265000905486,0.4397512889348495,0.4577561194767523
1.051,4.334,1.5129062996430362,0.690266010972844,0.6697617303816953,0.7091770390656567
1.411,5.253,2.109641535242066,0.8273664822987239,0.796100194961282,0.8562818132259576
1.493,4.264,1.06524289165469,0.9313351480420786,0.8960621324468929,0.9654039548556301
1.358,6.558,3.60238906358369,0.9560744621733076,0.9101356718841251,0.9914455983474332
1.28,6.363,3.5537550355917404,1.0663794423455952,1.0226439850712774,1.1043099403800567
1.325,3.63,0.7266740113265211,1.2087133183163827,1.1565764022326883,1.2519604699219702
1.549,4.004,0.9011449935249098,1.2227532679274413,1.1561013478696882,1.2742319593540365
1.5,3.126,0.2881506206365203,1.1693313875565892,1.098468173793874,1.2241403837555234
1.205,16.589,13.715395708350538,1.0584083450959338,0.9739309795830113,1.1164477823603953
1.057,5.801,3.0363296253787944,1.5863028339673637,1.5198527072962795,1.6299698779631482
1.169,9.73,6.7901816257711864,1.8898438975771399,1.8026504699937196,1.959822533357163
1.521,4.041,1.2418455881571817,2.2343671792452904,2.131763268958802,2.3116043359537755
1.83,1.09,0.0,2.306177465622366,2.189964325688662,2.390616696631202
2.037,0.361,0.0,2.164221785443108,2.0327362606242603,2.261459929726528
1.908,0.431,0.0,1.9206239089069135,1.7792495017941776,2.0409634818944915
1.535,0.401,0.0,1.6378115300868326,1.485521026760679,1.7552014025418463
1.332,0.413,0.0,1.3548779704632026,1.2010021694649324,1.4707106938581693
1.074,0.513,0.0,1.0931511349760044,0.950623532534011,1.1976954889735978
0.941,0.625,0.0,0.8635921042099577,0.7269873770491643,0.9621215109830854
0.872,0.902,0.0,0.66866674745827,0.5347958869713931,0.7593554201110971
0.802,1.418,0.0,0.5104237248738484,0.404112420002529,0.5874144618936913
0.802,0.746,0.0,0.38127644309306313,0.289088492728379,0.4488122578780847
0.763,3.344,0.5395215205548278,0.2804230755936579,0.20299246678221589,0.3364665714810457
0.739,3.404,0.7496774972859082,0.22996827925579305,0.16946510684816607,0.27573525378723507
0.749,4.549,2.095095479680851,0.21888371609815666,0.1720834945131677,0.2543666195173117
0.758,3.855,0.9724089008614198,0.2942015284878729,0.26155449719483687,0.3192900872649213
0.832,5.271,2.6189926379671262,0.351365533425527,0.3248265963298765,0.37290751590559335
0.898,3.214,0.6011137783944855,0.4758504900320563,0.4534620501424161,0.4956331824607993
0.962,3.081,0.7098137709289634,0.5246966886931185,0.4965884263369762,0.5461698450936604
1.046,2.24,0.0,0.5383378616442153,0.5106534484228151,0.5638268500585839
0.995,1.385,0.0,0.49496863914758865,0.46132096582529647,0.5216932749128277
1.001,1.333,0.0,0.4282826489602611,0.3915238686054404,0.4546936061861138
1.046,1.765,0.0,0.3553832706275314,0.3163419349972041,0.3819796226198555
1.017,2.84,0.31166974041158957,0.28642507154338753,0.2482463777300373,0.3112808085770868
1.006,1.332,0.0,0.23739393005377576,0.20189758282289041,0.2617010360396458
0.93,0.758,0.0,0.19039635998836354,0.15710281567475934,0.2123682662072094
0.903,0.983,0.0,0.14820505055456545,0.1185722031367427,0.16740130618823237
0.877,3.486,0.8286767297252675,0.11258355665265724,0.08665512735234585,0.12973500182675432
0.877,4.101,1.3950433409251888,0.12412138176880563,0.10582335072434405,0.13763097461777377
0.898,0.563,0.0,0.1855050986441387,0.17399968071993155,0.19428259947904922
0.941,2.149,0.0,0.19665785496071975,0.1841133997882031,0.2075099752439883
0.903,2.772,0.3104711857398388,0.18191410632669403,0.16699311136121137,0.19399792151176318
0.857,2.216,0.0,0.17185877532559216,0.15773681309703996,0.18406425786761219
0.827,2.629,0.05599465646202573,0.14931561409887625,0.133987649386283,0.16063578649353363
0.817,0.188,0.0,0.12622187117072667,0.11101867360866456,0.13707383670410342
0.827,0.122,0.0,0.10128114209923741,0.08592310891328764,0.1114609029453364
0.777,0.157,0.0,0.07883144334491325,0.0656091705952156,0.08803495635015428
0.73,0.176,0.0,0.05964633075713728,0.04747810007884175,0.06827839703586297
0.909,1.048,0.0,0.04378104782930094,0.03375069933860919,0.05090191357303862
0.623,0.561,0.0,0.031595206898045215,0.023199377634836302,0.03764006080853049
0.58,0.265,0.0,0.022162211747409066,0.015517006515681754,0.026896350619669305
0.623,0.604,0.0,0.01526628822785589,0.010061522542202744,0.019121236914902837
0.657,0.6,0.0,0.010354962100170175,0.006437173915577193,0.013286059995709976
0.52,0.78,0.0,0.006886659443424793,0.00409602624421488,0.009122083759611049
0.52,0.708,0.0,0.004512542606901239,0.002578178990832469,0.006095521282664692
0.559,0.402,0.0,0.002905789762375779,0.0015754054657079982,0.004025364696778479
0.539,0.328,0.0,0.001851904738123217,0.0009246446604798545,0.002641184581776996
0.58,0.158,0.0,0.0011655790564613748,0.0005629281694009777,0.0017037094074819031
0.439,0.061,0.0,0.0007367574492621104,0.0003417041074038956,0.0010984082756094152
0.399,0.006,0.0,0.00046114450074708386,0.00020901486179334875,0.0006928344615785453
0.355,0.086,0.0,0.00029070867484230425,0.0001277684609485731,0.0004469011761681562
0.341,0.11,0.0,0.00018374318986640278,8.170693926691528e-05,0.00028625595356033255
0.322,0.0,0.0,0.0001172519579136927,5.1511402581901316e-05,0.00018311459798521967
0.309,0.249,0.0,7.531860777796977e-05,3.315253691097109e-05,0.0001180262264042779
0.285,0.065,0.0,4.881702717212642e-05,2.0341848632235716e-05,7.75196985853797e-05
0.263,0.053,0.0,3.204204962145919e-05,1.3041758780665354e-05,5.166368570859812e-05
0.257,0.055,0.0,2.1068674808470772e-05,8.454417772037483e-06,3.3809945557762894e-05
0.247,0.004,0.0,1.3935792918906105e-05,5.488917259756262e-06,2.263066535803113e-05
0.236,0.119,0.0,9.259805514864853e-06,3.6055084943425208e-06,1.5017734007928813e-05
0.222,0.0,0.0,6.1573309155054524e-06,2.3013114841971076e-06,1.020919448876852e-05
0.217,0.042,0.0,4.099062243063247e-06,1.5197196573277728e-06,6.836623865413218e-06
0.213,0.112,0.0,2.748150823923747e-06,9.657597340270263e-07,4.614662829547305e-06
0.199,0.0,0.0,1.8483247352494938e-06,6.58525609291663e-07,3.1609412065108975e-06
0.195,0.001,0.0,1.235964980312e-06,4.051723452883961e-07,2.14112193371856e-06
0.195,0.008,0.0,8.317527622986525e-07,2.748483492395854e-07,1.4580690059594257e-06
0.187,0.06,0.0,5.593020988161698e-07,1.7737656975060975e-07,9.916268989304675e-07
0.183,0.083,0.0,3.776926865122338e-07,1.1764714510923102e-07,6.863147307067811e-07
0.179,0.199,0.0,2.5460414276219265e-07,7.911633469799418e-08,4.596823182148237e-07
0.175,0.133,0.0,1.719197950575375e-07,4.941832788280669e-08,3.1592512118659663e-07
0.175,0.018,0.0,1.1630398336359371e-07,3.398651109310535e-08,2.1470414693512164e-07
0.167,0.034,0.0,7.869422551759162e-08,2.053068872432957e-08,1.4711301890301866e-07
0.167,0.238,0.0,5.3156172901144295e-08,1.3492514849758067e-08,1.0180983939074793e-07
0.16,0.032,0.0,3.606140762180795e-08,9.395108490828804e-09,7.014605444736803e-08
0.16,0.142,0.0,2.452167290026902e-08,5.483819296883391e-09,4.7533603933151214e-08
0.153,0.0,0.0,1.6634217101680705e-08,3.6971030898309304e-09,3.32212592988283e-08
0.153,0.034,0.0,1.1291856272033826e-08,2.0351899013844582e-09,2.253361892320176e-08
0.149,0.123,0.0,7.719723763292461e-09,1.0987962358795778e-09,1.5669597961092337e-08
0.153,0.042,0.0,5.264029917268199e-09,0.0,1.0668367120446845e-08
0.146,0.009,0.0,3.6022238632585513e-09,0.0,7.57994208923693e-09
0.146,0.02,0.0,2.4811620489171916e-09,0.0,5.278904466163612e-09
0.146,0.007,0.0,1.7343052375108782e-09,0.0,4.068527354615744e-09
0.14,0.012,0.0,1.210855419912219e-09,0.0,2.9114815793007226e-09
0.136,0.014,0.0,8.766921091031937e-10,0.0,2.592332522421689e-09
0.133,0.121,0.0,6.240096334927494e-10,0.0,1.8955570150915967e-09
0.078,0.0,0.0,4.61964256344064e-10,0.0,1.5902928169988558e-09
0.136,0.025,0.0,3.471232031227386e-10,0.0,1.1708084645221217e-09
0.136,0.0,0.0,2.538101402944572e-10,0.0,9.557598691714848e-10
0.133,0.0,0.0,1.9560408940326392e-10,0.0,6.995502199322669e-10
0.13,0.0,0.0,1.371277508758256e-10,0.0,5.255221128222483e-10
0.13,0.042,0.0,1.0662316281399482e-10,0.0,3.954042709319525e-10
0.127,0.006,0.0,7.27169179909242e-11,0.0,2.9164111090629115e-10
0.127,0.0,0.0,5.60878129530995e-11,0.0,2.099059508026402e-10
0.124,0.003,0.0,3.7253860097469567e-11,0.0,1.5084624963008824e-10
0.077,0.002,0.0,2.8888522497962667e-11,0.0,1.0907222907507094e-10
0.121,0.002,0.0,1.8989895275552006e-11,0.0,7.802257699510447e-11
0.119,0.078,0.0,1.4764269118539497e-11,0.0,5.704089023373435e-11
0.119,0.273,0.0,9.653139036912736e-12,0.0,4.035580955264593e-11
0.119,0.146,0.0,7.507897548802885e-12,0.0,2.952032192748095e-11
0.116,0.049,0.0,4.910876473612833e-12,0.0,2.0873334714103142e-11
0.11,0.0,0.0,3.8189660666602936e-12,0.0,1.527762633350615e-11
0.113,0.001,0.0,2.4982413537785005e-12,0.0,1.0796366297128482e-11
0.113,0.0,0.0,1.9430184552827246e-12,0.0,7.906616566202168e-12
0.113,0.053,0.0,1.2711952928229428e-12,0.0,5.584231117570954e-12
0.11,0.0,0.0,9.88803981049274e-13,0.0,4.09190434179109e-12
0.113,0.01,0.0,6.469802096871905e-13,0.0,2.888345608195525e-12
0.11,0.133,0.0,5.033199671619691e-13,0.0,2.117679667724734e-12
0.108,0.04,0.0,3.2935853700160983e-13,0.0,1.4939461096607806e-12
0.108,0.057,0.0,2.5625794037980535e-13,0.0,1.0959609024564116e-12
0.11,0.072,0.0,1.6770440320808227e-13,0.0,7.727174243095967e-13
0.103,0.0,0.0,1.3049933345499994e-13,0.0,5.671916853365972e-13
0.103,0.0,0.0,8.541144204630008e-14,0.0,3.996745358172449e-13
0.1,0.001,0.0,6.647152522591761e-14,0.0,2.9353821582602716e-13
0.098,0.0,0.0,4.350930630704776e-14,0.0,2.067246441940382e-13
0.095,0.0,0.0,3.3865540060024717e-14,0.0,1.5191457558323192e-13
0.093,0.067,0.0,2.2168753707295757e-14,0.0,1.069246967053053e-13
0.095,0.003,0.0,1.7257346763711387e-14,0.0,7.862021716731243e-14
0.091,0.02,0.0,1.1297749496507152e-14,0.0,5.5304924150116e-14
0.1,0.005,0.0,8.795942356409264e-15,0.0,4.0688252090639734e-14
0.087,0.006,0.0,5.758809400534305e-15,0.0,2.8605502095603195e-14
0.084,0.003,0.0,4.484166663179544e-15,0.0,2.1057355447202288e-14
0.084,0.0,0.0,2.936041280325121e-15,0.0,1.4795694286358064e-14
0.087,0.08,0.0,2.286498152031806e-15,0.0,1.0897794711159514e-14
0.084,0.001,0.0,1.4971968811126494e-15,0.0,7.652813389332456e-15
0.084,0.0,0.0,1.1661339495322025e-15,0.0,5.639926146804012e-15
0.082,0.001,0.0,7.636275999930745e-16,0.0,3.958283514555263e-15
0.084,0.008,0.0,5.948579324183604e-16,0.0,2.918826036385095e-15
0.087,0.509,0.0,3.8955513776508335e-16,0.0,2.0473527298626214e-15
0.087,0.361,0.0,3.0350376869071357e-16,0.0,1.5105774808234146e-15
0.084,0.006,0.0,1.9876484263234627e-16,0.0,1.0589572944043872e-15
0.082,0.001,0.0,1.5488156592837468e-16,0.0,7.817678399387108e-16
0.084,0.008,0.0,1.0143602845533955e-16,0.0,5.477270893147402e-16
0.082,0.004,0.0,7.905311799815082e-17,0.0,4.0458762515306965e-16
0.08,0.001,0.0,5.1775665148416646e-17,0.0,2.833022313517075e-16
0.075,0.0,0.0,4.0357173785120354e-17,0.0,2.0938587911659312e-16
0.074,0.024,0.0,2.643252741107415e-17,0.0,1.465331108608033e-16
0.074,0.186,0.0,2.0606479915929355e-17,0.0,1.0836329054260614e-16
0.074,0.136,0.0,1.3496776186448934e-17,0.0,7.579168183421499e-17
0.054,0.001,0.0,1.0523666433404842e-17,0.0,5.608115880127786e-17
0.054,0.005,0.0,6.892845932190954e-18,0.0,3.9201918271665606e-17
0.073,0.001,0.0,5.375383184306987e-18,0.0,2.9023632974006187e-17
0.073,0.08,0.0,3.520814219857751e-18,0.0,2.0276504745649113e-17
0.073,0.004,0.0,2.7461849527606953e-18,0.0,1.5020575341773904e-17
0.076,0.005,0.0,1.7987157039337374e-18,0.0,1.0487666493981367e-17
0.074,0.003,0.0,1.4032241963829935e-18,0.0,7.773585195381856e-18
0.071,0.01,0.0,9.19085065227598e-19,0.0,5.424561574296387e-18
0.071,0.063,0.0,7.17133840073365e-19,0.0,4.023056734927257e-18
0.074,0.012,0.0,4.697010886065043e-19,0.0,2.8057593454478273e-18
0.067,0.109,0.0,3.6656263822374487e-19,0.0,2.082049027058868e-18
0.069,0.006,0.0,2.400816844604114e-19,0.0,1.4512298179018528e-18
0.067,0.002,0.0,1.8740017130456321e-19,0.0,1.0775210087241535e-18
0.064,0.0,0.0,1.2273461035037141e-19,0.0,7.506231737506525e-19
0.065,0.0,0.0,9.582185310319329e-20,0.0,5.576485035551209e-19
0.06,0.042,0.0,6.27544595333371e-20,0.0,3.8824667333843414e-19
0.065,0.053,0.0,4.900393437724838e-20,0.0,2.885993414572948e-19
0.062,0.068,0.0,3.209154724597274e-20,0.0,2.0081378333440317e-19
0.064,0.166,0.0,2.506502588439425e-20,0.0,1.4935856432941385e-19
0.06,0.55,0.0,1.6413615162692285e-20,0.0,1.0386740789286505e-19
0.059,0.384,0.0,1.2822574323410478e-20,0.0,7.729740693930656e-20
0.059,0.072,0.0,8.39623127805948e-21,0.0,5.37235952868813e-20
0.059,0.553,0.0,6.560715464717384e-21,0.0,4.0003659291314824e-20
0.059,0.24,0.0,4.2956624004360775e-21,0.0,2.7787587555160056e-20
0.059,0.2,0.0,3.3573386963365774e-21,0.0,2.070305874539583e-20
0.059,1.157,0.0,2.1980651495039734e-21,0.0,1.4372642376593936e-20
0.058,0.177,0.0,1.718328380485942e-21,0.0,1.071443585456971e-20
0.058,0.077,0.0,1.124902106193962e-21,0.0,7.433997230028434e-21
0.059,0.025,0.0,8.795961431242674e-22,0.0,5.5450326010293124e-21
0.057,0.122,0.0,5.757736035416805e-22,0.0,3.845104704877802e-21
0.058,0.149,0.0,4.503246517528928e-22,0.0,2.8697158641393804e-21
0.057,0.143,0.0,2.9474791367662964e-22,0.0,1.9888129812332708e-21
0.057,0.044,0.0,2.3058576794783126e-22,0.0,1.48516153711123e-21
0.057,0.413,0.0,1.5090750204353272e-22,0.0,1.028678639064171e-21
0.057,0.0,0.0,1.180871873924529e-22,0.0,7.686143492206613e-22
0.057,0.283,0.0,7.727360472158978e-23,0.0,5.320659874002556e-22
0.058,1.021,0.0,6.048333183378931e-23,0.0,3.977803108139659e-22
0.057,1.626,0.0,3.957408935200032e-23,0.0,2.7520180184278952e-22
0.057,1.968,0.0,3.0983497545780704e-23,0.0,2.0586289578800433e-22
0.057,0.788,0.0,2.0269791656741928e-23,0.0,1.4234330617171418e-22
0.057,0.312,0.0,1.5873991770523132e-23,0.0,1.0654004411743304e-22
0.057,0.308,0.0,1.0383539805137094e-23,0.0,7.362457905087442e-23
0.057,1.015,0.0,8.133959731986738e-24,0.0,5.513757570225853e-23
0.056,0.013,0.0,5.3198401420980976e-24,0.0,3.808102247277254e-23
0.057,0.056,0.0,4.168475342018712e-24,0.0,2.853530125291648e-23
0.058,0.11,0.0,2.7258876993185504e-24,0.0,1.9696741108317048e-23
0.055,0.459,0.0,2.1365399258039787e-24,0.0,1.4767849460952412e-23
0.055,1.938,0.0,1.3969240805289882e-24,0.0,1.0187793949585337e-23
0.055,1.058,0.0,1.095223020769963e-24,0.0,7.642792195295879e-24
0.053,0.802,0.0,7.159659471386991e-25,0.0,5.269457774913194e-24
0.055,0.021,0.0,5.615017551380415e-25,0.0,3.95536755004331e-24
0.055,0.001,0.0,3.6699987362452595e-25,0.0,2.7255346331963888e-24
0.055,0.116,0.0,2.8790944746717676e-25,0.0,2.0470179034716186e-24
0.055,0.003,0.0,1.8814501965095725e-25,0.0,1.4097349964837425e-24
0.044,0.006,0.0,1.4764413805793566e-25,0.0,1.0593913825229015e-24
0.054,0.061,0.0,9.64655166902735e-26,0.0,7.291607071811027e-25
0.055,0.006,0.0,7.572360097862634e-26,0.0,5.48265894248112e-25
0.054,0.052,0.0,4.946560483549194e-26,0.0,3.7714558998472108e-25
0.053,0.12,0.0,3.884188853159201e-26,0.0,2.837435680159251e-25
0.054,0.114,0.0,2.5367970873106818e-26,0.0,1.950719432135103e-25
0.054,0.15,0.0,1.9926119475357428e-26,0.0,1.4684556022331292e-25
0.053,5.95,2.128208424360814,1.3011238680311187e-26,0.0,1.0089754207637046e-25
0.053,1.489,0.0,0.10466988063449276,0.10081052547918096,0.11073985208552259
0.053,4.966,1.621075757471111,0.14066680376700233,0.13419353196213507,0.14868564858372268
0.053,1.542,0.0,0.22291683839282175,0.2153769405660982,0.2309775900212596
0.062,0.169,0.0,0.241059600721866,0.228578973630218,0.2526134223032212
0.054,0.933,0.0,0.22635526672974549,0.2139647508411362,0.23618911125680173
0.055,1.613,0.0,0.1966648262037137,0.1838988115537798,0.2077411511769082
0.055,0.219,0.0,0.1622808611538897,0.1472455627928803,0.17344780036377036
0.054,0.861,0.0,0.12941971702105132,0.11392259523382946,0.14000062878472266
0.054,2.921,0.0,0.09949183756325641,0.08465450797847111,0.1095414303991014
0.054,1.466,0.0,0.074795334918621,0.06116552986783275,0.08402616551318508
0.053,1.768,0.0,0.054847506551720784,0.04309989161545144,0.06304998129437077
0.053,1.651,0.0,0.039424326559211825,0.02973226370081137,0.0464504970163578
0.053,1.105,0.0,0.02766155260339097,0.019609753651832262,0.033335965125444164
0.052,0.792,0.0,0.019079976077063524,0.012828015936782332,0.02366176253412085
0.052,0.001,0.0,0.012865720113924563,0.00810930655635506,0.01640282308821067
0.052,0.239,0.0,0.008547223405749333,0.005154575217053227,0.011233536312394026
0.052,2.567,0.0,0.005606489947211417,0.003123420522722769,0.007549877354854689
0.052,6.937,3.6556607072339213,0.003585046354234822,0.0018488553721714646,0.004963841922509089
0.051,0.876,0.0,0.1820793794711973,0.17632659305266254,0.19148549340035506
0.07,3.819,0.0,0.24655468943120734,0.2367459517152704,0.25673284513890643
0.08,5.589,2.118922722073168,0.2545147410038616,0.2436958839740681,0.2650987745143061
0.08,2.285,0.0,0.3373996057301316,0.32671636598272713,0.34614839041842904
0.08,1.992,0.0,0.34685956095662346,0.33248231679152923,0.35976098385520827
0.065,0.754,0.0,0.31940783704077935,0.3021509392604222,0.33645296984810497
0.075,0.595,0.0,0.2747096691104762,0.25253424659869395,0.29001792990684855
0.096,2.458,0.0,0.22592884859822557,0.20287631974135176,0.2436190798138619
0.101,2.11,0.0,0.17898650546303393,0.15463149857636602,0.19535064501113247
0.116,2.155,0.0,0.13812147541386255,0.11445627074638628,0.15390721256801973
0.111,4.096,0.44744003216737216,0.10396854235130218,0.08309688278493908,0.11783649945207354
0.111,1.788,0.0,0.09870866149588406,0.08173371124704429,0.11031923571497128
0.111,3.135,0.0,0.08560613930616175,0.0715419603659886,0.09554276325751818
0.131,4.275,0.47996305895195945,0.07005403889804188,0.05763593511722728,0.07880172695198866
0.141,4.605,0.8365164233545017,0.07905744020859973,0.06910396314588962,0.08567517241238934
0.136,2.345,0.0,0.11496170195492751,0.10876987993818911,0.11980618357582414
0.141,1.632,0.0,0.11986277274405018,0.11273677465266106,0.12598875377727606
0.111,0.181,0.0,0.10972309204362977,0.10148540044962769,0.11633361471735126
0.121,1.549,0.0,0.09314165557567236,0.08366699306877677,0.09998419263656184
0.16,4.288,0.692297222881586,0.07508954419504758,0.06504610784697175,0.08227834089572973
0.151,3.203,0.0,0.09262053656256128,0.08532261239365824,0.09836238899438773
0.146,1.886,0.0,0.09073325403502787,0.08302887587940676,0.09622703291967608
0.136,6.635,2.975154674857808,0.0800163115355873,0.07187360881414363,0.08587771617895211
0.121,1.225,0.0,0.21241429777751755,0.20835769716052488,0.21557480406358653
0.126,1.22,0.0,0.25554843078792805,0.24585738553145692,0.2645213009029893
0.146,0.183,0.0,0.2517710153645197,0.23981829201083252,0.26288329330287047
0.146,0.684,0.0,0.2249840144649811,0.21239272367932,0.23671615391838546
0.165,0.496,0.0,0.18953996026122438,0.17334647757630234,0.20168020317673438
0.136,0.277,0.0,0.15333579852017545,0.13517878286602103,0.16648080217548916
0.106,1.165,0.0,0.11996182181908492,0.10266826499383659,0.13175762726099632
0.091,1.669,0.0,0.09112186852512377,0.07491040971232885,0.10203482076655741
0.08,1.469,0.0,0.06765564378953882,0.0535635455035487,0.07737382224639457
0.07,0.834,0.0,0.04928115348364669,0.03720150948284109,0.05748523914171717
0.033,3.507,0.0,0.034909568294802296,0.025279615865276384,0.04180856963806926
0.054,0.977,0.0,0.024269533686459028,0.01674220857952852,0.029722319258708142
0.07,0.539,0.0,0.016551198244769638,0.010760779465255063,0.02082741841106172
0.065,0.816,0.0,0.011080598256492814,0.006790691825216584,0.014355397031242535
0.08,2.451,0.0,0.007315791657805227,0.004131675697650285,0.009781683974467008
0.07,2.275,0.0,0.004753842158396985,0.0025464866539847246,0.0065062457346436635
0.07,3.479,0.0,0.003035680010257105,0.001523868579237242,0.004267285821004597
0.049,10.577,7.166479280144164,0.0019142357268075018,0.0009210518423506966,0.0027851830269976573
0.043,7.887,4.425861903525226,0.3536636992042634,0.34111051707726525,0.37351139784709714
0.07,10.359,7.228441900038753,0.7071121157006769,0.6791552126051067,0.7404374725022136
0.146,4.003,0.4659070735297113,1.1799039671271432,1.1428891480516692,1.2228345673537804
0.253,6.128,2.2913470344099425,1.3560221361203297,1.3074900624632935,1.402163287890373
0.395,8.905,5.544098209260752,1.4456902763793051,1.3830563007216576,1.497098339989639
0.47,3.213,0.0,1.6488688183758773,1.5751939989362287,1.6993236822137159
0.47,4.692,1.2664500840503394,1.628331004826808,1.5506318229121356,1.6986405577334496
0.513,5.28,2.1142774093665637,1.543660061861668,1.4477178078273012,1.6191303020760306
0.588,2.423,0.0,1.4821986779936673,1.3796374168561925,1.55497036075963
0.463,0.298,0.0,1.3244670091428465,1.213912042294091,1.402316519227645
0.624,0.298,0.0,1.1366988575561192,1.0225046144592422,1.2184993279968086
0.568,0.609,0.0,0.9399659861702655,0.8254432862142995,1.023988076292063
0.448,3.697,0.1909678076337391,0.7559397803761886,0.645099002134359,0.835246264740292
0.367,1.614,0.0,0.604791272727089,0.49668186700461486,0.6781138730780526
0.318,4.199,1.0549413425469867,0.47419795554125677,0.3812009384764225,0.5374042506297466
0.297,5.359,2.314892983183947,0.4131293037755928,0.33750580758278154,0.46703711535771625
0.305,4.652,1.4663923144948954,0.4598132683648278,0.4010500949357256,0.5012023478246237
0.305,5.983,2.6178364302032566,0.512759888696476,0.46300991257486396,0.5478228032808243
0.41,2.73,0.0,0.6202201903381218,0.5797029427614547,0.6525738234542979
0.478,1.918,0.0,0.6223236235835632,0.5804111230685458,0.6595646198393623
0.568,4.322,1.0482628525732647,0.5674318908279449,0.5172826151246724,0.6018103775193534
0.635,3.672,0.31099417762388804,0.5389750912056661,0.4910087814301845,0.5739391259059816
0.591,5.878,2.5076585232332245,0.4933675820663701,0.44619497027135196,0.5269837128083558
0.462,4.671,1.1997185136250255,0.5467160974798217,0.5067048844209693,0.5775094352849742
0.411,1.372,0.0,0.5839087917733784,0.5411614268853502,0.6148858997649204
0.414,0.0,0.0,0.550899229449647,0.5082415280560534,0.58362623462875
0.5,5.965,2.2916996706528017,0.4832280915903051,0.4349134255518447,0.5157734978460377
0.5,3.208,0.0,0.5182260638756228,0.4763491542597304,0.5461927264374586
0.477,3.894,0.22521516866326108,0.4891983494942103,0.44942064664512105,0.5191142582041498
0.469,7.519,3.727500876012679,0.4408686715199461,0.39830296828556544,0.4728150581322649
0.454,7.342,4.2524029369581875,0.5586411839413536,0.5252359257477881,0.5832484924438911
0.421,4.407,0.9444039515624283,0.7783518173614525,0.7448063767824866,0.8019402514379068
0.418,10.541,7.431867709742533,0.870341574676069,0.8239300299141386,0.90605857979633
0.532,7.219,4.065656498982093,1.2083319702104605,1.165506725551443,1.2419200951500995
0.8,3.054,0.0,1.487511442838909,1.4283062609369204,1.5381528538355056
1.077,4.99,1.638863374228118,1.5092795049853867,1.4079930505229743,1.5697888052377
1.102,1.989,0.0,1.4835739140339905,1.3892971392348734,1.5437985152821527
0.918,1.938,0.0,1.349361158914719,1.2594279834481052,1.4148663547237383
1.017,1.481,0.0,1.1693073535880636,1.067009132908972,1.247313241066227
1.005,3.574,0.2341914630848696,0.9751847900268596,0.8734710488356346,1.0462815886887038
0.902,3.074,0.0,0.80140127188631,0.7012116171598257,0.8727205431307657
0.754,0.689,0.0,0.6410690894034312,0.5501200184273104,0.7087765001198989
0.715,1.161,0.0,0.5015501122795946,0.41627303174809654,0.5633550931894574
0.677,0.5,0.0,0.38484734207118854,0.30841433463079987,0.43989702329129937
0.705,0.938,0.0,0.29008266196185467,0.22453685648318925,0.3369905590571616
0.561,2.766,0.0,0.21459182442260888,0.15954834203721327,0.2541902107779841
0.508,5.169,2.099477256417325,0.1552801254468999,0.10981327387298544,0.18764544561963312
0.54,2.332,0.0,0.2141560885539956,0.18436658065280706,0.2375728229662017
0.548,3.926,0.2824176385113133,0.2216147497499005,0.19691306638598627,0.24094247448254963
0.635,2.342,0.0,0.21800723364931093,0.19473710699235608,0.23469753715455735
0.663,0.047,0.0,0.19361443955986565,0.1718370751411834,0.20987492429756768
0.561,0.004,0.0,0.16245483259520155,0.14282104877005622,0.17767046104082793
0.524,0.013,0.0,0.13032235533223974,0.11060472593546229,0.1447183677420102
0.429,0.142,0.0,0.10121400014819583,0.08157449181548598,0.11484270435214194
0.407,0.427,0.0,0.07691000720525298,0.06121258744038921,0.08824948693559649
0.367,0.533,0.0,0.05677715904491083,0.04336743241388714,0.06665403747936154
0.319,1.319,0.0,0.04100497408470727,0.029796152375677412,0.04906751948542939
0.299,0.024,0.0,0.028936491930246618,0.019880525602978528,0.03547299048631872
0.335,0.374,0.0,0.020084042753073378,0.013366624510805126,0.025182007179607762
0.316,0.054,0.0,0.013641552352048343,0.00859912431237872,0.017433696142079895
0.293,0.6,0.0,0.009065601608923623,0.005317402742990781,0.011999633282862446
0.273,7.432,3.6177033790280193,0.00596095117353357,0.0033670641063301035,0.008110524768089168
0.279,3.264,0.0,0.18177733283802133,0.1766029675947274,0.1904438607488337
0.284,0.459,0.0,0.2457426129156857,0.2351113748532783,0.25480712330841615
0.313,0.18,0.0,0.2532635857784615,0.24257024807101987,0.26575146140616845
0.326,0.82,0.0,0.23106461027705932,0.2171121507276862,0.24174876136596715
0.322,9.264,5.954430021336163,0.19861081758029486,0.18476183770914856,0.2102911087774626
0.332,3.795,0.4183197504735814,0.4550977120736837,0.4448732286523119,0.46318140786944617
0.332,4.796,1.690430298480639,0.5616728428229569,0.5346725401589287,0.5825382767479507
0.357,5.823,2.665806686947186,0.6511580341322093,0.6283036491404852,0.676517359529132
0.411,4.397,1.555997155445171,0.7686634641028662,0.741267490927678,0.7971222283869062
0.447,4.515,1.4874856000115217,0.8402499775128818,0.80001412002717,0.8710450473997869
0.508,3.37,0.3063482923512133,0.8776146404690748,0.8289902869929118,0.9118948029486826
0.578,4.595,1.7644132067204161,0.8376556531056815,0.791618114296105,0.8738598565459453
0.608,4.012,1.0136255244093042,0.8300479957344842,0.7784624713508768,0.869532774783163
0.663,3.758,0.7118942397472892,0.8058986296778633,0.7525098051118878,0.8493550049969987
0.667,5.504,2.794987324638782,0.75964042334173,0.7008830247431129,0.802322861535569
0.88,8.756,5.735397811110825,0.803709943819263,0.7471184694074225,0.8475923014497793
1.077,4.112,1.239298781297669,1.040484383957985,0.9990302984893055,1.0757102724452
1.237,8.874,6.109087637636327,1.137666663793628,1.080222820629172,1.1826174214261505
1.389,3.366,0.40354850769425177,1.3939922752406289,1.3366660688552447,1.4393500811148772
1.676,4.284,1.040428987521739,1.4360967877072826,1.3685606769433,1.4987004530806793
1.582,2.241,0.0,1.3911013280153601,1.30201211150286,1.4579655545127028
1.326,2.241,0.0,1.2547102254864717,1.1570184597369138,1.3286895932747513
1.178,1.639,0.0,1.0746050315299798,0.9660854806327525,1.1460559891793602
0.975,5.512,2.3383252826201524,0.8949867144203013,0.7959162155127961,0.9694318264712986
0.858,7.112,4.244737333582657,0.8363905132049609,0.7321754730065251,0.9030700084346653
0.842,6.515,3.4830885446641777,0.944383805692933,0.8620786972627957,0.9984722184299959
1.011,5.079,2.1633427395747087,1.0925319140844445,1.0218079670482223,1.1440330038945352
1.096,8.909,6.2816719597247985,1.1798297290265218,1.1123254351291385,1.2369571192635789
1.244,4.431,1.5641664530702366,1.4403012439794394,1.370636473818001,1.4942756880173544
1.375,3.754,1.0511201817128022,1.5366127475816234,1.4542626170517574,1.598203077278435
1.499,9.883,7.224871183349517,1.5138958119359847,1.4205795444098102,1.5935198399120492
1.757,8.637,5.85295180695404,1.7373204265038098,1.6461246849440627,1.8103579263757867
1.749,7.23,4.678863878513786,2.003166303846763,1.9002403929707803,2.078702163463041
1.79,3.548,1.0650795142293061,2.219599623022755,2.118146099194183,2.2994552733195475
1.969,1.265,0.0,2.217263508999903,2.0981302277499934,2.315893765952535
1.926,1.689,0.0,2.0402810676925207,1.900549287789959,2.1455233497128705
1.684,1.627,0.0,1.7928705183964413,1.6486932815302187,1.9029555579759494
1.447,0.707,0.0,1.509342900112907,1.3627033818680088,1.6225230930123575
1.278,1.461,0.0,1.23780214480108,1.0847358524709405,1.348103655002518
1.102,3.751,0.875547072734745,0.9906678967509434,0.8465704920814703,1.0941964584902117
0.975,4.143,0.8201779108300404,0.8220685622736669,0.689506008502798,0.9129572842862336
0.902,6.014,3.0022502132243902,0.6983374813123024,0.5693369071045504,0.7830291690199235
1.059,9.206,6.324807359406943,0.7250083316873677,0.6273704434832021,0.794982596814996
0.975,3.115,0.21356085013636417,0.9837776397208061,0.9095218196834353,1.0383524751642832
1.083,3.686,0.6887036233631725,1.0479165909592778,0.9745435334410715,1.101366585518924
1.333,1.89,0.0,1.0276735996434088,0.9541150663948589,1.083155249907848
1.231,2.687,0.0,0.9286829630466473,0.8482390966974221,0.9892845383933179
1.159,5.587,2.6437264043466135,0.7986463931696782,0.720882601388268,0.8565472696613002
1.059,2.197,0.0,0.7903413839730342,0.715280308283086,0.8435560006108228
1.035,1.551,0.0,0.7192562181887426,0.648203111289349,0.7718192488604597
1.185,0.814,0.0,0.6186550134670583,0.5434555598540618,0.6692104818977995
1.121,0.539,0.0,0.5122184314912497,0.4472152539186141,0.5606241567838669
0.964,0.137,0.0,0.4115644218177183,0.34941648579909,0.4556772385394241
1.492,0.143,0.0,0.3212749560067546,0.2658393926644623,0.361384537788009
0.729,1.208,0.0,0.2453837713750554,0.19575093715131775,0.28177552872324146
0.658,0.484,0.0,0.18395789898950266,0.14170978146072757,0.21541032761067563
0.608,2.733,0.0,0.1349490834633208,0.09946113010494045,0.16084135695318602
0.574,1.623,0.0,0.09724603131453684,0.06852357754218726,0.11807554651100774
0.528,3.454,0.4894980676057994,0.06870771321288897,0.04568572627711417,0.08570700964326369
0.553,2.232,0.0,0.07186340180167736,0.05573804452534619,0.08410569061568163
0.582,3.607,0.8990530765184293,0.06544528409733062,0.052730117861506,0.07532998241545637
0.586,0.911,0.0,0.09906849910510626,0.09150922327017925,0.1056939389229149
0.622,0.383,0.0,0.10432915320234472,0.09612214743578651,0.11132462067034872
0.691,0.177,0.0,0.09844459290996446,0.08716565433191377,0.1024794325696316
0.653,0.72,0.0,0.08122492299586818,0.07264168013633536,0.0880477684103942
0.578,1.384,0.0,0.06539138132331442,0.0561136752801629,0.07225275104444387
0.508,0.137,0.0,0.05076183029292102,0.04211812567624223,0.056859453753814716
0.454,0.23,0.0,0.038173033535178535,0.030825433574704575,0.04345893703827508
0.5,1.35,0.0,0.028019854997837997,0.021598156522215035,0.03259802334405161
0.492,0.219,0.0,0.01999308972030874,0.014660074044895898,0.02369276522129327
0.469,0.131,0.0,0.013949389136472286,0.009721550730265968,0.01702752732587721
0.447,0.007,0.0,0.009542554852894045,0.006267630647380035,0.011973549353264381
0.447,0.017,0.0,0.0064195940582613,0.004049189457787428,0.008256728928390017
0.397,0.313,0.0,0.004242269738103125,0.002517629733546157,0.005538542221936615
0.37,0.017,0.0,0.002767440511749535,0.0015659550548587033,0.0037304317466405265
0.38,0.001,0.0,0.0017823907920478455,0.0009498353810553957,0.002471957050557441
0.357,0.011,0.0,0.001136112295517105,0.0005920938434032717,0.0016092224553953514
0.344,0.036,0.0,0.0007182466729962791,0.0003554231010003779,0.0010365289793434213
0.357,0.017,0.0,0.0004546672896776043,0.0002172103185224514,0.0006690356260675956
0.281,0.276,0.0,0.00028860746373840946,0.00013700646957790462,0.00043099127384647575
0.259,1.096,0.0,0.0001830402226471568,8.508460141991348e-05,0.0002770704993307195
0.249,0.803,0.0,0.0001171202901302798,5.3754182480558524e-05,0.00017882625410763447
0.234,0.044,0.0,7.550326257066656e-05,3.4363221559696245e-05,0.00011593148863924415
0.229,0.0,0.0,4.908266143601031e-05,2.1674911636778853e-05,7.612729350810336e-05
0.22,0.056,0.0,3.211472462501912e-05,1.3839264808890941e-05,5.043075578307869e-05
0.211,0.016,0.0,2.1160154273935865e-05,8.754889105093414e-06,3.32089112933205e-05
0.193,0.035,0.0,1.3994423025721157e-05,5.903364150639526e-06,2.2460525295655564e-05
0.211,0.0,0.0,9.2977248685376e-06,3.7404427544084237e-06,1.4962475901941985e-05
0.202,0.003,0.0,6.17935318457484e-06,2.4097494578439588e-06,1.0006659590461124e-05
0.189,0.049,0.0,4.125726356827593e-06,1.5624586548606545e-06,6.764912172951291e-06
0.185,0.006,0.0,2.7652748617693276e-06,9.453533242604904e-07,4.647665450337084e-06
0.177,0.008,0.0,1.8431093146768794e-06,6.668716978633914e-07,3.085697591675955e-06
0.17,0.089,0.0,1.2417680643139272e-06,4.423965259989749e-07,2.1015387288454884e-06
0.162,0.011,0.0,8.35921442902696e-07,2.813435853305453e-07,1.4439983992227454e-06
0.155,0.923,0.0,5.604671653065848e-07,1.849491050795744e-07,9.773081727560088e-07
0.162,1.107,0.0,3.787592563609467e-07,1.2251193569589038e-07,6.706098574319248e-07
0.152,1.224,0.0,2.546134916551246e-07,7.916983322011445e-08,4.5568190490091715e-07
0.152,0.759,0.0,1.724548483047538e-07,5.2396535768554276e-08,3.098445499890437e-07
0.148,0.379,0.0,1.1657407419812181e-07,3.450330445261499e-08,2.161919129971937e-07
0.145,0.592,0.0,7.865560250435926e-08,2.3054270252121335e-08,1.4605523291455305e-07
0.142,0.003,0.0,5.3451030722519974e-08,1.459320607470187e-08,1.0004952972662918e-07
0.139,0.002,0.0,3.610952216403585e-08,9.850731011631257e-09,6.818478121946962e-08
0.145,0.003,0.0,2.4526680633187e-08,6.1609820567402355e-09,4.740168278589483e-08
0.142,0.105,0.0,1.662374614602302e-08,4.1899905916889004e-09,3.219291125480427e-08
0.148,0.002,0.0,1.1343484017629977e-08,2.2765727676014755e-09,2.2455483429985678e-08
0.145,0.006,0.0,7.683236143321494e-09,1.1497736041049725e-09,1.545210961712442e-08
0.145,0.008,0.0,5.280377687654793e-09,3.1388114575041767e-10,1.0738726478495691e-08
0.142,0.015,0.0,3.5940402627751203e-09,0.0,7.364629126527619e-09
0.132,0.0,0.0,2.487809719068714e-09,0.0,5.349991638509335e-09
0.129,0.004,0.0,1.7258453461393905e-09,0.0,3.8315244022783025e-09
0.129,0.002,0.0,1.2075227495855654e-09,0.0,2.9720905993785855e-09
0.123,0.001,0.0,8.637982818157274e-10,0.0,2.3958874160967623e-09
0.118,0.102,0.0,6.277105114724496e-10,0.0,1.947506431039623e-09
0.115,0.03,0.0,4.811261907418211e-10,0.0,1.5301263786350453e-09
0.112,0.069,0.0,3.420208957485677e-10,0.0,1.2233433990932875e-09
0.112,0.025,0.0,2.612831582322275e-10,0.0,9.10119135717217e-10
0.11,0.01,0.0,1.868461955778261e-10,0.0,7.033724928009377e-10
0.107,0.004,0.0,1.4531952793273872e-10,0.0,5.267632248499948e-10
0.102,0.002,0.0,1.0231737082961985e-10,0.0,4.0982650937904584e-10
0.11,0.044,0.0,7.700032930298441e-11,0.0,2.841444955617733e-10
0.11,0.044,0.0,5.249716011512582e-11,0.0,2.131738888899532e-10
0.107,0.0,0.0,4.040727973991342e-11,0.0,1.487430098856934e-10
0.107,0.015,0.0,2.6767028373685138e-11,0.0,1.1037188902208606e-10
0.102,0.006,0.0,2.0631819244307995e-11,0.0,7.717643104467347e-11
0.099,0.041,0.0,1.3606811064476927e-11,0.0,5.714561942591423e-11
0.097,0.018,0.0,1.0488656559466068e-11,0.0,3.9918176837285816e-11
0.095,0.341,0.0,6.918660178436591e-12,0.0,2.9587438176806934e-11
0.092,0.168,0.0,5.3334457637031415e-12,0.0,2.064698795744709e-11
0.09,0.044,0.0,3.518806071920194e-12,0.0,1.5319023519864145e-11
0.086,0.05,0.0,2.7126889031446963e-12,0.0,1.0679298144060427e-11
0.084,0.03,0.0,1.7900890311539319e-12,0.0,7.931490408362993e-12
0.086,0.021,0.0,1.380049379871321e-12,0.0,5.52368263646645e-12
0.078,0.031,0.0,9.108738107795161e-13,0.0,4.106563329696215e-12
0.076,0.02,0.0,7.022475818096212e-13,0.0,2.8570295036071276e-12
0.076,0.113,0.0,4.636010845874065e-13,0.0,2.1261908605917133e-12
0.072,0.009,0.0,3.574253546938605e-13,0.0,1.4777491980558907e-12
0.072,0.03,0.0,2.3601070952865175e-13,0.0,1.1008444829557587e-12
0.084,0.049,0.0,1.8196105732311293e-13,0.0,7.643402667345941e-13
0.084,0.348,0.0,1.2017619490054305e-13,0.0,5.699669774372055e-13
0.079,0.127,0.0,9.26548320924545e-14,0.0,3.953418105416687e-13
0.084,0.016,0.0,6.120728633913151e-14,0.0,2.9510286066659326e-13
0.082,0.0,0.0,4.719030474302856e-14,0.0,2.0448372799452325e-13
0.082,0.0,0.0,3.118058359073006e-14,0.0,1.5279077913071482e-13
0.079,0.045,0.0,2.4039817206311827e-14,0.0,1.0576567898761062e-13
0.078,0.012,0.0,1.5887674145575986e-14,0.0,7.910808517747404e-14
0.079,0.014,0.0,1.2249033369213208e-14,0.0,5.4705471990301784e-14
0.072,0.0,0.0,8.097108195173476e-15,0.0,4.095855253539802e-14
0.072,0.0,0.0,6.242569439248303e-15,0.0,2.8295461202673853e-14
0.07,0.0,0.0,4.12754378359769e-15,0.0,2.120646740029415e-14
0.07,0.0,0.0,3.182105000791678e-15,0.0,1.4635338947403416e-14
0.072,0.011,0.0,2.104477011130475e-15,0.0,1.0979740072161617e-14
0.07,0.085,0.0,1.6223847860806811e-15,0.0,7.569876476666168e-15
0.072,0.068,0.0,1.0732133962538928e-15,0.0,5.684807848331364e-15
0.072,0.093,0.0,8.27332634792587e-16,0.0,3.915387958630282e-15
0.068,0.106,0.0,5.474142070817517e-16,0.0,2.943333824832278e-15
0.066,0.065,0.0,4.2198022237610616e-16,0.0,2.025166846164647e-15
0.068,0.264,0.0,2.7927549424596784e-16,0.0,1.523923807849339e-15
0.065,0.07,0.0,2.1527243720343018e-16,0.0,1.04748259919069e-15
0.065,0.122,0.0,1.425066428479484e-16,0.0,7.890181390762905e-16
0.065,0.063,0.0,1.0984186795415396e-16,0.0,5.417922962432229e-16
0.068,0.029,0.0,7.273135185309933e-17,0.0,4.0851755312880796e-16
0.068,0.004,0.0,5.605693195718278e-17,0.0,2.8023271466532993e-16
0.066,0.02,0.0,3.712711987809512e-17,0.0,2.1151172997192325e-16
0.066,0.013,0.0,2.861353233236522e-17,0.0,1.449455352747927e-16
0.068,0.003,0.0,1.895582597319633e-17,0.0,1.095111132186399e-16
0.065,0.045,0.0,1.460808145039167e-17,0.0,7.497057660099156e-17
0.061,0.051,0.0,9.679988531366835e-18,0.0,5.669985275014003e-17
0.06,0.016,0.0,7.516037696465471e-18,0.0,3.888884428332713e-17
0.058,0.082,0.0,4.935489529317599e-18,0.0,2.935659417896067e-17
0.058,0.136,0.0,3.815641560919474e-18,0.0,2.005685655852532e-17
0.058,0.145,0.0,2.521318189273706e-18,0.0,1.5199503735075934e-17
0.06,0.414,0.0,1.9490112753896416e-18,0.0,1.037406291391763e-17
0.058,0.026,0.0,1.2882567312854535e-18,0.0,7.869608881893693e-18
0.058,0.336,0.0,9.957174555695563e-19,0.0,5.365805008008604e-18
0.056,0.451,0.0,6.583448298457829e-19,0.0,4.074524087600167e-18
0.058,0.104,0.0,5.087820730227811e-19,0.0,2.7753700386719968e-18
0.058,0.058,0.0,3.364957685587743e-19,0.0,2.10960250065339e-18
0.06,0.011,0.0,2.6001615514046205e-19,0.0,1.435512256191129e-18
0.06,0.0,0.0,1.7202037788281035e-19,0.0,1.0922558376701761e-18
0.06,0.01,0.0,1.3290480244219204e-19,0.0,7.424939411446998e-19
0.058,0.015,0.0,8.795352724192451e-20,0.0,5.655201949853562e-19
0.053,0.001,0.0,6.794410830038291e-20,0.0,3.8404217754716657e-19
0.052,0.0,0.0,4.497784852200991e-20,0.0,2.928005331717988e-19
0.052,0.0,0.0,3.4740231899217224e-20,0.0,1.9863918881504387e-19
0.052,0.002,0.0,2.300462427806742e-20,0.0,1.5159874602512585e-19
0.038,0.055,0.0,1.7765703692722058e-20,0.0,1.0274269246721572e-19
0.047,0.21,0.0,1.1767973363202605e-20,0.0,7.849090846010919e-20
0.048,0.122,0.0,9.086569121413343e-21,0.0,5.3141884644265395e-20
0.051,0.005,0.0,6.020843036225522e-21,0.0,4.063900847335536e-20
0.052,0.001,0.0,4.648194769937159e-21,0.0,2.7486722767118484e-20
0.047,0.0,0.0,3.0809246581419035e-21,0.0,2.104102303927843e-20
0.047,0.006,0.0,2.378124700580916e-21,0.0,1.4217033018449243e-20
0.048,0.017,0.0,1.5767834717819588e-21,0.0,1.0894081035249048e-20
0.047,0.011,0.0,1.2168860958311244e-21,0.0,7.353514990006312e-21
0.049,0.004,0.0,8.071036794567093e-22,0.0,5.6404577685616884e-21
0.047,0.001,0.0,6.227723532255193e-22,0.0,3.803478732201824e-21
0.049,0.002,0.0,4.1319206964708624e-22,0.0,2.9203715123027e-21
0.047,0.007,0.0,3.187659452359677e-22,0.0,1.9672837397216324e-21
0.049,0.004,0.0,2.1156270907809271e-22,0.0,1.5120350401242198e-21
0.048,0.009,0.0,1.6318372085223793e-22,0.0,1.017543566287503e-21
0.055,0.062,0.0,1.083402609473919e-22,0.0,7.828627138371675e-22
0.045,0.01,0.0,8.354937428244815e-23,0.0,5.263068507229003e-22
0.051,0.112,0.0,5.548855164490035e-23,0.0,4.053305735553475e-22
0.051,0.056,0.0,4.278289614515966e-23,0.0,2.7222313654068775e-22
0.049,0.053,0.0,2.842358195677902e-23,0.0,2.0986166707420018e-22
0.048,0.073,0.0,2.1910734346609163e-23,0.0,1.4080271990249262e-22
0.047,0.163,0.0,1.4561807888511352e-23,0.0,1.0865679096615621e-22
0.048,0.028,0.0,1.1222836623504822e-23,0.0,7.28277771993796e-23
0.047,0.065,0.0,7.461257671520342e-24,0.0,5.625752627127375e-23
0.047,0.02,0.0,5.749187813602368e-24,0.0,3.7668911060070256e-23
0.045,0.101,0.0,3.823562758855078e-24,0.0,2.912757905798451e-23
0.047,0.164,0.0,2.9455588749598904e-24,0.0,1.9483594245824686e-23
0.048,0.968,0.0,1.9596705028645917e-24,0.0,1.508093085244707e-23
0.047,0.707,0.0,1.509334487888244e-24,0.0,1.0077552924690116e-23
0.05,0.394,0.0,1.0045134444741132e-24,0.0,7.808217614617955e-24
0.05,0.817,0.0,7.734978203500585e-25,0.0,5.212440358383574e-24
0.047,1.159,0.0,5.149742892134332e-25,0.0,4.0427386775125594e-24
0.049,0.214,0.0,3.96449386665359e-25,0.0,2.6960448334034193e-24
0.048,0.611,0.0,2.6404118696905882e-25,0.0,2.0931455623984575e-24
0.048,1.532,0.0,2.0322200109623117e-25,0.0,1.3944826694666962e-24
0.048,1.26,0.0,1.3539835738807062e-25,0.0,1.0837352360445455e-24
0.052,0.342,0.0,1.0418550132323168e-25,0.0,7.212720989642804e-25
0.047,0.279,0.0,6.944004110819105e-26,0.0,5.611086421816191e-25
0.049,0.201,0.0,5.3419119044424e-26,0.0,3.730655477153306e-25
0.05,0.215,0.0,3.561727366645296e-26,0.0,2.905164458496692e-25
0.047,0.573,0.0,2.7392919877377407e-26,0.0,1.9296171739353893e-25
0.049,0.554,0.0,1.8271104203698295e-26,0.0,1.5041615678050928e-25
0.048,0.338,0.0,1.4048547064096402e-26,0.0,9.980611883370959e-26
0.047,0.005,0.0,9.373928376953699e-27,0.0,7.787862130775642e-26
0.045,0.433,0.0,7.205685317455408e-27,0.0,5.162299285835672e-26
0.047,0.45,0.0,4.809838462289629e-27,0.0,4.032199598670117e-26
0.046,0.267,0.0,3.696317785334118e-27,0.0,2.670110233129041e-26
0.046,3.825,0.2385675765990638,2.468258796021207e-27,0.0,2.0876889403027072e-26
0.046,6.064,2.6231101403903208,0.011733267982614983,0.011300642589303533,0.012413698697258266
0.043,2.211,0.0,0.14362592447259862,0.13854356886368122,0.1516234141199406
0.047,4.555,1.1312827586199554,0.18999504757587957,0.18229453361288864,0.19784748843728378
0.045,1.065,0.0,0.24918674893203646,0.23903578955351562,0.2571868998499319
0.044,0.0,0.0,0.2541044581199146,0.24269115345756795,0.26612987823678846
0.05,0.0,0.0,0.23123970089292303,0.21857395359583207,0.2435265034261812
0.047,0.102,0.0,0.19723862348656093,0.1808438562327669,0.20884494307394819
0.047,0.068,0.0,0.16106818992225105,0.14396242624741545,0.1736279145227004
0.044,0.0,0.0,0.1268122680118971,0.11076313410638569,0.13898282532122216
0.044,0.165,0.0,0.09702976840498627,0.08155609125620163,0.10760192017769062
0.042,0.058,0.0,0.07222723099824145,0.057935930589494776,0.08226553103688207
0.043,0.205,0.0,0.052740913093054106,0.03961797386183997,0.061357310622727874
0.043,1.328,0.0,0.03779650575413491,0.028017739092254523,0.04486580403000468
0.042,0.049,0.0,0.026365381356649606,0.018478961724509586,0.032040403841218354
0.043,0.867,0.0,0.018120964355321036,0.012089722130188989,0.022614880868446385
0.042,0.737,0.0,0.01218313988453868,0.007819896408991958,0.015568984601931254
0.042,0.215,0.0,0.008075113179750232,0.004871085336577795,0.010692427181204693
0.041,0.104,0.0,0.00523810985422989,0.0028778254320034322,0.007091826389168518
0.041,0.129,0.0,0.0033650096661269214,0.0017333409582355054,0.004686926340491297
0.04,0.385,0.0,0.002125856555054847,0.0010268707608601002,0.003067752320632977
0.04,0.247,0.0,0.0013374385416616433,0.0006200967688288341,0.001967780884443009
0.042,0.081,0.0,0.0008321043531960002,0.00036926814668367385,0.0012598189750370494
0.043,0.127,0.0,0.0005182278511717959,0.00021872005435386914,0.0007987538488937425
0.041,0.068,0.0,0.0003241349678351419,0.00013974353707596108,0.000508529980855114
0.039,0.008,0.0,0.0002035817349457789,8.477735660463467e-05,0.0003229138479753167
0.039,0.005,0.0,0.00012903782548146604,5.341432291934754e-05,0.00020595000195783102
0.039,0.548,0.0,8.28851756471447e-05,3.5183462736569275e-05,0.0001328788128015357
0.04,0.038,0.0,5.450104768738458e-05,2.229464232949083e-05,8.603870554962745e-05
0.039,0.291,0.0,3.497323037341277e-05,1.4077289831045556e-05,5.6246248230992114e-05
0.039,0.008,0.0,2.2982707667139594e-05,9.017806883658604e-06,3.7046494030211126e-05
0.059,0.029,0.0,1.5188416474759692e-05,5.890668957014426e-06,2.47981783478865e-05
0.059,0.094,0.0,1.0062767381110804e-05,3.6498133693680827e-06,1.678916024469751e-05
0.074,0.541,0.0,6.685465233220169e-06,2.427923070974644e-06,1.1140466309473958e-05
0.068,0.204,0.0,4.47470221668063e-06,1.5793176864537105e-06,7.613516658804109e-06
0.068,0.015,0.0,2.9949952024335727e-06,1.0513609705872233e-06,5.140461784613285e-06
0.079,0.43,0.0,2.0047126098284376e-06,6.74596012277705e-07,3.4710497396846203e-06
0.056,1.43,0.0,1.3425659340176093e-06,4.3942486200248626e-07,2.355529005374568e-06
0.056,3.403,0.0,9.036741153857196e-07,2.9085400713689965e-07,1.5975162332106343e-06
0.053,4.523,0.7166917647228157,6.147963376457092e-07,1.9401667750152493e-07,1.0856148730194897e-06
0.056,3.824,0.07307686022074122,0.03524882937566142,0.033949491034712995,0.03729268496208301
0.062,0.417,0.0,0.04928155412257907,0.04741837707135622,0.05139477121505946
0.065,1.463,0.0,0.0500177147810101,0.04783351699570385,0.05226955066909282
0.082,1.233,0.0,0.04446644385491463,0.041930577755742715,0.04686982912785418
0.077,1.597,0.0,0.03673235332438347,0.03360275353150611,0.039303675100211335
0.059,2.598,0.0,0.0288869222540996,0.02556589560713971,0.03142201697653399
0.059,2.361,0.0,0.021910532059497455,0.018435500675736176,0.02416579246089605
0.05,2.046,0.0,0.016078995716888096,0.012998621312881745,0.01824359406862805
0.053,3.863,0.40669588212913466,0.011514166440151926,0.008914098227485123,0.013337463875036176
0.062,4.844,1.204701382212284,0.02799491896175238,0.02680649492032789,0.0288564699357711
0.059,11.841,8.41508098912136,0.09121958413005665,0.08895523712413358,0.09388441536014955
0.102,4.404,1.0188157277866527,0.5233748299409091,0.5077324709844399,0.5492432799834517
0.115,4.696,0.9822800198111787,0.7414649875386156,0.7104774191501576,0.7692288897263179
0.123,1.137,0.0,0.8371076150051904,0.8024792740962048,0.8676927188618532
0.134,0.201,0.0,0.8144754853654329,0.7712040953081194,0.8454540300775848
0.134,0.022,0.0,0.7325749691875845,0.6919166817207,0.7707156145788677
0.131,1.075,0.0,0.6278539223226107,0.5734359296860051,0.6619917884686202
0.091,0.029,0.0,0.5141651805460331,0.45785424955732884,0.553436168113675
0.107,2.69,0.0,0.41167333983297316,0.3576999910247948,0.4468851503674632
0.099,2.132,0.0,0.32037117785629915,0.2672823916545544,0.3557015139331398
0.102,0.583,0.0,0.24460585001780163,0.19700271534348113,0.27677196852681046
0.11,1.963,0.0,0.18300124674013893,0.14454196244107478,0.21047872101982673
0.096,3.827,0.028938537013613264,0.13388351623645353,0.09997751952605272,0.1578916104124768
0.118,4.491,0.8619758582407133,0.09792263998696756,0.07004116905298542,0.11721238811400934
0.102,4.0,0.5568203221337678,0.11228476469309673,0.09184790227599157,0.1264328416249347
0.096,3.315,0.0,0.13481236018221465,0.11963740478674678,0.14584811234960599
0.123,5.101,1.2519104666694139,0.13152249606239425,0.11824184707202748,0.14145635906107185
0.139,3.823,0.045869173389146756,0.17781309453351632,0.16782840540993552,0.1855498962912831
0.161,11.32,7.974744798493209,0.184615848155175,0.17361391447489588,0.19473912651828823
0.183,3.586,0.6088681170353336,0.5611170225119997,0.5495985445515249,0.5757057353594635
0.181,0.046,0.0,0.7304587806995922,0.7032804888159998,0.7568585660533867
0.181,1.448,0.0,0.7542647125851354,0.7224094869853297,0.7883097225400849
0.183,0.099,0.0,0.7007040021891215,0.6626070656168208,0.7340111195129385
0.19,0.369,0.0,0.6109117279490431,0.5642086180497097,0.6465951972524292
0.164,0.585,0.0,0.5108866037041655,0.46610511957272527,0.5445837222680998
0.164,0.734,0.0,0.41358772048578796,0.36738232886989636,0.4460648458134414
0.139,0.193,0.0,0.32420428289968006,0.27663876789428327,0.35716057343275903
0.118,0.676,0.0,0.2497623792392067,0.20704471565405705,0.2793209316349609
0.102,0.464,0.0,0.18780915016197178,0.1491793404663867,0.21508259554056433
0.123,1.066,0.0,0.13834493803083148,0.10529904037226123,0.16068736577916104
0.11,0.274,0.0,0.09998604954513751,0.07231588042037997,0.11923363885172822
0.096,5.151,1.7227581114065291,0.07097502480416117,0.049309393598238646,0.08690365705250458
0.091,3.172,0.0,0.13426335938483652,0.12192310687508306,0.14371141639685026
0.099,6.269,2.6420696135435575,0.1501195699011292,0.13811281453211105,0.15987233058506958
0.085,8.77,5.559354890574029,0.27237426022204475,0.26350690041133806,0.2790941941977137
0.079,5.392,2.397074003446536,0.5791609923608301,0.5659527274305823,0.5955274242154224
0.11,11.564,8.76772885687182,0.7993814554815486,0.7635984677915,0.8250855873191048
0.118,11.25,8.302608508246717,1.27556878557677,1.2363364714195884,1.3171975987671773
0.123,8.145,5.326208617485666,1.8312929333669579,1.7770571359085618,1.8938825124864658
0.141,8.379,5.2908609749427375,2.2430057524543416,2.147525097383132,2.3155707388134696
0.181,2.083,0.0,2.5416931326142,2.4026543785276706,2.6207905901121116
0.238,0.471,0.0,2.5168997949058216,2.3979204552413838,2.6261172324207473
0.283,0.816,0.0,2.308530074573161,2.174549834204115,2.4330867705270722
0.298,3.942,0.4214622677763442,2.011934279067242,1.8448793058949362,2.1289438207079114
0.271,4.435,0.8991550771911414,1.7199942742899101,1.5515575278348386,1.8423793197077463
0.229,0.644,0.0,1.4686103419032621,1.3007286242725733,1.5852507409942194
0.192,1.895,0.0,1.2157799729931096,1.0613993080920079,1.3269843995771482
0.18,2.244,0.0,0.9791192630539781,0.8255511769404115,1.0839640753755873
0.201,0.402,0.0,0.7744008334267471,0.6430783858734359,0.8659932565903046
0.204,0.715,0.0,0.5985830836825279,0.48302637238100815,0.6818867917177572
0.167,1.175,0.0,0.4550548279544156,0.3501520652663939,0.5317726107002043
0.16,0.314,0.0,0.3400339562499614,0.25314627156424574,0.40158225276578924
0.162,5.247,1.4681240612496933,0.24922886620503942,0.17271725463774404,0.3015626248937478
0.156,6.93,3.3685809164879883,0.25156019058644286,0.1946388210686142,0.29235309641823753
0.158,3.505,0.5390498148152396,0.39457586583474746,0.35944408306424663,0.42233740738897385
0.154,1.946,0.0,0.4558913977009072,0.42656211928270493,0.48202763074538035
0.152,8.751,5.723829730897364,0.44566609268009433,0.4106665869248908,0.4750097436917846
0.165,4.617,1.707200170445451,0.6799263585450072,0.6508494629732958,0.6974272323794082
0.192,8.398,5.37297696356882,0.8260041198105031,0.786659455784511,0.8564144097369901
0.248,11.627,8.692774549642362,1.091623297211013,1.042968314685372,1.1271069217544638
0.334,6.133,3.0683063796656875,1.5679421582385566,1.5100831272544855,1.6136607984581826
0.46,3.987,1.1275064112162854,1.845166712830187,1.7704580883481766,1.9062473859782874
0.566,5.891,2.8826255463723744,1.904470310334185,1.8173455204913564,1.979753247746263
0.619,1.909,0.0,1.9230407868532184,1.8300038806800052,2.004467791920753
0.619,3.292,0.015266538218412062,1.7782671107164303,1.6623785162953113,1.8758156236754533
0.561,7.596,4.534080870067147,1.5664353673844007,1.4317119486110679,1.66163852321755
0.659,13.031,10.277492758247135,1.5463785677830801,1.4216286804848075,1.6425553037014118
0.69,7.678,4.88660445684806,1.9156139835507442,1.808894641562785,1.9996841654035258
0.68,8.298,5.388745682914008,2.2048149479264847,2.098796111192332,2.2988807459711413
1.023,7.328,4.161289089875047,2.451944584373552,2.3204887064000346,2.5570548844409124
1.256,4.072,1.0483156384515313,2.5992357186400197,2.4721352480340553,2.701154618504595
1.476,5.758,2.9924480215763287,2.5328498293835535,2.3813225826977087,2.6479533228027403
1.599,3.153,0.543238855363358,2.4516523528000462,2.2842370994417043,2.5741602224710527
1.546,6.22,3.221953193986007,2.2438042746726223,2.0660495752552226,2.377712851720434
1.476,2.954,0.0,2.115150589567268,1.9295438424148719,2.2508529076185004
1.425,5.226,1.751581439673584,1.882244921587384,1.6889892863915936,2.0184169436555672
1.572,4.548,1.0612273309823532,1.6928934878873574,1.510688097765568,1.8243071760433511
1.563,2.792,0.0,1.5089852498379945,1.3367224654757646,1.6295394693352152
1.343,8.063,4.965996605756276,1.288487948028434,1.1343965778809173,1.4033322721850419
1.232,2.795,0.0,1.3101341698208793,1.1645481450107478,1.4139881148828832
1.085,3.746,0.5506257700416128,1.215132870742292,1.081438685805478,1.3102090115547838
1.271,3.321,0.3979504114904495,1.0916353339766507,0.9613935400701867,1.1832368600962269
1.303,4.021,0.8492720303681787,0.9501819177655273,0.8225156427764694,1.0375310922696979
1.485,2.392,0.0,0.840307265529987,0.7323044100673298,0.923989554573704
1.21,2.902,0.0,0.7086122847108206,0.6091018399299385,0.782396779919173
1.064,2.06,0.0,0.5790476294743228,0.48499037762210967,0.646643694125574
0.976,2.385,0.0,0.4599767756845033,0.37820596133508244,0.5206078775164225
0.924,1.853,0.0,0.3583351006502291,0.2867541110287978,0.41088940796886686
0.825,2.182,0.0,0.2723733087188897,0.20957951747439726,0.31838892811280234
0.937,1.334,0.0,0.20328557905644187,0.15215653725289796,0.24119882841457096
0.937,2.382,0.0,0.14880562395880467,0.10658771936610978,0.1799575087115174
0.779,0.552,0.0,0.10705178583708337,0.0722254697134348,0.13221250585518513
0.773,3.922,0.7335228455965344,0.07529147435143665,0.04909808536498219,0.09538650085304738
0.701,8.261,5.230601927724778,0.08806527986613538,0.06970568421893863,0.10218088191752568
0.675,0.456,0.0,0.3418734299648991,0.33524007962298213,0.34602184828021154
0.943,3.67,0.33794720354688934,0.4341997346617563,0.4156937987304966,0.45197375954409474
1.295,2.403,0.0,0.4575042589889175,0.4352925981416243,0.4767135397570971
1.05,4.069,0.8494345939377093,0.42654309785223343,0.4008574287836022,0.44602279972556164
0.911,2.771,0.0,0.4130644621087125,0.38864309137806324,0.43342133508500336
0.717,3.538,0.2649447928621642,0.3682836836357281,0.34113323355388914,0.39136738963491247
0.825,1.831,0.0,0.3249790286862499,0.2927518292626722,0.34682642275820746
0.65,2.31,0.0,0.2704907450148516,0.2396419743723247,0.2921897948831434
0.784,2.006,0.0,0.21832279013281675,0.18732025899912486,0.24004406083459184
0.701,2.77,0.0,0.17079603887109557,0.14152356425910362,0.19044595554887747
0.808,4.784,1.5638095288516127,0.13025162443570332,0.10445175405482957,0.14761796905042016
0.756,7.963,4.916071660535083,0.17385009729333684,0.15634727278447988,0.18587832365762805
0.837,2.839,0.0,0.41921453489559746,0.41078484736091436,0.425382282663963
1.107,1.784,0.0,0.5031377025984394,0.48346092960185405,0.5229087106469985
1.303,1.14,0.0,0.4995608126941108,0.47425601334246376,0.5232186520762555
1.128,1.305,0.0,0.45225268797287266,0.4245922360222484,0.4760938934404019
0.924,1.014,0.0,0.38624409640961627,0.35399178584765395,0.41221681854923753
0.723,1.433,0.0,0.3167423031799417,0.28263736874627676,0.34075644829422047
0.599,0.2,0.0,0.2523053600657295,0.2172515261606495,0.2762859908629494
0.494,0.583,0.0,0.19552617597880395,0.16565648852705983,0.21744853347523935
0.473,0.935,0.0,0.14792183621315622,0.11875989993972293,0.16756288261151586
0.42,0.664,0.0,0.10933586172795301,0.08426267077457628,0.12655392957375805
0.372,0.942,0.0,0.0792785504954945,0.058921726419631844,0.09381607784860567
0.34,0.441,0.0,0.05649027714990406,0.03950052793428938,0.06836712106171944
0.317,1.841,0.0,0.03927659465601703,0.02608486701196452,0.04891475070763408
0.301,1.329,0.0,0.026903773451226257,0.01703681256971925,0.034305554825332395
0.277,2.842,0.0,0.018083629156948236,0.01077930256373625,0.023571192403696338
0.268,4.65,1.7860151046452581,0.01194897592634502,0.006807200158528702,0.016147616884256644
0.265,7.913,4.99401656843602,0.09559681683722758,0.09444809676038007,0.09735450148771711
0.262,3.218,0.27145264259625224,0.36891410510875305,0.3586684572949971,0.3846930553580248
0.334,3.42,0.7140736206377745,0.4823831482033395,0.46235989465951255,0.4997654685613847
0.409,4.525,1.6479188068683084,0.5309065992183041,0.5077159121094216,0.5518289070033885
0.503,7.273,4.189174475114418,0.5887683230443731,0.5637989774641307,0.610661672512383
0.529,6.969,3.9648497894258905,0.7713546242535686,0.7494030089676218,0.7945485982565615
0.594,7.511,4.836646942192809,0.9935029267068025,0.9513447977693558,1.0225418838827143
0.79,5.007,2.185124114336474,1.2638524247645662,1.2212528793908166,1.3017447078934314
0.956,4.107,1.179104776567803,1.4084581825837663,1.350947674552401,1.457111803399454
1.05,3.965,1.140119289660967,1.4286517967001287,1.358174160706789,1.4863022163145707
1.15,1.173,0.0,1.38032461143009,1.299116857189797,1.4474632712364373
1.706,1.456,0.0,1.2405146051295888,1.1532741248541423,1.304515599479118
1.305,2.855,0.0,1.062693343690918,0.9608031362217712,1.1371718511929059
1.127,3.173,0.4501318075492291,0.8840479493071164,0.781277070033289,0.9561787806529495
0.919,4.946,2.4369251285005076,0.7314610621054446,0.6340736475264435,0.7988809831680065
0.844,1.841,0.0,0.7107413047276641,0.6307534523487471,0.7693067595002141
0.881,3.144,0.3080279662845924,0.6379868526315327,0.5591381099937837,0.6936534984974734
1.009,2.882,0.0,0.5575452460203973,0.4850041154134785,0.6089844006189062
0.862,2.753,0.0,0.4667417455900226,0.4014403466815813,0.5151274700104295
0.948,2.629,0.0,0.37814695517241603,0.31726385793310224,0.42210998590327886
1.04,1.447,0.0,0.297953836488309,0.24378669813155993,0.33686737135948536
1.029,3.27,0.4386343790588856,0.2284622528413803,0.18266243454201392,0.26285681381514897
0.862,3.34,0.4786003187582146,0.1934990930515906,0.15326342394004377,0.22201761644037585
0.817,2.383,0.0,0.1803280503061258,0.14887143559224356,0.20408104970804658
0.799,2.047,0.0,0.15570869683829283,0.12895504706808558,0.17548689794249242
0.646,0.732,0.0,0.1278744605986986,0.1048512619159216,0.14439396617069183
0.631,2.002,0.0,0.1010734952270397,0.08122343207971555,0.1158157278452057
0.881,2.146,0.0,0.07744441066510749,0.060511397136244,0.09003649643326916
0.692,0.336,0.0,0.05770792041650222,0.04343310734498323,0.06771969918475981
0.661,0.226,0.0,0.04238329079389916,0.03057963379565052,0.05041693351361484
0.602,0.626,0.0,0.02989569099950708,0.021050930846493402,0.036614292031864455
0.484,0.02,0.0,0.02082206611444888,0.013853334417292846,0.026188525404273286
0.455,0.239,0.0,0.014255721163187272,0.009066479979085915,0.01826533047332894
0.41,0.212,0.0,0.009595717635684984,0.00581093943993946,0.01259797096355867
0.345,0.468,0.0,0.0063326263047805195,0.003601629824928676,0.008480533163618695
0.313,1.214,0.0,0.004106313349576267,0.002238188680239416,0.005685114531498804
0.284,0.831,0.0,0.002631200660172439,0.0013609607161151407,0.0037406937806197457
0.284,0.2,0.0,0.0016733848632216382,0.000820529612532308,0.0024400665353301663
0.264,0.507,0.0,0.0010513354253150785,0.0004965546208302441,0.0015708489259378708
0.245,0.206,0.0,0.0006590157817866463,0.00030107959492398924,0.0009975470112303971
0.238,0.822,0.0,0.0004114057901067523,0.00017970514074631602,0.0006329868493321736
0.252,2.347,0.0,0.0002593061098986415,0.00011158015865178252,0.00040310450047819556
0.231,2.349,0.0,0.00016420045059457658,7.204927362284323e-05,0.00025933876621070433
0.249,0.688,0.0,0.00010483863258885223,4.5741038891636014e-05,0.0001667595324556286
0.224,0.438,0.0,6.74192059381035e-05,2.883810988602884e-05,0.00010650166212423575
0.245,0.64,0.0,4.37576270811348e-05,1.8223860833268273e-05,6.992687735976655e-05
0.238,0.453,0.0,2.869061314910246e-05,1.1857409295847825e-05,4.5908916542162636e-05
0.207,0.278,0.0,1.8948453248995064e-05,7.710948716970307e-06,3.077011817101375e-05
0.177,1.325,0.0,1.248639181184203e-05,4.5778229509510715e-06,2.049906615183568e-05
0.185,0.82,0.0,8.318607798354329e-06,3.2258707400477126e-06,1.3696550519374352e-05
0.198,0.888,0.0,5.525401079962948e-06,2.137610493442204e-06,9.321811710087924e-06
0.182,1.832,0.0,3.722845439720214e-06,1.3400876890226245e-06,6.276313706210515e-06
0.177,1.82,0.0,2.4769107372218517e-06,8.753227869893709e-07,4.242505856560867e-06
0.177,2.636,0.06212307291737762,1.6620307311306943e-06,5.561974787229654e-07,2.848385704725142e-06
0.179,0.429,0.0,0.0030564626178745426,0.0029448868702580478,0.0032329227450308296
0.171,0.012,0.0,0.0036061993515373847,0.003423628985482139,0.0037971858288695904
0.168,0.015,0.0,0.0032636881014018546,0.002993393085999752,0.0034923914901216664
0.163,0.0,0.0,0.002628400406596706,0.002316963612782066,0.0028293384895581907
0.157,0.0,0.0,0.0019934267589005058,0.0016802740805702016,0.0022009562371891563
0.147,0.003,0.0,0.0014324872219870272,0.0011367616737970954,0.0016193310191501685
0.147,0.329,0.0,0.0010031066063873916,0.0007732258344459934,0.0011531347971924187
0.149,0.09,0.0,0.0006829734260344806,0.0005012745454484228,0.0008040609947914098
0.142,0.018,0.0,0.0004564457530231377,0.00031591031316417014,0.0005545363509479599
0.132,0.392,0.0,0.00030249721428455965,0.00019946375051972567,0.000374339045187013
0.123,1.064,0.0,0.00019823375823432632,0.0001267974390598111,0.00025035707623751233
0.119,0.711,0.0,0.00012981219352204893,8.145568822008438e-05,0.00016724152179257342
0.115,0.271,0.0,8.491643338692441e-05,5.130526734980023e-05,0.00011122778451703838
0.111,0.173,0.0,5.54463379661636e-05,3.2723738197735034e-05,7.302028112580065e-05
0.115,0.011,0.0,3.638880761705174e-05,2.0766863662748998e-05,4.8976134612246575e-05
0.115,0.177,0.0,2.3910116206253994e-05,1.3484234473197668e-05,3.253989733984391e-05
0.109,0.0,0.0,1.5842649739822253e-05,8.685806437786907e-06,2.1911875665027354e-05
0.107,0.0,0.0,1.0482647496602607e-05,5.685188019502503e-06,1.4728897452214322e-05
0.111,0.003,0.0,6.961030490400618e-06,3.5986397637642495e-06,9.895900642461032e-06
0.113,0.127,0.0,4.6479719834856e-06,2.358855683736268e-06,6.620605036183336e-06
0.109,0.001,0.0,3.1040529240880664e-06,1.5193439240494528e-06,4.5196524223554604e-06
0.101,0.0,0.0,2.0732712747177883e-06,9.900740250563133e-07,3.0730645294209777e-06
0.099,0.0,0.0,1.3911391994770338e-06,6.437313365490168e-07,2.074043809429047e-06
0.093,0.012,0.0,9.36358238821014e-07,4.305400806461646e-07,1.4109403856289058e-06
0.092,0.045,0.0,6.272101372397274e-07,2.715002040393111e-07,9.592351725920923e-07
0.093,0.022,0.0,4.2300306393381344e-07,1.7927925950821462e-07,6.544773790705689e-07
0.099,0.066,0.0,2.839930044775538e-07,1.1668494344025717e-07,4.4630175819320514e-07
0.095,0.009,0.0,1.9231008161086826e-07,7.88959424240244e-08,3.0620490833283047e-07
0.095,0.005,0.0,1.2941572107257444e-07,4.946429465323164e-08,2.0706260494368203e-07
0.092,0.027,0.0,8.765298913491931e-08,3.2719506163580736e-08,1.4414154945217247e-07
0.09,0.0,0.0,5.941293707933244e-08,2.2812802126398905e-08,9.757852996049901e-08
0.085,0.031,0.0,4.008571114702317e-08,1.3247823292565615e-08,6.786883425309676e-08
0.086,0.025,0.0,2.710462375238715e-08,9.091238285374151e-09,4.625726050768003e-08
0.085,0.213,0.0,1.8485089168822598e-08,5.759160706809961e-09,3.171717513458663e-08
0.088,0.256,0.0,1.2450536569706507e-08,3.672300706155775e-09,2.1686074619642317e-08
0.088,0.093,0.0,8.51697074843048e-09,1.6400632919545777e-09,1.5026197129766832e-08
0.081,0.158,0.0,5.802613619326731e-09,6.680139107542872e-10,1.037145625204739e-08
0.083,0.001,0.0,3.961278011283175e-09,0.0,7.2731573208859594e-09
0.081,0.013,0.0,2.7333940167981174e-09,0.0,5.30533688409846e-09
0.081,0.001,0.0,1.8802813004294193e-09,0.0,4.133564700352419e-09
0.08,0.024,0.0,1.3331944071665332e-09,0.0,3.1012810157653016e-09
0.075,0.068,0.0,9.190755637198034e-10,0.0,2.4739973223790186e-09
0.07,0.002,0.0,6.952830674974641e-10,0.0,2.0087236693100285e-09
0.07,0.0,0.0,4.867854279335295e-10,0.0,1.5762301287471568e-09
0.075,0.025,0.0,3.845534312148588e-10,0.0,1.2228609535685855e-09
0.077,0.001,0.0,2.7021430044643544e-10,0.0,9.402544209586525e-10
0.073,0.001,0.0,2.1560907152193676e-10,0.0,7.03118210236738e-10
0.075,0.011,0.0,1.501100499923946e-10,0.0,5.222982475416884e-10
0.072,0.0,0.0,1.1674410907739336e-10,0.0,3.8693708338992996e-10
0.073,0.001,0.0,7.922315246133618e-11,0.0,2.8029523103253213e-10
0.075,0.0,0.0,6.09369377505283e-11,0.0,2.0558564670540444e-10
0.073,0.0,0.0,4.0656207759145614e-11,0.0,1.463451087243845e-10
0.073,0.001,0.0,3.124759450882137e-11,0.0,1.0764947497845219e-10
0.072,0.0,0.0,2.080826586926012e-11,0.0,7.647484741220234e-11
0.07,0.0,0.0,1.5851412891953123e-11,0.0,5.571203529049192e-11
0.072,0.058,0.0,1.0594729374454804e-11,0.0,3.95690772379055e-11
0.072,0.433,0.0,8.048955459464434e-12,0.0,2.883275444999221e-11
0.075,0.33,0.0,5.380843541828839e-12,0.0,2.046794499562543e-11
0.075,0.043,0.0,4.088151255455922e-12,0.0,1.492186967344971e-11
0.073,0.015,0.0,2.7335308013128124e-12,0.0,1.0587478951192492e-11
0.072,0.0,0.0,2.0769615027213238e-12,0.0,7.722543301164945e-12
0.072,0.0,0.0,1.389021266875862e-12,0.0,5.476598191663086e-12
0.069,0.023,0.0,1.0554610486619708e-12,0.0,3.996662374878813e-12
0.07,0.006,0.0,7.059978424139524e-13,0.0,2.8328866478390526e-12
0.069,0.128,0.0,5.36496011433863e-13,0.0,2.0684002055793902e-12
0.066,0.008,0.0,3.589266304889726e-13,0.0,1.4653707427916752e-12
0.066,0.004,0.0,2.7277187901884497e-13,0.0,1.0704630545732823e-12
0.063,0.147,0.0,1.825215410948488e-13,0.0,7.579941172810798e-13
0.059,0.008,0.0,1.3872023846406083e-13,0.0,5.539987614799855e-13
0.065,0.001,0.0,9.305229663135634e-14,0.0,3.9208854462315877e-13
0.059,0.001,0.0,7.053819789886841e-14,0.0,2.8671202304382247e-13
0.057,0.019,0.0,4.72508874913044e-14,0.0,2.0281612130096525e-13
0.053,0.006,0.0,3.589073958943214e-14,0.0,1.4838261371737632e-13
0.059,0.325,0.0,2.4044636536402983e-14,0.0,1.0491094327200273e-13
0.062,0.022,0.0,1.8265953559525822e-14,0.0,7.679273383001813e-14
0.061,0.036,0.0,1.2238454509057703e-14,0.0,5.4267412020418444e-14
0.059,0.01,0.0,9.298280737870012e-15,0.0,3.974268835233888e-14
0.059,0.0,0.0,6.230652071761765e-15,0.0,2.807097063242375e-14
0.058,0.0,0.0,4.734365941144171e-15,0.0,2.056810846518042e-14
0.061,0.001,0.0,3.1727617427132113e-15,0.0,1.4520305335498336e-14
0.061,0.003,0.0,2.4111175527855882e-15,0.0,1.0644651977954807e-14
0.059,0.001,0.0,1.6159836521515602e-15,0.0,7.511080465466967e-15
0.057,0.029,0.0,1.2282050932707169e-15,0.0,5.508946824917109e-15
0.058,0.022,0.0,8.232477324354423e-16,0.0,3.885347151506633e-15
0.058,0.212,0.0,6.257746046748455e-16,0.0,2.8510556481573687e-15
0.059,0.13,0.0,4.194853160510961e-16,0.0,2.0098203657290778e-15
0.056,0.734,0.0,3.1890264057508856e-16,0.0,1.4755122120127924e-15
0.053,0.363,0.0,2.137933599797155e-16,0.0,1.0396440125154013e-15
0.053,0.025,0.0,1.6255115916798363e-16,0.0,7.6362462127848895e-16
0.053,0.045,0.0,1.0898369014443131e-16,0.0,5.377891931132897e-16
0.038,0.593,0.0,8.287288546010923e-17,0.0,3.9520009251648194e-16
0.038,0.682,0.0,5.556704405967909e-17,0.0,2.7818869993531743e-16
0.052,0.334,0.0,4.225946230702836e-17,0.0,2.0452865046508016e-16
0.053,0.562,0.0,2.8337415572156487e-17,0.0,1.4390202288329377e-16
0.053,0.273,0.0,2.1553772633787567e-17,0.0,1.0585009894281191e-16
0.052,0.842,0.0,1.4454032821558934e-17,0.0,7.443793437790244e-17
0.052,0.198,0.0,1.0995353096809071e-17,0.0,5.478080175973728e-17
0.051,0.079,0.0,7.373987645158665e-18,0.0,3.850540780160738e-17
0.051,0.199,0.0,5.610226150908202e-18,0.0,2.835081189202941e-17
0.049,0.03,0.0,3.7626956337213095e-18,0.0,1.9918156547449546e-17
0.05,0.004,0.0,2.8630941748659406e-18,0.0,1.4672449284629207e-17
0.051,0.042,0.0,1.9203387906613666e-18,0.0,1.0303304987794025e-17
0.051,0.045,0.0,1.4614157047048808e-18,0.0,7.593460427342945e-18
0.05,0.045,0.0,9.80251445157829e-19,0.0,5.32971479672102e-18
0.049,0.36,0.0,7.4609407813654205e-19,0.0,3.929857939188742e-18
0.049,0.788,0.0,5.004685734950894e-19,0.0,2.7569658326915584e-18
0.045,1.251,0.0,3.809727709450547e-19,0.0,2.0338268148686747e-18
0.044,1.891,0.0,2.555610419718791e-19,0.0,1.4261289567518163e-18
0.043,0.905,0.0,1.9456900393054583e-19,0.0,1.0525702405161077e-18
0.046,0.0,0.0,1.305238464073927e-19,0.0,7.377109201803087e-19
0.047,0.0,0.0,9.938746717171597e-20,0.0,5.44738669006924e-19
0.047,0.166,0.0,6.66747397441137e-20,0.0,3.8160462221270175e-19
0.047,0.0,0.0,5.0776964068141736e-20,0.0,2.8191963474814884e-19
0.047,0.167,0.0,3.406496486740463e-20,0.0,1.9739722391856616e-19
0.046,0.116,0.0,2.5946446657482815e-20,0.0,1.459024024605283e-19
0.047,0.548,0.0,1.7407188442581938e-20,0.0,1.0211004202690846e-19
0.047,0.01,0.0,1.3260626051417494e-20,0.0,7.550914671165617e-20
0.047,0.193,0.0,8.896564342985583e-21,0.0,5.281969257742924e-20
0.035,0.674,0.0,6.778351581054966e-21,0.0,3.907839175787513e-20
0.049,1.03,0.0,4.547659951242812e-21,0.0,2.732267922594475e-20
0.049,0.998,0.0,3.4654292907941226e-21,0.0,2.0224314141145322e-20
0.048,1.177,0.0,2.3250087142442687e-21,0.0,1.4133531712808545e-20
0.047,1.213,0.0,1.771992420005654e-21,0.0,1.0466727631662605e-20
0.046,1.823,0.0,1.1888611230492306e-21,0.0,7.311022357303813e-21
0.045,0.465,0.0,9.062281343092267e-22,0.0,5.416865394798844e-21
0.046,0.002,0.0,6.080042546323828e-22,0.0,3.781860683978209e-21
0.044,0.109,0.0,4.635356035923262e-22,0.0,2.8034006197437358e-21
0.044,0.04,0.0,3.1099262889027416e-22,0.0,1.9562886740614856e-21
0.045,0.01,0.0,2.3713603657274794e-22,0.0,1.4508492399929616e-21
0.047,0.103,0.0,1.5909649292728783e-22,0.0,1.0119530295172425e-21
0.044,0.441,0.0,1.213332869206313e-22,0.0,7.508607596360315e-22
0.044,0.196,0.0,8.140240140509927e-23,0.0,5.23465144768511e-22
0.044,1.921,0.0,6.209110280681116e-23,0.0,3.8859439373854255e-22
0.033,0.089,0.0,4.165613868683664e-23,0.0,2.707791268983989e-22
0.035,0.383,0.0,3.177933917547171e-23,0.0,2.0110999413715732e-22
0.042,3.348,0.1358065471297274,2.131989623609107e-23,0.0,1.4006918378156885e-22
0.043,0.872,0.0,0.0066792589084504125,0.006432983359594043,0.007066599666293698
0.042,0.03,0.0,0.008138900745448869,0.007791284830390778,0.008436421315306506
0.04,0.038,0.0,0.00761865253691232,0.007073308866108294,0.008049045045773353
0.043,0.031,0.0,0.006300077559487459,0.005693685455162462,0.0067429621432434075
0.042,0.059,0.0,0.004890223509418257,0.0042293732879795445,0.005314874653954136
0.042,0.0,0.0,0.0036214194342228867,0.0030168295811603867,0.004026560001448536
0.042,0.012,0.0,0.0025877436673490653,0.002044158271156461,0.0029356759046940384
0.044,0.102,0.0,0.0018017578501995078,0.0013546337767253135,0.0020940320830236682
0.038,0.022,0.0,0.0012242719786303299,0.0008661235335692358,0.001457891869183442
0.034,1.044,0.0,0.0008134042610045176,0.0005408478198976401,0.0010010986390575646
0.029,0.779,0.0,0.0005352725719778957,0.00033969481940905377,0.000672192207029523
0.041,3.52,0.0,0.0003511613930220544,0.00021587382353612124,0.0004509103344077576
0.039,2.519,0.0,0.0002287196459089246,0.00013668149142931352,0.00029950727019470213
0.043,0.512,0.0,0.0001481786200222659,8.732034430942054e-05,0.00019615562799030656
0.04,3.777,0.0,9.678409202925507e-05,5.5547343966125075e-05,0.00013057810500620532
0.04,7.603,3.817161147100832,6.27211575562182e-05,3.429691512207422e-05,8.585223303766976e-05
0.04,1.179,0.0,0.18777745826526973,0.18086952712466525,0.1986481411289421
0.041,0.131,0.0,0.2558364958275536,0.24401348367294276,0.2670776655690831
0.041,0.247,0.0,0.26382763719415525,0.25130961242230687,0.2751660065986825
0.04,0.071,0.0,0.24248260322545998,0.2295452181159359,0.2545111808493562
0.041,0.098,0.0,0.20831108363057074,0.19321911366163463,0.2204577170491807
0.04,0.028,0.0,0.17047227163133907,0.15452024726138072,0.18271786908549897
0.04,0.188,0.0,0.13495318210100385,0.11853287765079651,0.14616948642011618
0.04,0.189,0.0,0.10358289204732635,0.08754991594033293,0.11433859596121151
0.04,0.096,0.0,0.07750596460879598,0.062214743508614584,0.08719043335682722
0.038,1.273,0.0,0.056600306336297194,0.043229337732032816,0.06555711622019876
0.04,1.658,0.0,0.04053587575346549,0.02954341127592127,0.04794878737589686
0.04,2.445,0.0,0.02843852468984025,0.019735290194683973,0.034535142536868374
0.047,0.906,0.0,0.019554002649177782,0.013070911876702283,0.024451666624633217
0.049,0.354,0.0,0.013188324833618892,0.008303680262050809,0.0168294610557196
0.044,0.118,0.0,0.008769506436158672,0.005245299607132542,0.01156797303775037
0.042,0.953,0.0,0.0057105420284706485,0.00318778173385861,0.00773510761063896
0.044,3.029,0.0,0.003657208497710575,0.00189165050171235,0.005118030008811195
0.044,3.939,0.2032268265297983,0.00232768568773895,0.0011296619472275274,0.0033283863846020065
0.043,5.488,1.9093817081781452,0.011455684857680329,0.011147395082356381,0.011787946179820957
0.054,2.699,0.0,0.10746884262582881,0.10416384063744526,0.11282068630181463
0.062,0.884,0.0,0.13966867887496867,0.13401461782246804,0.14500334062175022
0.059,2.114,0.0,0.1407571112320705,0.13351692817188168,0.14714378183827553
0.064,0.507,0.0,0.12689398826781528,0.11992827631052881,0.13390424656886257
0.069,4.013,0.13207466282781066,0.10667149771246065,0.09795525293907602,0.11337699796122362
0.072,3.599,0.0,0.09214139876130402,0.08336469837122727,0.09841511082283298
0.082,1.573,0.0,0.07527174071008681,0.06572502957973429,0.08172057857770333
0.074,4.281,0.8433701230528534,0.059078153084097265,0.050212608350595746,0.06517694208626322
0.065,3.697,0.22973376417012226,0.08627768552875187,0.08078536198870061,0.09067544216803543
0.067,6.973,3.37955855476683,0.10089282202939837,0.09567879172085185,0.10539293074748896
0.069,2.941,0.0,0.2633605058630926,0.2563223887064156,0.269644903702676
0.072,5.022,1.7742578627099337,0.317172951703635,0.30576587662853205,0.32889144828353867
0.072,3.662,0.14293517775559428,0.40006957532420123,0.38670858161831395,0.41475259167237344
0.069,1.324,0.0,0.41264666349368667,0.39470935474032054,0.4278306663062117
0.069,1.562,0.0,0.38014156651322645,0.35685016440481654,0.398860067095628
0.076,1.567,0.0,0.3281897154284626,0.2998982959469127,0.34713683875446755
0.072,4.75,1.2889579310246582,0.27122049607055565,0.24464727970578615,0.2910313436216963
0.069,7.174,3.5748088622860243,0.27948161035816876,0.2545099283243363,0.2962568456921529
0.069,3.978,0.3613476987176161,0.4327281399712159,0.4154170527624165,0.44549524015430747
0.086,1.221,0.0,0.487461124215287,0.4640409132114566,0.5074811309892957
0.122,0.562,0.0,0.4710581758445562,0.4450828821575659,0.49420483802905796
0.145,0.06,0.0,0.4203497843693093,0.3897240570239409,0.4438773068143803
0.145,1.068,0.0,0.35363856893809154,0.3139408342305825,0.3802082172442468
0.117,2.21,0.0,0.2880990184265303,0.2524481227586517,0.3123500777883511
0.112,3.961,0.23315982591671247,0.22783481799211458,0.1942938760227211,0.25059966788211485
0.149,1.148,0.0,0.18613859542542716,0.1559451017697137,0.207550680537282
0.136,0.842,0.0,0.14715287929479542,0.11810873048030363,0.16680502860924243
0.128,1.615,0.0,0.11332039355529594,0.08795767447414558,0.12985503839213453
0.128,1.658,0.0,0.08457247568632108,0.0630192619636499,0.09871485824447025
0.125,2.696,0.0,0.06193651449148581,0.04540353862833485,0.07407202302028086
0.128,1.388,0.0,0.0444373014015876,0.031078390920234258,0.054078185790179215
0.122,2.227,0.0,0.031269383165113754,0.02081490429574706,0.038940665757841754
0.112,2.512,0.0,0.021620988772835886,0.013699950272061206,0.027542845863445423
0.084,1.977,0.0,0.014559086814593733,0.008731768431252935,0.018903237731495007
0.08,3.909,0.46610861960820227,0.009673898641358786,0.005534953860217304,0.012976509699809109
0.095,5.896,2.599167144980038,0.02924744862049596,0.027656692888492457,0.030817184130733918
0.095,2.43,0.0,0.16192091708657205,0.1581788881478044,0.1680877339417617
0.107,1.319,0.0,0.20800215428606778,0.19966899828293125,0.21649242275951333
0.122,2.706,0.0,0.2095631118929336,0.1995403076197227,0.21859869548506405
0.152,2.762,0.0,0.18916634544183614,0.17735920175704403,0.19992243571360044
0.179,2.975,0.0,0.16051491690338554,0.1482611505414699,0.17088615340575783
0.165,3.875,0.4902157003083074,0.12998317920902344,0.117101115707538,0.13987162414966872
0.176,7.854,5.105198886401993,0.12603082906899446,0.1142218126001032,0.13476631853210733
0.183,3.796,0.5754238726573613,0.36171580253851066,0.3533520541667154,0.36735517683083996
0.246,4.532,0.9900237570571533,0.4728556929315158,0.45287702812472147,0.4890573232388807
0.354,1.372,0.0,0.5347533290614277,0.5112653525860892,0.5560999744358767
0.386,0.489,0.0,0.517575822069087,0.4900537893228191,0.5429734050144683
0.373,11.128,7.178124574800242,0.4611197521854372,0.4325522526856862,0.48520647331041294
0.354,4.877,1.3703311021805797,0.7440198065939984,0.7190521902288232,0.7641188600485121
0.33,2.924,0.0,0.8927322958688461,0.8593717261998026,0.9241874947349978
0.319,2.583,0.0,0.8930979149449711,0.8482511991539882,0.9296356034222337
0.324,2.633,0.0,0.8171196222971229,0.7629693434819483,0.8611628639244944
0.393,5.638,1.8772965672737336,0.7058990586217212,0.646628009274848,0.7530823430724413
0.354,4.057,0.8123961028922864,0.6808590267593493,0.6212241892321443,0.721863780862471
0.36,3.208,0.0,0.6464582980086638,0.5901875811736568,0.6839251977081009
0.342,5.698,2.3241679839125773,0.5696915399810986,0.5069359775970647,0.6113611613753678
0.59,9.185,5.984884754874351,0.5953432350791782,0.5395765802897653,0.6323452717363691
0.618,4.266,1.2300953662835319,0.8481858244910118,0.8056382047378842,0.8771401607829846
0.763,1.573,0.0,0.9684767338986612,0.9265493711055574,1.0055170364130341
0.881,3.071,0.0,0.9487656458898964,0.8917711158516823,0.9979723926109011
1.483,2.142,0.0,0.8587361090195965,0.7967691066519174,0.9055203102480867
0.571,3.753,0.0,0.7379153261216377,0.6657648323538203,0.7872263036107714
0.427,4.63,1.864862593479034,0.6095787054495042,0.5398646994553332,0.6616585153087513
0.351,2.5,0.0,0.5794344001415319,0.5122694597994593,0.6236001666285855
0.309,0.296,0.0,0.5151907835466727,0.457622011937895,0.5577812428402846
0.347,5.113,1.2086443291979503,0.4334995493725634,0.3757923318290779,0.4735121138341137
0.514,1.931,0.0,0.41196658573332423,0.3600453324905982,0.44717597842381157
0.384,1.0,0.0,0.3625825841792164,0.3172675045848522,0.39517694690722416
0.358,2.122,0.0,0.30346975055885805,0.2588380136181697,0.3345026027457057
0.373,2.124,0.0,0.2449291491669376,0.2035292245599513,0.2733300704161885
0.354,4.978,1.9170617314463558,0.19206184280774433,0.1558029076656827,0.21743403790849158
0.299,6.756,3.8542038717337914,0.24096443240167348,0.21563110530354063,0.2592191092290474
0.309,5.068,2.174065156683788,0.4311388625030839,0.4161877511582808,0.44294448279638765
0.329,3.25,0.0,0.5936167994951763,0.5732396315162716,0.6094846406672951
0.538,3.003,0.0,0.623908133750504,0.5960101573478945,0.6485001548139265
0.709,3.899,0.8464549456867587,0.582980873914204,0.550459876759244,0.6122024656988572
0.622,6.35,3.142631192882906,0.5517747395383412,0.5158790929677574,0.5832641692312036
0.492,5.987,3.017631853090111,0.6397039245051505,0.6054162414346507,0.6660082860765657
0.767,9.459,6.502100790282496,0.7779178848003726,0.745559455225292,0.8064766319088758
1.144,2.901,0.0377771761408634,1.101672696430251,1.0651606638501816,1.1305254419992168
1.383,9.729,6.848312008814853,1.1801094401088807,1.125753501202158,1.224271403044712
1.546,9.2,6.102138418012885,1.4609945434536198,1.3932943088060252,1.5110883300893936
1.845,3.711,0.7224890466696903,1.7905339202079518,1.729399027700034,1.8512781967375336
2.239,3.498,0.2900208629834582,1.8609625133714138,1.768428513566804,1.9366472974008677
2.474,3.077,0.0,1.7626414877585876,1.6624957524662656,1.8402703009553416
2.087,2.196,0.0,1.5697590858738009,1.4548095003595733,1.6594605458539518
1.742,4.938,1.7511653859700083,1.3409447389529503,1.2176358486832224,1.4255209291373672
1.662,6.477,3.3919039771787625,1.196322357117398,1.0800083073854552,1.2830829268582913
1.348,9.647,6.32830202721361,1.1870256736460343,1.0756739826156758,1.2629968214873464
1.374,6.836,3.922939868775306,1.3928447973117823,1.2983757727744059,1.4636986716211289
1.867,6.772,3.790677229341355,1.583447537283326,1.4921936047674313,1.6549645310767767
2.374,2.842,0.0,1.741129438195739,1.6441497906325473,1.8129233621425773
2.849,1.105,0.0,1.6875627867333969,1.569026694744168,1.7763614440085376
2.513,0.08,0.0,1.5221635852862219,1.407905619403931,1.6164368901834985
2.087,1.033,0.0,1.3126816684039186,1.1892817231759698,1.402650024654959
1.584,2.18,0.0,1.0923709080437412,0.9693262723956839,1.1840349230920573
1.28,7.848,4.700243158060216,0.8849522759443664,0.7583404191509766,0.973905795045797
1.191,8.726,6.035810144212997,0.9304511224926884,0.8281948771580397,1.0040554757485343
1.231,8.713,6.0237668723817865,1.1733529929686786,1.0908496914942178,1.231908953044124
1.472,2.477,0.0,1.4973159312405837,1.4259702555445337,1.5597497966654428
1.527,6.515,3.413624133672572,1.5482320626110166,1.4533189127643458,1.621373161094417
1.546,7.512,4.679619500609313,1.6193705981777202,1.5202775564392212,1.69034474056928
1.509,3.527,0.5085726674984659,1.755776007242694,1.6563284119356942,1.8330966656112164
1.537,5.214,2.1752515972959987,1.7182228566985691,1.6201869679624648,1.7977076700439545
1.623,6.353,3.1656616343084045,1.6605019295649117,1.5379732180388366,1.7479982745130511
1.472,8.958,6.008994536914976,1.65670701085282,1.5399599148903167,1.746807313843161
1.681,6.781,3.5541209476513633,1.8168228395696127,1.6992003436737748,1.9047851653093508
1.997,9.53,6.506709399013309,1.93085477908815,1.8063350034092758,2.013446874533728
2.578,7.087,3.981390926991294,2.162347044739657,2.043980304213554,2.253283182717426
2.578,5.17,2.595200483878264,2.3156049714451177,2.18355249313249,2.4261402459012933
2.436,5.392,2.2453961022090443,2.339545912936834,2.1926658889724617,2.461046827950772
2.449,7.357,4.7462855523116545,2.2820282426553744,2.119226707269054,2.4000928288792838
2.204,7.598,4.920522591798527,2.307887979774653,2.1346566623829397,2.426197267348351
2.361,5.833,2.926446000157038,2.3852157946772787,2.2232568247744817,2.506742032873812
2.526,3.145,0.3324032720711081,2.389039186512633,2.221777494406207,2.517799791470317
2.312,3.595,0.4506335284673013,2.2181430298620897,2.020673850737023,2.3523629330062
2.053,3.245,0.0,1.9800196890213406,1.7997468724938006,2.126648821367854
1.909,0.907,0.0,1.6965142893667298,1.5241428427318524,1.8353106663985899
1.613,0.616,0.0,1.4064712534111525,1.222971708323838,1.5321100763288285
1.331,5.309,2.117845430723074,1.139808940334187,0.9739541541840813,1.2611012302461422
1.169,9.115,5.967247057771331,1.004616368065358,0.8593666022977529,1.116090645516915
1.152,8.229,5.133116107021545,1.1442431790424543,1.0337423236455012,1.2306193076596403
1.466,15.502,12.582712936168308,1.3728958721947726,1.2763984318036918,1.4518602451609708
1.722,8.155,5.256073318079212,1.9998001143533697,1.9205973067588997,2.065797975315738
1.984,9.772,7.0927351620368055,2.4382990983920134,2.326336004683565,2.5269714590633403
2.042,6.497,3.549451139468696,2.832771774463228,2.7150168477534553,2.9238864531183384
2.115,9.881,6.91362266167408,3.0078635040305124,2.8730759562599686,3.114427133119004
2.115,5.306,2.433297522336507,3.216394361290733,3.0540715734268886,3.345259322061906
2.108,7.381,4.253731519111398,3.2064590669616164,3.018117413318269,3.355817085169326
2.086,5.057,1.9476597599618413,3.1721689748898396,2.95785439028137,3.3181393895948568
2.042,3.495,0.5658521497085882,3.011656289969792,2.7881004975414942,3.18905506194459
2.027,3.336,0.25173649511900864,2.7226991510427916,2.484232939510953,2.88119737043436
2.027,1.287,0.0,2.3705821167814993,2.142028614897998,2.547447922042877
2.013,1.342,0.0,1.9990135601642876,1.766878145821002,2.161378524298305
1.949,1.061,0.0,1.639757524737966,1.413787035253891,1.7987420843870667
1.83,1.722,0.0,1.3169475074477823,1.1046073429346182,1.4648383909957148
1.689,4.289,1.1600857155843922,1.0402307329478246,0.8588629178253309,1.1692412697856107
1.617,1.445,0.0,0.8595293271237081,0.7006825416298541,0.9762684300994656
1.572,1.664,0.0,0.6937161586255052,0.5613964995035867,0.7930894257492234
1.547,2.721,0.0,0.5459166969766654,0.4275802964917346,0.6322418701711101
1.509,3.968,0.9651533321288968,0.4212578183512694,0.3222550133261893,0.49483923879757313
1.46,4.275,1.2455622878196992,0.3648355752819179,0.28665453941580843,0.423917682408209
1.454,3.769,0.5257688991095253,0.36447976424261447,0.302323268197016,0.4135629980273848
1.541,3.699,0.4180064728803825,0.3552253675001793,0.303668697462029,0.39629678825665404
1.46,1.068,0.0,0.3379586909152872,0.29485779038676296,0.37196697974374204
1.429,1.788,0.0,0.2973077830409584,0.25946655194438045,0.3277714800870678
1.46,4.78,2.1124655051160923,0.2502614405949786,0.21264272217474625,0.27647577961231934
1.264,4.012,1.513489458503125,0.30324128663188155,0.27544995353643403,0.3247155192408731
1.31,2.183,0.0,0.37683224774823565,0.3550356254137524,0.39498377969816384
1.497,0.709,0.0,0.37824403027474635,0.3494256981765123,0.39780117543312277
1.454,0.129,0.0,0.3427195751835616,0.3130166251367818,0.36388354069670303
1.339,0.06,0.0,0.2927128536136571,0.25963368956992333,0.3157126210177007
1.213,0.295,0.0,0.23967168737320044,0.21149051935774893,0.2609545717996986
1.082,0.228,0.0,0.19010189897673682,0.16200599827496062,0.21028219478308466
0.929,1.205,0.0,0.14657641830871815,0.12071180306476142,0.1657513383282012
0.924,2.821,0.018134314179294453,0.11024526604705231,0.08772063493913354,0.1261839217734719
0.881,3.934,1.180302292386922,0.08210475087132034,0.06301325998687492,0.09582136018129628
0.895,4.439,1.6999599201707758,0.11764795042265301,0.10486422243844626,0.12699665797676984
0.905,3.237,0.6404036974739538,0.2060365661203384,0.19748841948480314,0.21258237337239824
0.954,3.411,0.9932868719931252,0.25928722308054386,0.24849879886818763,0.2687482562469771
1.158,1.534,0.0,0.30976039700306673,0.29804489489991254,0.32148593046437923
1.287,1.024,0.0,0.305300891957957,0.28807318468037085,0.31909069921179606
1.202,3.46,1.031036865009359,0.27326862620296083,0.25249887450931074,0.2887463758058851
1.03,0.969,0.0,0.2815350600049008,0.2613329824465799,0.29537841324295105
0.964,0.148,0.0,0.2590811293326879,0.236648476870975,0.2744799370209507
0.999,0.054,0.0,0.22251415663128246,0.19978950284397143,0.2387521959861467
0.994,3.248,0.3979247013346714,0.18244242464912083,0.1597477057655288,0.19772512971749193
0.885,3.333,0.8523332030198367,0.16393253168227823,0.14314754927726336,0.1791743793509531
0.833,0.131,0.0,0.17976715704200302,0.16208655244771397,0.1915365486599367
0.876,1.26,0.0,0.1699438191986476,0.15254095104731205,0.18225770313423473
1.02,0.25,0.0,0.14777417456030353,0.13139193975361577,0.15986328480760373
0.914,0.103,0.0,0.12144889813664352,0.10560964811131729,0.13273471375385304
0.806,0.099,0.0,0.09629828625710714,0.08230844364829112,0.10688927662638603
0.743,0.285,0.0,0.07382831518745792,0.06004318138828531,0.08321347000907538
0.695,0.313,0.0,0.055015889069039585,0.04322064252463209,0.06353620288230465
0.316,0.016,0.0,0.04009209429610378,0.03016599145512138,0.04720462988414998
0.645,0.02,0.0,0.028611427956002394,0.02036036341214935,0.03451034310329992
0.629,0.954,0.0,0.019970815851856075,0.013586950790577458,0.024643369960112294
0.613,1.185,0.0,0.013664355696966226,0.00874267649309892,0.017255059354559864
0.597,0.231,0.0,0.009217358329794008,0.005677093627371537,0.011947819898063058
0.597,0.159,0.0,0.006073419940908649,0.0035468978999343053,0.008093934796062083
0.295,0.11,0.0,0.003949460969261181,0.00219848067162896,0.0054516199675854506
0.575,0.12,0.0,0.0025286059623176723,0.0013201563644134108,0.003555519389114151
0.528,0.848,0.0,0.0016061453211577413,0.0007971833255892041,0.002311123521001168
0.475,1.361,0.0,0.0010121683045928118,0.00047571586020200417,0.0014955978551043035
0.435,0.894,0.0,0.000631433236627267,0.00027952730058148544,0.0009544626644393848
0.369,0.168,0.0,0.0003967445694910308,0.00017525270435518971,0.0006083385709352328
0.356,0.316,0.0,0.0002495848716128845,0.0001112033298969431,0.0003824525072017221
0.33,0.205,0.0,0.00015826139644905117,6.738898898773932e-05,0.00024708470357338126
0.295,0.558,0.0,0.00010155297208371381,4.273511559251581e-05,0.0001613905034685777
0.289,0.093,0.0,6.510627160345808e-05,2.714775431602587e-05,0.00010313318211394116
0.284,0.0,0.0,4.244384615227184e-05,1.7404324122303627e-05,6.733698018665113e-05
0.278,0.003,0.0,2.7871514685482718e-05,1.1820538704501899e-05,4.4393974229939614e-05
0.273,0.064,0.0,1.8345348933388735e-05,7.2307403805059375e-06,2.9420476846746587e-05
0.262,0.0,0.0,1.2162315573444673e-05,4.748935220870982e-06,1.9794843432903984e-05
0.262,0.009,0.0,8.10385013640323e-06,3.0194489030422452e-06,1.3424012275232306e-05
0.262,0.245,0.0,5.385464443654257e-06,2.0115306702732183e-06,8.921748835117109e-06
0.247,0.66,0.0,3.6020672959615207e-06,1.342975658052997e-06,6.063042138334916e-06
0.242,1.319,0.0,2.4142842908508097e-06,8.510442262913693e-07,4.0927434802056215e-06
0.237,0.349,0.0,1.6165008337831445e-06,5.559643823460824e-07,2.7579011553253783e-06
0.242,0.31,0.0,1.0828110767783866e-06,3.5813024368856634e-07,1.888631947013465e-06
0.224,0.57,0.0,7.315003219962128e-07,2.4198667596376443e-07,1.3077516379861058e-06
0.219,1.26,0.0,4.916966105709124e-07,1.556255760614791e-07,8.765353919764581e-07
0.206,0.388,0.0,3.3119351550888875e-07,1.0144042120663958e-07,5.945426365760148e-07
0.198,0.008,0.0,2.2413472411153335e-07,6.839758762279512e-08,4.068721421703211e-07
0.194,0.005,0.0,1.512783580629857e-07,4.163527104567331e-08,2.7992293520957235e-07
0.19,0.001,0.0,1.0181284242496394e-07,2.8553099558823256e-08,1.907900863006119e-07
0.186,0.046,0.0,6.923566612682318e-08,1.777673431281035e-08,1.3001801727518028e-07
0.182,0.008,0.0,4.6826988360840134e-08,1.2203119094994919e-08,8.966311629640214e-08
0.182,0.007,0.0,3.192667586704608e-08,7.2564417954818146e-09,6.166025497415007e-08
0.182,0.025,0.0,2.1467400164803463e-08,5.123759832061142e-09,4.206619228485237e-08
0.155,0.0,0.0,1.4734537332934832e-08,3.066597749548107e-09,2.9539717161468856e-08
0.186,0.058,0.0,9.877966890852461e-09,1.8408163020596761e-09,1.98244174564461e-08
0.178,0.052,0.0,6.864291311786643e-09,8.084545313323588e-10,1.4117001587951283e-08
0.174,0.037,0.0,4.58437372773808e-09,0.0,9.346349915347336e-09
0.174,0.041,0.0,3.2353407141999597e-09,0.0,6.782870256526595e-09
0.171,0.039,0.0,2.1568860559869963e-09,0.0,4.72936677716008e-09
0.167,0.027,0.0,1.5797522426646667e-09,0.0,3.6065209125452622e-09
0.167,0.062,0.0,1.0485864400710909e-09,0.0,2.6393568153068454e-09
0.16,0.0,0.0,8.066010468871777e-10,0.0,2.4249952767575375e-09
0.157,0.032,0.0,5.447251418125141e-10,0.0,1.6635990819049417e-09
0.157,0.036,0.0,4.351194684908991e-10,0.0,1.4620743306244857e-09
0.153,0.001,0.0,3.004374282979561e-10,0.0,1.0592297626242857e-09
0.143,0.045,0.0,2.4025122658508904e-10,0.0,8.749674717175839e-10
0.14,0.012,0.0,1.679081016389355e-10,0.0,6.5411248549462e-10
0.137,0.031,0.0,1.3152662109113604e-10,0.0,4.98088364521309e-10
0.131,0.005,0.0,9.039678397332129e-11,0.0,3.526325320449413e-10
0.131,0.05,0.0,6.910386347306177e-11,0.0,2.6136119941912134e-10
0.134,0.091,0.0,4.75526065029624e-11,0.0,1.8736310804395899e-10
0.137,0.17,0.0,3.5650414208262624e-11,0.0,1.3882744420806118e-10
0.134,0.009,0.0,2.438220101998834e-11,0.0,9.701074268785227e-11
0.134,0.0,0.0,1.816666921796788e-11,0.0,7.186577999656895e-11
0.128,0.036,0.0,1.2382415834023668e-11,0.0,5.016902305208445e-11
0.125,0.0,0.0,9.235154841121961e-12,0.0,3.7202228765397205e-11
0.123,0.0,0.0,6.2991593981932175e-12,0.0,2.5944867608569422e-11
0.12,0.093,0.0,4.695918986574202e-12,0.0,1.9258203643029047e-11
0.12,0.019,0.0,3.2052535219588227e-12,0.0,1.3417366229501853e-11
0.12,0.008,0.0,2.3883770739629977e-12,0.0,9.969252384587115e-12
0.085,0.037,0.0,1.6313350445541053e-12,0.0,6.938779544775687e-12
0.117,0.066,0.0,1.2150368424150493e-12,0.0,5.160709431862295e-12
0.117,0.189,0.0,8.304689291347922e-13,0.0,3.5883839480069184e-12
0.117,0.222,0.0,6.182706872428458e-13,0.0,2.671506431218803e-12
0.102,0.0,0.0,4.228648022389829e-13,0.0,1.855729712068496e-12
0.103,0.0,0.0,3.1467986402351053e-13,0.0,1.3829390535484588e-12
0.102,0.0,0.0,2.153654968957549e-13,0.0,9.596890456548513e-13
0.1,0.004,0.0,1.6019862978767466e-13,0.0,7.158958724183505e-13
0.099,0.006,0.0,1.0970987069561779e-13,0.0,4.963023758054337e-13
0.097,0.01,0.0,8.157304486675777e-14,0.0,3.7059254289691763e-13
0.096,0.082,0.0,5.589961786852996e-14,0.0,2.566623527761301e-13
0.096,0.0,0.0,4.154617986075188e-14,0.0,1.9184191199315544e-13
0.094,0.0,0.0,2.8488142796257404e-14,0.0,1.3273271817160346e-13
0.093,0.014,0.0,2.116462648636552e-14,0.0,9.930938959759012e-14
0.091,0.058,0.0,1.4521458191959453e-14,0.0,6.864261273299493e-14
0.097,0.164,0.0,1.0784096744607541e-14,0.0,5.140876030218374e-14
0.09,0.098,0.0,7.403648121576062e-15,0.0,3.549846903462087e-14
0.091,0.019,0.0,5.496031212213238e-15,0.0,2.661239434135209e-14
0.091,0.004,0.0,3.775456252516862e-15,0.0,1.8358003206091353e-14
0.09,0.099,0.0,2.801595764517261e-15,0.0,1.3776242199630963e-14
0.091,0.045,0.0,1.9256615319601343e-15,0.0,9.493825821243626e-15
0.091,0.0,0.0,1.4284046769783192e-15,0.0,7.13144585374561e-15
0.09,0.107,0.0,9.823721436288771e-16,0.0,4.909770971568324e-15
0.09,0.145,0.0,7.284256527527069e-16,0.0,3.6916830631835566e-15
0.09,0.047,0.0,5.012523834625785e-16,0.0,2.5391512936490375e-15
0.065,0.026,0.0,3.7154042041531194e-16,0.0,1.911046389276848e-15
0.089,0.04,0.0,2.5581144365105623e-16,0.0,1.3131547952657828e-15
0.087,0.064,0.0,1.8954506740182118e-16,0.0,9.892773139449943e-16
0.086,0.034,0.0,1.305766113574098e-16,0.0,6.791149158487989e-16
0.085,0.0,0.0,9.67170910765021e-17,0.0,5.121119037743833e-16
0.085,0.0,0.0,6.666402772428494e-17,0.0,3.512130259135009e-16
0.083,0.0,0.0,4.936021519785144e-17,0.0,2.6510119911330584e-16
0.082,0.03,0.0,3.404060572928686e-17,0.0,1.8163434015179265e-16
0.082,0.033,0.0,2.5196065250512898e-17,0.0,1.3723298620009106e-16
0.083,0.101,0.0,1.7385270358658518e-17,0.0,9.393453859400368e-17
0.085,0.034,0.0,1.2863793773134753e-17,0.0,7.104038977715704e-17
0.085,0.01,0.0,8.880612953016e-18,0.0,4.8579456602258206e-17
0.083,0.264,0.0,6.5687828133029634e-18,0.0,3.67749556661697e-17
0.082,0.0,0.0,4.537124171210672e-18,0.0,2.512349174402009e-17
0.081,0.017,0.0,3.3548960697351278e-18,0.0,1.9037020623016894e-17
0.081,0.415,0.0,2.318427612634402e-18,0.0,1.2992937382297068e-17
0.079,0.478,0.0,1.7137617224073117e-18,0.0,9.854754354040653e-18
0.078,0.2,0.0,1.1848967589984268e-18,0.0,6.719464938122239e-18
0.078,0.132,0.0,8.755841492208274e-19,0.0,5.101438159568934e-18
0.077,0.562,0.0,6.056762423254421e-19,0.0,3.475057852332193e-18
0.076,3.874,1.5213584347014892,4.474250887124635e-19,0.0,2.6408239495697556e-18
0.076,0.308,0.0,0.07482368923067761,0.07206481352525619,0.07916283297229447
0.077,0.16,0.0,0.09944475551623287,0.09514305345879169,0.10330810390288256
0.077,0.04,0.0,0.10087536393024618,0.09548603593160795,0.1050319325287526
0.077,0.004,0.0,0.08978303367424166,0.08466948834085819,0.0944595816066975
0.218,0.374,0.0,0.07516203965123222,0.06919159965231653,0.08012541298676541
0.076,0.657,0.0,0.06003245960010603,0.053334741082876426,0.06471961026080376
0.076,0.27,0.0,0.046273270838495736,0.039575705701639756,0.05118347158875787
0.074,0.287,0.0,0.034591112990133455,0.028550817698611758,0.03880053926770906
0.076,0.187,0.0,0.025060225041745255,0.0198589424713009,0.02861291133470134
0.074,1.007,0.0,0.017797319301411086,0.01339214176841255,0.020894272630737638
0.077,0.295,0.0,0.012367416539778162,0.008853827008383783,0.014880984328688427
0.077,0.563,0.0,0.00842690004862029,0.005722242239525238,0.010446654812959219
0.077,2.109,0.0,0.005648505065807298,0.0036343292032375765,0.007179796712872725
0.076,1.501,0.0,0.0037135656095383515,0.0022500341883643607,0.004850528754375408
0.077,0.28,0.0,0.0024094350232204205,0.0013899899015228988,0.0032159550652467333
0.078,0.261,0.0,0.0015480743245602428,0.0008404160941781518,0.002125842657323491
0.079,0.112,0.0,0.0009847533623765655,0.0004998540545764116,0.0013907468288450904
0.078,0.272,0.0,0.0006222284202839827,0.00030610290800030975,0.0008968054682416645
0.078,0.02,0.0,0.0003934672363570408,0.00018905436161599398,0.0005774059869795317
0.077,0.029,0.0,0.0002493706233341692,0.00011794591448004548,0.00036964803788740766
0.085,0.018,0.0,0.00015908806872219934,7.420854989585592e-05,0.00023989437007478968
0.082,0.001,0.0,0.00010187336183994012,4.670219477909776e-05,0.00015407911950002942
0.082,0.001,0.0,6.603179718861519e-05,2.9635778459281957e-05,0.0001008096037303999
0.082,0.009,0.0,4.275876321699816e-05,1.91654400687995e-05,6.593271664751135e-05
0.083,0.045,0.0,2.8195360948703737e-05,1.2143673636485481e-05,4.401094354958989e-05
0.082,0.026,0.0,1.856538533761705e-05,8.015621209183601e-06,2.9116494939536604e-05
0.082,0.047,0.0,1.2301516121465776e-05,5.106914532305665e-06,1.942873023505358e-05
0.082,0.044,0.0,8.177568448495372e-06,3.310505376584538e-06,1.320048551269901e-05
0.08,0.043,0.0,5.4245364253166055e-06,2.079793755772883e-06,8.721110184630663e-06
0.082,0.535,0.0,3.6351476280295027e-06,1.4172136076741e-06,5.946297138757288e-06
0.08,0.024,0.0,2.430243344944968e-06,9.015972926282645e-07,4.018869245463559e-06
0.08,0.199,0.0,1.63335494313718e-06,5.859111793210916e-07,2.7397486800824394e-06
0.08,0.319,0.0,1.096469141439553e-06,3.8307751487939405e-07,1.8528474276011031e-06
0.079,1.003,0.0,7.359722944757849e-07,2.5509960508813356e-07,1.2788797265002724e-06
0.08,0.613,0.0,4.969233449958692e-07,1.6818057650820356e-07,8.63665865338971e-07
0.079,0.939,0.0,3.3414428342628217e-07,1.1238213100878003e-07,5.907897798367999e-07
0.076,0.617,0.0,2.251507775755361e-07,6.975968889394202e-08,4.007365675073539e-07
0.076,0.172,0.0,1.5276794353304282e-07,4.8173786472134785e-08,2.741102669643306e-07
0.075,0.338,0.0,1.0314058642092859e-07,2.9897396732468327e-08,1.8888332426509306e-07
0.076,0.863,0.0,6.950275875860633e-08,1.9350376888663236e-08,1.2839857825208922e-07
0.076,0.693,0.0,4.71751260664425e-08,1.3152477555825605e-08,8.88390480739012e-08
0.074,0.194,0.0,3.210018787811327e-08,8.713671913050009e-09,6.028135780767485e-08
0.075,0.198,0.0,2.1595892837461954e-08,5.131501487930753e-09,4.119115807540881e-08
0.075,0.36,0.0,1.4816640517357137e-08,3.2171256332420544e-09,2.8779850323057726e-08
0.072,0.958,0.0,9.984996480655526e-09,1.7718981214645582e-09,1.9600488850988164e-08
0.074,3.654,0.43846821048826756,6.85044134320964e-09,8.883368680547197e-10,1.3714246005677976e-08
0.074,6.077,3.5019358482404344,0.021564816839886727,0.020769688994749198,0.022815392758933892
0.074,3.234,0.2815575012812763,0.1997414832620792,0.19284179304016644,0.21060504137067546
0.078,3.416,0.43708296447126616,0.27757808963458785,0.2651567759210627,0.28984653880403066
0.078,0.719,0.0,0.31098384966167075,0.29700258514808286,0.32579050181777136
0.14,0.0,0.0,0.2985307893099968,0.2846631104964772,0.31237449147711127
0.079,0.001,0.0,0.26326070288389686,0.24850117482205392,0.27634639940363237
0.079,0.002,0.0,0.2196221070906349,0.20101047452827672,0.23327052710715826
0.079,0.449,0.0,0.17697979833812447,0.15696242100440563,0.19016519830033185
0.128,0.012,0.0,0.13774335826579912,0.11855976553631388,0.15159362607385962
0.109,0.833,0.0,0.1046682883218629,0.08636389418366612,0.11687566258145565
0.078,1.735,0.0,0.07744657357620376,0.06134818972520364,0.08887496980770637
0.076,2.259,0.0,0.05624098597326679,0.04272696982319993,0.06572478720604173
0.076,0.572,0.0,0.04002576589834976,0.029457465209591,0.047794827994713365
0.075,1.446,0.0,0.02784055480057789,0.019118616584700647,0.0340864462597902
0.075,3.69,0.14672403911968512,0.01901699993348769,0.0124676878263524,0.023983668746179358
0.074,2.416,0.0,0.019965925605002575,0.015546970080564696,0.023450498867918404
0.074,5.757,2.208377687435538,0.017840513391046572,0.014316796852549305,0.020661296080968106
0.074,4.987,1.4896349295042453,0.12324748160077792,0.12090654054275206,0.12704891498345033
0.075,5.523,2.1699053251142866,0.23237610154136257,0.22419279548906001,0.24094697120673056
0.078,5.086,1.314430581156103,0.36901532790159053,0.3569816799066754,0.3809819446151538
0.076,1.613,0.0,0.46788115637556543,0.44946870454827026,0.4866264887915766
0.076,0.398,0.0,0.47454520401472483,0.4486073297090603,0.49515526114196545
0.085,0.099,0.0,0.4347846612749019,0.41224991946356954,0.45572006085368955
0.085,0.156,0.0,0.37447314178711266,0.3462493105513856,0.39826473853160077
0.08,0.525,0.0,0.308404270046383,0.2780813158142402,0.3305301665797444
0.078,0.014,0.0,0.24568916778691086,0.2136417386381629,0.2663320301913705
0.075,1.805,0.0,0.19144646080124378,0.16158111601528125,0.21110116486749703
0.075,2.213,0.0,0.14463807225222697,0.11676068036359834,0.16316825856121403
0.074,0.02,0.0,0.10731537324908576,0.08358749995227567,0.1239338284865457
0.074,0.155,0.0,0.07781449775689435,0.05737186186797864,0.09132344004036398
0.071,0.061,0.0,0.05541220169253565,0.039200015338609874,0.06662221091638977
0.071,0.512,0.0,0.038755473374317034,0.025811775154570987,0.048213298772047705
0.07,0.307,0.0,0.026558897367588152,0.01646451653223948,0.03368960950434318
0.068,1.579,0.0,0.0178039926604812,0.010312019943852377,0.023406557993604745
0.074,2.793,0.0,0.01178844726953346,0.006486598878253487,0.01599144901239457
0.08,7.353,3.6980781062769283,0.007632050622655328,0.0038570954542374116,0.010619876622396496
0.145,8.016,4.681585809439965,0.18676037217148958,0.18198079146991367,0.19509803326035646
0.152,3.61,0.24442839939438832,0.4819871771595196,0.46446634839413337,0.5034810283791279
0.152,7.621,4.210799913782765,0.5979998536881087,0.5729554003812966,0.6260283776632923
0.155,4.719,1.0078491192258539,0.8103134390431505,0.7764556694445846,0.8354146313340672
0.183,1.818,0.0,0.9003606194138838,0.8675777199659481,0.9325200728352696
0.195,3.029,0.0,0.8710133438969101,0.8254738731509135,0.9091271778427693
0.275,10.409,6.7051055616799555,0.7801015299460903,0.7294451445185698,0.8225317032029226
0.283,6.856,3.036672869551636,0.994868722966485,0.9568863415970296,1.0270757800376733
0.308,3.992,0.455746001329981,1.1725673429939425,1.1220696524836369,1.2147149883649917
0.474,1.172,0.0,1.1893934172527623,1.1213971082688807,1.2379761372152969
0.58,0.233,0.0,1.1001316405549206,1.0289047543657475,1.155183869233008
0.491,0.674,0.0,0.962392580457317,0.8829587785172593,1.0213141388371216
0.457,0.259,0.0,0.8064657489990181,0.7217960657496193,0.8643590587126526
0.192,1.921,0.0,0.6563295832456718,0.575682397285374,0.7134482450401978
0.275,1.618,0.0,0.5201028167601519,0.4363402446027056,0.5746837692578239
0.238,0.393,0.0,0.40377825547557594,0.33318545493806695,0.45389101605021254
0.22,2.787,0.0,0.3067352054763846,0.2466912933500535,0.35161922857797545
0.204,1.127,0.0,0.22887562899501274,0.17445243318822706,0.26872733277525485
0.192,1.083,0.0,0.16755010430016637,0.12249073622489745,0.20043204699541103
0.192,2.75,0.0,0.12040635805945758,0.08434707126850534,0.1466606971682143
0.192,10.067,6.758954011106191,0.08475328366321624,0.05603787102596,0.10591521655654085
0.204,5.701,2.326493971272468,0.39093136615647645,0.38400324946597814,0.39628022692764175
0.204,2.279,0.0,0.6200703154424865,0.6017115923415753,0.6369558206285536
0.204,0.029,0.0,0.6818509149183615,0.6510895547542602,0.7079596760563455
0.224,0.508,0.0,0.6536373575601336,0.6229229332365139,0.6796180775631365
0.267,1.984,0.0,0.581137055659529,0.5424425814038558,0.6101137121979993
0.252,2.115,0.0,0.49177327428912315,0.44837859624221976,0.5252007701795857
0.21,0.561,0.0,0.4017033323695474,0.3584839882184605,0.432303496244446
0.198,1.127,0.0,0.31782368318823223,0.27488389385100115,0.3489511126377085
0.185,1.07,0.0,0.24540031086052755,0.2037595822658951,0.2738153634630406
0.174,0.213,0.0,0.1863211674157052,0.14944303659419722,0.21184426501534925
0.18,0.635,0.0,0.13719842057266782,0.10466297638886984,0.16012390587384218
0.174,0.143,0.0,0.0999735675128074,0.07246246019801858,0.11851441375718888
0.163,1.498,0.0,0.07119429403851496,0.049215139295769296,0.08675577836233238
0.155,4.883,0.7559585184192832,0.04959513897188639,0.031630279186716015,0.062017115539537836
0.15,6.966,3.1262792838375755,0.07130086059881247,0.060221890807586394,0.07959127447232968
0.147,4.73,0.8687462334388769,0.22717145530485458,0.2215475539389887,0.23014388117481194
0.147,4.47,0.9019681001621671,0.3227213124809215,0.30941282170512185,0.3339445619872259
0.165,4.274,0.5171243514767814,0.38499795600630704,0.36639946043060756,0.3980257478082761
0.165,5.502,1.4681686360039148,0.40360043150779684,0.3860050628726806,0.422245367995095
0.207,3.438,0.0,0.4491029127884862,0.43007829670359965,0.46557709170137324
0.231,1.169,0.0,0.43070306174469375,0.40764588865222773,0.4519411031001505
0.22,0.731,0.0,0.38116320494253336,0.35127932681022017,0.40238771812966495
0.217,3.141,0.0,0.3206867922305137,0.2887065060404536,0.34236183637590845
0.207,1.483,0.0,0.25990733658680765,0.22735532662136768,0.28233538414082854
0.198,2.647,0.0,0.20418266722027947,0.17109209538151174,0.2256208259947801
0.185,2.069,0.0,0.15615973410483475,0.1256829897389237,0.17626229595152956
0.174,4.413,0.6869461181531369,0.1171157275268952,0.09129572865394818,0.13357561585028935
0.163,3.137,0.0,0.11964052571595198,0.09996714827801667,0.13315323002037294
0.158,15.235,12.027433873360321,0.10823722893963422,0.09178025400938294,0.1197505960494922
0.18,9.338,6.028521166177257,0.6826154544909754,0.6681351203465528,0.7045601806485625
0.21,7.327,3.825467008780526,1.2077883914234835,1.1626309896519003,1.2540520100025283
0.252,5.442,1.8287933606351738,1.572641013785894,1.5170988463023067,1.6310395902797865
0.362,3.559,0.2951937436545835,1.7285329607955209,1.6558741778302302,1.7893784113384432
0.711,1.934,0.0,1.6874660070058562,1.6047071781087614,1.760250588444792
0.791,1.093,0.0,1.5251234167313181,1.4332369729297674,1.607708367182271
0.742,1.502,0.0,1.3163443129648031,1.213251883532412,1.4066132280426669
0.601,2.231,0.0,1.1009848549124703,0.9918654119159626,1.1756467080818311
0.48,0.567,0.0,0.8940808316927752,0.7749916911530337,0.975180366765263
0.372,1.626,0.0,0.7077664450623078,0.5917207311539173,0.7826313885859584
0.355,6.66,2.839629516346023,0.549181899447031,0.4435184802344843,0.6192050035848506
0.321,7.09,3.6402961791415964,0.557986764845097,0.47468463053040283,0.6154633690324284
0.304,7.974,4.215801624673496,0.6914924302419112,0.6273629715735308,0.7362001935868633
0.304,3.331,0.0,0.9060845035548073,0.8502669661094293,0.9458168721222311
0.344,4.973,1.2670332266348718,0.9421994994511476,0.886222123643223,0.9874027437990577
0.441,7.31,3.8444111337090487,0.9464453649450743,0.8827900991653406,0.9913208731813109
0.54,7.724,4.199161190600206,1.050541338076804,0.9972454339143568,1.0949822208772335
0.646,2.967,0.0,1.2274087295001614,1.1715404244875554,1.2725895093918167
0.786,1.721,0.0,1.2141452614904054,1.1381059717271151,1.2735926225452532
0.719,1.661,0.0,1.1116942703089485,1.0319722962883153,1.1697582464384144
0.746,2.035,0.0,0.9618791145490329,0.8685512926098873,1.0239816186125024
0.666,4.412,0.6290873007073032,0.799919406621046,0.7009814178468426,0.8660040755547489
0.549,0.785,0.0,0.6796979462819971,0.5869791554775214,0.7420342393750476
0.513,0.365,0.0,0.5573672559019769,0.47922681806713996,0.6122198714695432
0.513,0.252,0.0,0.44451744286681444,0.37245215823653666,0.49517627234363576
0.47,0.685,0.0,0.3470128619321442,0.2817298833420846,0.3941008249290471
0.41,0.017,0.0,0.26300405624356277,0.2057485689702573,0.303524540032727
0.369,2.47,0.0,0.19666653984120483,0.14779908779708206,0.23084645418989203
0.337,2.205,0.0,0.14420904908337212,0.1052188604406031,0.17263768838249932
0.311,4.608,0.7354251757185346,0.10356041796036715,0.07131382159340165,0.12686703803947189
0.264,5.675,1.9251330186885465,0.10905243620016736,0.08531532388918484,0.12638750132958412
0.289,0.737,0.0,0.1950086182039723,0.18236219782495364,0.20547527067816232
0.292,3.096,0.0,0.2170835599995939,0.20440915279862854,0.22851223673059903
0.304,8.518,4.651015101120938,0.20625590309519815,0.1913659756505361,0.21941192411027127
0.355,6.556,3.1682601068942415,0.4092681359653984,0.3988467835767149,0.41794079586975397
0.348,9.033,5.211189532566827,0.6286353295059985,0.6073460134025667,0.645508374362674
0.458,5.358,1.8694952136872218,0.9420881413794195,0.9129642246699875,0.9700822814177847
0.54,4.891,1.1091434246739507,1.1143546475284076,1.0674626266110907,1.154067003250136
0.549,6.235,2.6406434019609635,1.1655611614979229,1.105549357829894,1.2122208031538537
0.93,5.405,2.0313029205074873,1.229672187080264,1.1776586809359426,1.2703585307483263
0.85,2.48,0.0,1.259263800199457,1.197673144409,1.3108500947440094
1.091,0.067,0.0,1.1763358980511815,1.0910300204716297,1.2272870697019205
0.914,0.746,0.0,1.026624669050388,0.9456573663893554,1.0922003831991223
0.738,2.517,0.0,0.8632626535356044,0.7708508538055031,0.922783106794729
0.566,1.038,0.0,0.7052881406484751,0.6193982397093349,0.767152915688519
0.51,3.156,0.0,0.5626399768281797,0.4812306311450745,0.619819006463535
0.437,3.065,0.0,0.4355441206128865,0.3600933247452207,0.49037530470007956
0.413,5.551,1.7273759667726676,0.3323824746142983,0.26420313414129504,0.3787289610104916
0.379,5.007,1.7862275452201968,0.3328517064998986,0.28081694068679586,0.37140600357416037
0.433,4.571,1.059780876683416,0.38998618809661406,0.35128252849593355,0.4190883029769425
0.529,13.845,10.573964884273435,0.43491057234042685,0.4011643854378401,0.46138869294247953
0.689,9.851,7.454822891747109,0.9366775837447758,0.9143537508919569,0.9524501408708667
0.711,2.319,0.0,1.48374110469497,1.4312191239652081,1.5223698112328514
1.385,1.523,0.0,1.6529129313143636,1.5810515227453696,1.7175366879626157
1.436,2.607,0.0,1.6047250216084252,1.5189920396044958,1.679791288773165
1.256,7.517,3.891924008090946,1.4528754495414238,1.3550850850974354,1.5304934421409642
1.062,5.194,1.2599788584354594,1.4470509452027271,1.359544806647248,1.5169818762018552
0.927,3.163,0.0,1.3896412542067074,1.2894689786450386,1.4616956317166747
1.142,5.547,1.6806397660966277,1.2415351626639286,1.13908405589567,1.3214088188760553
1.142,7.913,4.241466800141394,1.1445619704160976,1.0301004319819809,1.2278830915810177
1.12,8.286,4.908130804928302,1.206457560597311,1.1217081145756784,1.2733863450450802
1.098,4.594,1.1909650767809392,1.3787023713350164,1.2852175001744879,1.4439583697030476
1.24,7.662,4.434209781747985,1.4170375568020048,1.3183403621175103,1.488225430721952
1.336,11.599,8.426021733031835,1.539137680359853,1.4532587200313396,1.6089845956542044
1.377,5.796,2.2068409964542637,1.895359723831686,1.8177489091416466,1.9660863124513193
1.743,6.52,2.937058597868041,2.0444851725081064,1.9448723640468464,2.1280142421978994
1.9,0.901,0.0,2.1083988596474486,1.9996324852809844,2.1999758764209085
1.705,2.621,0.0,1.9768416527566455,1.8462436655219274,2.079972818244993
1.352,4.802,1.3132225259945711,1.7492626597003373,1.6068554405864917,1.8590514702909868
1.157,4.019,0.5451872439429359,1.5517600381671202,1.4158948826991544,1.6624033854328926
1.105,2.768,0.0,1.3528506990653641,1.22116920102826,1.454109534946455
1.12,1.057,0.0,1.1330269766033216,0.9989772389772066,1.237793073172232
1.014,0.687,0.0,0.9214044513745531,0.7914121732462738,1.014960003265533
0.901,0.417,0.0,0.7335007518652455,0.6134739932077102,0.8215261897291385
0.761,0.42,0.0,0.5703975678137942,0.46369545266940265,0.6507422326551212
0.657,1.228,0.0,0.43618710975004765,0.3431496872402228,0.5050827041463256
0.566,1.068,0.0,0.32779988164818724,0.24827865850579175,0.3860776057013496
0.515,0.731,0.0,0.24104916553708983,0.1743595448121158,0.2894848431979226
0.45,1.927,0.0,0.1746535814576082,0.12157180146404503,0.2141713318178011
0.429,4.905,1.4881056508216806,0.12440236251830895,0.08130636637709993,0.15632976531326703
0.433,6.109,2.8262899866096616,0.16025971233044947,0.13224531928174368,0.18329187140214612
0.433,5.349,2.122212012726247,0.3001183541364088,0.2861801101139045,0.31325863296198897
0.547,8.991,5.842764762500375,0.4448909452402843,0.4289965941816318,0.4611780632259652
0.82,10.187,7.463297382944004,0.7638395279815708,0.7433419433083527,0.7816712837585515
1.105,9.151,6.39137954098108,1.228435380450522,1.1882219813408577,1.2606107743045822
1.256,4.791,1.71114461884589,1.6851450073472047,1.6235831732818333,1.7360735308934567
1.522,4.301,0.8482446350617465,1.876159875778122,1.7841612884608875,1.9451394791864043
1.705,5.16,1.6803007159095515,1.8722330805246776,1.7869498373607446,1.9468207190077644
1.791,3.544,0.23541813392759758,1.8035290729591307,1.7078474448360963,1.8863459663413034
1.368,1.94,0.0,1.639601454115325,1.519267938470151,1.7156665010728271
1.256,0.962,0.0,1.4106439341110626,1.297757489721465,1.5017429462525016
1.091,0.674,0.0,1.179217463418689,1.0410704486969031,1.2678616226987196
0.966,0.973,0.0,0.9568138677320445,0.8345213952723574,1.0455365541090402
0.802,1.284,0.0,0.7603303312716924,0.6502151920905015,0.842790011651857
0.722,1.129,0.0,0.5904972781996766,0.48155386625806756,0.6675182223109586
0.626,2.103,0.0,0.45158233610043863,0.36047612233328413,0.519723030197553
0.566,2.873,0.0,0.3387084946643355,0.25658065368566724,0.3954712388105264
0.529,2.352,0.0,0.249666150592254,0.18185921377382422,0.29918780436831294
0.501,6.639,3.4071221127440596,0.18010913123454692,0.1244104369954911,0.21988261588591704
0.479,15.059,11.99659847060824,0.2959800677899252,0.26127765233621014,0.3218521363044076
0.481,11.031,8.009591250487475,0.9145362960384829,0.8955302502272143,0.9300865915936475
0.737,5.468,2.654163793706558,1.5470542158626035,1.492369467923188,1.592906508075881
1.142,3.225,0.3083261137132691,1.886102993872969,1.8063066191724069,1.94799290883247
1.666,0.955,0.0,1.9342349187035275,1.8515597483818216,2.0166206016960277
1.303,0.41,0.0,1.8073710731104768,1.7208658708203095,1.893550168731963
0.995,0.22,0.0,1.5943577858455535,1.4806166971534698,1.6795858747226657
0.797,0.55,0.0,1.351334862284141,1.2302105503314895,1.4394172763478745
0.627,0.052,0.0,1.1132848077247657,0.9905119573807776,1.199747608697335
0.575,0.355,0.0,0.8933878848398604,0.7763061054998351,0.9780864555450923
0.527,1.332,0.0,0.7020879762133657,0.5859888002053337,0.780848490062971
0.737,0.461,0.0,0.541287087607695,0.43326843895540307,0.6141435178916035
0.438,0.535,0.0,0.41001655625274314,0.3208717644336184,0.4744352664256527
0.434,1.365,0.0,0.3049557507302243,0.22527374452574508,0.3596420925602118
0.414,0.24,0.0,0.22326746047715207,0.1578387492711328,0.2684881391396437
0.418,1.165,0.0,0.1599946023949198,0.10806247329879345,0.1968362207535294
0.418,0.403,0.0,0.11286670945965346,0.07183113370097806,0.14287610001852674
0.414,0.778,0.0,0.07834216011642989,0.047614434668442174,0.10157092535330371
0.41,0.008,0.0,0.053486371450936876,0.030391418038432143,0.07119751880803132
0.371,0.018,0.0,0.03575386233239301,0.018677361261219414,0.04886082289803204
0.342,0.002,0.0,0.023488369741707815,0.011808931998272109,0.03320569259278114
0.303,0.755,0.0,0.01510827003095257,0.006909391497837209,0.02212861228244404
0.304,0.164,0.0,0.009579235551926477,0.004068117593656425,0.014428704295865104
0.294,0.052,0.0,0.005945604730150908,0.002455594050547127,0.009295241882231974
0.284,0.015,0.0,0.003624096557279587,0.0013175905930780105,0.0058897806004418775
0.278,0.084,0.0,0.0021854229444118866,0.0007567685847204334,0.003671056469841054
0.272,0.065,0.0,0.0013027473725247458,0.0004415386929041573,0.0022326575546082637
0.266,0.455,0.0,0.0007750543843520798,0.00025821124049051433,0.001354656607199055
0.263,0.25,0.0,0.0004624586135295784,0.00015576888566631674,0.0008260816811015994
0.257,0.17,0.0,0.0002780492838926194,9.137812288624985e-05,0.0004941890305371733
0.254,0.078,0.0,0.00016922679609986325,5.7216725442312256e-05,0.0003012176684318463
0.214,0.0,0.0,0.00010542285923421405,3.62471836731742e-05,0.00018680439701923777
0.204,0.0,0.0,6.632548054584612e-05,2.227698631133309e-05,0.00011770472940734298
0.2,0.105,0.0,4.282363951379288e-05,1.4341322520932603e-05,7.562087836896754e-05
0.191,0.001,0.0,2.784892090524778e-05,9.443291628399558e-06,4.9240179516545634e-05
0.182,0.055,0.0,1.822497540354859e-05,5.9261922428080895e-06,3.212979674859018e-05
0.173,0.031,0.0,1.2098485176978791e-05,3.962095035046369e-06,2.1616471911408962e-05
0.169,0.0,0.0,8.058727648520093e-06,2.5468869472151594e-06,1.452210102845195e-05
0.161,0.0,0.0,5.3531419355281325e-06,1.6129439027078896e-06,9.722832168556877e-06
0.157,0.014,0.0,3.58378978370788e-06,1.0826818603072081e-06,6.540008625842506e-06
0.153,0.0,0.0,2.3976392608328628e-06,6.73046261879429e-07,4.441807318839724e-06
0.142,0.001,0.0,1.606734301612037e-06,4.4240681579704846e-07,2.9990244157830444e-06
0.142,0.16,0.0,1.083145517089018e-06,2.8285023929149484e-07,2.0396855055419757e-06
0.132,0.653,0.0,7.278791995074355e-07,1.9501389626469493e-07,1.3872524695267451e-06
0.129,0.216,0.0,4.908665085034223e-07,1.2469656266060372e-07,9.500102530147941e-07
0.125,0.006,0.0,3.3009350358818425e-07,8.232372595606923e-08,6.366824671511482e-07
0.122,0.0,0.0,2.2354936051380573e-07,5.474847916587821e-08,4.3873761263492763e-07
0.122,0.004,0.0,1.5084130869291e-07,3.528348906565955e-08,2.9966763777908533e-07
0.119,0.0,0.0,1.0190974036775825e-07,2.238484617486621e-08,2.0758099144643724e-07
0.116,0.0,0.0,6.934347894524806e-08,1.54144857136942e-08,1.4201572449882381e-07
0.116,0.002,0.0,4.684871982817366e-08,9.463022906187226e-09,9.685702727576106e-08
0.11,0.0,0.0,3.1786324929673943e-08,6.578036472165089e-09,6.567150091371605e-08
0.105,0.0,0.0,2.1572837585851564e-08,3.5483072511873153e-09,4.5192600807432944e-08
0.105,0.0,0.0,1.4684169493568514e-08,1.984290970479352e-09,3.094306259292513e-08
0.105,0.01,0.0,1.000963075628892e-08,1.2562639642404507e-09,2.1702715467172467e-08
0.102,0.013,0.0,6.830530109016646e-09,2.2635000209595338e-10,1.5030487601860157e-08
0.099,0.074,0.0,4.649030694292746e-09,0.0,1.0307163785045736e-08
0.099,0.241,0.0,3.2226654271381413e-09,0.0,7.141105985558373e-09
0.096,0.002,0.0,2.1784866099815485e-09,0.0,5.169515652657485e-09
0.094,0.045,0.0,1.5646952425284817e-09,0.0,3.630396661389519e-09
0.094,0.777,0.0,1.0756710267788116e-09,0.0,2.9339671032002276e-09
0.091,0.0,0.0,7.891974320263912e-10,0.0,2.1188396205974656e-09
0.091,0.467,0.0,5.593988327369717e-10,0.0,1.8125379413953062e-09
0.089,0.183,0.0,4.296404711054324e-10,0.0,1.4493162990964774e-09
0.084,0.05,0.0,3.1118160949011666e-10,0.0,1.1911934557956465e-09
0.084,0.001,0.0,2.4117902510780127e-10,0.0,9.126919131997692e-10
0.073,0.022,0.0,1.6743731642625513e-10,0.0,6.670820450260772e-10
0.073,0.001,0.0,1.344943889261514e-10,0.0,5.090771051934613e-10
0.08,0.065,0.0,8.820574956315762e-11,0.0,3.799042635630487e-10
0.078,0.01,0.0,7.258685519893403e-11,0.0,2.8362142312837145e-10
0.075,0.041,0.0,4.532064516550321e-11,0.0,1.9714302631306871e-10
0.075,0.0,0.0,3.7444231969715123e-11,0.0,1.4839900285785185e-10
0.073,0.071,0.0,2.3067369788596347e-11,0.0,1.0192373704726589e-10
0.075,0.011,0.0,1.9243744517685286e-11,0.0,7.790606412588622e-11
0.073,0.005,0.0,1.1738142816440456e-11,0.0,5.269498180324334e-11
0.073,0.088,0.0,9.798807205167169e-12,0.0,4.035099562884133e-11
0.067,0.018,0.0,5.970040271784478e-12,0.0,2.7243517462176645e-11
0.071,0.05,0.0,4.990653862945778e-12,0.0,2.0899565051558634e-11
0.069,0.084,0.0,3.0370650827011707e-12,0.0,1.4085008079808725e-11
0.069,0.387,0.0,2.5423812688937138e-12,0.0,1.082480901353851e-11
0.069,0.017,0.0,1.5453557929715142e-12,0.0,7.282005823395806e-12
0.071,0.241,0.0,1.2954519958816522e-12,0.0,5.606647333826876e-12
0.069,0.18,0.0,7.865005412216059e-13,0.0,3.7648263007917186e-12
0.067,0.047,0.0,6.602339206139399e-13,0.0,2.903930630037374e-12
0.067,1.233,0.0,4.003726070292149e-13,0.0,1.9464303425804028e-12
0.065,1.368,0.0,3.365647960904486e-13,0.0,1.5040741173131859e-12
0.065,0.77,0.0,2.0385582847103664e-13,0.0,1.0063123181972979e-12
0.067,0.013,0.0,1.7160597291077143e-13,0.0,7.790265154880139e-13
0.064,0.02,0.0,1.0381833001514833e-13,0.0,5.202675177372717e-13
0.065,0.006,0.0,8.751601015132796e-14,0.0,4.034922929759673e-13
0.064,0.014,0.0,5.288296275156924e-14,0.0,2.68980400410887e-13
0.064,0.039,0.0,4.464086361791858e-14,0.0,2.089865080881787e-13
0.067,0.0,0.0,2.6943070014645852e-14,0.0,1.3906394962591913e-13
0.067,0.064,0.0,2.277541142198107e-14,0.0,1.0824335807173147e-13
0.066,0.044,0.0,1.372987844095701e-14,0.0,7.189662174510259e-14
0.066,0.037,0.0,1.1622165737847752e-14,0.0,5.606402405327022e-14
0.067,0.0,0.0,6.997991115112577e-15,0.0,3.7170842892860415e-14
0.066,0.0,0.0,5.9318988946357334e-15,0.0,2.9038029273918365e-14
0.065,0.027,0.0,3.56751620877015e-15,0.0,1.9217475442268268e-14
0.064,0.145,0.0,3.0282026587010353e-15,0.0,1.5039929659909576e-14
0.065,0.261,0.0,1.819044018768368e-15,0.0,9.935512192007982e-15
0.065,0.018,0.0,1.5461775284687696e-15,0.0,7.789767068680233e-15
0.064,0.061,0.0,9.276923580848485e-16,0.0,5.136699818576893e-15
0.065,0.0,0.0,7.896156207374688e-16,0.0,4.0346246529773086e-15
0.064,0.0,0.0,4.732025943533569e-16,0.0,2.6556944969780044e-15
0.064,0.0,0.0,4.0332283612786303e-16,0.0,2.0896897104956333e-15
0.063,0.005,0.0,2.414190250242302e-16,0.0,1.3730047535461254e-15
0.064,0.0,0.0,2.0604846248415915e-16,0.0,1.082331929681132e-15
0.063,0.0,0.0,1.231901519069671e-16,0.0,7.098489895284636e-16
0.063,0.0,0.0,1.052844492251454e-16,0.0,5.605819850361543e-16
0.062,0.019,0.0,6.287232485284534e-17,0.0,3.6699478799718087e-16
0.062,0.0,0.0,5.38066793200365e-17,0.0,2.903473078197672e-16
0.062,0.0,0.0,3.2093789628362595e-17,0.0,1.8973778443144394e-16
0.07,0.001,0.0,2.7503255730991603e-17,0.0,1.5038221243162534e-16
0.061,0.018,0.0,1.638548785007656e-17,0.0,9.809519931884777e-17
0.062,0.001,0.0,1.4060696936409184e-17,0.0,7.78888221346967e-17
0.061,0.105,0.0,8.367073823509436e-18,0.0,5.071561348745726e-17
0.062,0.009,0.0,7.189576375794951e-18,0.0,4.034166352187989e-17
0.061,0.0,0.0,4.273292773252536e-18,0.0,2.6220176643562847e-17
0.061,0.001,0.0,3.676820086770712e-18,0.0,2.0894523387640957e-17
0.059,0.0,0.0,2.182858117898236e-18,0.0,1.3555937050612326e-17
0.059,0.0,0.0,1.880671798994058e-18,0.0,1.0822089856665332e-17
0.059,0.0,0.0,1.1152216335064095e-18,0.0,7.008474123010569e-18
0.059,0.0,0.0,9.621087190687302e-19,0.0,5.6051830756863196e-18
0.06,0.001,0.0,5.698606912939988e-19,0.0,3.623409388780452e-18
0.06,0.003,0.0,4.9227158073282e-19,0.0,2.903143267927259e-18
0.058,0.002,0.0,2.9123736248841364e-19,0.0,1.8733172701547983e-18
0.058,0.2,0.0,2.5191489284215627e-19,0.0,1.5036513028016713e-18
0.057,0.0,0.0,1.4886595993642085e-19,0.0,9.685125862674878e-19
0.057,0.007,0.0,1.2893487238595189e-19,0.0,7.787997462676205e-19
0.056,0.001,0.0,7.61049148732031e-20,0.0,5.007249149186373e-19
0.056,0.003,0.0,6.60014452095674e-20,0.0,4.033708105480336e-19
0.056,0.01,0.0,3.891330120648704e-20,0.0,2.5887680163449584e-19
0.057,0.001,0.0,3.379107734124196e-20,0.0,2.0892149950435524e-19
0.055,0.202,0.0,1.9899886960244083e-20,0.0,1.3384035125089933e-19
0.055,0.114,0.0,1.7302754078286964e-20,0.0,1.0820860561599152e-19
0.055,0.086,0.0,1.0178163270865792e-20,0.0,6.91960018360784e-20
0.056,0.0,0.0,8.861191333034528e-21,0.0,5.604546376153561e-20
0.055,0.054,0.0,5.2065927369505084e-21,0.0,3.5774612291647405e-20
0.055,0.157,0.0,4.53870304988129e-21,0.0,2.902813496576047e-20
0.055,0.194,0.0,2.663804381151419e-21,0.0,1.849561899478287e-20
0.055,0.001,0.0,2.3250554366470386e-21,0.0,1.5034805014448528e-20
0.055,0.167,0.0,1.3630592140778068e-21,0.0,9.562309706116678e-21
0.055,0.006,0.0,1.191230678101467e-21,0.0,7.787112816287621e-21
0.055,0.003,0.0,6.975734630302047e-22,0.0,4.943752735971552e-21
0.054,0.0,0.0,6.104057035693247e-22,0.0,4.033249912848022e-21
0.055,0.031,0.0,3.570484780682664e-22,0.0,2.5559401327194787e-21
0.054,0.12,0.0,3.1282439290358154e-22,0.0,2.0889776793307263e-21
0.054,0.122,0.0,1.8277871290599555e-22,0.0,1.3214313736156644e-21
0.053,0.163,0.0,1.6033972112704447e-22,0.0,1.0819631411595807e-21
0.053,0.061,0.0,9.358030035701895e-23,0.0,6.831853589229931e-22
0.053,0.666,0.0,8.219384748014543e-23,0.0,5.603909751754473e-22
0.052,0.005,0.0,4.7918460471870396e-23,0.0,3.5320959108608245e-22
0.054,0.012,0.0,4.2139984357989375e-23,0.0,2.902483764139476e-22
0.048,0.014,0.0,2.4540313268741783e-23,0.0,1.8261078597940935e-22
0.046,0.215,0.0,2.1607549585870799e-23,0.0,1.5033097202434383e-22
0.063,0.133,0.0,1.2569424867029241e-23,0.0,9.441051441306491e-23
0.063,0.006,0.0,1.1080822119394471e-23,0.0,7.786228274291695e-23
0.061,0.19,0.0,6.438845643086987e-24,0.0,4.881061758228813e-23
0.059,0.28,0.0,5.683200870537274e-24,0.0,4.0327917742847167e-23
0.053,0.221,0.0,3.298809087620676e-24,0.0,2.5235286620450588e-23
0.053,0.074,0.0,2.9151965553616048e-24,0.0,2.088740391622338e-23
0.055,0.078,0.0,1.6902937260826667e-24,0.0,1.3046745216720183e-23
0.055,0.003,0.0,1.4955321648420353e-24,0.0,1.0818402406638311e-23
0.055,0.005,0.0,8.662081882221372e-25,0.0,6.745220035899937e-24
0.043,0.005,0.0,7.673191437579398e-25,0.0,5.603273202480261e-24
0.043,0.001,0.0,4.439527885983919e-25,0.0,3.487306038666012e-24
0.042,0.018,0.0,3.937385708454552e-25,0.0,2.9021540706129944e-24
0.042,0.003,0.0,2.2756475023207453e-25,0.0,1.8029513277583128e-24
0.041,0.0,0.0,2.0206488268736015e-25,0.0,1.5031389591950686e-24
0.051,0.002,0.0,1.1666113665188792e-25,0.0,9.321331301431663e-25
0.053,0.023,0.0,1.03710802868138e-25,0.0,7.7853438366762055e-25
0.049,0.134,0.0,5.981357331670344e-26,0.0,4.819165996451553e-25
0.051,0.0,0.0,5.323616314584293e-26,0.0,4.0323336897840915e-25
0.051,0.051,0.0,3.067078962074119e-26,0.0,2.4915283208034494e-25
0.049,0.064,0.0,2.732992463665849e-26,0.0,2.0885031319151085e-25
0.051,0.044,0.0,1.572900214559458e-26,0.0,1.2881302250818844e-25
0.051,0.046,0.0,1.403196218920819e-26,0.0,1.081717354670969e-25
0.051,0.109,0.0,8.067291392818995e-27,0.0,6.659685401176545e-26
0.038,0.335,0.0,7.205199696978741e-27,0.0,5.60263672832213e-26
0.049,0.364,0.0,4.1381291031568824e-27,0.0,3.4430843112320663e-26
0.051,0.385,0.0,3.700161273066351e-27,0.0,2.901824415992047e-26
0.046,1.395,0.0,2.122899419388173e-27,0.0,1.780088528550082e-26
0.048,1.19,0.0,1.9003853785025038e-27,0.0,1.5029682182973844e-26
0.045,0.476,0.0,1.0891890636005743e-27,0.0,9.203129770545128e-27
0.045,0.962,0.0,9.761318727192297e-28,0.0,7.784459503428939e-27
0.045,1.328,0.0,5.588882601644773e-28,0.0,4.758055360831437e-27
0.046,2.056,0.0,5.014417540302025e-28,0.0,4.031875659339819e-27
0.045,1.898,0.0,2.8680978412359618e-28,0.0,2.459933892530805e-27
0.045,1.632,0.0,2.576185263756583e-28,0.0,2.0882659002057632e-27
0.045,0.381,0.0,1.4720060903382938e-28,0.0,1.2717957869164246e-27
0.042,2.097,0.0,1.3236638452900727e-28,0.0,1.0815944831792969e-27
0.043,4.241,0.7154598436963737,7.555641388717572e-29,0.0,6.575235741849602e-28
0.043,2.405,0.0,0.03518785828552665,0.03389042256232323,0.037228457681659374
0.042,0.655,0.0,0.045716133944411826,0.04350320076160825,0.047519444681171454
0.042,1.297,0.0,0.04504691296958546,0.042768323504800594,0.04698378300643307
0.042,5.017,1.5042919469215974,0.03956286553750386,0.03735453127950372,0.041825171706402514
0.045,1.221,0.0,0.1063351938132046,0.10412070325054903,0.10900941331158641
0.043,0.046,0.0,0.12613761394759132,0.1204161335453032,0.13080365410313563
0.042,0.422,0.0,0.12228587402561103,0.1166930202429541,0.12811767971591623
0.043,0.87,0.0,0.10749298387501076,0.10081192909521797,0.1129937584707518
0.045,4.408,0.59701758447456,0.08872491156703115,0.07954952875737141,0.09526723265321492
0.042,5.396,1.824727493012249,0.09980359574096744,0.09183674350551073,0.1052990529230004
0.043,7.128,3.598782706901754,0.18396120591673373,0.1787934014377506,0.18860862578875842
0.045,5.587,1.9835520557034907,0.3827905048933253,0.3702230322578659,0.3933311268033296
0.048,5.314,1.8776847550694922,0.5429234112168524,0.5231747056697024,0.5617951466640703
0.048,4.23,0.7965490124900869,0.6690313753160224,0.642128360250429,0.6933469501626731
0.053,2.174,0.0,0.713283607697462,0.6727898147024255,0.7400650521494361
0.061,2.563,0.0,0.673884015874652,0.6388433364972991,0.7044886635776779
0.113,0.892,0.0,0.5945067624389478,0.5557703460193044,0.6287074470978766
0.135,2.709,0.0,0.49980691854609804,0.45247491044421057,0.5326872816983673
0.12,7.133,3.6923993555516583,0.4061640050627684,0.3584106522868416,0.44135783641355436
0.11,4.827,1.633240189280964,0.5032888371095605,0.4663275693266344,0.5269537737155969
0.107,4.422,0.8623758972123596,0.5854187784231049,0.5551089464715763,0.610787150398383
0.097,3.63,0.24395440480410402,0.6190701628694667,0.5823744106061737,0.6506275302053767
0.102,0.108,0.0,0.5925965768590611,0.5522613017799014,0.6257217006196767
0.091,0.526,0.0,0.5262566981839589,0.4802543210368929,0.5573369418738595
0.109,0.195,0.0,0.4455781705816216,0.4028887779945097,0.4787142605520731
0.121,0.001,0.0,0.3633361544403759,0.32157375183252135,0.39455827979173336
0.116,0.07,0.0,0.28729053513051983,0.2451549364751945,0.31768923008180555
0.111,0.296,0.0,0.22129479131746413,0.18232408489775795,0.24920985459218212
0.102,0.759,0.0,0.1670137222204894,0.13280615439304455,0.19099993035633442
0.095,1.455,0.0,0.12342267782209827,0.09417993439384595,0.14448203870642848
0.086,1.303,0.0,0.08925790729784248,0.06467522350428762,0.10681566253753196
0.078,0.904,0.0,0.06347211199346958,0.044627137099919105,0.07719744782470506
0.077,0.01,0.0,0.044289109294461795,0.029418870149482898,0.05559074884434323
0.075,0.63,0.0,0.030391469236153663,0.019364141200371537,0.039231531725097434
0.073,0.606,0.0,0.02039497606563645,0.012184895436041124,0.026921907391323472
0.073,2.341,0.0,0.013461253737915289,0.007571251696562638,0.018339207478307782
0.077,4.0,0.42037721038222875,0.008717888046589763,0.0045220726253613975,0.012199478431807373
0.073,8.21,4.77660848809521,0.02623491079221795,0.024547403013420423,0.028018800443703633
0.08,6.311,2.960469617977802,0.265366459414083,0.25780205679738566,0.2777175540235086
0.088,6.49,2.9895607805680537,0.5001252693313453,0.4829575435954672,0.5223596933256273
0.097,4.377,0.8950411261190352,0.7201867616321642,0.6956343350271973,0.7471896895932246
0.097,3.266,0.0,0.8149379777726954,0.7795777186640183,0.8455453546670233
0.119,6.372,2.517623579201635,0.7928243875757537,0.7536852438873427,0.8250901194541805
0.153,6.672,2.7190993268666914,0.8371633903205122,0.7979063907489857,0.8705282914383357
0.177,1.732,0.0,0.92003161937588,0.8743205347001485,0.958054275168088
0.187,0.311,0.0,0.8852287401158958,0.831297412075389,0.9249745119704302
0.191,1.49,0.0,0.7937525127570499,0.7373598113106299,0.8375580198410363
0.214,2.056,0.0,0.6749079401918817,0.6047169977673171,0.7200210757425773
0.227,3.563,0.0,0.5541958075992452,0.49229283458547174,0.5980861636315448
0.191,2.446,0.0,0.44317044828311986,0.38248838242319855,0.4859180948964545
0.187,17.719,14.036631100112185,0.3440388315128283,0.2873117547761704,0.3840552897000228
0.195,3.436,0.3331926577645019,0.9532738747162066,0.9352045330813578,0.9689184994950789
0.268,0.432,0.0,1.2011261136452995,1.1495013095998652,1.246831783911373
0.223,0.011,0.0,1.2299883175184392,1.1607246932828335,1.2880536273466516
0.219,0.399,0.0,1.1449750142562256,1.0712814700779891,1.197513600793895
0.503,0.721,0.0,1.004221178558679,0.924342790068675,1.0686913390262278
0.347,2.918,0.0,0.8463154629524899,0.760783293803027,0.9107848982440733
0.287,1.359,0.0,0.6887495686068547,0.596301720272485,0.7497839737484963
0.235,2.352,0.0,0.5486080803399851,0.46515421572832244,0.605423387750341
0.21,1.491,0.0,0.42589761087862216,0.34925854360243985,0.47842724310823653
0.191,1.381,0.0,0.32539551630941316,0.25432493591348676,0.371714899232223
0.184,0.835,0.0,0.24258879936842545,0.18051757311630393,0.28288358271199165
0.187,0.255,0.0,0.17809840799917429,0.13078808053644983,0.21225654750911474
0.18,0.207,0.0,0.1287303708439574,0.0892567998561259,0.15611419814004457
0.173,0.075,0.0,0.09084220416533631,0.06157653360923779,0.11248279855245581
0.184,0.4,0.0,0.06300610274033014,0.03907439767311605,0.08042540081846103
0.187,0.33,0.0,0.04308058233292462,0.02547919673344251,0.05680968124510609
0.18,0.899,0.0,0.028865637969088333,0.01600808456306642,0.03901687380894451
0.147,0.153,0.0,0.01903453978276418,0.009727235825199233,0.02649092053867372
0.135,1.101,0.0,0.012297821317606943,0.005773676512810637,0.017706161489997853
0.13,1.782,0.0,0.0077747958501097735,0.0034444211889279887,0.011581539744313052
0.124,2.269,0.0,0.00487071799056383,0.002021205699410729,0.0074622937355151445
0.116,2.969,0.0,0.0029887316026028644,0.0011327705937006726,0.004750309978832105
0.116,9.898,6.6494757359227545,0.0018176930902169155,0.0006929981214579547,0.002976979236616209
0.121,2.932,0.0,0.32814123262790973,0.31668145164876216,0.346387129411844
0.135,2.48,0.0,0.4521887028885574,0.4312037043233333,0.47342628210559234
0.132,1.55,0.0,0.474111387232476,0.4513678676056758,0.49543555036444525
0.15,1.356,0.0,0.4420327181660697,0.4210173327817331,0.4606669441884245
0.21,1.331,0.0,0.38497372134444935,0.36040256618673594,0.4053910821305193
0.21,3.299,0.0,0.3198410165730513,0.29251531599674846,0.34370364939380915
0.191,2.091,0.0,0.2569190895306806,0.22797787845853362,0.27652143650076033
0.177,1.666,0.0,0.2005318636543739,0.17290061054311348,0.2192226587713798
0.153,3.191,0.12558003319846334,0.15284015104923496,0.12584602516282262,0.17014143960682904
0.171,3.557,0.13011938266246625,0.11974580473850342,0.09702638332725973,0.13563375174274792
0.166,2.642,0.0,0.09800588440374494,0.07865900495150797,0.11143859918211649
0.171,2.653,0.0,0.07681273366459918,0.06043528584946489,0.08849158628459809
0.207,3.954,0.22317221747563432,0.05846714255176326,0.04446705892126613,0.06819695164560372
0.225,5.378,1.5732628226177803,0.0542568383307302,0.043714204212558935,0.06206927943947605
0.23,5.597,2.0672366946634537,0.12346710078431294,0.11909863050096282,0.12759881678028434
0.255,3.975,0.5781957059272869,0.24483382067008921,0.23774306012170238,0.2508406737596054
0.255,1.309,0.0,0.30863510543939787,0.29696788439490474,0.318849829021741
0.255,11.179,7.575793426119485,0.311007177977886,0.29861987982203175,0.3250920490177557
0.43,6.237,2.8706964683855487,0.6551583895109307,0.6397204675675267,0.6706870026658124
0.815,3.866,0.588447184059067,0.9132751548901896,0.8746903090526097,0.9396310619350553
0.849,2.771,0.0,0.9990835354103075,0.9590344404633414,1.036421071995045
1.018,1.964,0.0,0.9583234567861801,0.9097133725286454,0.9990742799857486
0.863,4.284,0.9351903320266359,0.8536821731587148,0.7962963568931487,0.9024702534583942
0.717,2.036,0.0,0.7722941269535525,0.7061527697337704,0.8151398551468836
0.594,0.898,0.0,0.6638163137798808,0.6003858344426761,0.7102156247886968
0.531,0.702,0.0,0.5491542967947576,0.4869428332764502,0.5941949881597761
0.526,0.668,0.0,0.4399214915074634,0.376299159439937,0.48260410101913337
0.458,1.23,0.0,0.3447985759578097,0.2886956674803641,0.3841494108727479
0.43,1.753,0.0,0.26413387112477676,0.21128042471887876,0.29985545048262674
0.331,3.529,0.28366231249642615,0.19790017723563846,0.15379667905423594,0.2286897619086479
0.306,2.782,0.0,0.15908309306015903,0.12030369817813169,0.18541034350718588
0.271,3.148,0.0,0.12423383337493805,0.09405519761826328,0.14607997733907502
0.255,4.23,0.73976140007299,0.09407461326164863,0.06976645351844377,0.11249705187500182
0.255,1.24,0.0,0.10616821568991025,0.08917990545482402,0.119410315180102
0.271,3.099,0.0,0.10069152106963025,0.08641824560311934,0.11183015233976602
0.331,2.963,0.0,0.08711426707175748,0.074075457461481,0.0968046773606152
0.32,4.133,0.9351689439220445,0.07144400554710423,0.06018528567852181,0.07996308639304886
0.295,3.957,0.8362520203222541,0.10208966566523472,0.09485352693860137,0.1079776396865528
0.306,5.316,2.273784919121188,0.14633087073964166,0.14007727608533146,0.15145337074813417
0.375,3.168,0.2583853868733743,0.26444381417501917,0.25642422854525093,0.26991464577804675
0.4,2.926,0.0,0.30968224608222195,0.29782636084567543,0.32337603387681846
0.379,7.031,4.473950956547017,0.30243181161284327,0.28573124918222725,0.319302777133302
0.521,4.344,0.9741442639664055,0.48980013525798577,0.47585105316696086,0.5013842957061267
0.521,7.375,4.2973030803066585,0.5883439215663745,0.5665964068702184,0.6049019597390803
0.717,2.96,0.33074128768353095,0.7974123778533023,0.77382796566566,0.8194675267138954
0.309,3.458,0.38367191760592556,0.8520334593389012,0.817738887556079,0.8846399840838334
0.781,2.307,0.0,0.8262821304890836,0.7837100547308455,0.8586378520422094
0.775,2.813,0.0,0.7427910844241088,0.6947656973443916,0.7807163726620504
0.755,4.193,1.0572087934363896,0.6340976919965335,0.5809023240068574,0.6739011337496402
0.681,1.424,0.0,0.5739975095558774,0.5189473252342707,0.6126357446029391
0.622,3.076,0.0,0.4900392175092952,0.436346706416248,0.529840905397968
0.634,3.084,0.2954371419754209,0.40256942686319896,0.34947579254142747,0.4403237591798665
0.639,12.23,8.704738583944282,0.3366075053679784,0.2897585199255937,0.3703969011500273
0.578,6.12,3.145330977900572,0.699343212694201,0.6802069740892508,0.7161445786372023
0.749,5.495,2.5003232937936684,0.9756733133918695,0.9356381845379141,1.0064297704157243
0.835,4.192,1.302709295941535,1.1620363555403028,1.1188583150660167,1.2015511062781183
0.935,4.713,1.9496615563877389,1.2270144578233524,1.162408340235703,1.2764682255908586
1.226,3.518,0.7411162267092424,1.2544941063809665,1.1803230797419588,1.3116467737152446
1.208,4.098,1.3327474143476574,1.2028632518106823,1.1341166176285777,1.2623865288311804
1.244,2.644,0.0,1.1407011683158308,1.0512125260697973,1.2011505394592012
1.252,2.197,0.0,1.011571145062384,0.9212821443290677,1.0807759841281057
1.026,3.918,1.176829475088483,0.8588678056914724,0.7642088920906431,0.9252576777939575
0.935,4.822,1.7704513721247035,0.7634955178515683,0.6777657086527206,0.8261515571354086
1.05,4.331,1.0748880134860839,0.7350154780691095,0.6595270861171603,0.7901974915486324
1.191,6.527,3.8099152778364154,0.7090966149423356,0.636233090471591,0.7634412789029859
1.066,3.912,1.1524167241585652,0.8197804580298448,0.7589043439994022,0.864705020909004
1.208,4.676,1.8615757498875984,0.8639638860235914,0.8045513647901655,0.9094565896162564
1.334,2.63,0.0,0.9051351755441144,0.8469745889452325,0.9488866360833195
1.138,3.385,0.3738792724265756,0.8468262703842363,0.7735455440196721,0.8955070967979445
1.027,4.122,1.508331527241039,0.7642105948542168,0.6992268548537313,0.8131017417594285
1.021,7.503,4.411411400727012,0.7272226017010537,0.656315579862232,0.7771129804748107
1.125,4.608,1.6675426971340306,0.8618796320939642,0.8074499741714025,0.9017242274973966
1.027,4.133,1.2770406565014585,0.9402384004353888,0.8863177890295475,0.9848843272193467
1.027,4.875,2.0558962392154254,0.9638246856133538,0.8983868192865987,1.0092838268573814
1.105,5.115,2.1872522170046285,0.9947482670901598,0.929646891785925,1.0462600938186963
1.178,4.829,1.9884939417324543,1.0352939848019687,0.9757032492085668,1.0811971286333475
1.509,7.697,4.890545774066611,1.0658316883532912,1.0001677806401634,1.1137962041023803
1.654,3.44,0.612691107803037,1.2325608478192258,1.173564148081904,1.2828114688667667
1.573,5.461,2.7570654960632743,1.2511606807805116,1.1791299161671005,1.312123066609182
1.573,1.709,0.0,1.2911437101103633,1.2170258430350682,1.3498979298818632
1.533,4.298,1.4072098940485485,1.205065155582091,1.1201602954729257,1.271599193417126
1.462,3.602,0.6469073770857836,1.1318819378952798,1.0400630412508411,1.200290899573628
1.342,13.314,10.355167644145283,1.0313363655109673,0.9345239851535941,1.101963661919457
1.342,6.186,3.4594586906502633,1.3971523076886692,1.330653232571672,1.448551736814483
1.549,6.949,4.041780012378641,1.6438730693853643,1.5623476731093504,1.7122248444159043
2.024,8.447,5.519828974573565,1.847453426391841,1.7742477930924792,1.9324841284986478
2.255,7.955,5.696868225153752,2.0774945933020197,1.9847194026713415,2.1596199513478904
1.941,2.723,0.14595451441859542,2.316382477644047,2.2152146988791444,2.409716843578358
1.969,2.981,0.08736488819692978,2.2750170480470135,2.147811658254333,2.391626684471494
2.034,4.544,1.6276281187754975,2.0806113927213583,1.9243112852573094,2.1917830603435333
1.654,2.622,0.0,1.8909827515736384,1.7314814900899056,2.002309076542551
1.549,1.355,0.0,1.644397410667215,1.468990356584023,1.7605793200066588
1.756,4.024,1.1902554992318426,1.3711995747057495,1.1998688975483396,1.4942444330620654
1.589,1.345,0.0,1.1788486770000177,1.02387549864371,1.2870329785277193
1.386,1.449,0.0,0.9779177319598399,0.8311187772533501,1.0813763095283266
1.234,2.424,0.0,0.7897427700280557,0.6570513983472901,0.8823939694555972
1.158,3.544,0.6103551958990883,0.6215824585587878,0.5113708029196318,0.7079742223867636
1.056,0.8,0.0,0.5097485998774461,0.4152753636891299,0.5828755419986077
1.327,1.448,0.0,0.4075369796988828,0.3212648525367701,0.4701690875138571
1.447,2.416,0.0,0.3171721664039565,0.2469933708750299,0.3707832558655021
1.158,7.016,4.3119980715121065,0.24141934236724,0.17981636001271936,0.2862801136651694
1.111,4.315,1.5495265400068345,0.39241492003395817,0.3542083652783537,0.42174912389736513
1.32,2.909,0.35333400169817564,0.5068201555836851,0.4736200758298152,0.5324811208963216
1.394,5.54,2.852760275274801,0.536759606966326,0.5033141759828386,0.5640577849870061
1.416,4.461,1.7453130057897934,0.6451933110958397,0.6122702232340486,0.6689246058452224
1.192,2.395,0.0,0.7276190237298275,0.6954075046899476,0.7552593064262598
1.262,8.933,6.114497495880755,0.7077790661911922,0.6688971492946716,0.738334667937023
1.248,2.869,0.2414812671723614,0.9372993645286273,0.903779918701863,0.9706096616876919
1.276,3.057,0.28977328908348854,0.9847117838947773,0.9316298338166099,1.0246882435145328
1.605,0.988,0.0,0.9449264730681218,0.8912784077094845,0.9872915605865211
1.431,1.33,0.0,0.8393838357830061,0.7680392056398836,0.8891932697560178
1.138,1.656,0.0,0.7136226243904601,0.6435050155208075,0.765679041335728
0.972,0.486,0.0,0.5865438170058426,0.517162845766581,0.633938609906352
0.888,0.584,0.0,0.4668135363983916,0.39703990232095754,0.5142547054532164
0.854,3.249,0.4033133824903157,0.36435273643331106,0.297154925779478,0.40882715559136135
0.771,3.154,0.7424739525985715,0.2974470862003232,0.2426507011456249,0.3367300955758778
0.698,5.506,3.0777822004118858,0.2723960052662145,0.22519438637733957,0.30550656424689643
0.719,2.446,0.0,0.3841921866266433,0.3514686751644281,0.40791394269105236
0.848,4.661,2.112474978503106,0.4050651121186315,0.37275907269051445,0.42827549150916844
0.947,0.334,0.0,0.4809015653482288,0.45006556952134713,0.5027190560121086
0.917,0.177,0.0,0.4770341060547641,0.4478669875967216,0.5013461432537979
1.002,0.044,0.0,0.4297916169556208,0.39504799009670977,0.456172168644065
0.953,0.278,0.0,0.36649356015153706,0.3265122448199525,0.39297772468186926
0.787,0.845,0.0,0.3005050017741743,0.2647060517174527,0.32635804911285166
0.683,2.089,0.0,0.2385968795686632,0.20369047625031148,0.26240240944866683
0.625,1.487,0.0,0.18473635005094208,0.15223970058631509,0.20694199848831632
0.611,3.852,1.2460256485046046,0.13923917542515907,0.11047111729597475,0.15902035127899716
0.592,3.863,1.2477867273639718,0.16421841261789324,0.14371209391289383,0.17936067747592632
0.592,3.898,1.5439026873416246,0.22044864708571069,0.20453801316703704,0.23183485341576815
0.638,2.092,0.0,0.3025516064048228,0.28703442330455886,0.31409158899387785
0.654,2.099,0.0,0.31475966876383543,0.2981916930852864,0.32911368188167917
0.679,0.829,0.0,0.2904467727396448,0.2715493952421945,0.30534864293468283
0.741,0.171,0.0,0.24982638349797845,0.22735704928083933,0.26706489149637924
0.983,0.084,0.0,0.205587681762314,0.1821551093904923,0.2222473582879348
1.005,0.083,0.0,0.1634953371530292,0.14129381649157652,0.17902468580435962
0.705,0.54,0.0,0.12600841267461235,0.10488952945845692,0.14062650872514176
0.583,0.204,0.0,0.09491966758417325,0.07610666062967605,0.10781082107655536
0.491,0.039,0.0,0.06969282584035842,0.05319796432035688,0.08110030771090838
0.439,0.473,0.0,0.050264103299774376,0.03681391420328491,0.05984378890210143
0.404,0.476,0.0,0.035361787487699636,0.02439266834861778,0.043240161408711196
0.381,0.204,0.0,0.024540002089183943,0.01610293168879431,0.030786402241396737
0.359,0.214,0.0,0.016619611680699305,0.010472604017459836,0.02143062568403522
0.339,0.125,0.0,0.01110934094539882,0.006501994955304511,0.014630822095154436
0.324,0.096,0.0,0.007242538212889065,0.003936549182228586,0.009823397692043148
0.305,0.051,0.0,0.004672904462943149,0.0023851398043085127,0.006515311276067669
0.282,0.121,0.0,0.0029759174052770457,0.0014239200881839187,0.004294688701965756
0.273,0.133,0.0,0.0018692718473003547,0.0008504999212210103,0.0027702637955678744
0.265,0.126,0.0,0.00116531817718797,0.0005130767768149842,0.0017726472300120433
0.252,0.0,0.0,0.000723250197536464,0.0003163792759867346,0.0011200056705536574
0.248,0.011,0.0,0.0004510332751871258,0.00019105991459622519,0.0007080336493606486
0.236,0.192,0.0,0.00028115011904036565,0.00011866848097928831,0.00044478840172009756
0.233,0.109,0.0,0.0001767393567819854,7.41272137037343e-05,0.00028213751679395665
0.218,0.136,0.0,0.0001123237785259214,4.501783562143149e-05,0.00018124416625852136
0.21,0.245,0.0,7.206798428284068e-05,2.97419802321013e-05,0.00011674240212817058
0.21,0.431,0.0,4.66706928618352e-05,1.8432612686007776e-05,7.641204118051383e-05
0.203,0.298,0.0,3.0509060684767784e-05,1.1940791183614669e-05,4.989719807292434e-05
0.203,0.334,0.0,2.0087400125672534e-05,7.822057397369595e-06,3.289344662983192e-05
0.196,0.479,0.0,1.4053487617446149e-05,4.985118429410929e-06,2.2233769020701078e-05
0.19,1.025,0.0,8.81601756163865e-06,3.147051943082766e-06,1.4700053398162052e-05
0.183,0.267,0.0,5.884463581959877e-06,2.1146433319040626e-06,9.944558458158208e-06
0.183,0.243,0.0,3.922802191456375e-06,1.345449578535698e-06,6.697016161594315e-06
0.18,0.149,0.0,2.631387803060396e-06,9.220443591063566e-07,4.598395387312805e-06
0.18,0.389,0.0,1.7585454671985223e-06,5.494161617440845e-07,3.0992989534274065e-06
0.174,0.37,0.0,1.1806186673642574e-06,3.8026498683467376e-07,2.1026724808065515e-06
0.171,0.153,0.0,7.971044840333859e-07,2.4856121857411943e-07,1.4293958467598137e-06
0.171,0.044,0.0,5.352565363479285e-07,1.5974007374179048e-07,9.722521086550073e-07
0.165,0.096,0.0,3.623923802602745e-07,1.0471336840688006e-07,6.659541370891115e-07
0.159,0.278,0.0,2.427227211292488e-07,6.614425149559117e-08,4.5270411915719606e-07
0.153,0.327,0.0,1.644737439984234e-07,4.310994369945424e-08,3.089009133256278e-07
0.148,0.224,0.0,1.1134818203177301e-07,2.943350610727536e-08,2.1169760796147565e-07
0.148,0.016,0.0,7.542260049456208e-08,1.8818304564119573e-08,1.4467154993693053e-07
0.145,0.016,0.0,5.1095413927488674e-08,1.248344768502456e-08,9.975355169422199e-08
0.145,0.006,0.0,3.4637567120262644e-08,8.029752283774508e-09,6.808248395071349e-08
0.14,0.0,0.0,2.3421245850720347e-08,5.095744803209711e-09,4.655501345181761e-08
0.137,0.003,0.0,1.5954849578440846e-08,2.9083023657842823e-09,3.228885405776559e-08
0.135,0.078,0.0,1.0806331138919302e-08,1.436858942365984e-09,2.1887621307240485e-08
0.137,0.007,0.0,7.45686439227064e-09,8.864324605166196e-10,1.5459089597842768e-08
0.132,0.101,0.0,5.014099269767064e-09,0.0,1.0296672588312134e-08
0.129,0.002,0.0,3.501130953891615e-09,0.0,7.403583197940643e-09
0.129,0.001,0.0,2.35532134014575e-09,0.0,5.185804610450381e-09
0.127,0.038,0.0,1.6747436170903793e-09,0.0,3.791772660564652e-09
0.127,0.0,0.0,1.1543786032860137e-09,0.0,2.905350087727089e-09
0.125,0.015,0.0,8.383703276514263e-10,0.0,2.3145091565151142e-09
0.122,0.102,0.0,5.998219108558254e-10,0.0,1.975513006089897e-09
0.122,0.057,0.0,4.4602578449932484e-10,0.0,1.424279744004933e-09
0.118,0.242,0.0,3.272939980411238e-10,0.0,1.195957911933518e-09
0.113,0.081,0.0,2.5031383822966204e-10,0.0,8.924172473631115e-10
0.115,0.0,0.0,1.8090783763400745e-10,0.0,6.951261474467722e-10
0.113,0.0,0.0,1.3989957151350364e-10,0.0,5.341993781536342e-10
0.113,0.0,0.0,9.815114176540407e-11,0.0,3.8689974034698004e-10
0.108,0.0,0.0,7.44295368228502e-11,0.0,2.858257550287512e-10
0.108,0.001,0.0,5.117375457210807e-11,0.0,2.0419804122502735e-10
0.103,0.11,0.0,3.860337874139992e-11,0.0,1.5397519597974903e-10
0.106,0.003,0.0,2.6041112005346482e-11,0.0,1.0560321305886521e-10
0.103,0.178,0.0,1.969043444788884e-11,0.0,7.974490008535466e-11
0.103,0.026,0.0,1.3276380605806037e-11,0.0,5.4613837339742365e-11
0.103,0.011,0.0,1.0015572799835307e-11,0.0,4.1300477420557984e-11
0.108,0.0,0.0,6.751880076743896e-12,0.0,2.8244133323511177e-11
0.109,0.0,0.0,5.095662504868067e-12,0.0,2.1389824771688996e-11
0.1,0.0,0.0,3.434579298277689e-12,0.0,1.460675729940304e-11
0.098,0.0,0.0,2.5931542690071958e-12,0.0,1.1077949540474105e-11
0.093,0.006,0.0,1.7475294657904597e-12,0.0,7.554041625696323e-12
0.091,0.006,0.0,1.3199496901838538e-12,0.0,5.7373525789026755e-12
0.091,0.069,0.0,8.893566584740899e-13,0.0,3.906653866708399e-12
0.093,0.181,0.0,6.720262695283177e-13,0.0,2.9714176412776096e-12
0.091,0.22,0.0,4.5271648012177835e-13,0.0,2.0203680613338788e-12
0.086,0.309,0.0,3.4222640652954185e-13,0.0,1.5389193358253469e-12
0.082,0.064,0.0,2.305016109804944e-13,0.0,1.0448550710152951e-12
0.084,0.011,0.0,1.74316201894507e-13,0.0,7.970177921046709e-13
0.084,0.009,0.0,1.173862967848607e-13,0.0,5.403580369040947e-13
0.084,0.135,0.0,8.880911932565089e-14,0.0,4.127814549283584e-13
0.082,0.174,0.0,5.979365549622026e-14,0.0,2.7945197008844206e-13
0.084,0.011,0.0,4.5255520997499746e-14,0.0,2.1378259259783324e-13
0.084,0.026,0.0,3.046390646046958e-14,0.0,1.4452159171194684e-13
0.082,0.0,0.0,2.3066325777698645e-14,0.0,1.1071959862097024e-13
0.078,0.007,0.0,1.5524135181415693e-14,0.0,7.474089542013907e-14
0.082,0.054,0.0,1.1759173400637028e-14,0.0,5.734250576408254e-14
0.08,0.001,0.0,7.912598883632651e-15,0.0,3.8653057872758815e-14
0.081,0.002,0.0,5.996051918390898e-15,0.0,2.969811141096057e-14
0.078,0.198,0.0,4.033846821934047e-15,0.0,1.9989844576296867e-14
0.076,0.001,0.0,3.05803823273004e-15,0.0,1.538087343324439e-14
0.076,0.108,0.0,2.0568698184788828e-15,0.0,1.0337963105199594e-14
0.076,0.0,0.0,1.5599407877659267e-15,0.0,7.965869104128393e-15
0.074,0.0,0.0,1.0490109444995773e-15,0.0,5.346259679329573e-15
0.072,0.0,0.0,7.959022916726853e-16,0.0,4.1255830504335245e-15
0.072,0.0,0.0,5.351034240119548e-16,0.0,2.764804178882902e-15
0.07,0.0,0.0,4.0615950182928134e-16,0.0,2.1366702521186027e-15
0.07,0.023,0.0,2.730100594267333e-16,0.0,1.4298112336857272e-15
0.068,0.001,0.0,2.086812615780537e-16,0.0,1.119712615180696e-15
0.066,0.005,0.0,1.3919420022285265e-16,0.0,7.3942313152783555e-16
0.065,0.0,0.0,1.0591915460908413e-16,0.0,5.731150927354774e-16
0.065,0.0,0.0,7.104499639151909e-17,0.0,3.8239073422225287e-16
0.065,0.0,0.0,5.4081861309860706e-17,0.0,2.968205859829072e-16
0.063,0.253,0.0,3.6268133852995614e-17,0.0,1.977523658470662e-16
0.063,0.001,0.0,2.761909438231195e-17,0.0,1.5372559821343564e-16
0.063,0.001,0.0,1.8518043003138537e-17,0.0,1.0226711763389491e-16
0.069,0.013,0.0,1.410739404416304e-17,0.0,7.961563556950008e-17
0.061,0.005,0.0,9.456751198310291e-18,0.0,5.2887171814784416e-17
0.059,0.0,0.0,7.207134315475375e-18,0.0,4.1233532450756244e-17
0.061,0.0,0.0,4.830195272269937e-18,0.0,2.7350462273027165e-17
0.058,0.001,0.0,3.682610647914262e-18,0.0,2.1355154553670836e-17
0.059,0.007,0.0,2.467528290260382e-18,0.0,1.414421987209925e-17
0.059,0.001,0.0,1.882024593806155e-18,0.0,1.1059994136034037e-17
0.058,0.009,0.0,1.2607623097071118e-18,0.0,7.314646231453266e-18
0.058,0.012,0.0,9.61988838399924e-19,0.0,5.7280536311454615e-18
0.058,0.03,0.0,6.442832449445869e-19,0.0,3.7827501252170156e-18
0.064,0.003,0.0,4.918005213504987e-19,0.0,2.9666017971676795e-18
0.056,0.001,0.0,3.293001592982762e-19,0.0,1.956239311828623e-18
0.058,0.043,0.0,2.5146707453436876e-19,0.0,1.5364252520951282e-18
0.058,0.22,0.0,1.6833618768627015e-19,0.0,1.0116640323931897e-18
0.058,0.051,0.0,1.2860133074039934e-19,0.0,7.957261278683314e-19
0.056,0.27,0.0,8.606616605166364e-20,0.0,5.231794025751632e-19
0.059,0.159,0.0,6.577805010537931e-20,0.0,4.1211251327810735e-19
0.059,1.275,0.0,4.401045400516378e-20,0.0,2.705608566871243e-19
0.061,1.788,0.0,3.365013055539029e-20,0.0,2.134361535501759e-19
0.059,1.058,0.0,2.2508506548095226e-20,0.0,1.3991983784582755e-19
0.064,0.011,0.0,1.7217170411729104e-20,0.0,1.1054018086046017e-19
0.061,0.03,0.0,1.151341047204878e-20,0.0,7.23591773875701e-20
0.059,0.0,0.0,8.810592682342397e-21,0.0,5.724958687185188e-20
0.059,0.0,0.0,5.8901564063714184e-21,0.0,3.742035892058184e-20
0.059,0.152,0.0,4.509369895286444e-21,0.0,2.9649989528037544e-20
0.056,0.018,0.0,3.013798893467407e-21,0.0,1.9351840531164243e-20
0.056,0.039,0.0,2.3083043643840373e-21,0.0,1.535595153047226e-20
0.059,0.099,0.0,1.542287730262543e-21,0.0,1.0007753606671124e-20
0.054,0.006,0.0,1.1817778778187169e-21,0.0,7.952962268502359e-21
0.051,0.542,0.0,7.893676731524775e-22,0.0,5.175483545989305e-21
0.054,1.09,0.0,6.051225282684849e-22,0.0,4.1188987131222376e-21
0.051,3.15,0.27844716996176544,4.0406868264646236e-22,0.0,2.6764877502015106e-21
0.056,2.581,0.0,0.013694632400331619,0.013189688190651276,0.014488805730791764
0.061,1.449,0.0,0.0171736362224913,0.016331031022289784,0.0180435468734529
0.061,1.336,0.0,0.016454682700872063,0.01549323773215513,0.017398560035528452
0.064,0.363,0.0,0.013997843601066446,0.01275810038954362,0.014850002511503662
0.059,0.442,0.0,0.011150265615763356,0.00988188072960909,0.012055198332857012
0.056,0.803,0.0,0.008412807045880705,0.007183890059324197,0.009233624489053845
0.054,0.242,0.0,0.00615545373415364,0.0049774620517400656,0.006923426896537067
0.056,0.373,0.0,0.004360416877898435,0.0033433186214735203,0.005019125305482793
0.056,1.882,0.0,0.003007275302530211,0.0021648071405662352,0.0035425950579638815
0.059,2.379,0.0,0.0020371374613270053,0.0014047288305814017,0.002467037186704467
0.056,1.708,0.0,0.0013573938222834006,0.0008879686645673233,0.0016899563150718218
0.059,1.884,0.0,0.0008954748154444736,0.0005560221476767692,0.0011422825048225493
0.051,2.311,0.0,0.0005809531425052978,0.00034375718973190123,0.000757490712410931
0.054,0.801,0.0,0.00037635248745696167,0.00021822966801698782,0.0005018224635974967
0.056,1.191,0.0,0.00024251704512631713,0.0001356581015552785,0.0003304529628898344
0.051,1.026,0.0,0.00015638336717466828,8.496299285121313e-05,0.00021706828206241813
0.054,5.614,2.6301333246471295,0.00010126577597354108,5.3510846314875996e-05,0.00014100830777903962
0.064,3.183,0.12363535867440678,0.129421606171289,0.12467939377629145,0.1368950980489329
0.088,3.903,0.8008983202230229,0.18084361599667648,0.17343774879969634,0.18883649715314121
0.073,1.574,0.0,0.22678654780928037,0.21859701127500705,0.23461975321950554
0.108,1.898,0.0,0.22681254997340655,0.2174746447456364,0.2357415969020405
0.091,2.158,0.0,0.20586860169646326,0.19400771268299508,0.2140519155512246
0.08,4.19,0.684844232518341,0.1732394975278513,0.15930502403803057,0.184811547996737
0.095,2.287,0.0,0.17356794817244992,0.1598005237095641,0.18327641924034596
0.108,1.438,0.0,0.1564792558641427,0.1410391610058928,0.1671354618605591
0.108,0.72,0.0,0.1320148655202133,0.1173869792410586,0.14162280946483008
0.1,0.526,0.0,0.10658022654937833,0.09222440190512295,0.11680514283852479
0.088,5.165,1.6671003872585222,0.08301415513927629,0.06929362272340847,0.0918959771869097
0.088,1.627,0.0,0.14472950648116034,0.1367378338878612,0.15039084952985202
0.091,1.421,0.0,0.15967432865586914,0.15056991973898945,0.16772821238377186
0.104,1.938,0.0,0.1498151908839539,0.13938887017914006,0.15861376422750312
0.095,2.404,0.0,0.13019099289992644,0.1183373775875604,0.13897743655193914
0.118,0.408,0.0,0.10664556520235673,0.09430673012716553,0.11605192783837165
0.128,0.228,0.0,0.08435701399416438,0.07252328140177575,0.09284280645765688
0.139,0.211,0.0,0.06450051626041256,0.053783506938379966,0.07216775125294239
0.133,3.767,0.12891573523873712,0.048111354000173426,0.038322883346851626,0.05504863644529691
0.128,0.857,0.0,0.04110903205135602,0.03286833129930663,0.046849596885452725
0.118,0.002,0.0,0.03328356287646523,0.026519010335899585,0.03801223755659677
0.1,0.001,0.0,0.02569661156025446,0.020071754657103,0.029749404403758038
0.091,0.103,0.0,0.019224185688855543,0.014668218969504149,0.02260127397799925
0.088,1.198,0.0,0.01394516144235872,0.010297006337064634,0.01669344844550104
0.084,0.754,0.0,0.009837142396216027,0.006869252285437033,0.01200526736740323
0.077,0.926,0.0,0.006804221371683806,0.004589327194059028,0.008473194963640806
0.077,1.941,0.0,0.0046224781425714765,0.002959243428024169,0.00591731765408717
0.073,2.154,0.0,0.003070154523467145,0.0018785269194896575,0.0040162641411885585
0.086,1.779,0.0,0.0020249962651741316,0.0011819046356526708,0.0027064132168322366
0.086,1.887,0.0,0.0013091254864638776,0.0007302381266898716,0.0017981534647469937
0.078,3.039,0.0,0.0008414469523002845,0.0004435521987670643,0.0011707055736686653
0.076,0.638,0.0,0.0005374765475304859,0.0002749840569584774,0.0007659386307536719
0.082,0.84,0.0,0.00034261453542169015,0.00016968978491898958,0.0004976383357299179
0.082,0.24,0.0,0.00021910293810799658,0.00010699579685436866,0.00032331192371207033
0.082,0.004,0.0,0.00013952469408614698,6.646875561385729e-05,0.00020871935465254128
0.08,0.91,0.0,9.038666349787444e-05,4.33154251981293e-05,0.0001360047893505717
0.078,4.067,0.3368256412986277,5.8864883752495735e-05,2.7405431645896075e-05,8.989018915811808e-05
0.08,5.532,2.274723747597818,0.01660402470090788,0.016014014835188217,0.01754453075992632
0.076,0.479,0.0,0.13282583096164546,0.128385174995271,0.14028673465492245
0.078,0.094,0.0,0.1729835427594409,0.16458559969163325,0.18060103513513973
0.076,1.11,0.0,0.1747916176677459,0.1662537163110017,0.18221065579015566
0.074,3.749,0.3369082732568023,0.15792017507413436,0.14936437872435213,0.1655222144829924
0.076,0.826,0.0,0.14984387782293948,0.1399055694803905,0.15810662710649742
0.076,1.353,0.0,0.1310277844822756,0.11950289505743086,0.13894091267804584
0.074,0.273,0.0,0.10768218811052001,0.09552489459782658,0.1156471569678773
0.074,0.087,0.0,0.08544283565305127,0.07366552372846064,0.09356554392688946
0.076,0.156,0.0,0.06547212670399674,0.05472030920720482,0.07283146879231597
0.076,0.004,0.0,0.048883470240020536,0.0394630703702608,0.055615821333597146
0.08,0.025,0.0,0.035657488356052175,0.02752413028524893,0.04136540003820597
0.07,2.018,0.0,0.02536895435874332,0.018720803241104568,0.03008957099749617
0.07,0.605,0.0,0.017673880899698475,0.012319787617492915,0.02147415995534613
0.066,0.204,0.0,0.012032662900643932,0.007925438219686153,0.015058335209585673
0.063,0.5,0.0,0.008095104222401409,0.005031002564499352,0.010391072962312155
0.063,0.936,0.0,0.0053167947155135205,0.0031122401100008665,0.0070220706337205
0.063,1.725,0.0,0.0034471117013944595,0.001857062585941307,0.004707338126857052
0.059,0.823,0.0,0.002213783364812902,0.0011470562767983167,0.0031000222547151223
0.058,0.307,0.0,0.001405799698030694,0.0007047356122472226,0.0020129647974800563
0.059,0.498,0.0,0.0008872468106812221,0.00042624146489348016,0.0012895894207165183
0.059,1.705,0.0,0.000555175272122944,0.00025616424315117337,0.0008327402920478834
0.055,0.212,0.0,0.0003490922891492747,0.00015508677151236888,0.0005294156794884399
0.055,1.422,0.0,0.0002209244929723246,9.66489777020757e-05,0.0003392290924104727
0.053,2.405,0.0,0.00014055193556329582,6.072167230385777e-05,0.00021698701706646185
0.056,0.87,0.0,9.029801237913099e-05,3.861285694005491e-05,0.00014039421260874494
0.055,0.76,0.0,5.8519388697187555e-05,2.459627107869165e-05,9.228652100150368e-05
0.055,1.196,0.0,3.795860333496637e-05,1.5799501156598187e-05,6.020114805109805e-05
0.055,3.587,0.0,2.4969193743581194e-05,1.038464166633433e-05,4.007725987321919e-05
0.046,5.992,2.491564148674201,1.6509341622568335e-05,6.912051531847836e-06,2.6582030166073924e-05
0.053,2.133,0.0,0.12255142906860524,0.11803829630254752,0.12965144616166943
0.053,3.248,0.0,0.1647823077323196,0.15784320953260078,0.17211199567103994
0.053,1.69,0.0,0.1689613196264732,0.16203944910630746,0.17578750864090864
0.056,2.79,0.0,0.15348272341632774,0.1455983578798651,0.16158297104086555
0.061,2.452,0.0,0.13017538703958803,0.12058751632334733,0.13888132719486002
0.072,10.095,6.80780095204017,0.10571618913311329,0.0949729781278231,0.113415267457526
0.07,4.134,0.7040426315061263,0.4170997160651054,0.4097305799052301,0.42793113780893416
0.07,1.005,0.0,0.5673578056016493,0.5439104185723133,0.5852400099447941
0.07,1.113,0.0,0.5940614032405183,0.5668941169451582,0.6188651436440339
0.072,0.81,0.0,0.5538404821737452,0.5249806204334518,0.5787624050137873
0.122,7.768,4.396334815779204,0.4839175141433589,0.4511876259315416,0.5093747413854949
0.114,4.313,1.473206770500123,0.6197064878806229,0.5868822215215054,0.6383535906653579
0.103,2.341,0.0,0.7064824277337644,0.6743958482081777,0.7333172270796285
0.108,5.23,2.316554746450628,0.6896960801308795,0.6532545979934833,0.7245773053079485
0.131,3.264,0.0,0.7346730572572685,0.6987302448564585,0.7675294491965593
0.151,1.935,0.0,0.6933362320857928,0.6427233176831397,0.7311264354704293
0.296,1.747,0.0,0.611284506851831,0.5557355063478293,0.648855173806895
0.345,7.179,4.116061089435334,0.5174484160178965,0.45754082352007464,0.5544846949991334
0.29,9.469,6.2089974842934135,0.6202401563082601,0.5768979053633926,0.6528733981539057
0.242,3.024,0.0,0.9241024800007595,0.885941439131401,0.9514431120765668
0.263,1.611,0.0,1.0033989027199024,0.953802268181167,1.046227920374174
0.263,3.524,0.024704269794998623,0.9635426001344994,0.9109639286590099,1.0045338391154601
0.321,9.481,6.192693743215139,0.8592338676125645,0.7955970709405431,0.9073743178933114
0.334,1.643,0.0,1.0349946298917831,0.9780795870768682,1.0762425251060634
0.334,1.049,0.0,1.0395658251926188,0.9751031197101159,1.0881938182104105
0.343,3.558,0.0,0.9552114401924825,0.8880040811513318,1.010753528756999
0.402,10.436,7.013242509402209,0.8285339894700405,0.7477724623425507,0.8827428669623089
0.35,0.501,0.0,1.037242015534392,0.9761269141937333,1.079207316034843
0.308,2.071,0.0,1.0582590307349138,0.9903214417923744,1.1129227215153303
0.308,4.524,1.2683142909912037,0.9819665006538035,0.9067007664345401,1.0375178952368205
0.327,0.774,0.0,0.9210398406475144,0.8461155849018988,0.9728700436568669
0.314,3.394,0.15742359868122868,0.8094397835309363,0.736430614706581,0.8650250020706591
0.347,6.71,3.671988619729501,0.6887801680282346,0.6128304376373271,0.7436596460087264
0.374,7.242,4.185987569880627,0.7475461067375161,0.683376863678155,0.7932959868316013
0.394,3.362,0.17058359075392726,0.9179581414668433,0.8649528306038432,0.9593795262469916
0.412,7.678,4.125521451450776,0.9365530871378369,0.87726098708512,0.9838866070618668
0.423,4.657,1.7158162808349746,1.0710208124488227,1.017034233630245,1.118196101282877
0.461,10.644,7.955053518038953,1.135011109798181,1.0764871564621186,1.1828975634797172
0.481,3.804,0.9392318230941288,1.4659994818723703,1.4115464671486913,1.509203410712278
0.621,3.09,0.0,1.566620877894176,1.4974188848366696,1.6224878332596624
0.89,4.448,1.9022596974256722,1.4921836868225988,1.4086350078464704,1.5564204904377448
0.964,2.411,0.0,1.429553692382906,1.3333678614284061,1.500754320091305
0.825,1.555,0.0,1.2764372546839697,1.1762644194133927,1.3528859247589418
0.757,8.675,5.209099736086952,1.0946034324446923,0.9933406205093124,1.175935126122609
0.658,4.41,1.570840459324374,1.1565909305846227,1.058020675815842,1.2265895552013093
0.608,4.176,0.6419493687697195,1.1724334323199215,1.08172258124447,1.2451667301556972
0.599,7.499,4.954720929072408,1.1145618860090958,1.0135713974352494,1.1878552486355198
0.617,4.58,1.675221455205806,1.2365328680329233,1.1538876358808168,1.301144930096348
0.678,9.655,6.4880117026691435,1.279314274736376,1.1931395038956454,1.3473608151043144
0.913,8.891,6.110615942945223,1.5151853445282621,1.4344412822188493,1.582127038736727
0.976,4.597,1.7782725527906083,1.8191201277404847,1.7373826064277882,1.8859250643101866
1.214,6.48,3.6333888843131876,1.9240091408527182,1.8280041166729983,2.0029926415017836
1.697,5.837,2.9474359172259392,2.0069160874292176,1.8865142914647877,2.0938933255686996
1.844,3.833,0.953113984180542,2.0375130905872947,1.925200971278149,2.1325472028460473
1.828,6.113,2.6432099208570943,1.9421231276100996,1.8209845236883977,2.0465483222879586
1.556,10.778,7.596922618522258,1.8675636932924171,1.737088360156033,1.9732966283399491
1.386,2.49,0.0,2.0522438500956706,1.9189403853672853,2.1455844966827264
1.533,7.937,4.845213283843954,1.9970054638692913,1.8461338614095295,2.1015181945007058
1.587,5.122,1.9515452129044015,2.038838495069615,1.8965070696476496,2.1415427980154402
1.533,2.371,0.0,1.9965375202725837,1.8478190831447716,2.1105189771348787
1.657,3.166,0.013704842590991362,1.8176363327746619,1.664627060582616,1.9386451165116447
1.587,8.189,5.317712223938344,1.5804128516218179,1.4191699648610094,1.7027390582080875
1.633,12.221,9.462537530994762,1.586985929436219,1.4481420197326431,1.6948524367745947
1.657,11.535,8.409762226820202,1.9285530827749393,1.8016556031639008,2.023788752345178
1.904,4.386,1.5721010286361063,2.3725477931165497,2.2634635706125192,2.4693064486957814
2.454,1.254,0.0,2.5025021849692304,2.3727147983121752,2.619453193957304
2.319,2.489,0.0,2.384182875313147,2.219491327151094,2.506779553355836
1.887,3.796,0.8656285931579961,2.1345015650098476,1.9577160740079897,2.2702284985135295
1.511,5.748,3.028261393458514,1.8750299367157772,1.6968846751335043,2.0064447482133074
1.33,3.994,1.2902102099872974,1.739402376828111,1.5731395313981702,1.8555809706033637
1.393,0.811,0.0,1.5834579764705639,1.4132095707487622,1.7033454615825154
1.372,2.122,0.0,1.3799236704310682,1.224697646323036,1.4898285654965673
1.207,2.477,0.0,1.1531290809609027,0.981217664971668,1.2665566203641
1.036,7.2,4.474779944578103,0.9401515891258733,0.7850075820229184,1.0416993119560614
0.976,4.386,1.493909682684015,0.9687954785294747,0.8476295120647201,1.054274640735584
1.012,5.758,3.000524591519137,0.9750992707023954,0.8700738132225673,1.0521493945089206
1.079,4.757,2.0066651979964134,1.0437118234789655,0.9551721166606013,1.1104723535284546
1.174,4.522,1.3637656637442097,1.0886806686872077,0.9981686756894731,1.152894605439713
1.174,3.691,0.7636640920827698,1.090212929617855,1.0092860268526793,1.15680741891465
1.518,4.056,1.092757279447322,1.0332128080507819,0.9509540255087593,1.0973870212338428
1.87,2.759,0.0,0.9724516317011769,0.8917428006143043,1.0365023257536323
1.904,1.742,0.0,0.8581466808546723,0.7694882583517668,0.9224348584932228
1.498,3.528,0.3676033765161302,0.7245474980323388,0.6378321624316905,0.7873227718901478
1.515,1.974,0.0,0.6096175854194805,0.5271921992677551,0.6677044093058981
1.438,1.938,0.0,0.4954224547426235,0.40947392915900377,0.5519791526866925
1.339,4.847,1.7801240653292623,0.39414089288129756,0.32834619422076217,0.4438573564373173
1.169,2.015,0.0,0.3912641553758712,0.3327579294869779,0.43265751618234444
1.075,6.288,3.437576277388061,0.35420876446637917,0.3037681882215534,0.3900713235968655
0.979,10.664,8.08090445337794,0.47125942365391554,0.4346576576496282,0.4973037687782778
0.946,4.985,2.209298906304396,0.884174417483398,0.855681669426866,0.9051160583249389
1.184,8.419,5.781670000528405,1.1302514926180884,1.0920252619569275,1.1672458030341373
1.299,10.665,7.942687751412079,1.4509246688931083,1.3946433994019638,1.492849878792536
1.541,9.657,6.987437705668498,1.8884811875737557,1.7958047700169464,1.9518932020127704
2.212,8.524,5.806356985047254,2.3238806839066064,2.2353259946239423,2.4055180112534003
2.592,2.282,0.0,2.65806243776423,2.5477439842463023,2.7446456502746917
2.854,4.012,0.9862522809939436,2.638088755442633,2.512707829377751,2.747960442444937
2.765,2.185,0.0,2.4747183245688875,2.347296711072122,2.59194626734898
2.323,2.165,0.0,2.1924973494129483,2.039183868670176,2.3120150573891616
1.999,1.282,0.0,1.8713417926819513,1.6945595277147627,2.000234526888912
1.686,3.49,0.26589637741756844,1.5514697572842533,1.386060551315167,1.6756718653600102
1.429,3.178,0.2258453647969323,1.2675856901266938,1.1039770651732554,1.3909937763831177
1.283,2.136,0.0,1.0236882067744442,0.8727054950768094,1.132617205535857
1.339,0.838,0.0,0.8074482090757856,0.6699901761924084,0.9084663570269131
1.214,1.877,0.0,0.6265464944460964,0.5030734282321948,0.7151129075403402
1.068,5.814,3.254968464980082,0.4764810966446331,0.3722427989302321,0.5538177249499142
0.946,3.323,0.48843888227436993,0.5142513839032039,0.43399799445719617,0.5758335553085979
0.959,0.046,0.0,0.5130481529472797,0.4440979484260575,0.5651949127802878
0.973,2.631,0.0,0.46536510349623467,0.40055630282580523,0.5119990681703547
0.87,0.905,0.0,0.40031032974572694,0.3411012544436437,0.44199101344781627
0.746,0.648,0.0,0.32756410319365364,0.2749802967783422,0.36606512965761895
0.686,1.369,0.0,0.2607769784092026,0.21319326311974654,0.29474999401443763
0.629,1.478,0.0,0.20225402282440894,0.16057932819619505,0.23135786651304227
0.594,0.368,0.0,0.153345755901575,0.11812874090978819,0.1781417827779596
0.579,0.773,0.0,0.11346137052377564,0.08436653392621195,0.13479378589859758
0.565,0.853,0.0,0.08218556834963017,0.05888177879030131,0.09961927407695764
0.51,0.547,0.0,0.05865766090139219,0.04001031035955895,0.07283015886611381
0.471,1.139,0.0,0.04093168883861961,0.02689657804624231,0.05188089757931214
0.442,0.518,0.0,0.028055499824829574,0.017326529377385446,0.03641436079334928
0.425,0.066,0.0,0.018869444003895623,0.011020887953641487,0.025178786437549908
0.394,0.588,0.0,0.012550441979320695,0.006657974135212363,0.017062441278278266
0.376,0.524,0.0,0.008087850862544212,0.004134432747429864,0.011403103048068814
0.361,0.618,0.0,0.005182842177857754,0.00251941561155651,0.007555473899738114
0.354,0.059,0.0,0.0032718993868445746,0.0014759088821828686,0.00484440561541587
0.347,0.087,0.0,0.0020172931515644575,0.0008745550283756421,0.0030954042016926894
0.34,0.043,0.0,0.0012524403228454935,0.0005230244760955212,0.0019586146733530643
0.336,0.28,0.0,0.0007651555625773788,0.00031495489548237103,0.0012243728522287236
0.326,0.155,0.0,0.0004726903867795898,0.00019153662520152756,0.0007694361124188874
0.309,0.417,0.0,0.000293060656916303,0.00011699548519211762,0.0004820658607384054
0.306,1.727,0.0,0.0001823306543134543,6.989317762573366e-05,0.0002996001531273792
0.303,1.142,0.0,0.00011532538248293619,4.5302212679643707e-05,0.00019095226954089518
0.3,0.975,0.0,7.380738823285848e-05,2.8931306098909608e-05,0.00012251437749905548
0.3,0.917,0.0,4.759562853190446e-05,1.8260955245733437e-05,7.916073381297518e-05
0.3,0.867,0.0,3.105402693842787e-05,1.2237191127650444e-05,5.1544925611356916e-05
0.296,0.627,0.0,2.0431828802929907e-05,7.657288641170808e-06,3.45430693284642e-05
0.293,0.867,0.0,1.349061302702259e-05,4.898357475117997e-06,2.2773700540825467e-05
0.296,0.411,0.0,8.973558435450136e-06,3.2501548490402237e-06,1.5421379436121937e-05
0.296,1.821,0.0,5.989263305821255e-06,2.0244774931873436e-06,1.0290563332215607e-05
0.293,0.615,0.0,3.994464165688697e-06,1.3589409456993062e-06,6.947892192992622e-06
0.296,0.436,0.0,2.6709904726876596e-06,8.528727582220013e-07,4.671423423129107e-06
0.333,0.62,0.0,1.7908805508122771e-06,5.690694356004528e-07,3.1832762607955223e-06
0.316,0.797,0.0,1.201701254494268e-06,3.4851791208810794e-07,2.173995017082812e-06
0.3,0.762,0.0,8.100121715978058e-07,2.462009807878331e-07,1.4629184822371486e-06
0.29,0.238,0.0,5.447971627503062e-07,1.558720319506776e-07,1.0032298224337715e-06
0.265,0.006,0.0,3.672687920384279e-07,1.0197597694694558e-07,6.811349587914528e-07
0.242,0.271,0.0,2.4732159814055966e-07,6.986145413392405e-08,4.6639493608358595e-07
0.231,0.065,0.0,1.6751072412210343e-07,4.46177555106311e-08,3.1552489412443605e-07
0.225,1.303,0.0,1.1267189002942061e-07,2.7486622360941298e-08,2.1914655056198715e-07
0.215,0.052,0.0,7.687224328727633e-08,1.8770034299376684e-08,1.486787756622978e-07
0.205,2.208,0.0,5.165708443289306e-08,1.2552752325281365e-08,1.0180306092312555e-07
0.2,0.376,0.0,3.532722141896899e-08,7.871738772548468e-09,6.982427355637187e-08
0.21,0.067,0.0,2.372838407061647e-08,4.636359201666567e-09,4.845525769285725e-08
0.2,0.165,0.0,1.632409649536795e-08,3.2712652515574208e-09,3.271142286026043e-08
0.2,0.144,0.0,1.0965885193673498e-08,1.5600409745738159e-09,2.277081118748497e-08
0.195,0.02,0.0,7.548596850877902e-09,9.147365560761615e-10,1.5738490113631226e-08
0.191,0.121,0.0,5.153739543185217e-09,0.0,1.0751559152947336e-08
0.177,0.025,0.0,3.504688387555093e-09,0.0,7.531238384460772e-09
0.169,1.145,0.0,2.452007371760738e-09,0.0,5.372860607428565e-09
0.169,0.0,0.0,1.6662065022790328e-09,0.0,3.777146533768803e-09
0.164,0.111,0.0,1.1981245084741748e-09,0.0,2.9497020838968024e-09
0.164,0.01,0.0,8.426426974236626e-10,0.0,2.4923752620101262e-09
0.16,0.073,0.0,6.280612211753548e-10,0.0,1.955895947819516e-09
0.16,0.454,0.0,4.479075833679118e-10,0.0,1.4794774413476668e-09
0.156,0.044,0.0,3.397292025719216e-10,0.0,1.1976923186381218e-09
0.152,0.0,0.0,2.4949882099329987e-10,0.0,9.162009694401674e-10
0.149,0.0,0.0,1.8894599482844595e-10,0.0,7.025442702822061e-10
0.145,0.165,0.0,1.381396999320486e-10,0.0,5.382424032363547e-10
0.141,0.001,0.0,1.0301816372722713e-10,0.0,3.9185656370399775e-10
0.138,0.047,0.0,7.271011547974648e-11,0.0,2.919051198426871e-10
0.134,0.018,0.0,5.397887217778166e-11,0.0,2.095115388503683e-10
0.134,0.018,0.0,3.7341492896506735e-11,0.0,1.5153884763456467e-10
0.127,0.267,0.0,2.7697143592622306e-11,0.0,1.0918834728888168e-10
0.127,0.0,0.0,1.913351742368808e-11,0.0,7.838181035753025e-11
0.127,0.039,0.0,1.4079057497604532e-11,0.0,5.648315924960688e-11
0.124,0.14,0.0,9.7436291849395e-12,0.0,4.0542133857545767e-11
0.115,1.082,0.0,7.159889482453365e-12,0.0,2.9218752358169264e-11
0.121,0.036,0.0,4.95889587948655e-12,0.0,2.096997535196453e-11
0.118,0.152,0.0,3.642008896607336e-12,0.0,1.5114867882423752e-11
0.112,0.129,0.0,2.53016430405187e-12,0.0,1.0846490503565719e-11
0.109,0.408,0.0,1.8414822156522924e-12,0.0,7.818924927914024e-12
0.106,0.394,0.0,1.290698986435854e-12,0.0,5.610228683527675e-12
0.106,1.658,0.0,9.391503112706873e-13,0.0,4.0447318179278385e-12
0.106,3.434,1.4767706489033403,6.573832546293846e-13,0.0,2.9018295023985e-12
0.112,1.412,0.0,0.07263076575233604,0.06995274682982647,0.07684273840480009
0.106,0.137,0.0,0.09634453101342305,0.09180990809145335,0.10082068893930077
0.103,0.026,0.0,0.09715958270314064,0.0916834474783295,0.1024476014357427
0.109,0.172,0.0,0.08703209578982785,0.08149324641110929,0.09159839063564629
0.109,0.394,0.0,0.07284888065571297,0.06726776689711912,0.07771900015928541
0.103,0.099,0.0,0.05804588339761662,0.05147586076753966,0.06254936506344305
0.103,1.012,0.0,0.044674300725444795,0.03862552665336322,0.049205004270487955
0.1,0.253,0.0,0.03334824403467621,0.02754065179207416,0.037252222715969355
0.095,0.438,0.0,0.024183168366599256,0.019038108807092502,0.027895267769136364
0.092,0.018,0.0,0.017116914897850034,0.012895679851740434,0.020076982632912462
0.095,0.0,0.0,0.01184853884767098,0.008372827332704254,0.014342971646450922
0.092,0.0,0.0,0.00808750226548477,0.005377890224608941,0.010067245536288053
0.09,0.267,0.0,0.005412166287325526,0.0033510551881365323,0.006881083414574123
0.09,0.001,0.0,0.0035605301096823167,0.0021226294260337495,0.004674095479485745
0.087,0.001,0.0,0.0023095844289142725,0.0012962771266778412,0.0031022190496323996
0.087,0.041,0.0,0.0014816242991681832,0.0008081389422373237,0.002050153909663561
0.082,0.122,0.0,0.0009427629437291766,0.00048141296435106137,0.001330487851304795
0.082,0.14,0.0,0.0005969225562750364,0.0002958646484091326,0.0008604213380831208
0.085,0.128,0.0,0.0003770203769767695,0.00018166726774647575,0.0005563707243337569
0.082,0.213,0.0,0.0002391748533636924,0.00011318112913398082,0.0003579889607767454
0.08,0.033,0.0,0.00015243465330973217,6.992800995945783e-05,0.0002284406389974472
0.08,0.129,0.0,9.808402863872992e-05,4.6142560424613576e-05,0.00014834256236713047
0.09,0.396,0.0,6.35118495588091e-05,2.903343327279455e-05,9.705290123946974e-05
0.09,0.0,0.0,4.1490299358951484e-05,1.8665473661202435e-05,6.398424118862168e-05
0.089,0.506,0.0,2.7052994362985833e-05,1.1337279295424434e-05,4.1974672821104794e-05
0.092,0.0,0.0,1.7887157455578022e-05,7.430452818480448e-06,2.8231775706711624e-05
0.089,0.008,0.0,1.1892212868898739e-05,5.075239474416308e-06,1.8946108638263825e-05
0.087,0.006,0.0,7.893901125247464e-06,3.1270491116922375e-06,1.2704497160667071e-05
0.089,0.033,0.0,5.2391035402538745e-06,1.9703563000556273e-06,8.5247538512851e-06
0.086,0.209,0.0,3.5093662834087175e-06,1.383917394815263e-06,5.7664373689509965e-06
0.083,0.132,0.0,2.3433199536251594e-06,8.670622440113986e-07,3.940978420681746e-06
0.083,0.01,0.0,1.5888005771385238e-06,5.794946864449909e-07,2.6492413155452487e-06
0.083,0.062,0.0,1.055953995356123e-06,3.6741356215925975e-07,1.7900729573155033e-06
0.086,0.129,0.0,7.13353278683598e-07,2.41850512170939e-07,1.2222928250294137e-06
0.084,0.0,0.0,4.779283475121072e-07,1.6147075384501643e-07,8.346006615150152e-07
0.082,0.0,0.0,3.22545657776996e-07,1.0335331310677562e-07,5.724733376296463e-07
0.084,0.001,0.0,2.183945646768467e-07,7.006936106534477e-08,3.8592571143213553e-07
0.082,0.064,0.0,1.4715162561788519e-07,4.554608173395464e-08,2.638913387295661e-07
0.082,0.0,0.0,9.971413509501968e-08,3.0232260254713924e-08,1.8166207125534387e-07
0.08,0.002,0.0,6.722756005606417e-08,2.0115030173840047e-08,1.2381012249134514e-07
0.082,0.186,0.0,4.574119857215114e-08,1.2643923605332234e-08,8.612890266821859e-08
0.079,0.017,0.0,3.093087240742632e-08,7.868428961813542e-09,5.883161083002399e-08
0.08,0.01,0.0,2.1013061197663957e-08,4.8070065639702915e-09,4.089722978472477e-08
0.075,0.242,0.0,1.4245884573046423e-08,3.1130489054378198e-09,2.7473830984609128e-08
0.08,0.553,0.0,9.754279021217145e-09,1.5880505175861726e-09,1.920867951755177e-08
0.075,0.124,0.0,6.597615591712071e-09,9.005049197193305e-10,1.3141109978221708e-08
0.076,0.022,0.0,4.548360304849421e-09,0.0,9.230953483498313e-09
0.073,0.001,0.0,3.0868850660255626e-09,0.0,6.381161914231211e-09
0.075,0.04,0.0,2.1534765587361163e-09,0.0,4.648259300011135e-09
0.075,0.009,0.0,1.4741553154164217e-09,0.0,3.4054017423999733e-09
0.075,0.0,0.0,1.0673623105495882e-09,0.0,2.6619682585780023e-09
0.089,0.159,0.0,7.351167876483795e-10,0.0,2.05604401774905e-09
0.093,0.023,0.0,5.634185064820852e-10,0.0,1.7234610959162446e-09
0.073,0.004,0.0,3.963688799716738e-10,0.0,1.3869212257756295e-09
0.072,0.037,0.0,3.128082893997703e-10,0.0,1.1071525720651516e-09
0.073,0.197,0.0,2.3018478450599483e-10,0.0,8.127829785851939e-10
0.072,0.031,0.0,1.742290524658587e-10,0.0,6.45201165824185e-10
0.073,0.009,0.0,1.2288582359862857e-10,0.0,4.5434046814197536e-10
0.071,0.047,0.0,9.411742163052774e-11,0.0,3.626529695417452e-10
0.072,0.273,0.0,6.434776586548265e-11,0.0,2.4322599990799483e-10
0.07,0.138,0.0,4.909766213390133e-11,0.0,1.8960901907040505e-10
0.071,0.054,0.0,3.299640200679567e-11,0.0,1.257945785545653e-10
0.071,0.152,0.0,2.5062134044173328e-11,0.0,9.823007066765101e-11
0.07,0.276,0.0,1.6783140023497344e-11,0.0,6.49970913051319e-11
0.07,0.662,0.0,1.2741762450261141e-11,0.0,5.088970364610374e-11
0.07,1.416,0.0,8.530615881688595e-12,0.0,3.358349722764101e-11
0.072,0.678,0.0,6.479640279686286e-12,0.0,2.6364247944947388e-11
0.075,0.635,0.0,4.3370299775598996e-12,0.0,1.7352334757280135e-11
0.072,0.011,0.0,3.295950321374032e-12,0.0,1.3658432262656255e-11
0.072,0.097,0.0,2.2063407866409714e-12,0.0,8.965817932276518e-12
0.072,0.404,0.0,1.6766471527749103e-12,0.0,7.075975479153846e-12
0.07,0.263,0.0,1.122022584112054e-12,0.0,4.632569182040604e-12
0.07,0.891,0.0,8.532752077541133e-13,0.0,3.6658254804495185e-12
0.07,0.516,0.0,5.708369502236132e-13,0.0,2.393612874890125e-12
0.071,0.103,0.0,4.343501724901202e-13,0.0,1.899141185652231e-12
0.071,0.149,0.0,2.9048316706700426e-13,0.0,1.2367613677053168e-12
0.07,0.036,0.0,2.211530051282967e-13,0.0,9.838813288922166e-13
0.068,0.206,0.0,1.478518066257234e-13,0.0,6.390250894048763e-13
0.068,0.186,0.0,1.1262796706982886e-13,0.0,5.097159059228533e-13
0.071,0.442,0.0,7.527096175647222e-14,0.0,3.3017935047665217e-13
0.067,0.312,0.0,5.737184243046343e-14,0.0,2.6406670934418553e-13
0.066,0.004,0.0,3.8328505927309954e-14,0.0,1.706011318502138e-13
0.067,0.66,0.0,2.923136660077549e-14,0.0,1.368041024719891e-13
0.067,0.05,0.0,1.9521283934927202e-14,0.0,8.814829322437891e-14
0.068,0.824,0.0,1.489689828493314e-14,0.0,7.087361565119251e-14
0.075,0.518,0.0,9.944556740151068e-15,0.0,4.554554543576176e-14
0.075,0.237,0.0,7.593424071251534e-15,0.0,3.6717242448920153e-14
0.075,0.038,0.0,5.067007895711476e-15,0.0,2.3533033189310173e-14
0.07,0.002,0.0,3.871445991542708e-15,0.0,1.9021971455393878e-14
0.07,0.011,0.0,2.5822922942491172e-15,0.0,1.2159337341440384e-14
0.07,0.512,0.0,1.9742457030411488e-15,0.0,9.854645232936978e-15
0.072,0.48,0.0,1.3162715198562203e-15,0.0,6.282636133817097e-15
0.072,0.65,0.0,1.0069788771561147e-15,0.0,5.105361079568723e-15
0.068,1.775,0.0,6.710740845732787e-16,0.0,3.2461897964005827e-15
0.066,0.665,0.0,5.13723482741569e-16,0.0,2.6449025291877083e-15
0.066,0.036,0.0,3.421992151353238e-16,0.0,1.6772813154915604e-15
0.068,0.455,0.0,2.6213627724881573e-16,0.0,1.3702222386392502e-15
0.068,0.268,0.0,1.7452988351551977e-16,0.0,8.666383634620129e-16
0.068,1.948,0.0,1.337864901434176e-16,0.0,7.09859423859005e-16
0.066,0.21,0.0,8.903106220768321e-17,0.0,4.477853812867888e-16
0.066,0.048,0.0,6.829416601477934e-17,0.0,3.6775085678889273e-16
0.066,0.066,0.0,4.542479989144986e-17,0.0,2.313672648749064e-16
0.052,0.366,0.0,3.486903843836337e-17,0.0,1.9051757050327157e-16
0.062,0.862,0.0,2.318050936771927e-17,0.0,1.195456875510806e-16
0.06,0.4,0.0,1.7806566267921905e-17,0.0,9.869982365582574e-17
0.06,1.665,0.0,1.1831238506730558e-17,0.0,6.176833799980837e-17
0.058,0.191,0.0,9.095007759899531e-18,0.0,5.113258150274613e-17
0.06,0.016,0.0,6.0396747262738126e-18,0.0,3.191522554462979e-17
0.058,0.056,0.0,4.6463028051137805e-18,0.0,2.648982335987805e-17
0.057,0.751,0.0,3.083698035424402e-18,0.0,1.6490351773010906e-17
0.057,1.047,0.0,2.374063670484528e-18,0.0,1.372335841184748e-17
0.057,0.381,0.0,1.5747222508976633e-18,0.0,8.520438038179419e-18
0.066,0.062,0.0,1.2132673799114639e-18,0.0,7.10954406033239e-18
0.055,0.181,0.0,8.042828440880288e-19,0.0,4.402444859663672e-18
0.058,0.003,0.0,6.201530633710786e-19,0.0,3.683181280407505e-18
0.055,0.0,0.0,4.108518854598043e-19,0.0,2.2747094298195156e-18
0.053,0.037,0.0,3.1704316913408253e-19,0.0,1.9081145352782015e-18
0.052,0.233,0.0,2.0990961971608542e-19,0.0,1.1753248836778713e-18
0.053,0.821,0.0,1.6211155828769828e-19,0.0,9.885207398022823e-19
0.052,0.91,0.0,1.0726275278563109e-19,0.0,6.072813365715076e-19
0.052,0.62,0.0,8.290573731748212e-20,0.0,5.121145697136749e-19
0.05,7.483,4.193343853427189,5.481937201140273e-20,0.0,3.137776005986719e-19
0.053,8.547,5.191712942667923,0.2062376953185081,0.19863336341498233,0.21819774452388568
0.057,5.118,2.238717860352596,0.5371766095785105,0.5165276519259765,0.5639133439649218
0.06,9.862,7.147044987143747,0.7659640149097439,0.730023793274406,0.7943064576863019
0.058,6.619,3.3330370968371694,1.1682537161827407,1.1320950386554334,1.2072903168422908
0.06,6.854,3.7551077567021527,1.4447653711069395,1.387974668408054,1.4992221486168835
0.066,10.736,7.587322683663788,1.6538326411262059,1.5760735222460176,1.7195613262211296
0.077,7.098,4.358279497322956,2.011373768714338,1.9478036158996521,2.07511381806354
0.105,3.18,0.011768508880319661,2.2578650570036887,2.151445346420421,2.3360684486726493
0.108,3.239,0.0,2.2123649393695097,2.087101304201269,2.306688972216818
0.145,4.026,0.5565500308273199,2.0177127055366024,1.8946408062979507,2.1180293160298787
0.192,2.124,0.0,1.7807053229087502,1.6354559464756677,1.8893761293420481
0.165,2.295,0.0,1.510948215129505,1.360489098327963,1.6195272681755324
0.161,8.186,5.0264469894338655,1.2448997519215723,1.0784262000770142,1.3536026003649653
0.127,3.655,0.2428785387545953,1.2487632868860408,1.1149162036561056,1.3425017697730004
0.124,0.863,0.0,1.1597681231712118,1.035149702257002,1.2495722562743516
0.124,4.243,0.38179974799794403,1.0144185129642573,0.8881775339854412,1.1058100808804299
0.134,5.251,2.341396003583693,0.87302235826207,0.7546869670899481,0.9546486880578949
0.127,5.45,2.1478532502261527,0.8368004393884119,0.7304617038653024,0.9134832803886521
0.114,4.62,1.2849845309289125,0.8528393099774889,0.7673441453827194,0.9156496422481092
0.117,2.611,0.0,0.8510143829294274,0.7665652780793129,0.9102750097562202
0.142,2.642,0.0,0.7779290559754836,0.6989957399482047,0.836192733863298
0.169,0.513,0.0,0.6718265050548765,0.5899787096479225,0.7282319081168233
0.165,0.263,0.0,0.5581544147704153,0.48048968038379714,0.6121005110605335
0.184,0.054,0.0,0.44721157797819555,0.37405930168511936,0.4995972783466758
0.18,0.708,0.0,0.35057743167867966,0.28699703921077907,0.39616323434741535
0.161,0.427,0.0,0.26958471852913135,0.21334415512917693,0.3089202212955003
0.15,0.001,0.0,0.20237156451952415,0.1514944924466905,0.23644766512261986
0.136,0.352,0.0,0.14899458567819068,0.10958338983349639,0.17804493199517726
0.127,0.006,0.0,0.10778290636759363,0.07562272396399507,0.1313199159562899
0.112,0.286,0.0,0.07646056920102552,0.050490245182973396,0.09496667476051314
0.106,0.101,0.0,0.053349263482626585,0.033888958600421154,0.06795124143456936
0.098,0.006,0.0,0.03656462746182865,0.021771904070975304,0.04766126708181068
0.093,0.208,0.0,0.0244756353453817,0.013943213627063527,0.03305645513823937
0.089,0.011,0.0,0.01616475469363343,0.008584597717504827,0.022374737927205283
0.075,0.25,0.0,0.010443449603935784,0.005073183881319956,0.014827798878360452
0.075,0.006,0.0,0.0066656815187528615,0.003171917574983604,0.009770145834761813
0.075,0.657,0.0,0.004177171079473855,0.0018518779532439755,0.006332724091461072
0.073,1.505,0.0,0.002576943960173587,0.0010458845823151808,0.004004101466478394
0.071,0.131,0.0,0.0015719700772913923,0.000607367940850621,0.0025415510286821864
0.071,0.336,0.0,0.0009571822445090241,0.0003468865323485343,0.001568818870003652
0.067,0.042,0.0,0.0005830089092467991,0.00021253291719728042,0.0009672799785519105
0.067,0.104,0.0,0.0003556947356111999,0.00012940623730429255,0.0006022067803260036
0.064,0.403,0.0,0.00021955380784325823,8.070462867504948e-05,0.00037272816762203443
0.062,0.033,0.0,0.0001365731767005206,4.9355982492601894e-05,0.00023415957849158515
0.064,0.59,0.0,8.650102227056661e-05,3.2092099162209846e-05,0.00014671053045494062
0.062,0.455,0.0,5.5679804737678405e-05,2.051520152420155e-05,9.506799389675898e-05
0.057,1.825,0.0,3.597053793183082e-05,1.2795810347153544e-05,6.086298920426297e-05
0.058,2.544,0.0,2.3677876290616415e-05,8.534996609463343e-06,4.016236321356607e-05
0.057,1.396,0.0,1.5611326986078988e-05,5.516523052508299e-06,2.6681612755398756e-05
0.058,0.826,0.0,1.036419321627417e-05,3.537836266784434e-06,1.8022473637426027e-05
0.057,0.946,0.0,6.896214785402551e-06,2.34939796782639e-06,1.2014377257901316e-05
0.057,2.496,0.0,4.600730421080089e-06,1.5058038618437617e-06,8.090381573896619e-06
0.057,5.936,2.722456363002397,3.0719362405901333e-06,9.60108828381799e-07,5.483368920060492e-06
0.058,1.914,0.0,0.13389833905855342,0.12896265994797884,0.14166176478820194
0.06,1.299,0.0,0.18091191237053703,0.17367669832952337,0.18863562010369558
0.062,0.511,0.0,0.18527832318948745,0.17694917109631128,0.19355171389751172
0.067,3.735,0.0,0.1686438162474938,0.15931493287278667,0.1767120551443833
0.065,9.194,6.048358631904875,0.14340454622478352,0.13051909105754927,0.15227079693724965
0.071,0.856,0.0,0.41395001052022684,0.40474737716563564,0.42264128465836437
0.075,1.923,0.0,0.510372095671996,0.48972979120700666,0.5297273440446064
0.075,5.715,2.350130899472427,0.5126399547769704,0.4872940790330753,0.5343072421021466
0.077,3.815,0.6028337334249358,0.582727923796242,0.5571691834050506,0.6072805455887366
0.08,10.879,7.535823039650169,0.5964645365014287,0.5654479894398624,0.6229870918310664
0.077,8.749,5.559729730580136,0.9197939083866644,0.8893557002987257,0.9427369234284109
0.089,2.701,0.0,1.283113697123788,1.2400325778782548,1.3203597411641863
0.127,1.106,0.0,1.371082093944622,1.3077363450659907,1.4245072816755786
0.266,0.02,0.0,1.301458322104047,1.2329096894242042,1.363803796428146
0.289,0.714,0.0,1.1564698058631377,1.073091457647943,1.2240218181751878
0.255,4.315,1.1354504301451906,0.9861860073060076,0.8923423586457456,1.0510478392903972
0.225,0.556,0.0,0.8680304942168502,0.7829988481078201,0.9289934563330011
0.23,2.251,0.0,0.7326929020480236,0.6439304314691342,0.7939142301505803
0.168,0.709,0.0,0.6028680603140932,0.5149142185688991,0.6561694053042993
0.164,2.178,0.0,0.4742851284150701,0.3968317235390065,0.5294402876792431
0.157,2.917,0.0,0.3694046478574715,0.29843681502822933,0.41720414647553905
0.146,6.729,3.233271006257562,0.27991409000235895,0.21553648030069616,0.32246219300665596
0.136,3.934,0.33853831061282325,0.367711288367591,0.32672368487245257,0.3990953972092256
0.13,4.876,1.3376623051804133,0.39316228511404067,0.3560808249935762,0.42196271089394866
0.123,4.731,0.9685891798869579,0.435247770895667,0.4008285991113084,0.4608624588526045
0.139,6.022,2.389176536445512,0.46490422094332884,0.43162175388259727,0.48901380857202376
0.211,4.043,0.7070570978119268,0.5548049523669156,0.5262788688384288,0.577781625957619
0.283,7.591,4.666354207976025,0.5854359690686258,0.5525182974226646,0.6119406470842859
0.444,6.348,3.601775253348892,0.7782791021829245,0.747051899402639,0.8030444890752583
0.645,8.24,5.342637804266362,0.9874119412467723,0.9520455613083245,1.0176944472762497
0.763,7.353,4.256270093003171,1.278611025177431,1.2326094644022303,1.3216397591380369
0.641,4.146,0.9364942158247804,1.5291755319547702,1.4770053562970071,1.5742119556585648
0.713,4.637,1.2983341640490567,1.589546994308117,1.5186616205675665,1.6530439569667457
0.779,8.605,5.091736481075575,1.5558817943116523,1.4801978269102825,1.6185337698256028
0.803,6.853,4.1894619188956765,1.6635169906021223,1.5760594872348834,1.7302878357284786
0.779,6.808,3.765472275431802,1.7917634135156382,1.692128682243945,1.8645664545455471
0.873,7.218,4.118918561578935,1.9027350476124425,1.793026264263594,1.9923162538657235
1.061,7.538,4.661319224338596,2.015829333565937,1.8955764730729963,2.095488835395828
1.118,13.115,10.20747892376857,2.1426056295376306,2.02085543067789,2.236182082412789
1.35,5.647,2.5682336904784346,2.548527289586229,2.4352797764162637,2.6403791434390533
1.514,8.416,5.559421783038977,2.701993370434962,2.576461720298348,2.810879891294024
1.753,5.598,2.746745687766646,2.848070261694276,2.6943442938901234,2.9694568800663417
1.864,9.301,6.577047687657309,2.8512586904329384,2.686444582289566,2.97960318203352
1.811,4.739,1.6155870288865324,2.957057974167902,2.7876564489278124,3.0889976067073217
1.947,7.864,5.062262268977856,2.869148509274256,2.695554134055994,3.0091488572572933
2.08,12.493,9.511880099279782,2.857169471240524,2.675989979585215,2.9983962213980524
2.185,8.01,5.067965046737159,3.0996480292414845,2.925044490601962,3.250662155593686
2.25,7.095,4.198784893064513,3.242211525216383,3.0469521516220603,3.3908633059147264
2.445,6.218,3.2417903058918287,3.294819130983008,3.0843233223862208,3.4570004425164162
2.351,6.176,3.2243401915381105,3.2301248079472726,3.0116213872978777,3.408159898721738
2.325,5.421,2.796735983650511,3.1117024151442516,2.892492062250211,3.290393805054566
2.385,6.148,3.351045248821513,2.949581330709878,2.6947649770654256,3.140116532901558
2.402,9.073,6.2618176167441515,2.8069591151068156,2.581523497265346,2.9790466831666724
2.359,4.394,1.427018532478284,2.8226036063553757,2.597392472857161,2.995854566582114
2.436,3.964,1.0482522700017172,2.692655481475612,2.4791415907703325,2.8641372352216585
2.325,10.678,7.554158922243005,2.4595096976388313,2.234922505651071,2.642827181591013
2.096,9.154,6.032751749240962,2.5111000738862277,2.2981543355552625,2.6729332584528933
2.041,6.155,3.3670790049940673,2.6535109911937607,2.4490387120552435,2.8189916008935785
2.479,2.671,0.0,2.6853366899363653,2.4721042611780577,2.841132101278245
2.376,4.259,1.4330571687504534,2.5027392649639624,2.279243209517161,2.667135563468357
2.088,4.231,1.235693368779704,2.2774097412576455,2.0594288953908033,2.4434310715543983
2.017,3.14,0.036754649484358026,2.042001599342877,1.8427977453562274,2.1991605429438814
1.856,1.282,0.0,1.7605074675951584,1.5639841494702107,1.91002955082328
1.745,6.451,3.586890010130989,1.4621868633884214,1.2592638508090919,1.6064571775104772
1.659,4.514,1.838559333404179,1.363769529157255,1.1752586867632928,1.4944326277830626
1.652,1.066,0.0,1.2908379185410814,1.1315189915346864,1.4095126444787773
1.731,0.361,0.0,1.145261360309472,0.9960823434543874,1.2582269279320286
1.527,0.69,0.0,0.9732792381572647,0.8257917410042759,1.0718297929265932
1.293,1.98,0.0,0.7995998468432217,0.6717402188914465,0.8908562012528236
1.142,0.702,0.0,0.6392469083064121,0.5210145546133432,0.7241639074802612
1.022,0.757,0.0,0.5011644047178545,0.40430760836304297,0.5729042305268685
0.93,3.819,0.2867028371095546,0.3845525068092272,0.2998515404808146,0.44611317522913346
0.838,4.175,0.9795074120143732,0.30324017974447315,0.23403163433141996,0.35594203956600795
0.833,6.541,3.412416208246679,0.282084640495616,0.22899061566493306,0.3233993477656172
0.93,7.49,4.532462069022493,0.41160715136843157,0.3758243640541028,0.4402695989345229
1.061,7.364,4.336291485053844,0.6619432884974871,0.639962234000997,0.6837718268671226
1.165,8.614,5.968947557770796,0.9438121485243263,0.9083837088582666,0.9733178505359424
1.454,5.251,2.3116042104737757,1.304700788406204,1.2557695588604203,1.3415077190488987
1.555,5.532,2.8150429493873363,1.5003604374039108,1.43858078018287,1.549190296271821
1.603,6.593,3.6237153885422795,1.621037921351503,1.5417017028666153,1.6813657053974824
1.789,10.235,7.3815351629936075,1.7346712656714602,1.6477641340453257,1.7998207213253157
2.112,8.301,5.5131712889976034,2.0214131487812717,1.932414448383829,2.0962432856059285
2.402,1.085,0.0,2.2799016770270426,2.183140841933903,2.3555908839357516
2.488,4.69,1.6557459543265947,2.2502054691234696,2.132171705246925,2.3451150727735124
2.428,3.797,1.0665456942993194,2.1375660640971246,2.010254520063081,2.237959723405314
2.08,3.922,1.1530726137721015,1.9587546572692218,1.81224654753739,2.0724674123856355
2.048,5.943,3.1325267954558424,1.7660030951926178,1.6026521706998282,1.8881231156444844
1.886,7.691,4.805514629955112,1.6759143046234917,1.529157203804006,1.7817843706686896
1.894,2.71,0.13157675136570024,1.732596434617973,1.5943383839154655,1.8357632454500574
2.096,4.068,1.2881045870256589,1.6302538443531394,1.4792751289711465,1.7348322070464544
2.226,2.598,0.0,1.5060123713332025,1.3639316758277433,1.6138711557941807
2.104,6.657,3.8649331284318973,1.3201151429817655,1.1624680786012946,1.4244875133070314
1.774,6.234,3.431236253133856,1.3016271006400648,1.1790023125634062,1.3910172573136914
1.688,2.181,0.0,1.3540607224765644,1.2297759387395544,1.442539996078456
1.688,6.059,2.9239012052059867,1.2713598767977774,1.1522386499018757,1.3579820987636078
1.702,5.04,2.0071006307934125,1.2652845888610802,1.1557281926113416,1.347060137937894
1.709,11.55,8.661771753554211,1.2571162482119012,1.1550742569510022,1.3328024483566145
2.017,7.067,4.102289312275079,1.5764035441324176,1.4899617914722638,1.642506524091519
2.385,8.052,5.445402392213827,1.81543590943523,1.7155913732563153,1.895524354052021
2.334,4.557,1.6001555181084277,2.076060905914259,1.9805417511333971,2.151237520383442
2.402,6.561,3.663667399728994,2.122670509140353,2.009943996393685,2.2204859083157817
2.351,4.427,1.571794466572876,2.162157515803371,2.038239625243929,2.2710073282335514
2.385,3.147,0.0,2.0953352761131083,1.96075703662065,2.2000300104022195
2.317,7.263,4.3637686662975135,1.8953298973818773,1.7451036503126705,2.018093931320878
1.963,14.607,11.900836116697658,1.8505623863308396,1.7046357412943234,1.958347630996776
2.096,6.457,3.8255336012910997,2.2675606815430958,2.140835199143491,2.367578385237903
2.385,1.042,0.0,2.498475240279014,2.33792809803621,2.6084983647621462
2.462,4.313,1.577710310251947,2.4381821690843917,2.2898758208501224,2.5494014818597206
2.259,2.507,0.0,2.2938449080317307,2.1396112530997082,2.41867141139445
1.986,6.079,3.329310312604941,2.0340224092232284,1.8610058194574801,2.162298652814439
1.924,9.433,6.675026655011944,1.9020304139873587,1.7388818896132698,2.029956854748553
2.001,5.541,2.6014393006839645,2.006149372717478,1.8623716451556724,2.120734642920947
2.267,3.362,0.508481935692513,2.0339898124238314,1.8828099813286554,2.1459325093533894
2.136,5.874,3.083897369437454,1.9157745482371515,1.7568928438215192,2.0349896598766914
1.894,3.035,0.40156295181261203,1.8492522351993084,1.6839871710485392,1.966434920270217
1.841,5.745,2.899245531195863,1.6890810107101062,1.5385363946283925,1.8072878545107043
1.894,5.095,2.1786132455138603,1.6086044029619044,1.4508625291910588,1.7233012552973181
2.001,3.827,0.9444009870459307,1.5443163421881385,1.4033159808433324,1.6466036129036183
2.193,1.634,0.0,1.4317086922674405,1.2858411143647868,1.5362992193242286
2.088,0.537,0.0,1.2567854455467813,1.1276079175064773,1.3592424578226763
1.797,0.359,0.0,1.0641307695248965,0.9328995043901928,1.1567687933236346
1.504,1.425,0.0,0.8651623069582615,0.741850731192228,0.9552888927200444
1.303,1.167,0.0,0.6911126908920987,0.5785597513246854,0.7735192509425095
1.177,1.347,0.0,0.5385951973856229,0.43924411406805264,0.6119692635345113
1.09,0.77,0.0,0.4125008104839002,0.3224004578235011,0.4758134163603092
0.992,4.383,1.5858739313819,0.3097180212144829,0.23667783626675437,0.3654974747194052
0.928,2.437,0.0,0.3066127059688338,0.24917885220130737,0.3496122112742138
1.099,5.064,2.7743662437704617,0.2760511262990157,0.2298679250415644,0.31262908445122306
1.219,1.19,0.0,0.3701832365969262,0.3358393198387991,0.39659697459771737
1.194,6.718,4.020454968490156,0.38315873960022906,0.3505650074419431,0.40783022596776564
1.253,3.464,0.7881101965071178,0.5514352436627286,0.528531243839831,0.5693232561095068
1.236,0.352,0.0,0.6253534427493999,0.5971966943909709,0.6525491080644747
1.295,0.619,0.0,0.6078339731042866,0.5737824499373491,0.6396507243240067
1.202,0.962,0.0,0.544230085998357,0.5039255310088581,0.5775201959767546
1.019,0.021,0.0,0.46417816375900167,0.42070821051713786,0.4952870871205775
0.9,0.214,0.0,0.3800468352189666,0.3337336881053323,0.4119772185802488
0.826,0.902,0.0,0.30171843956169503,0.258623169470774,0.33271364951999355
0.759,0.126,0.0,0.23377410881431096,0.1936998213859655,0.2614275859485257
0.691,0.674,0.0,0.1771048470620259,0.1410363909376407,0.20197482331349653
0.641,1.615,0.0,0.13110896442333797,0.10116946306051769,0.15270348868294473
0.621,1.138,0.0,0.09532941611373112,0.06920251782626374,0.11346923107192163
0.591,1.594,0.0,0.06780028644741895,0.04665965406315491,0.08238037343274884
0.601,0.413,0.0,0.0474595686460244,0.030821541037094845,0.05935492901688017
0.581,1.887,0.0,0.032584580484604816,0.01991252427297557,0.042014271549482465
0.53,0.551,0.0,0.021949713399431366,0.012748941221618418,0.028991760002081757
0.415,0.289,0.0,0.014539470663667004,0.007925556839610458,0.01976331463080281
0.404,1.724,0.0,0.009435806035040788,0.004909711797929987,0.01323846403105172
0.478,1.007,0.0,0.006045161346018914,0.002946164470676332,0.00867887955206525
0.478,0.464,0.0,0.003809153312315206,0.0017364543728426555,0.005663639449986807
0.478,1.359,0.0,0.002365200646456323,0.0010091899291992162,0.003615864494959171
0.488,0.226,0.0,0.001456285290370385,0.0005889314656482733,0.0022833046273424123
0.447,0.367,0.0,0.000894895744688699,0.0003608718220762588,0.0014341799361280918
0.457,1.263,0.0,0.0005471750060994054,0.00021474956961841691,0.0008915442904563996
0.447,0.314,0.0,0.0003369334650177738,0.00013256856435666455,0.0005565757262050965
0.426,0.481,0.0,0.00020926872048677381,8.132905343294579e-05,0.00034965752538408933
0.415,1.548,0.0,0.00013121693835539325,5.1296825791471945e-05,0.00021871914539685637
0.404,1.302,0.0,8.370414270781808e-05,3.1780498947948174e-05,0.0001394307532443884
0.394,2.252,0.0,5.394183777460073e-05,1.9307676094959867e-05,8.93793580861173e-05
0.383,0.476,0.0,3.4955155369966845e-05,1.3619668503776013e-05,5.870046975611413e-05
0.383,0.827,0.0,2.2973992057756048e-05,8.657903446414309e-06,3.8624391512957926e-05
0.372,0.637,0.0,1.5181265016646899e-05,5.465631939774954e-06,2.5684516879413534e-05
0.34,1.095,0.0,1.0111893590211314e-05,3.5439362844911804e-06,1.72229088060811e-05
0.329,1.569,0.0,6.682039473466249e-06,2.2692729139702147e-06,1.1611850776342008e-05
0.329,5.016,2.8729775623823324,4.474639501602921e-06,1.4674877764168303e-06,7.787916162389768e-06
0.34,6.618,4.5263596381560784,0.14130222539462906,0.13609431394873073,0.1494944291987069
0.351,1.35,0.0,0.4139256174739746,0.40032033522263466,0.4348394865630988
0.362,0.238,0.0,0.5105025982147128,0.48961468414792464,0.5300698616677124
0.394,0.487,0.0,0.5137581028693299,0.4885368629688022,0.536362118824329
0.404,0.184,0.0,0.4687987283051775,0.4442313684945243,0.4900962566643201
0.383,0.025,0.0,0.4026695442803704,0.37371697755538086,0.4268067076008972
0.351,0.014,0.0,0.33169302256831784,0.3008612183269403,0.35364745010762727
0.34,0.146,0.0,0.2644772210564519,0.23107320911093068,0.28625950613467455
0.34,0.66,0.0,0.20567626320518753,0.17489893893805455,0.22518043634974846
0.34,0.139,0.0,0.15557506980114102,0.12703635821599696,0.17481312474367067
0.318,0.103,0.0,0.11542632639633729,0.09168724974801028,0.13257883470871115
0.307,0.049,0.0,0.0839162456182953,0.06261212026355895,0.09854893142819678
0.274,0.243,0.0,0.05987315689410795,0.04304413325342928,0.07194384038759864
0.285,0.0,0.0,0.041842291403073426,0.028274445714514335,0.05145939821405978
0.274,0.009,0.0,0.028698884324926587,0.018091655744158823,0.03630022295473625
0.274,0.414,0.0,0.01930242416420771,0.011339237620672774,0.025202395733915046
0.263,0.358,0.0,0.012801888352580075,0.007124492517830063,0.01715916339450143
0.263,0.075,0.0,0.008346767634929992,0.004476780404666794,0.01156211191637117
0.263,0.0,0.0,0.005335058800743317,0.0026471364198826335,0.007631184044797785
0.238,0.027,0.0,0.0033669775157365357,0.0015550298337450442,0.004926123888586885
0.252,0.0,0.0,0.002089940966973653,0.0009019319657799107,0.0031735222987282264
0.252,0.018,0.0,0.0012870151354936888,0.000520903240405843,0.0020014468902170702
0.23,0.054,0.0,0.0007909336952638828,0.0003108099998774638,0.0012552743606237453
0.241,0.157,0.0,0.00048683182839540264,0.00019216946466332036,0.0007860266927473081
0.23,0.007,0.0,0.0003013329368571918,0.00011589628317342658,0.0004935474611899443
0.241,0.047,0.0,0.00018863046016233094,7.537843725157153e-05,0.00030890167221988424
0.23,0.014,0.0,0.00011897440577577975,4.668707010692066e-05,0.0001962902156009674
0.23,0.046,0.0,7.580759783078142e-05,2.94312974912543e-05,0.00012578705290463177
0.23,0.051,0.0,4.9072536628554344e-05,1.879079676193131e-05,8.18532994957114e-05
0.207,0.02,0.0,3.198730175547214e-05,1.2303349510743993e-05,5.293643341342898e-05
0.207,0.008,0.0,2.1075589090806772e-05,8.00003527286075e-06,3.520816041920184e-05
0.207,0.068,0.0,1.3902003472921559e-05,5.049110165782253e-06,2.347020599383029e-05
0.196,0.29,0.0,9.23420503662622e-06,3.3117624453869914e-06,1.588664945024759e-05
0.185,0.188,0.0,6.168769219316434e-06,2.133023506405101e-06,1.058673346793922e-05
0.151,0.38,0.0,4.118025730508826e-06,1.4025881021002173e-06,7.134046874782487e-06
0.162,0.0,0.0,2.7460044172081557e-06,8.934347957500205e-07,4.80575639353905e-06
0.162,0.027,0.0,1.8444627995156073e-06,5.9023294043878e-07,3.2793036961081165e-06
0.162,0.038,0.0,1.2383005936504057e-06,3.911858232765469e-07,2.2277282908466156e-06
0.151,0.029,0.0,8.317451435714289e-07,2.522110709825976e-07,1.5170430751680328e-06
0.151,0.484,0.0,5.61329037237492e-07,1.6644233420745348e-07,1.0229050241932264e-06
0.151,0.002,0.0,3.7746828241007117e-07,1.0376922365084066e-07,7.019140398516986e-07
0.116,0.04,0.0,2.5574096934573524e-07,7.164959522125889e-08,4.7486241599134235e-07
0.105,0.003,0.0,1.720371969854751e-07,4.6967878318909296e-08,3.326072999793931e-07
0.128,0.054,0.0,1.1643804694733105e-07,3.107712384234225e-08,2.2375006882140973e-07
0.093,0.002,0.0,7.977551534171302e-08,1.9861615506930828e-08,1.5540996485423655e-07
0.105,0.002,0.0,5.3352530858025076e-08,1.3283938173624385e-08,1.0506769094223453e-07
0.105,0.001,0.0,3.624053980506748e-08,8.123076494593983e-09,7.24061714360321e-08
0.105,0.009,0.0,2.4536193958265338e-08,5.4742119850662786e-09,4.876221942487802e-08
0.097,0.017,0.0,1.668897317568128e-08,3.0879222972216535e-09,3.430535141266428e-08
0.102,0.265,0.0,1.1331974065489881e-08,1.9186392849471183e-09,2.3273914583479456e-08
0.1,0.206,0.0,7.732507688549247e-09,8.353680009568187e-10,1.63730018822132e-08
0.102,0.415,0.0,5.260226045210195e-09,0.0,1.1205334721064537e-08
0.1,0.694,0.0,3.61770829797149e-09,0.0,7.90315952459045e-09
0.1,2.21,0.24367844749355938,2.491557794517323e-09,0.0,5.4400884986585e-09
0.095,0.569,0.0,0.011984633169085096,0.011542740833057698,0.012679637997414913
0.1,0.171,0.0,0.01501771940594883,0.014342073404954414,0.015661286631318418
0.1,0.107,0.0,0.014285595560801188,0.013439639173028744,0.015059474661388492
0.095,0.304,0.0,0.012093139473342852,0.011079996282689894,0.01288004836419178
0.1,0.397,0.0,0.00957646995676743,0.008480637268417985,0.01033410790026705
0.097,0.587,0.0,0.007207692194289967,0.006138632175394273,0.007899040252861362
0.095,0.0,0.0,0.005239350383093971,0.004240228101290099,0.005884801726160435
0.097,0.147,0.0,0.0037031638230491863,0.0028184290926919777,0.004265308946930267
0.092,0.009,0.0,0.002546402905050548,0.0018365391229651017,0.003015262591498546
0.092,0.864,0.0,0.0017207802021988112,0.001179581313424412,0.0021001697584141802
0.09,0.186,0.0,0.00114250925369586,0.00074204869971032,0.001423767236181847
0.09,0.341,0.0,0.00074930283867691,0.0004702543715317591,0.00095989912411109
0.09,0.006,0.0,0.0004883057553130944,0.0002945916436200751,0.0006374371092444704
0.118,0.0,0.0,0.0003161172748875188,0.00018439226534261888,0.00042320030849984203
0.087,0.0,0.0,0.0002041879341866726,0.0001139351275478016,0.000275982972461136
0.087,0.0,0.0,0.000131710861517417,7.140540436722362e-05,0.0001827832129006082
0.085,0.006,0.0,8.563915119262108e-05,4.5808976272948557e-05,0.00012009261462722382
0.085,0.0,0.0,5.5717681396863476e-05,2.8771542127232272e-05,7.91175098146015e-05
0.087,0.331,0.0,3.6430486475683516e-05,1.861191650466187e-05,5.237882784831111e-05
0.077,0.426,0.0,2.4000351383493144e-05,1.2080966930909511e-05,3.487195443597214e-05
0.079,0.454,0.0,1.5853412154162984e-05,7.80603772825883e-06,2.3079707665398883e-05
0.077,0.053,0.0,1.0522855602183816e-05,5.0595554156669355e-06,1.55668530071507e-05
0.077,0.001,0.0,7.000093080274887e-06,3.2726233934308974e-06,1.0508412619246095e-05
0.077,0.023,0.0,4.6667833668915775e-06,2.140904887427787e-06,7.059496848568671e-06
0.074,0.0,0.0,3.1155744896038667e-06,1.3918133299425255e-06,4.7778690874238085e-06
0.074,0.0,0.0,2.084525777603704e-06,9.082673336798539e-07,3.237297589886991e-06
0.077,0.0,0.0,1.399843730108999e-06,5.708384836073448e-07,2.1923620475112247e-06
0.074,0.002,0.0,9.365043901157241e-07,3.783645881418267e-07,1.5022811640468785e-06
0.072,0.0,0.0,6.335852507082392e-07,2.549099105899308e-07,1.0172723045884921e-06
0.074,0.002,0.0,4.246670503866741e-07,1.6789623120224598e-07,6.94280786045261e-07
0.074,0.907,0.0,2.8697472918803034e-07,1.0811144150146433e-07,4.768386405831788e-07
0.066,0.281,0.0,1.9327041001496e-07,7.272227080018363e-08,3.248441866808292e-07
0.072,0.007,0.0,1.3049213562172572e-07,4.216123081910672e-08,2.1959748847306213e-07
0.074,0.0,0.0,8.823249137120836e-08,2.988659647391675e-08,1.523827870266071e-07
0.072,0.0,0.0,5.967016938871612e-08,1.920576639966892e-08,1.0398742910145913e-07
0.069,0.0,0.0,4.049162302461448e-08,1.357929596053065e-08,7.032039613376672e-08
0.066,0.02,0.0,2.734267594315025e-08,8.083104656590857e-09,4.8870660590773054e-08
0.066,0.003,0.0,1.8688997745019742e-08,5.10379782727544e-09,3.355772542370241e-08
0.061,0.007,0.0,1.2566874135619139e-08,3.1740688482215787e-09,2.2991341924042327e-08
0.061,1.552,0.0,8.617905150771263e-09,1.6000783557593217e-09,1.5998742940411716e-08
0.058,1.329,0.0,5.846869716557658e-09,8.032936167602693e-10,1.10409930932024e-08
0.056,1.224,0.0,4.005824015083756e-09,0.0,7.705073684077708e-09
0.056,0.231,0.0,2.755057459447568e-09,0.0,5.556717137448876e-09
0.058,1.034,0.0,1.8886681804738604e-09,0.0,4.065872458569653e-09
0.064,0.285,0.0,1.3464954672961742e-09,0.0,3.3582640887144825e-09
0.066,0.157,0.0,9.306185335658495e-10,0.0,2.3584189958158602e-09
0.064,0.154,0.0,6.969114475094973e-10,0.0,2.0764037640771424e-09
0.064,0.172,0.0,4.989763175985708e-10,0.0,1.565435321864177e-09
0.064,0.09,0.0,3.7522185752860414e-10,0.0,1.3102316229054757e-09
0.061,0.0,0.0,2.853665962029455e-10,0.0,9.857152727064858e-10
0.061,0.18,0.0,2.0224338616950243e-10,0.0,7.299648773249985e-10
0.061,0.048,0.0,1.5923538127807532e-10,0.0,5.632924628997984e-10
0.096,0.105,0.0,1.1151370028340177e-10,0.0,3.9928882994144464e-10
0.09,0.026,0.0,8.457990657602537e-11,0.0,2.96567726575658e-10
0.086,0.244,0.0,5.846941664245909e-11,0.0,2.14964013125034e-10
0.083,0.133,0.0,4.332513404942577e-11,0.0,1.5420679901047608e-10
0.064,0.185,0.0,2.997164890729852e-11,0.0,1.1156264382797327e-10
0.066,0.352,0.0,2.207781459039155e-11,0.0,7.974970451293483e-11
0.064,0.588,0.0,1.5301807186633593e-11,0.0,5.84918076073459e-11
0.064,0.682,0.0,1.1229930374205276e-11,0.0,4.1267398888285505e-11
0.066,0.746,0.0,7.805126687946552e-12,0.0,3.046060590362941e-11
0.063,0.296,0.0,5.684484526141596e-12,0.0,2.1329476833085286e-11
0.064,0.011,0.0,4.6123258539517334e-12,0.0,1.5785477626878434e-11
0.064,0.059,0.0,2.8770130342911e-12,0.0,1.0954668867405819e-11
0.064,0.341,0.0,2.0257344793224774e-12,0.0,8.171551873497122e-12
0.074,0.123,0.0,1.5382186843065902e-12,0.0,5.704680472292238e-12
0.063,0.055,0.0,1.028222197020957e-12,0.0,4.230107041997219e-12
0.061,0.472,0.0,7.448539245939635e-13,0.0,2.928123621736762e-12
0.061,0.22,0.0,5.230282735647601e-13,0.0,2.1897683422967506e-12
0.058,0.999,0.0,3.7877879304194727e-13,0.0,1.5138557213607498e-12
0.058,1.465,0.0,2.6611411186237094e-13,0.0,1.1335612429836816e-12
0.06,0.436,0.0,1.9266552398284375e-13,0.0,7.826715830763616e-13
0.06,0.554,0.0,1.354296121846199e-13,0.0,5.868022967214272e-13
0.06,0.599,0.0,9.802221695147859e-14,0.0,4.0464543598698037e-13
0.058,0.106,0.0,6.893834048718263e-14,0.0,3.037656216849797e-13
0.057,0.098,0.0,5.173474539748159e-14,0.0,2.1103725331492437e-13
0.057,1.035,0.0,3.491864915709712e-14,0.0,1.5698474269489702e-13
0.055,1.349,0.0,2.5520953305602506e-14,0.0,1.0914018515477485e-13
0.055,1.15,0.0,1.7781031450683157e-14,0.0,8.125915637287885e-14
0.055,1.25,0.0,1.2994527728898981e-14,0.0,5.644302050339198e-14
0.054,0.129,0.0,9.0563475043491e-15,0.0,4.2061734037920086e-14
0.054,0.769,0.0,6.617903888869536e-15,0.0,2.9190115071602656e-14
0.092,0.048,0.0,4.613647419760789e-15,0.0,2.177218604603698e-14
0.096,1.505,0.0,3.371128213996522e-15,0.0,1.5095981935580442e-14
0.096,0.997,0.0,2.3508749501864553e-15,0.0,1.1269817950306152e-14
0.092,0.674,0.0,1.7176057471370641e-15,0.0,7.807049408489267e-15
0.083,0.534,0.0,1.198138682364483e-15,0.0,5.833534417724899e-15
0.083,1.63,0.0,8.753135817317375e-16,0.0,4.0374995629822475e-15
0.083,2.231,0.0,6.107672522503671e-16,0.0,3.01958061408108e-15
0.077,1.685,0.0,4.461638866399272e-16,0.0,2.0880363205656797e-15
0.083,2.089,0.0,3.114111581572775e-16,0.0,1.5630090495998206e-15
0.083,3.571,0.415217844323613,2.2746487918046346e-16,0.0,1.0798504391316538e-15
0.086,0.08,0.0,0.02042130916557797,0.019668341030623565,0.021605573090180994
0.083,0.501,0.0,0.026025133996451993,0.02481681280836372,0.02743583469649123
0.08,0.432,0.0,0.025255266683296838,0.02396321733929016,0.02653465533493903
0.086,0.026,0.0,0.021739521738690475,0.020186084314592997,0.023062797625011882
0.083,4.079,0.5886548416622874,0.017532571225326376,0.015712103632677422,0.018884037956842712
0.083,4.382,1.064818340510668,0.04236827970417377,0.041063921015871606,0.04324242920608426
0.083,2.284,0.0,0.1006078777674228,0.09696582578555273,0.10404211481693124
0.08,3.901,0.2980715207313791,0.11720069851530078,0.11234939514242394,0.12201462095374267
0.083,4.331,0.5950523297043304,0.1271685702994946,0.12170079763493488,0.13314470459405545
0.083,2.343,0.0,0.14821325102747054,0.14244509142668052,0.15406768236069707
0.083,1.555,0.0,0.14289625205849252,0.13512666048763125,0.15019513696339684
0.08,0.59,0.0,0.12537827265603055,0.11632535514878659,0.13329220068173095
0.083,0.023,0.0,0.10380138341365998,0.09347242901306704,0.11174215383090988
0.08,0.0,0.0,0.08249448043586202,0.07168577467187637,0.08974319101987921
0.083,0.671,0.0,0.06347278251536836,0.05349636098488882,0.07040326199963794
0.08,2.937,0.0,0.04735221382836622,0.03808831171958001,0.05349038534668407
0.08,0.111,0.0,0.03446521428963628,0.026443863025836897,0.03981820289717268
0.08,0.11,0.0,0.024599917757071457,0.018030511403970505,0.029306118953807445
0.077,0.44,0.0,0.017143318773113456,0.012149832737283898,0.020787676308726112
0.074,0.222,0.0,0.011711925397631887,0.007832821447015519,0.014599212325602812
0.071,0.629,0.0,0.007862440288514839,0.00494358108846367,0.010084484102920099
0.071,1.887,0.0,0.005179061077902901,0.003086059206236066,0.006838829450881503
0.071,3.543,0.0,0.003372889822059345,0.0018960673537530936,0.004567192672238072
0.074,5.41,1.6316363046537448,0.0021627762208297316,0.0011417915608316338,0.0030219712141966205
0.097,5.632,2.4504643421165713,0.08161701216849955,0.0791908617677233,0.08567091251780697
0.095,6.925,3.622839031567538,0.22829724387471423,0.22071219818047455,0.23909742489619543
0.095,0.937,0.0,0.45564502769208937,0.4408269888682472,0.4733619101836744
0.101,0.591,0.0,0.526488913201581,0.5042124106658991,0.5453278263705813
0.099,0.059,0.0,0.5161843938157024,0.4930416212785233,0.5358643481296806
0.099,1.236,0.0,0.46421536908370475,0.44016114670515716,0.4874022085970685
0.103,3.176,0.0,0.3950227414625372,0.366830445695191,0.4189123144109485
0.101,1.165,0.0,0.3228334488797215,0.2924095622459728,0.34611741987828637
0.099,2.197,0.0,0.25590039783097446,0.22298721090384427,0.2793373443961356
0.095,6.04,2.0655563783965087,0.19775430064220534,0.16649524856518563,0.21935200152664683
0.095,1.739,0.0,0.2505642675367783,0.22844388213429576,0.26614857365233546
0.093,1.507,0.0,0.25272527674196893,0.2312575658386028,0.2679175505331616
0.095,1.659,0.0,0.22886038891487204,0.20596667865229673,0.24540797725602914
0.093,1.046,0.0,0.19470239616594795,0.17192094023445426,0.2104648810155613
0.099,0.794,0.0,0.15824858107533168,0.13705521827230924,0.17314497850418767
0.097,0.597,0.0,0.1245079687328835,0.10400827242396385,0.13907509458961195
0.093,2.868,0.0,0.09489141328023283,0.07699924687103435,0.10783387471362581
0.091,0.494,0.0,0.0712866688494382,0.055136278040638295,0.0817991995417157
0.09,0.191,0.0,0.05138319287944378,0.03853185385911138,0.06082352402598611
0.09,0.054,0.0,0.036587250247977904,0.025948720007173062,0.044567866086325944
0.088,0.219,0.0,0.02554310873070162,0.017445580402711162,0.031498711503769296
0.086,0.97,0.0,0.017487655471420258,0.011116338340427068,0.02223982918318283
0.086,0.934,0.0,0.011782435294342003,0.007295572484545891,0.015356450778433091
0.085,0.363,0.0,0.007780668224478669,0.004499287879328712,0.01035985213076181
0.086,0.963,0.0,0.005052120042838594,0.0027312958238401622,0.006950841725309275
0.085,0.464,0.0,0.0032452639690895165,0.001665832655456734,0.004632036906683754
0.085,0.559,0.0,0.002051557557549032,0.000999480819663355,0.0029889336490464325
0.081,1.921,0.0,0.0012839318356163206,0.0006007502889788951,0.0019184345068655488
0.08,3.493,0.0,0.0008043795270394035,0.000360620415911479,0.0012360902438365022
0.083,1.836,0.0,0.0004981904595304637,0.00021819447248288697,0.0007720918311968097
0.081,1.559,0.0,0.00031231196668386307,0.00013306921596626607,0.0004910767069287292
0.097,0.181,0.0,0.00019621340251856255,8.436113055059453e-05,0.0003115401979211139
0.085,1.522,0.0,0.0001246628626346777,5.182607615095922e-05,0.00019916179613965951
0.09,1.09,0.0,8.008954067379534e-05,3.3660994606164775e-05,0.0001279381364684264
0.085,2.259,0.0,5.18134144330248e-05,2.073526854505743e-05,8.334444758034282e-05
0.085,0.565,0.0,3.370771550415666e-05,1.335775202449891e-05,5.461994744461449e-05
0.09,8.289,4.356771843044302,2.2168674189451735e-05,8.760154416756233e-06,3.631552679731913e-05
0.079,2.254,0.0,0.21429010090442963,0.20639679305440362,0.226707477544136
0.09,3.959,0.556825859434761,0.2936716839577892,0.28147873540545615,0.30948512459815314
0.09,1.846,0.0,0.3317045983582336,0.31654903592183314,0.343350817057883
0.085,1.343,0.0,0.3187880415922211,0.3017773494740934,0.33085733382543286
0.09,0.492,0.0,0.28245731593245343,0.2673773905740474,0.29597645689405516
0.09,0.253,0.0,0.23689079608612573,0.21553804784247113,0.2513615825347194
0.09,0.632,0.0,0.190800922718954,0.170156109366656,0.20635866974701023
0.079,0.803,0.0,0.14937225648548577,0.12764260319913182,0.16349447742293685
0.079,4.75,1.2334172021962213,0.1135141654584134,0.09435324342431961,0.12667315781609512
0.071,6.902,3.6616957100916756,0.14485475178476281,0.13074076878022128,0.15464043202351505
0.071,11.193,7.711555123053241,0.3253447841955049,0.31791458017299484,0.3314433168710669
0.067,2.767,0.0,0.7627101432706677,0.7394828450481018,0.7853114153952665
0.085,3.082,0.0,0.9209780737758811,0.8843355332716041,0.9563622120614416
0.097,3.447,0.0,0.9235704387873587,0.8839746673046672,0.9572925282290147
0.154,1.599,0.0,0.8471567018770425,0.8007526724343763,0.8887828253748592
0.222,1.854,0.0,0.7332720506424365,0.6775246975685978,0.7759223755163468
0.222,5.251,1.9497844378528706,0.611689983690307,0.5566386375305401,0.6539108034483311
0.277,3.347,0.0,0.5881535686717954,0.5340485832312982,0.6271162355312903
0.262,3.046,0.0,0.5240123177787384,0.4717553295583707,0.5628454938998821
0.235,3.291,0.0,0.44341003196045287,0.3907213006757838,0.48273999168518017
0.185,1.144,0.0,0.3611763656267441,0.3088842451746729,0.3983406912934643
0.197,3.911,0.060707519629293216,0.2870899678227132,0.2377010512271082,0.32178500917904934
0.339,9.791,6.370493048985189,0.22459334598371128,0.1814494906271895,0.25398551990381835
0.323,3.786,0.20062577428951966,0.48434828735796986,0.46473473288367007,0.5001698528216505
0.292,0.682,0.0,0.5805471953982215,0.5485900388449809,0.6078656360627519
0.383,0.257,0.0,0.5783921766711188,0.54113578547822,0.6064899142910294
0.344,8.408,4.546365846623377,0.5256981882521597,0.4888617675987532,0.5548999034428801
0.305,4.989,1.3229097257990476,0.6751769750809897,0.6456538402143823,0.7003452960504464
0.305,3.124,0.0,0.7567172358024914,0.7257546152606026,0.7875055322358101
0.328,2.884,0.0,0.732370040179514,0.6900346562037085,0.7641489354432305
0.399,2.459,0.0,0.6570364397052756,0.6085576231818532,0.6927194286763974
0.383,0.199,0.0,0.5601897441640904,0.5071439638798881,0.5972257554011435
0.367,0.001,0.0,0.460469835782439,0.4101996244762982,0.49682961610408893
0.383,2.269,0.0,0.3664440555591301,0.31497457147868985,0.40301262022433315
0.352,2.849,0.0,0.2840699625085758,0.2338160015971093,0.3188455208124345
0.289,0.625,0.0,0.21646092940406464,0.17630811641087843,0.24629656781216946
0.257,1.377,0.0,0.161192535963941,0.12499972871181424,0.1872853838560563
0.249,0.797,0.0,0.11793749990535038,0.0871441514614455,0.14033611989541203
0.273,1.075,0.0,0.0842936767572674,0.05950750746294493,0.10201201256869849
0.249,7.736,4.431209175051441,0.059178095886133875,0.03862319823150362,0.07356509561049633
0.249,8.271,4.91375890185309,0.25885165294139245,0.25484272879961045,0.2625533043773575
0.257,9.179,6.05587844871432,0.5719644097283713,0.5563722285016325,0.5880286811366502
0.36,4.924,1.9412560504182141,0.9765659732463668,0.9515193824930211,1.006959024179908
0.622,7.826,4.578061470344057,1.1968434245706143,1.1385024984715362,1.2329226835766065
0.862,7.977,4.6016978567721765,1.4406972680899888,1.3788725574046112,1.4825389426557483
0.921,6.742,3.3735476774680295,1.680078928190628,1.6157769082471287,1.7361540649788403
0.943,2.01,0.0,1.8366013681685662,1.7729713698170266,1.8987968986769184
0.958,5.231,1.9117358810394451,1.774808870825106,1.685951861120671,1.845298634106174
0.877,1.799,0.0,1.6969743837586702,1.5972397328465828,1.7722499762954336
0.877,0.852,0.0,1.5152552141789335,1.4038710861330754,1.600730240322778
0.855,0.356,0.0,1.2975387887020953,1.1790486355990757,1.383579074144574
0.795,0.83,0.0,1.0763722924859325,0.9483815391926769,1.1645763934351616
0.721,7.075,3.179613958350957,0.8702194047520663,0.7519316098381714,0.9517221426006924
0.622,2.553,0.0,0.84199624351503,0.7447469416154487,0.9157960884349089
0.546,4.784,1.7147500828418276,0.7558703044920374,0.6661567199411704,0.8232554757579773
0.592,1.198,0.0,0.7295364206138485,0.649556244134484,0.7879080135720608
0.577,4.954,1.612178203187923,0.6525930466057621,0.5781765242758703,0.710621160815547
0.645,3.288,0.34656931173435357,0.6328244880774927,0.5677616776617315,0.6834875269653933
0.622,11.296,8.163227328597822,0.5841009485092038,0.5210989003456376,0.6314791444814986
0.675,6.311,3.73684598976866,0.9088546465990021,0.8681162855054485,0.9399727087309083
0.87,4.501,1.6254439151166098,1.1840591809911998,1.1405354673731127,1.2259824566703084
1.124,9.783,6.918587689868737,1.3093082697894507,1.25188110963054,1.3562713434237987
1.18,15.191,12.423710766945444,1.609015999556194,1.5460929477790233,1.6586720543438405
1.209,3.675,0.7178777285331166,2.2508311750998766,2.1727590335170186,2.3123575894745234
1.691,3.745,0.445538494267685,2.451548297467821,2.343129625936107,2.5486059442367295
2.01,3.962,0.80954797538352,2.39512674589667,2.281773128762483,2.492744420490664
2.017,2.563,0.0,2.215906042683604,2.0808507566463224,2.3348915599962
1.967,3.952,0.7083013541456049,1.9523031071217016,1.8027285481326196,2.0641853400771817
1.659,4.932,1.9877523752759476,1.6896146940564036,1.543065708364449,1.80048661064682
1.485,7.796,5.142265534061697,1.5108867353564934,1.353658491521452,1.623952133270951
1.327,2.734,0.0,1.5475944719796424,1.4168906023824925,1.6504869641957833
1.334,3.604,0.5481172685133942,1.43804753321734,1.2999524588443852,1.5383583888542365
1.599,3.255,0.47637079408323935,1.2941985088759098,1.1558103732303084,1.3950864911489342
1.795,7.921,4.73097056971698,1.1331297731083951,0.9959311595283694,1.224626565867034
1.691,9.115,5.735169858292345,1.1855455173235177,1.0731133971070184,1.2683952252867132
1.559,3.912,0.9547586349531669,1.3965024878277437,1.298915899659526,1.4720333151638212
1.718,10.911,7.796698863702587,1.4407206998878663,1.342105202373274,1.5144377179610196
1.84,7.91,4.814323308057341,1.7321912888005446,1.6425561503314106,1.801123066967079
1.77,6.951,4.011920139726027,1.9848526411726786,1.8938061012199516,2.0641008780361165
1.815,4.795,2.3746979349657487,2.162860495360264,2.0571006867686856,2.254689187933417
1.942,1.94,0.0,2.202589382020227,2.0778634562684286,2.2922358685089823
2.103,2.426,0.0,2.0567577169680535,1.9178276189987091,2.165497613304853
1.904,7.273,4.632735668511482,1.8165478691675985,1.6578425852949021,1.9300895005906369
1.802,6.431,3.55584913546411,1.7651803915356608,1.6245135983608756,1.8778540289006886
1.979,4.467,1.496014412272963,1.774350381438987,1.634893445119512,1.88160124184587
2.22,5.31,2.4571778514326734,1.7142500965883374,1.5586819479606917,1.8256886489079969
2.275,4.103,1.2566267535052575,1.6640950897052433,1.5231479145341458,1.7703098051732746
2.266,5.505,2.4292234159472725,1.5665626008482905,1.4367626271171394,1.6689075415235748
2.238,3.192,0.3670980442411027,1.5074494386007586,1.3618330754251793,1.6116682147537937
2.067,3.126,0.0,1.3698036717820414,1.224820650813117,1.4693304886173084
2.076,4.488,1.3770807470405315,1.1889827466402725,1.0581570316063924,1.2860074211405932
1.807,5.301,2.4269494374379224,1.0567632088411338,0.9303634101350952,1.1510739740794522
1.918,2.374,0.0,1.0192703248924546,0.902440319692647,1.1008266339693629
2.13,3.586,0.6451055392256233,0.9130373785187751,0.800065461803196,0.9934108741367133
1.944,3.343,0.2139251310049617,0.811505070841609,0.7075652698080991,0.8821170998277189
1.944,3.871,1.0216838325437205,0.699963838677656,0.6083057777631747,0.7692736634918697
1.807,4.568,1.8404143519726777,0.6305244462351204,0.5414292308583665,0.6930861953013205
1.773,3.781,0.7575769374805987,0.6290347356757995,0.5557839930356288,0.6829689056337732
1.665,2.742,0.0,0.6091957380141072,0.5401944179280842,0.6588489751773714
1.592,6.658,3.5821374937536916,0.5444251065198639,0.47844091336891714,0.5922230389498012
1.464,6.901,3.9240895815257515,0.6386053247059408,0.5861153644930389,0.6772949727556488
1.64,3.747,0.6877075847673697,0.8244631135134821,0.7817684805821811,0.8570854282263901
1.849,2.217,0.0,0.8822360044502846,0.8284513829786734,0.9242260183864623
1.815,7.795,4.901024267730291,0.8351516133536636,0.7763884194681313,0.8800738851347707
1.748,5.058,2.100604611137082,0.9802604447055194,0.9274346075833029,1.0221175048833582
1.832,4.601,1.5321349080347666,1.0773261419168596,1.016865488811232,1.1218672933284484
2.058,1.094,0.0,1.1132954516444278,1.0474548026231372,1.1618631144386238
2.202,1.462,0.0,1.0414275524645369,0.9685013875790957,1.1017422954827825
1.892,2.7,0.0,0.9127699050076262,0.8317506109791307,0.9706106673055805
1.665,0.174,0.0,0.7673375062203902,0.6869098125364088,0.8282992952237276
1.425,1.942,0.0,0.626076002253116,0.5455652705208462,0.6826750430055586
1.264,0.913,0.0,0.4970131360849218,0.42031660964367773,0.5501175965099717
1.146,2.24,0.0,0.38575052468878424,0.3171102368975238,0.4342140667470016
1.067,7.443,4.358666724504627,0.29318478456098057,0.23341478056056725,0.3369450790353535
1.06,5.175,2.42528692090798,0.43290986794315894,0.39205542244637737,0.46286716966936314
1.126,4.486,1.7608794881514958,0.5846064777765074,0.5484856966623017,0.6079501014375011
1.226,1.695,0.0,0.6926379674318373,0.6593684161319172,0.7224786150813414
1.201,1.57,0.0,0.6901257694667491,0.6474778089128319,0.7265069698235044
1.224,2.802,0.0,0.6266981044757277,0.5800276118599121,0.6609083736655474
1.165,1.453,0.0,0.5391541286709362,0.48680693612422593,0.5763617732560562
1.049,1.984,0.0,0.44491664122895325,0.3921083652708476,0.4807362594742319
1.039,0.917,0.0,0.35690483480632423,0.30867905749072944,0.3924629215029573
0.975,0.224,0.0,0.2779468005711467,0.23126926481159119,0.31000592415758427
0.914,0.298,0.0,0.2120681966639565,0.17097045288387996,0.24055993256478347
0.818,4.854,1.968616200588409,0.15829039292190494,0.12247113264502357,0.18438176234521075
0.725,4.613,1.9140298983591952,0.21254219815934733,0.188540744364767,0.23016955096587507
0.773,1.914,0.0,0.31204016236347504,0.295710865897086,0.3255510185961633
0.901,3.874,1.3872451993059451,0.33195781983814376,0.3134336467485598,0.349235468938875
0.901,2.437,0.0,0.37784728429663045,0.35725838467854576,0.3940787810846388
1.14,1.193,0.0,0.36698441010041993,0.3441363640676906,0.3868170387109256
1.146,1.329,0.0,0.3268328615718079,0.30136242141139485,0.34624182922868246
1.029,2.612,0.0,0.27452669818068,0.2460086077330757,0.29528654812280447
0.939,9.192,6.532825105686112,0.22257165090203604,0.19487895802675673,0.24174781824490404
1.094,3.643,1.1274004768260326,0.4958737690350766,0.48440281923691036,0.5055777646919682
1.118,4.054,1.409116848251165,0.6446125039264424,0.6218470281870078,0.6661580899967258
1.14,5.992,3.5284231676477975,0.7330835413403161,0.7040574786578919,0.760376268479178
1.202,5.945,3.65814502682008,0.8877435800321744,0.8606502943083411,0.9148735037242344
1.159,2.981,0.6906987121131776,1.070570334719794,1.022936880026131,1.1084417120682946
1.227,1.382,0.0,1.1125153465327902,1.065271852240637,1.1551484476883287
1.223,1.285,0.0,1.0395531128076818,0.9712654185793121,1.0905231384755711
1.209,0.909,0.0,0.913669251228364,0.8325286148064849,0.967373402739506
1.11,0.907,0.0,0.7715880450849043,0.6931359129170186,0.823960549575957
1.029,0.094,0.0,0.629113743153724,0.5517740711746998,0.6820692976339029
0.89,0.015,0.0,0.5011606357426345,0.43268906387662714,0.5490575931683016
0.86,0.31,0.0,0.38944704303752964,0.3255552688906387,0.4343153747251333
0.809,0.482,0.0,0.2954181497833829,0.2342122555214639,0.336314204273641
0.729,0.78,0.0,0.22047116298139163,0.17042379031246183,0.256397029930489
0.657,1.612,0.0,0.16126964185328221,0.11956066657455038,0.19119235617909056
0.642,4.361,2.0712150406026275,0.11648209082251366,0.08244331509229422,0.14149222509747725
0.611,1.455,0.0,0.18400685814529263,0.16367976406681375,0.20038094712801974
0.514,1.108,0.0,0.1983636741251633,0.18008807694491488,0.21253107075922958
0.729,0.022,0.0,0.18529490871612114,0.16808170149923152,0.19902120237800455
0.756,0.049,0.0,0.1602864896729151,0.1426832736190104,0.1747853669057566
0.657,0.235,0.0,0.13151105399705632,0.11407250686927967,0.14463208366242075
0.611,0.637,0.0,0.10425737440816463,0.08762580062415529,0.11581738317700374
0.595,0.34,0.0,0.07985879586366894,0.06437649533438021,0.09032400608779921
0.563,0.247,0.0,0.059777645978354825,0.04717195282620219,0.06885510908349442
0.497,0.373,0.0,0.04350783419459598,0.03254820415794191,0.0512643267880943
0.48,0.163,0.0,0.03101760037216142,0.022268367661181027,0.037481130513788465
0.48,0.008,0.0,0.02167208526318551,0.014862724008369427,0.026648944555652976
0.445,0.539,0.0,0.014811046936505097,0.009363633723072017,0.01889012460127477
0.428,4.568,2.2405175597049443,0.009947491965952281,0.005990893646317181,0.012957797768335746
0.373,0.846,0.0,0.1167464701023712,0.11455031683463972,0.12072312271363267
0.373,0.465,0.0,0.15360831521147947,0.14597910504207345,0.1602239324018559
0.355,0.028,0.0,0.15545848103287563,0.14845310131669223,0.16286015304791612
0.373,0.176,0.0,0.14045343325982354,0.13161555852313028,0.14899321213181543
0.355,0.0,0.0,0.11868389702315676,0.10882926600650654,0.1260245546463951
0.336,0.183,0.0,0.09527506298668983,0.08505524501050178,0.10326699324239384
0.355,0.016,0.0,0.07424896555562192,0.06420074563113645,0.08170874966085015
0.317,0.016,0.0,0.05601022049979463,0.04618563056678995,0.06267622444133487
0.298,0.02,0.0,0.041121278918000326,0.03244291020377428,0.0470148767120862
0.279,0.083,0.0,0.029637815625281796,0.02249248677014073,0.03475075553268062
0.279,0.33,0.0,0.02078730254473078,0.014817987961377618,0.025067035292324194
0.24,0.182,0.0,0.014373468443517421,0.00985366329184293,0.017706406728948992
0.24,1.401,0.0,0.009687292022344949,0.006195836431677609,0.01221847823431846
0.24,1.214,0.0,0.006454775459693258,0.0038540963640475508,0.008419595165711273
0.19,0.111,0.0,0.004208928685006725,0.0024081835134278262,0.005678301022475433
0.19,0.994,0.0,0.0027108872021902124,0.001435129619247664,0.0037767240116806326
0.185,0.192,0.0,0.0017289365684560693,0.0008776097063163821,0.002448070557318289
0.185,0.193,0.0,0.0010943574734838246,0.0005392117175430118,0.0015876588480145135
0.185,0.065,0.0,0.0006894397358212732,0.00032661384421977065,0.0010206031355729597
0.18,0.196,0.0,0.00043259733485664995,0.00019906195347313876,0.0006477641245549863
0.18,0.371,0.0,0.0002714509435416492,0.00012051883121059107,0.00041450001217266044
0.175,0.08,0.0,0.000172554334762216,7.510768647708988e-05,0.00026695984113056845
0.175,0.008,0.0,0.00011064341950348039,4.91206619008065e-05,0.00017196724802064726
0.175,0.243,0.0,7.129732504854859e-05,3.0847388439935997e-05,0.00011192078191167511
0.166,0.25,0.0,4.6203103185764456e-05,1.9471956272575574e-05,7.364522475707575e-05
0.161,0.198,0.0,3.0327415158690848e-05,1.2774011461095668e-05,4.814751809825828e-05
0.166,0.024,0.0,1.9939862311789424e-05,8.202288354731911e-06,3.186705733668008e-05
0.166,0.058,0.0,1.3205361823324282e-05,5.4868070164507865e-06,2.133901468411183e-05
0.161,0.112,0.0,8.771439147190554e-06,3.391133617757019e-06,1.4295312065975203e-05
0.157,0.018,0.0,5.82267516469051e-06,2.1433824759180136e-06,9.656193750182543e-06
0.152,0.001,0.0,3.905742090625461e-06,1.502286734309761e-06,6.466620891325057e-06
0.152,0.086,0.0,2.609061650665552e-06,9.575222163875066e-07,4.399162434581955e-06
0.148,0.026,0.0,1.7509657700755367e-06,6.066925082342627e-07,2.970976671247197e-06
0.152,0.019,0.0,1.1747849284874892e-06,4.0915886733723723e-07,2.020932008573205e-06
0.148,0.049,0.0,7.891378717016955e-07,2.613127476322671e-07,1.3753190354018402e-06
0.144,0.0,0.0,5.325618977908872e-07,1.7626045365241468e-07,9.418380295694108e-07
0.148,0.009,0.0,3.5652174852629085e-07,1.1101707450939495e-07,6.430529902155214e-07
0.144,0.007,0.0,2.4202232988814753e-07,7.525993533749767e-08,4.3548197678697683e-07
0.144,0.026,0.0,1.6348841732341128e-07,4.73949579614787e-08,3.014864468805864e-07
0.132,0.004,0.0,1.1020312567470305e-07,3.182894652997856e-08,2.0586961703839038e-07
0.129,0.111,0.0,7.463635534965912e-08,2.0146139921528428e-08,1.4121578298571105e-07
0.132,0.074,0.0,5.0606109204604734e-08,1.3981775549264561e-08,9.517243980496885e-08
0.132,0.54,0.0,3.4198169354276735e-08,8.501214772995829e-09,6.603693160847003e-08
0.125,0.636,0.0,2.3331474467998605e-08,5.555486605232411e-09,4.5149702562971126e-08
0.129,0.013,0.0,1.577518196538566e-08,3.387378377304134e-09,3.111414214594829e-08
0.125,0.037,0.0,1.0709216931393005e-08,1.9664157571577785e-09,2.1428707454270055e-08
0.121,3.204,1.0764521178537527,7.323960281757905e-09,1.0857464515823748e-09,1.443726186354543e-08
0.113,3.866,1.8448307777103325,0.052942241847854433,0.05099017526933715,0.05601244401655284
0.113,0.096,0.0,0.16027202411262603,0.15478842876007823,0.16797951226862526
0.117,0.362,0.0,0.195045850464104,0.1864738476293372,0.20277263556453073
0.113,0.018,0.0,0.1923845860733364,0.18379832572289395,0.2010258906896127
0.117,0.513,0.0,0.17200738458976952,0.16301818671143536,0.18051760191552935
0.117,2.256,0.08017811178154943,0.14409326038801074,0.13304558514403103,0.153148338959581
0.121,1.932,0.09057724973155423,0.12015402044700947,0.10784511560529829,0.12859975484451255
0.125,1.884,0.0,0.09963729664864349,0.08747160696128928,0.1076664493526592
0.117,0.706,0.0,0.07967001699732247,0.06736006767586691,0.08781339051851171
0.125,0.814,0.0,0.06130295062976395,0.050330927858023754,0.0690695340029658
0.125,0.008,0.0,0.0460317385961112,0.03630037011122863,0.05262691912221486
0.125,0.023,0.0,0.03357055572667698,0.025514501264013435,0.039200052198246224
0.313,1.311,0.0,0.02398351541283918,0.01752524947508654,0.028546891263941734
0.31,1.242,0.0,0.01674188060384051,0.011664893017224832,0.020429919427400932
0.121,1.017,0.0,0.011455489343928059,0.007625513756333729,0.014348949879649148
0.113,0.092,0.0,0.0076941925734353225,0.004807440057502776,0.009895797347149616
0.113,0.042,0.0,0.005093182322847284,0.002970832740638952,0.006706439810438768
0.113,0.0,0.0,0.0033114459190516543,0.0018400520652176698,0.004506069471596131
0.109,0.0,0.0,0.0021242944609969534,0.001091209690488388,0.0029730341101782648
0.113,0.025,0.0,0.0013500444289370984,0.0006662249737819796,0.0019305143459435558
0.113,0.148,0.0,0.0008501558398000916,0.00040414978099433064,0.0012475057881635378
0.109,0.098,0.0,0.0005361559890649711,0.00025059323962837,0.0007976031180541994
0.109,0.758,0.0,0.00033773361359590727,0.00015414967626971857,0.0005110329536438184
0.109,1.893,0.0,0.00021372861876347264,9.419006967021584e-05,0.00033017259100909783
0.106,2.619,0.4662469158397031,0.00013639977761983652,6.163646217420092e-05,0.0002110300444218903
0.106,0.019,0.0,0.02301846768388179,0.02222199919921605,0.024302159047802054
0.102,0.08,0.0,0.02945218811015496,0.028109004149655087,0.030649692297001926
0.106,0.116,0.0,0.028570454275436072,0.026707854295864558,0.029951121024893876
0.109,0.09,0.0,0.024784337245993486,0.02292734334697946,0.026310629040253365
0.106,0.18,0.0,0.0200090948406567,0.01801294294555098,0.021466500260758463
0.102,0.196,0.0,0.015413327319729707,0.013242034005117443,0.0168499146863745
0.102,0.015,0.0,0.011400048063614302,0.0093638861623108,0.012803435533039512
0.102,0.238,0.0,0.00818127549450081,0.006355682815377995,0.009411149819927845
0.106,0.298,0.0,0.005752306832036505,0.00427206809938546,0.006789603973827891
0.102,0.03,0.0,0.003953676890349943,0.00279459700347938,0.00475993917741588
0.102,0.981,0.0,0.0026580386199005048,0.0018007337955811018,0.003262826264588431
0.096,0.412,0.0,0.0017629306601732507,0.0011395061713631376,0.002223537495103678
0.096,0.092,0.0,0.0011553296324537637,0.000708706782400506,0.0015026020001153823
0.099,0.14,0.0,0.0007458015294513073,0.000424446251381736,0.000987468148366492
0.096,0.077,0.0,0.00047976314558163623,0.00026306071956871567,0.0006528162010803964
0.089,0.007,0.0,0.0003087935913636667,0.00016526509056824783,0.00042496850378542447
0.089,0.028,0.0,0.0001975986831139141,0.00010326594939688978,0.00027776644515124294
0.092,0.026,0.0,0.0001277340480002719,6.607936689190754e-05,0.000182184952550437
0.089,0.05,0.0,8.274314202942157e-05,4.12944270645738e-05,0.0001199470070919314
0.086,1.351,0.0,5.3574055303956204e-05,2.6392284162171252e-05,7.780263870915177e-05
0.083,0.538,0.0,3.510041437866433e-05,1.743964395392558e-05,5.204596543820119e-05
0.08,0.355,0.0,2.315499910983166e-05,1.0828495867685787e-05,3.4879425905925026e-05
0.08,0.368,0.0,1.5282715832868157e-05,7.214636079236011e-06,2.2926317898833295e-05
0.083,0.229,0.0,1.0147735526050922e-05,4.622685579152647e-06,1.5451251307328647e-05
0.083,0.1,0.0,6.756405052740149e-06,2.9627725133761487e-06,1.0514821147127694e-05
0.083,0.345,0.0,4.497625606977127e-06,1.8806891642139414e-06,7.021202997272929e-06
0.08,0.453,0.0,3.005558998656481e-06,1.2809699458528e-06,4.717430694684941e-06
0.08,0.33,0.0,2.0162857347140994e-06,8.379550938871439e-07,3.2367281527212015e-06
0.081,0.322,0.0,1.3532834652085243e-06,5.389883174667718e-07,2.203530515989665e-06
0.08,0.411,0.0,9.063870731343213e-07,3.410509736475159e-07,1.4852758722859062e-06
0.075,0.063,0.0,6.094932312640747e-07,2.2222235915589996e-07,1.0123079188550712e-06
0.078,0.0,0.0,4.1186332528995285e-07,1.4990425837352914e-07,6.906412245373462e-07
0.078,0.021,0.0,2.7729179418843054e-07,1.0071381012226351e-07,4.700693500597759e-07
0.075,0.467,0.0,1.8695351551131822e-07,6.383767661979494e-08,3.209308194847075e-07
0.086,2.923,0.11507011371721099,1.265410667193806e-07,4.182717807303752e-08,2.2015344206505418e-07
0.083,3.86,1.2965208302818594,0.005659480896431692,0.005450860408027626,0.005987620761364865
0.086,0.498,0.0,0.07063876896052582,0.06817075587016522,0.07464620783481575
0.086,0.081,0.0,0.09182417438924062,0.08753895936329296,0.09537685791212805
0.083,0.513,0.0,0.0916309874310835,0.08750989521069501,0.09516576709414029
0.083,0.071,0.0,0.08182311750804187,0.07704572592956936,0.08631405085485291
0.083,0.198,0.0,0.06794555773279222,0.06252484554466603,0.07221240699188636
0.089,0.139,0.0,0.05388073612611912,0.047576292797616694,0.05828548693810909
0.086,0.48,0.0,0.041267996913931355,0.03529614939001095,0.04556678955029259
0.09,4.168,1.4150973306619012,0.030588655102021824,0.02485587271359783,0.03443094955765461
0.088,0.892,0.0,0.0918216053879406,0.08913547730696231,0.09332630481824214
0.088,1.071,0.0,0.11004991182522147,0.10391686396966142,0.11486570323664386
0.088,0.871,0.0,0.10715359798367814,0.10179474366353795,0.11273835522865136
0.086,0.194,0.0,0.09402586338582378,0.08657751043715403,0.10012195155619431
0.09,0.112,0.0,0.0777915470854113,0.06952584339190947,0.08364685896599339
0.088,1.114,0.0,0.061543912464066014,0.05376922136973631,0.06707056978791562
0.088,1.137,0.0,0.04720904251859376,0.040200251920904616,0.05216853921415716
0.088,2.268,0.0,0.03504313172082328,0.028411334773022098,0.03977229223019889
0.084,1.415,0.0,0.025323751844400617,0.019679628419285954,0.029439228649277453
0.088,1.732,0.0,0.01795174613555527,0.013250094876594131,0.021256354385066876
0.086,1.127,0.0,0.012443353442637504,0.008611227105900057,0.015223128311794527
0.086,0.396,0.0,0.008436188594793878,0.005625735396939077,0.01057858238345567
0.086,0.294,0.0,0.005645428228102142,0.0034942339178286696,0.007249932650543981
0.074,1.619,0.0,0.0037032724556152995,0.002167002599873526,0.004885898050422265
0.072,1.275,0.0,0.0024023265808645576,0.00132906590235293,0.003262055582748888
0.084,0.612,0.0,0.0015340117954547945,0.0008037405538012727,0.0021238236954178374
0.086,0.602,0.0,0.0009747988991089713,0.000494867016201967,0.0013846336292385377
0.084,0.052,0.0,0.0006173626430784959,0.00029743338860187187,0.0009015819727502616
0.082,0.032,0.0,0.000388532649978319,0.0001813558857586441,0.0005766660275755665
0.071,0.71,0.0,0.0002456689293927723,0.00011227204002077639,0.0003694824440234255
0.08,4.312,0.8802925830337496,0.0001572415921493555,7.219628605393097e-05,0.00023909157214048468
0.078,1.253,0.0,0.04339496598575708,0.041853026498804,0.04585420604359388
0.078,2.107,0.0,0.056754510842914586,0.054298217780360224,0.0591053981365743
0.078,3.49,0.0,0.05636190677862335,0.053745162540998336,0.0597969145049132
0.077,1.502,0.0,0.04966896409247042,0.046291241157471096,0.05265066505245768
0.088,1.531,0.0,0.04095146959207072,0.03737125944756735,0.04367546497404479
0.08,3.279,0.0,0.03218526022322518,0.028084011512169233,0.034837504740060615
0.08,6.282,2.764405189267379,0.02421369803250261,0.020263271168867458,0.026948041733112084
0.08,3.896,0.950809492443188,0.1538156812212612,0.1504427399815662,0.15912087105502223
0.084,7.662,4.713213288688918,0.24652658467322436,0.23583935173180434,0.2540914866158907
0.084,3.239,0.0,0.4973150791176175,0.483435132220465,0.5151916630047285
0.084,1.517,0.0,0.5798316091773207,0.555494962381829,0.6042855775371676
0.088,1.158,0.0,0.5700147585258343,0.5382433572000384,0.5964437545934969
0.088,3.359,0.0,0.5123775427443127,0.4813638541399966,0.5398725338767326
0.088,5.973,2.881472689439465,0.43717439590136437,0.4031535801220025,0.46241171600146314
0.084,2.965,0.0,0.5009952305963624,0.4699433058685727,0.524824031550463
0.086,1.526,0.0,0.4876012730107005,0.45392592168624046,0.5140398786837866
0.084,0.597,0.0,0.43682362028126864,0.4002846172268813,0.4626726106183317
0.08,4.374,0.6551729100309465,0.3705603942548606,0.33085488791857964,0.39642743643610445
0.08,3.198,0.0,0.3340996078455388,0.298025510471425,0.3595044298699452
0.082,1.165,0.0,0.2848506265812152,0.2519587678807789,0.30973500776220125
0.078,1.299,0.0,0.23263878629241433,0.1999592943574501,0.25506711980253155
0.078,1.865,0.0,0.18288317555057823,0.1518991673453951,0.2046130823658354
0.076,1.375,0.0,0.14058867215342394,0.11358905270401078,0.15945765341416043
0.076,6.711,3.2239455058614133,0.1057990235059699,0.08262739668985257,0.12237133997427505
0.076,8.765,5.328497624444255,0.235849428120588,0.2256144182669586,0.24455131172199418
0.078,2.35,0.0,0.5386683494611424,0.5267232305202711,0.551910476915063
0.078,4.297,0.7523324434606509,0.6418922769834512,0.6134473042796879,0.665962252982984
0.078,4.875,1.3859577672286134,0.6761124697102823,0.6505105697469652,0.7035519715285657
0.327,8.45,5.2611259820467104,0.7017823928497242,0.6698233134580205,0.7285515269943651
0.327,2.833,0.0,0.9127558144377829,0.8823474170436769,0.9393368334533477
0.455,2.282,0.0,0.9443269413024488,0.9031722168438856,0.9840590190051289
0.479,6.283,2.5865575957064366,0.8803333569873255,0.8282318702420041,0.9252888193006394
0.495,2.316,0.0,0.8993255811204072,0.8442223266347848,0.9400916547811692
0.503,6.014,2.20709469173625,0.8322199402641905,0.772719623728271,0.8791693250291455
0.528,0.217,0.0,0.8341306974047216,0.7732753899788212,0.8744159085420338
0.463,0.064,0.0,0.7618889703460427,0.6961774789265547,0.8088800560559113
0.431,0.01,0.0,0.6584507025808535,0.5919873143379937,0.7038416173664925
0.399,0.066,0.0,0.5476121030429382,0.48075910998300475,0.5940283625977635
0.383,0.654,0.0,0.44031990693056766,0.3765268241116682,0.48509390359189875
0.351,2.411,0.0,0.34517140980942557,0.28584651616769563,0.3858103435858957
0.327,0.635,0.0,0.2654531997467672,0.21449917280336508,0.30223530370691554
0.327,0.885,0.0,0.19939974855478906,0.1542263415082392,0.23143691971477073
0.319,2.379,0.0,0.14712849372814243,0.1102455826984542,0.17352653445096097
0.303,1.626,0.0,0.10604882996829147,0.07446830990555922,0.12793882249754263
0.303,1.125,0.0,0.07517749682530289,0.049949923172401475,0.09273245501986851
0.319,7.886,4.144679409376671,0.05261157603296824,0.03347257737296143,0.06634272774026916
0.303,5.132,1.4657523323211659,0.23975759082310547,0.23605178345795824,0.24333998646543603
0.287,1.343,0.0,0.3782047379477385,0.3656235645309372,0.3889163400362821
0.303,3.704,0.0,0.41239349445091783,0.39409302325145623,0.4282965196146084
0.311,1.711,0.0,0.3923682781159855,0.37112912187466873,0.40973149802506625
0.303,5.882,2.5488629111883645,0.34365373353637857,0.3196470833101296,0.3633871386589034
0.303,4.584,1.2465265722595484,0.4124312433950275,0.3932391500657813,0.4274378989924615
0.311,4.321,0.8619163462153754,0.4704260018780163,0.44900024899250074,0.4881591265172545
0.319,7.849,4.627923423724981,0.4995540913946014,0.47091153381334494,0.521374516666909
0.391,3.189,0.0,0.6963592025520805,0.6758359145477124,0.7166703754256158
0.415,11.062,7.669482824436994,0.7355123540320767,0.7007483528813968,0.7623522224140212
0.56,3.744,0.0,1.0687995471715712,1.0403469855801146,1.0967529838763952
0.56,1.696,0.0,1.1528567726526207,1.1016806753307768,1.1932862182627448
0.568,1.523,0.0,1.1033522424629492,1.0442867353185232,1.1558217746058017
0.776,3.884,0.010482557141531679,0.9855044134436699,0.9190974295139057,1.0380149959550156
0.632,6.345,2.801856063099111,0.8378771531564543,0.7611491685151227,0.8916107273909366
0.52,8.444,4.935727213330582,0.8266735753917037,0.7545252190207452,0.8771670565568965
0.495,9.124,5.643331787930148,0.9921297085195544,0.9322136955201075,1.0342504415289917
0.536,14.868,11.77242629072443,1.2714205193781982,1.2195143721207418,1.3186586148944406
0.6,5.813,2.5625965968023428,1.893186286319094,1.8301751370469113,1.9442609992723696
1.009,5.387,1.9030430078873222,2.2051403850632942,2.11704941577271,2.2886080131465993
1.377,2.92,0.0,2.277774613181915,2.150010312785075,2.379423822251429
1.225,0.508,0.0,2.155732676500537,2.0395141283779994,2.262017294333027
1.057,0.083,0.0,1.9130930270935433,1.7709524918485617,2.022717929697849
0.872,1.337,0.0,1.635702089778409,1.4791828754805068,1.746196291613549
0.72,0.951,0.0,1.3558732807661262,1.2050037437423675,1.4646163576579914
0.632,0.796,0.0,1.0945709527729461,0.9446626698578119,1.2039910270255128
0.576,0.895,0.0,0.867139927986306,0.7334728358344969,0.964906123001569
0.552,2.191,0.0,0.6709076592101778,0.5483412829051374,0.7581847442901701
0.511,2.474,0.0,0.5117845586235822,0.3887492066546458,0.5887441158552641
0.471,5.412,1.8939681131242496,0.38303483076843187,0.28413043225430396,0.452018601444063
0.471,5.047,1.7884680127057258,0.37444570152246753,0.29729986301161593,0.4293795407531368
0.52,5.383,2.1280792580341497,0.4236061283210141,0.3629393451634971,0.4662242384271088
0.544,8.44,4.7366648371117215,0.514681296621979,0.46910719432956,0.5481523580866104
0.64,3.823,0.4367032144005867,0.745372628940904,0.7119504956316715,0.773798552884168
0.776,6.926,3.9001222311574137,0.8228907034187157,0.7785363607963522,0.8611669273927591
0.985,6.682,3.4724651347012903,0.9806386636681539,0.9376438398318161,1.0215134754624853
1.041,1.822,0.0,1.152336182282215,1.100130075416807,1.1916850991963155
1.065,4.753,1.0836357981067226,1.1459399487523687,1.0848870283318626,1.195430476875313
1.121,3.9,0.4999097635068357,1.1012632544023393,1.0304991450428054,1.157461438889881
1.137,5.438,2.045239207152041,1.0089611873832738,0.9303226738114327,1.0643078182844814
1.113,1.694,0.0,0.9746821902692686,0.8920393386963876,1.0322252562856387
1.089,2.617,0.0,0.8754524826100422,0.7926999401470688,0.932201440042097
1.145,4.003,0.005369521329201099,0.7491380407250775,0.6689100567053466,0.8051893010905625
0.753,6.154,2.765362195136533,0.6166250587968386,0.5378387243498441,0.671853459607842
0.753,2.771,0.0,0.631868182907461,0.5620930444552994,0.68006547108025
0.753,4.065,0.5613009314069655,0.5822012542593424,0.5176193534071345,0.6293419927612391
0.767,4.124,0.38277200715661985,0.5313394140274936,0.4670386002698818,0.5759785779749083
0.712,3.363,0.0,0.4769225892809583,0.4175260609807805,0.5170556405854069
0.712,2.976,0.0,0.40554857396522914,0.3503947943422792,0.4423482132602459
0.728,0.661,0.0,0.33139165924690756,0.27593619324289287,0.3686077302322786
0.637,1.198,0.0,0.26299878691382156,0.2168695008526964,0.29607390602253614
0.521,1.466,0.0,0.2030048777211401,0.16069394044734683,0.2318734226981087
0.479,1.469,0.0,0.1530628558135485,0.11728692515781498,0.17780716279019526
0.56,1.161,0.0,0.11341151173115668,0.08464424400730969,0.13426399440749207
0.544,7.093,3.542247552884519,0.08206440133168047,0.057717375889327946,0.09903029630173607
0.536,9.291,6.284934517738597,0.23256242553710002,0.22455777113887798,0.24011795465891184
0.56,3.656,0.30623123547690057,0.5912828199801365,0.5758737734658347,0.6072945952587371
0.6,5.571,2.053007773655146,0.7353380184834303,0.7030261990932822,0.7611639132726327
0.76,1.57,0.0,0.8462034771804656,0.8102507896690545,0.875849104507171
0.904,4.659,1.111547153204298,0.8334715728816949,0.7912341201624156,0.8638032953731445
1.137,3.359,0.17782908127062713,0.8062070163467792,0.7631943767598429,0.8403335505338371
1.185,3.942,0.40349423834172216,0.7302590190779228,0.6802026343212727,0.771850498864661
1.442,11.594,8.295469105650366,0.6483741887876587,0.5933361888731187,0.690447711127257
1.404,4.919,2.205701463954072,0.9576354967054763,0.9199567387202249,0.9896866665326925
1.486,11.478,8.400547777647915,1.1478418538252408,1.1026704383444306,1.1839861664049445
2.008,9.776,6.523354618313569,1.5616510762527978,1.4989568841969432,1.603448680566729
2.365,4.021,0.8802963670048576,1.9721024149550939,1.8973861113551298,2.032195741580115
2.649,4.206,0.6643807751406285,2.0870157403608567,2.0019527000739883,2.1774392514375442
2.768,3.96,0.9219433492667779,2.012040349203584,1.8866130626113438,2.103855396108688
2.796,9.95,6.755872293994655,1.8627365686997501,1.7426417353598427,1.9602436688569909
2.796,8.451,4.975740237567132,1.961298805644621,1.8371942696393495,2.057078679676075
2.787,7.225,4.111728902270993,2.110199180799535,1.977571511586695,2.203642582077703
2.75,1.387,0.0,2.223521465125143,2.091451487414658,2.3227070376021035
2.713,6.707,3.224783885252316,2.1114679407410613,1.9683830664264315,2.2240912211076362
2.558,9.263,6.101108088933193,2.0464886851951314,1.8979899918923393,2.160055091376396
2.512,2.572,0.0,2.154304189863291,2.0039290090803132,2.2637106378822875
2.003,1.497,0.0,2.0347850047737683,1.879402737830236,2.15368654526702
2.103,1.836,0.0,1.8135235446711544,1.6407240999551556,1.9454231800023993
2.073,7.211,3.8025543000333237,1.5474027606552827,1.3753579965786655,1.677148600272701
1.839,5.224,1.8857783483601236,1.4727406693086147,1.3068613246779797,1.5859914075104715
1.692,4.756,1.0776961741349873,1.4033989792332604,1.245252393236163,1.5086993072330555
1.868,4.387,0.9671991439270684,1.305827428491476,1.1588910661396825,1.4061270570139013
1.909,1.389,0.0,1.1963472550751708,1.0551045629287854,1.2993944678442444
1.897,4.257,0.8914451025250307,1.037094366077546,0.909686982148276,1.1266739680896987
1.915,3.063,0.0,0.9102533654988036,0.7883752221636239,0.9913170506772717
1.792,2.362,0.0,0.7668239945196746,0.6535415584924062,0.8455124293052764
1.768,1.784,0.0,0.6249381058296458,0.5155297405681334,0.694513479217071
1.745,2.599,0.0,0.49690746240012934,0.40724675143523326,0.5597272645629943
1.563,1.989,0.0,0.3846060423570751,0.3109059010432041,0.44150612612677875
1.404,0.695,0.0,0.29191537372751847,0.22620859175422178,0.3411717741961137
1.299,0.178,0.0,0.21828997407019826,0.16374648926856955,0.2587580752419254
1.269,1.893,0.0,0.15988510007309206,0.11489438551096041,0.19375076311970452
1.223,1.359,0.0,0.11457804175849497,0.07816095093670639,0.14158266824595997
1.111,5.995,2.797396023274494,0.08102206275317655,0.05188211700906599,0.10237146482646016
1.082,2.863,0.0,0.1933668549510735,0.179915382540414,0.2055516317917764
1.152,6.949,4.034849245430374,0.22844981701385644,0.21407034762133945,0.24048520773351134
1.293,9.281,6.323406678114363,0.42142515271199477,0.41043871044896196,0.43262415008417554
1.416,5.188,2.1833670093647575,0.79070439742131,0.7689154110518144,0.809272731583107
1.592,4.048,0.7223404423617863,1.0184768973246252,0.9812019346810562,1.0571173903669633
1.668,12.871,9.404523871842935,1.088044852906395,1.050114881819182,1.126458994585679
1.686,4.695,1.4035156136618276,1.4954071621597795,1.4434890000708183,1.5346499535286369
1.903,7.163,3.890982438970699,1.6574646989012805,1.5862921882255379,1.7169184060998177
1.944,3.673,0.6081765578593856,1.802570485068831,1.7194623491725034,1.870877513188904
1.95,6.541,3.494548277434859,1.7659537425530816,1.6697923538471497,1.8409511769607512
2.036,6.1,3.103330044068881,1.7777929277177513,1.6836662661026562,1.8589169040096711
1.868,5.612,2.5730831985967604,1.7960682726249497,1.6897760402850388,1.8870125984442763
1.868,5.886,2.8960604151880527,1.786671775133956,1.6702759094598036,1.8735698143009856
1.883,16.533,13.370733049723569,1.785417837456344,1.6626028098559138,1.876447316756984
1.989,4.558,1.5431459441335305,2.2940249920584574,2.171524396557555,2.3750476264984757
2.386,3.558,0.6221511867385958,2.4720592007400883,2.3321264821562706,2.5714321676566394
2.425,5.842,2.626693672874718,2.4102986598997296,2.266752277863404,2.525195296406206
2.523,3.26,0.057113580326848545,2.310769803122445,2.1519371916887624,2.4384387754115138
2.563,2.483,0.0,2.0866964405873434,1.915960587078057,2.2220623687103562
2.349,3.995,0.6997119361121156,1.8007367191086903,1.6310276429138895,1.9332536714620971
1.989,1.761,0.0,1.5409811694677409,1.3702490723454772,1.668221906617594
1.84,3.16,0.0,1.274287047294392,1.1025866880048532,1.4001217065912872
1.597,13.176,9.976488830249655,1.0284204717782466,0.8486291748496638,1.1406794530549174
1.425,2.298,0.0,1.305094275329834,1.188443901628719,1.3918366493873802
1.644,0.213,0.0,1.3412542038013713,1.2270401573532561,1.4254547896435654
1.826,2.772,0.0,1.253934370489711,1.1422748169052919,1.339777604393871
1.644,10.191,7.650768578174532,1.1003125826219573,0.9818422226489949,1.1843257970901575
1.408,4.041,1.2414690791595868,1.3063517119118568,1.2141072843484724,1.3746956975914133
1.575,6.579,3.8540613856742834,1.3652438309095132,1.2694849973349434,1.4385612450506629
1.744,5.211,2.4912962461648047,1.4751911774665987,1.384237733925356,1.5467890476264583
1.731,6.871,4.199290953700505,1.538316152624873,1.4444506264721024,1.6183587862711648
1.668,1.73,0.0,1.6532052749372483,1.5584699832603532,1.7250772864851815
1.586,1.123,0.0,1.5816151397364588,1.4737543907439439,1.6639433847951584
1.399,5.479,2.518658895393581,1.4163911658371984,1.286419431911743,1.5046462071676037
1.234,1.974,0.0,1.3354592220049066,1.2229077291523942,1.4196206367549158
1.216,1.116,0.0,1.1837967844158672,1.0757036362876413,1.2707859181292804
1.197,1.225,0.0,1.0068917889912168,0.8895885284008938,1.0877720147824805
1.167,4.058,1.2474306688883723,0.8260061582186508,0.7205225247911533,0.9060263890291989
1.155,9.509,6.716862999280519,0.7219021262723248,0.6256993017496482,0.7941998328964195
1.156,6.907,4.0374137768592036,0.9374961852831601,0.8597182947254988,0.9918972047072719
1.156,11.516,8.698893071165022,1.1629311446261326,1.0908449728253002,1.2181215064366746
1.26,6.137,3.6137995188726584,1.6176466072459417,1.5587953368121954,1.6693077048619989
1.84,1.52,0.0,1.9049019601800636,1.8250707283062275,1.9777155104568753
1.989,8.138,5.096475883472525,1.9049434145164028,1.8060041138360532,1.9901826587143683
2.004,4.68,1.9771066903179655,2.009155447200311,1.8972076414112686,2.0969774333772304
1.927,1.968,0.0,2.004066500164777,1.8920485169140482,2.1083268479535153
1.927,1.634,0.0,1.83795603152863,1.6848051344727897,1.9384102073114329
2.085,0.754,0.0,1.6101622986500561,1.4716366962037093,1.716300702578201
2.085,1.372,0.0,1.3558317263900352,1.2169116456890305,1.4638661673585986
1.758,1.205,0.0,1.108265653578439,0.9746529899705719,1.21267110345601
1.308,3.965,1.1217052848371578,0.8857633816957144,0.7568691108462948,0.9824291355956745
1.22,3.561,1.1635255756870149,0.7494423120539545,0.6355997484548656,0.8345036470866553
1.184,2.162,0.0,0.6701796080289473,0.5705462340000708,0.7443091634976612
1.264,0.531,0.0,0.5691705494172576,0.4782554696390987,0.6372960799221724
1.332,0.272,0.0,0.4677345240213305,0.38884615406277695,0.5264663807128818
1.254,1.671,0.0,0.37201329909805714,0.2985310977181373,0.4243287395696211
1.094,2.124,0.0,0.2895820969743856,0.2267498387327497,0.3343573532106701
1.005,0.667,0.0,0.22000168217345856,0.16776763620619137,0.25838604220719796
0.943,0.481,0.0,0.16294610708998522,0.11965160011795917,0.19514848713842775
0.89,0.567,0.0,0.1190979782534839,0.08366510847571902,0.14474425228171445
0.837,0.858,0.0,0.08529819823595164,0.05776995785103888,0.10617139040497026
0.801,0.797,0.0,0.0599067756513681,0.03834557883389043,0.07660587308015929
0.775,1.062,0.0,0.04135279151986629,0.024798949152735898,0.054094093373991806
0.748,2.157,0.0,0.028010962672767894,0.015687897639903265,0.03741260238158133
0.722,1.049,0.0,0.01860129193158016,0.009758370262451526,0.02567424530041783
0.708,0.535,0.0,0.012156359758540191,0.006125617110906696,0.017214415679485416
0.728,0.247,0.0,0.007818119039257367,0.003616695582287699,0.011408120789526095
0.718,0.005,0.0,0.004928901076057362,0.0021931460176766076,0.0073969057946024755
0.666,0.0,0.0,0.0030720617356419025,0.001314240540462739,0.00474557778974329
0.644,0.192,0.0,0.0018941726126086604,0.0007627083065459483,0.0030147355199221814
0.613,0.257,0.0,0.0011569189501126438,0.0004562800908419513,0.0018822084936162985
0.574,0.044,0.0,0.0007051110504371589,0.00028131289998050297,0.0011665570581292353
0.515,0.223,0.0,0.0004309554074583646,0.00015821483701859915,0.0007224776156830905
0.42,0.102,0.0,0.00026327199772609503,9.479745030466359e-05,0.0004451727218684381
0.386,0.082,0.0,0.00016475641405074208,6.371822829576215e-05,0.00027836000673772026
0.342,0.799,0.0,0.00010383437468774393,4.077042790185055e-05,0.00017417442378210468
0.333,0.919,0.0,6.636294295014861e-05,2.5343794685073888e-05,0.00011182491794984148
0.332,2.013,0.0,4.286530987977698e-05,1.6028797509510623e-05,7.23623609762827e-05
0.34,0.619,0.0,2.805121926098376e-05,1.0380090327528035e-05,4.725797209436381e-05
0.34,0.05,0.0,1.8470767274686512e-05,6.55190121008122e-06,3.134427190057031e-05
0.34,0.313,0.0,1.2222796039530536e-05,4.427651106951139e-06,2.0802071398704123e-05
0.315,0.15,0.0,8.106211770858365e-06,2.703607320807864e-06,1.3997335953133122e-05
0.305,0.316,0.0,5.411331660781461e-06,1.7799072570841973e-06,9.417037135748013e-06
0.307,0.498,0.0,3.6108977361774787e-06,1.1907979895845117e-06,6.355299046644739e-06
0.3,0.156,0.0,2.419383139827652e-06,7.651547454824264e-07,4.3653718898551735e-06
0.295,0.2,0.0,1.6207524978297776e-06,4.90397981401906e-07,2.9210341101416124e-06
0.293,0.703,0.0,1.0922428922452957e-06,3.303144875990749e-07,1.992710858901203e-06
0.295,0.851,0.0,7.33435480357981e-07,2.1301276818148547e-07,1.3505483126386268e-06
0.295,0.582,0.0,4.926602681483263e-07,1.302008697720219e-07,9.196832424224896e-07
0.292,0.649,0.0,3.3294437315465524e-07,8.805038338414218e-08,6.292797392690321e-07
0.292,0.225,0.0,2.2579326711955743e-07,6.113703758749969e-08,4.266957859854869e-07
0.286,0.651,0.0,1.5148945845833766e-07,4.0110149560118864e-08,2.912086701940225e-07
0.286,0.246,0.0,1.0311406521828335e-07,2.662659049079717e-08,2.0359459431200906e-07
0.279,0.544,0.0,6.94199859576928e-08,1.740637734005157e-08,1.3584169023326487e-07
0.271,0.309,0.0,4.731312305337335e-08,1.1107395567149143e-08,9.524713483113304e-08
0.271,0.004,0.0,3.1858105359548165e-08,6.95726875893369e-09,6.474015841982358e-08
0.269,0.249,0.0,2.1798133819868588e-08,4.799031362590402e-09,4.446375561204549e-08
0.269,0.012,0.0,1.4616603519817526e-08,2.7470926426171234e-09,3.050884336693425e-08
0.264,0.12,0.0,1.012189757986106e-08,1.7679365310724207e-09,2.1314965688314813e-08
0.26,0.08,0.0,6.782239538541001e-09,7.573189877837011e-10,1.4514709673211157e-08
0.255,0.001,0.0,4.705298826192913e-09,9.234876974443974e-11,1.0325301541405426e-08
0.251,0.351,0.0,3.1963615397289285e-09,0.0,6.950268371426687e-09
0.247,0.588,0.0,2.22277402837463e-09,0.0,5.182559966653305e-09
0.247,1.011,0.0,1.5472875392591596e-09,0.0,3.6267869623249828e-09
0.242,0.254,0.0,1.0834824288306019e-09,0.0,2.8726165737326395e-09
0.242,0.054,0.0,7.881960614477513e-10,0.0,2.17051785980077e-09
0.238,0.004,0.0,5.645848845840266e-10,0.0,1.9371102753817015e-09
0.238,0.0,0.0,4.2453011620927785e-10,0.0,1.388476994631894e-09
0.238,0.162,0.0,3.104106924554865e-10,0.0,1.2030190252498852e-09
0.234,0.231,0.0,2.343742158580859e-10,0.0,8.569648968250537e-10
0.23,0.018,0.0,1.7813279371931824e-10,0.0,7.046369440156549e-10
0.234,0.002,0.0,1.2687908120924323e-10,0.0,4.897695171764743e-10
0.23,0.106,0.0,9.612239807134863e-11,0.0,3.864039246813642e-10
0.226,0.02,0.0,6.740379695297955e-11,0.0,2.657113290513474e-10
0.226,0.035,0.0,4.943822605771264e-11,0.0,2.009480942034941e-10
0.222,0.181,0.0,3.497909842219764e-11,0.0,1.3862147658151553e-10
0.222,0.207,0.0,2.519966263727206e-11,0.0,1.0402331920367507e-10
0.222,0.057,0.0,1.7836280631575547e-11,0.0,7.166281029244276e-11
0.218,0.003,0.0,1.2844991391421148e-11,0.0,5.384898517731019e-11
0.218,0.004,0.0,9.065917878932156e-12,0.0,3.7047350203253953e-11
0.214,1.821,0.0,6.540842133538148e-12,0.0,2.7875607402018452e-11
0.218,0.407,0.0,4.609182151938373e-12,0.0,1.9152279320990885e-11
0.214,0.168,0.0,3.3314475498864078e-12,0.0,1.4430160309413026e-11
0.211,0.057,0.0,2.3438996781384617e-12,0.0,9.90110768685588e-12
0.214,0.145,0.0,1.6971888775888153e-12,0.0,7.469954778267811e-12
0.211,0.0,0.0,1.1922180813548611e-12,0.0,5.118551790470804e-12
0.211,0.023,0.0,8.648159899766617e-13,0.0,3.866916460683157e-12
0.211,0.335,0.0,6.065581376652022e-13,0.0,2.646125394184313e-12
0.207,0.003,0.0,4.407700390984533e-13,0.0,2.001758159032085e-12
0.203,0.035,0.0,3.0866525342279075e-13,0.0,1.3679610759989835e-12
0.203,0.067,0.0,2.2469518052157325e-13,0.0,1.0362354012472086e-12
0.203,0.0,0.0,1.5710868587392902e-13,0.0,7.071915461994228e-13
0.129,0.0,0.0,1.145690544853379e-13,0.0,5.364203476579011e-13
0.118,0.0,0.0,7.998496875060003e-14,0.0,3.655951128485178e-13
0.2,0.001,0.0,5.842939026018899e-14,0.0,2.776847705151955e-13
0.2,0.001,0.0,4.072967152621304e-14,0.0,1.8900082658980988e-13
0.203,0.0,0.0,2.980467803651545e-14,0.0,1.4374703004836266e-13
0.196,0.0,0.0,2.0744664667462405e-14,0.0,9.770730314259654e-14
0.2,0.115,0.0,1.5206357605295537e-14,0.0,7.441246642635021e-14
0.196,0.013,0.0,1.0568018770437199e-14,0.0,5.051150980416324e-14
0.196,0.014,0.0,7.759831741190371e-15,0.0,3.852055351615071e-14
0.196,0.011,0.0,5.384818439820604e-15,0.0,2.6112813939343927e-14
0.094,0.007,0.0,3.960631448937506e-15,0.0,1.9940651285381222e-14
0.093,0.0,0.0,2.7443379686550126e-15,0.0,1.349947874757133e-14
0.193,0.0,0.0,2.0219028700982194e-15,0.0,1.0322530121845528e-14
0.189,0.0,0.0,1.398916832212527e-15,0.0,6.9787931404537396e-15
0.189,0.0,0.0,1.0323776844864256e-15,0.0,5.343588164229711e-15
0.186,0.049,0.0,7.132351244055552e-16,0.0,3.607809953206794e-15
0.186,0.106,0.0,5.272276125834231e-16,0.0,2.766175942629689e-15
0.173,0.104,0.0,3.637130209613688e-16,0.0,1.8651208627214278e-15
0.17,0.0,0.0,2.69300826859596e-16,0.0,1.4319459352224575e-15
0.167,0.0,0.0,1.8551074556565798e-16,0.0,9.642070630673457e-16
0.164,0.0,0.0,1.3758022970048787e-16,0.0,7.412649106388357e-16
0.17,0.0,0.0,9.463726996201619e-17,0.0,4.984638158288074e-16
0.167,0.0,0.0,7.029946243112669e-17,0.0,3.8372514955856484e-16
0.164,0.116,0.0,4.828776259589666e-17,0.0,2.5768964538249407e-16
0.16,0.01,0.0,3.592728978866143e-17,0.0,1.9864017357352188e-16
0.16,0.146,0.0,2.4642942530240082e-17,0.0,1.3321719922970305e-16
0.158,0.003,0.0,1.8364210371362706e-17,0.0,1.0282859654120554e-16
0.158,0.009,0.0,1.257846141224264e-17,0.0,6.886897677864482e-17
0.158,0.029,0.0,9.388458736207177e-18,0.0,5.323052273002292e-17
0.16,0.0,0.0,6.4215644935703955e-18,0.0,3.5603030230889577e-17
0.164,0.002,0.0,4.8005334109639265e-18,0.0,2.7555452933606472e-17
0.164,0.352,0.0,3.278924797147676e-18,0.0,1.8405613431403668e-17
0.158,0.695,0.0,2.455029842131822e-18,0.0,1.426442852707631e-17
0.16,0.125,0.0,1.6745505936576938e-18,0.0,9.515105995928108e-18
0.155,0.185,0.0,1.25572658841904e-18,0.0,7.384161742715387e-18
0.16,0.356,0.0,8.553428860044529e-19,0.0,4.919001619882255e-18
0.158,0.366,0.0,6.423968616183072e-19,0.0,3.822504671650688e-18
0.155,1.554,0.0,4.369747499765428e-19,0.0,2.5429645231773777e-18
0.155,1.317,0.0,3.2868563705693656e-19,0.0,1.978767866249153e-18
0.143,1.148,0.0,2.2327779734977e-19,0.0,1.3146303006219365e-18
0.143,0.847,0.0,1.6820002107574492e-19,0.0,1.0243342017226294e-18
0.149,0.0,0.0,1.1410556741993055e-19,0.0,6.796212903538343e-19
0.149,0.011,0.0,8.608716258313436e-20,0.0,5.30259549640469e-19
0.152,0.002,0.0,5.832291790312817e-20,0.0,3.5134219784313245e-19
0.149,0.001,0.0,4.4067337668408285e-20,0.0,2.7449555986858055e-19
0.149,0.003,0.0,2.981547927530992e-20,0.0,1.8163253854717917e-19
0.146,0.069,0.0,2.2561104893198638e-20,0.0,1.4209609708075393e-19
0.143,0.146,0.0,1.5244512260374128e-20,0.0,9.38981406837943e-20
0.143,0.006,0.0,1.1552291116495642e-20,0.0,7.355784126452715e-20
0.143,0.001,0.0,7.795671340197283e-21,0.0,4.854229815322334e-20
0.141,0.001,0.0,5.916150126518915e-21,0.0,3.807814659719633e-20
0.138,0.0,0.0,3.987134008590294e-21,0.0,2.5094796310950634e-20
0.138,0.132,0.0,3.030209518921924e-21,0.0,1.9711634061476012e-20
0.136,0.087,0.0,2.039550947639254e-21,0.0,1.2973197129796575e-20
0.136,0.644,0.0,1.5522714348558063e-21,0.0,1.0203976621379413e-20
0.065,0.036,0.0,1.0434551896919029e-21,0.0,6.706722860007482e-21
0.064,0.263,0.0,7.952860202222385e-22,0.0,5.282217529129001e-21
0.063,1.368,0.0,5.33921840980249e-22,0.0,3.467158569761166e-21
0.064,0.235,0.0,4.075105543600274e-22,0.0,2.734406700559134e-21
0.066,0.067,0.0,2.7324067004948975e-22,0.0,1.7924087250165006e-21
0.069,0.097,0.0,2.0883985059082121e-22,0.0,1.4155002077079002e-21
0.071,0.38,0.0,1.398543293088208e-22,0.0,9.266172800970722e-22
0.129,0.199,0.0,1.0703999245797437e-22,0.0,7.327515834079609e-22
0.127,0.233,0.0,7.159267120426936e-23,0.0,4.790311347023464e-22
0.127,0.208,0.0,5.487014994704165e-23,0.0,3.7931812405522683e-22
0.124,0.008,0.0,3.665409244610544e-23,0.0,2.476435885410977e-22
0.124,0.167,0.0,2.8130847533409964e-23,0.0,1.9635882419384292e-22
0.124,0.203,0.0,1.8768813281406313e-23,0.0,1.2802371833185324e-22
0.127,0.105,0.0,1.4423986403358175e-23,0.0,1.0164762879075261e-22
0.124,0.0,0.0,9.6119343309662e-24,0.0,6.618411800211943e-23
0.122,0.053,0.0,7.396782478133567e-24,0.0,5.2619180670469173e-23
0.124,0.974,0.0,4.92315632840075e-24,0.0,3.421504656379472e-23
0.122,2.642,0.0,3.793627603572874e-24,0.0,2.723898441545233e-23
0.118,0.739,0.0,2.5219387366010225e-24,0.0,1.768807153307602e-23
0.122,0.877,0.0,1.9458981981137116e-24,0.0,1.4100604819105277e-23
0.124,0.172,0.0,1.2920602014479172e-24,0.0,9.144160437347172e-24
0.122,0.463,0.0,9.982478435784224e-25,0.0,7.299356443711652e-24
0.122,0.011,0.0,6.620450241074107e-25,0.0,4.7272349676837875e-24
0.12,0.003,0.0,5.121636818550939e-25,0.0,3.778604195755437e-24
0.118,0.0,0.0,3.3927208031390616e-25,0.0,2.4438274716492814e-24
0.118,0.032,0.0,2.62803176408382e-25,0.0,1.956042260567992e-24
0.118,0.071,0.0,1.7388567638375158e-25,0.0,1.2633797057505978e-24
0.115,0.084,0.0,1.3486622005107904e-25,0.0,1.0125700205079074e-24
0.115,0.872,0.0,8.913204493633831e-26,0.0,6.531264184724419e-25
0.113,8.223,5.182925935534411,6.921908080686848e-26,0.0,5.241696807205153e-25
0.113,2.66,0.0,0.2549074765422643,0.2455086076627223,0.2696899631170671
0.115,0.063,0.0,0.3515404356954334,0.33645038017145307,0.3676186225465872
0.113,0.007,0.0,0.36539123527243583,0.3483830129979642,0.38100347179305816
0.111,0.099,0.0,0.3382912750780671,0.323302214464432,0.3542752445719972
0.111,0.17,0.0,0.29247729273183304,0.272751774436537,0.30844690993258883
0.113,0.041,0.0,0.24171602589778382,0.21974401511260389,0.25726307239559876
0.113,0.041,0.0,0.19283999986246816,0.16988505312258603,0.2085132231764238
0.111,0.255,0.0,0.14944032666263649,0.12606525609964594,0.16533730198875438
0.109,1.453,0.0,0.11285220138128944,0.09242743207449845,0.1266544885594834
0.109,2.127,0.0,0.08323296711032586,0.06561839696501114,0.0956170776941368
0.107,0.443,0.0,0.0602991342299359,0.045166255027173016,0.07087842327982556
0.105,0.059,0.0,0.0426719578973806,0.03035368256555962,0.05134115128308506
0.105,0.102,0.0,0.02966875527654315,0.01998039976380865,0.03649531600279596
0.105,0.0,0.0,0.020234854647969338,0.012951660649860794,0.025674706040691615
0.103,0.827,0.0,0.013558468689424745,0.008194501931146937,0.01776079936920642
0.101,0.046,0.0,0.008936753645766432,0.005176898712266001,0.01194344442603373
0.101,0.193,0.0,0.005765235508177268,0.003177997787108084,0.008024239604430057
0.101,1.487,0.0,0.0036758886172574053,0.0018777142759127136,0.005242968646634226
0.048,1.676,0.0,0.0023131131147270346,0.0011127028544221209,0.003381094966978105
0.099,2.389,0.0,0.001444657133434148,0.0006657183553033112,0.0021634557021754123
0.097,0.43,0.0,0.0008946514757369889,0.00039826037046574787,0.001381452177939753
0.097,0.023,0.0,0.0005534215807006477,0.00023543684846310294,0.0008722057434768262
0.095,0.0,0.0,0.0003425935956117135,0.00014062904961001062,0.000545265684276445
0.095,0.0,0.0,0.0002147077420512396,8.976447958375895e-05,0.00034395078786635406
0.095,0.0,0.0,0.00013571538437753754,5.5373731329457e-05,0.0002189306790766631
0.094,0.009,0.0,8.684028015999731e-05,3.4519548740907415e-05,0.00014064145007492513
0.093,0.201,0.0,5.59657806972518e-05,2.2720073346669605e-05,9.033736284558793e-05
0.093,0.157,0.0,3.637350990248425e-05,1.3991635784099469e-05,5.958774306145929e-05
0.091,0.083,0.0,2.383666305590098e-05,9.393406508914368e-06,3.9433596034429216e-05
0.091,1.424,0.0,1.5722825591646747e-05,5.933400474926038e-06,2.6249620451612104e-05
0.089,1.578,0.0,1.0439599532413142e-05,3.82957215667724e-06,1.745950810484403e-05
0.088,1.511,0.0,6.961338539528246e-06,2.496309121297095e-06,1.1811999323023957e-05
0.088,0.191,0.0,4.647864337009925e-06,1.647152025799924e-06,7.898774723492706e-06
0.086,1.358,0.0,3.1059406301506647e-06,1.0367139746414081e-06,5.3257655742414575e-06
0.086,4.876,1.8170133306972773,2.086405953778623e-06,7.019173399021434e-07,3.693153467876194e-06
0.086,7.144,3.8398256331964706,0.08936602340517825,0.08607199667389386,0.09454748287317327
0.088,4.531,1.5478413800501727,0.30826150091579735,0.2983234079252254,0.3234964851869607
0.089,2.883,0.0,0.4614157650443947,0.44257304999238306,0.4799098224876099
0.091,3.569,0.04005204994089162,0.4967953162570982,0.4707597174483095,0.5179569074389807
0.091,2.394,0.0,0.4712780219787439,0.44911070131897374,0.4916788791629516
0.091,2.814,0.0,0.4158495254920974,0.3933806688009995,0.4373050427580135
0.089,0.303,0.0,0.3487532517571417,0.3200814845783422,0.3683922899867786
0.086,0.005,0.0,0.28207068466230967,0.24942217368070868,0.3046620215224291
0.084,0.0,0.0,0.2216800318427292,0.19073921966213095,0.24288549636716264
0.086,0.01,0.0,0.17017775744544839,0.1415167039125506,0.18938167333847364
0.086,0.002,0.0,0.12692444549345816,0.10115808079712718,0.1444618792273271
0.083,1.039,0.0,0.09311259205716745,0.0710004092846559,0.1085088251534439
0.084,2.286,0.0,0.06682824091802979,0.04805977777489813,0.07997396438714945
0.083,0.996,0.0,0.047103463358532216,0.032123279242271395,0.057546776711517346
0.081,2.135,0.0,0.03258753827063407,0.02136182224020841,0.04076555573024486
0.079,5.656,1.5374265024313853,0.022089153374164765,0.013472512284434987,0.02855107036184867
0.079,0.885,0.0,0.09028193801147848,0.08802897046449724,0.09242814303617292
0.081,0.793,0.0,0.11198961041337722,0.10694091679266733,0.11602910542111329
0.079,0.291,0.0,0.10992279643328175,0.10381370451206241,0.11569087526987613
0.078,0.2,0.0,0.09749180383496622,0.089641279890452,0.1040451374916364
0.078,0.0,0.0,0.08152626197779306,0.07348682361401325,0.08729930280218386
0.076,0.461,0.0,0.0643959767820225,0.05625902468251021,0.07021389287260538
0.076,0.0,0.0,0.04946490073692226,0.04199012878632368,0.05483851594859687
0.075,0.05,0.0,0.03690407961730294,0.029988140087053444,0.041801713639641615
0.073,0.152,0.0,0.026787456865512916,0.021139344783353626,0.030942401224799087
0.072,0.202,0.0,0.019006278893640965,0.014096267446050728,0.02249575160773327
0.069,1.891,0.0,0.013223905249258724,0.009229471107651313,0.016008907408296722
0.067,0.341,0.0,0.008997328651989189,0.005951458808076598,0.011184606203356557
0.066,1.49,0.0,0.006008127777125722,0.0037756581963805744,0.007739421225853552
0.065,2.458,0.0,0.003957864279350682,0.002339602701879718,0.005244868038205943
0.063,2.815,0.0,0.0025637478204644897,0.0014286807926690008,0.0034861932616052594
0.062,0.855,0.0,0.0016493422494358485,0.0008663648401836129,0.002292501277940762
0.062,1.199,0.0,0.0010462465043025444,0.0005242511733318061,0.0014957867775447617
0.063,1.492,0.0,0.0006593110973637244,0.0003211350425952959,0.00096059855872622
0.063,0.871,0.0,0.0004165381522649465,0.00019436040238608526,0.0006170625509231108
0.065,0.967,0.0,0.00026316671452759655,0.00012047250608714486,0.0003971374350334157
0.065,1.133,0.0,0.00016698336604406599,7.45621349336124e-05,0.00025374734151433056
0.065,0.479,0.0,0.00010741369816005703,4.889661345091008e-05,0.00016472178869340092
0.046,1.768,0.0,6.941598912054698e-05,3.175497708627444e-05,0.00010758248125761693
0.063,1.218,0.0,4.516667307405065e-05,1.9695084336176633e-05,7.051485579898198e-05
0.063,0.836,0.0,2.9466772607438606e-05,1.2187419994347352e-05,4.610764847106951e-05
0.062,2.4,0.0,1.946772230259723e-05,8.04602721350085e-06,3.081168363262133e-05
0.062,0.752,0.0,1.2940653017143692e-05,5.41195203522747e-06,2.0634059683092825e-05
0.061,1.633,0.0,8.557182912233556e-06,3.4620251071810357e-06,1.392341894346278e-05
0.062,12.348,8.613911538739558,5.699234077288986e-06,2.255374593661867e-06,9.271646684205268e-06
0.062,4.768,1.1775943033245722,0.4236545555552133,0.40803626647602315,0.44822046344635297
0.062,1.759,0.0,0.6480169366052483,0.6216813400387867,0.677312788503353
0.059,1.273,0.0,0.70492498068432,0.6727309046912263,0.7362689367439803
0.061,2.755,0.0,0.6714983510227033,0.6375797620553683,0.6998101300214361
0.059,3.381,0.0363678733683237,0.5975828279009935,0.5611310195075299,0.6288832168115982
0.059,1.445,0.0,0.5046818521050562,0.46430289073506786,0.5331558366203459
0.059,4.696,0.8332325935543152,0.4130686331765552,0.37181735947084493,0.4431943701455421
0.058,3.498,0.21999030359134508,0.36853253255740026,0.3307434385032812,0.39785023539307157
0.059,7.3,4.014622820062634,0.32329797142345024,0.28462966191679967,0.34975043794820526
0.057,3.335,0.0,0.4664732060239388,0.43959373232824384,0.4859150511093799
0.059,7.385,3.737907414508471,0.49578045034651413,0.46819088541468,0.5208986154951302
0.062,12.656,9.490349026744694,0.6493157906296658,0.6227246634305706,0.6712547095555128
0.067,4.611,1.665217646625472,1.137799442885548,1.1065089765654699,1.1598168793191115
0.391,5.912,2.5513015063802835,1.380875979664293,1.32931215449017,1.428956289063388
0.391,1.932,0.0,1.5201294386918554,1.4505519717287538,1.5741992473616733
0.403,1.176,0.0,1.4692858059095477,1.386132603126485,1.5291957404360759
0.425,8.44,5.473944528115798,1.3254293267306647,1.241595089074791,1.390602529967093
0.433,7.043,3.8320984682638395,1.4125173924556287,1.3247866890464906,1.4729446724788466
0.425,3.735,0.5532655012647081,1.521140507687402,1.4149249936713095,1.5914742323015127
0.433,12.331,9.007767045310116,1.4900723923937813,1.390605813943206,1.5694443084063336
0.47,2.814,0.0,1.7951468572475398,1.7059569331676443,1.8703275578099599
0.523,7.946,4.584438183269307,1.8155472018080807,1.7059978127323439,1.8978003508342824
0.615,12.488,9.324698189715415,1.9038617176722203,1.791870801030534,1.9975371620892408
0.71,5.336,2.702502949406906,2.2618442684700546,2.1527580860287974,2.3466897974647836
0.768,7.807,4.804914694973137,2.413007329981088,2.295570003002224,2.5281893984385166
0.88,5.658,2.7039324322645943,2.54264661070293,2.4152584426458397,2.6473342350756592
1.06,7.887,4.777600460044817,2.545102557311468,2.392615323217968,2.6788380484136303
0.979,6.583,3.351956940422542,2.593323599638941,2.42949298409675,2.720396616471082
0.91,7.603,4.655549973729505,2.579438625227207,2.4069308240841547,2.7056035193603987
1.052,10.243,6.930097081343369,2.603478540887642,2.4271766241601433,2.7319322974957467
1.476,17.27,14.012409940440943,2.7607771913056602,2.568986136687643,2.903302019018217
1.529,15.164,11.93816495162268,3.3199175722404806,3.13596233413165,3.4681433721867077
1.698,9.875,6.588214755151702,3.9615378867813695,3.7486126883217676,4.102439485976294
2.372,6.281,3.550669436177711,4.35774630119282,4.127788502939375,4.5486976935822625
2.746,8.189,5.126824593100743,4.423857478568216,4.131474751042238,4.628970260861383
2.829,5.165,2.0714321820967547,4.394348052431681,4.121362633739916,4.592210919937129
2.897,6.024,2.7929544471595555,4.1685205800250715,3.891369401955009,4.3931319072661
2.966,5.808,2.5042690084538206,3.8720758145459566,3.5560059350572266,4.0922197334668065
3.001,4.541,1.1995271371357594,3.5479763355707865,3.2401724270601244,3.7712773617510034
2.966,7.495,4.638018262757406,3.1722152811604825,2.8716854189455887,3.3928734204466293
2.796,6.225,3.506935920259857,2.9487152542367605,2.6295124166334194,3.1670274074381233
2.681,7.784,4.8472423575037595,2.781188397270058,2.510047556980646,2.994425912065005
2.697,2.444,0.0,2.7174662359908623,2.4554218795527114,2.90590906636949
2.863,4.275,0.9167165786090585,2.4799527915871895,2.2225900242254006,2.6697774861257026
2.812,0.621,0.0,2.2017608774133697,1.9632098255622927,2.39251957537977
2.763,1.062,0.0,1.873595070748305,1.6438603836968053,2.0556990299239946
2.446,0.935,0.0,1.5488975717084545,1.304950540045629,1.7211847132387796
2.102,0.659,0.0,1.2563012738856174,1.0297430381719213,1.4099638367188254
1.606,0.462,0.0,0.9970604134518665,0.8015283278913907,1.1324784606902991
1.373,0.041,0.0,0.7733384030249731,0.6034795354256146,0.893751945040254
1.013,0.437,0.0,0.593135090958974,0.446087796474149,0.695556365357121
1.013,1.233,0.0,0.44345194015931066,0.3224025340894825,0.5314454147710947
0.937,5.43,2.0710202097154626,0.3270552783967923,0.22736596925474606,0.398468943317294
0.908,5.905,2.644025425169393,0.33953164121941065,0.26524329873336183,0.395167837545679
1.021,7.956,5.046855998993352,0.44373407554372635,0.39106459041094055,0.48405777041457926
1.117,5.386,2.5000912011402754,0.7046629704398617,0.6698385647162219,0.7323183500143521
1.321,8.653,5.786545770519842,0.8989505748062506,0.8633791992974201,0.9300309437879045
1.476,6.626,3.64298099850435,1.2074634359812162,1.1569227022660489,1.2379981914701557
1.791,16.64,13.66716742688286,1.4487510098924645,1.3875675299896981,1.4978722485045957
2.084,7.627,4.91294691129561,2.130578249146205,2.060317200022742,2.188659255227711
2.6,7.147,4.409473095541323,2.573353347528825,2.472790904250156,2.656126194981531
2.691,5.601,2.6172152595651905,2.8243731018766374,2.7115796908042693,2.9201159954447653
2.769,6.323,3.0266351858271645,2.878887535934993,2.7618543706205214,2.9875357672087977
2.691,3.693,0.3901999874019553,2.8379599971045617,2.6984226465633867,2.958429267596524
2.66,3.501,0.13762039445272478,2.619911857283675,2.446557589716287,2.765277426682284
2.395,1.133,0.0,2.3047405899288136,2.1011898744901263,2.44992882665455
2.243,1.808,0.0,1.9573988676287026,1.744737180917697,2.1049801116320426
2.149,2.81,0.0,1.6202153183903463,1.4309681007227777,1.765989920949945
1.921,12.788,9.63618954342411,1.3074454619031572,1.1241004816312912,1.4453645517946159
1.745,11.942,9.042371703929565,1.5068798895736244,1.365288214682739,1.619628508631404
1.849,2.165,0.0,1.9357123444429043,1.8257777028718858,2.0291876001168863
1.933,0.946,0.0,2.0108187543641556,1.8856191168488594,2.1165182659519086
2.325,0.444,0.0,1.891934034416781,1.7262436196227045,2.006384917549965
2.243,1.662,0.0,1.6804949248702452,1.532607476223535,1.7965123364129727
1.97,2.785,0.0,1.4434281562504199,1.2935703901779558,1.5487340355442227
1.548,0.118,0.0,1.1783523947660892,1.025260364147312,1.292381430709637
1.302,0.021,0.0,0.950393143202506,0.8054407088560089,1.055288862522561
1.177,0.157,0.0,0.7509136873422931,0.6260451650519111,0.8443788905067855
0.785,0.103,0.0,0.582320615018044,0.46723892097141384,0.664775852338296
0.771,0.056,0.0,0.43958863942503623,0.3286159504998817,0.512297674355496
0.72,1.364,0.0,0.3281561332493699,0.2383165013913968,0.3894367623074501
0.677,2.707,0.0,0.2410652435829167,0.168619486743657,0.29220501324587356
0.651,2.793,0.0,0.173629038761463,0.11378921700178947,0.2151511261571535
0.634,0.359,0.0,0.12305459213830615,0.07629248748776389,0.15628234972424423
0.617,0.95,0.0,0.08547810377776147,0.04961623255709574,0.11097021351584867
0.617,2.302,0.0,0.0586040059270788,0.03221990642070878,0.07836133128517814
0.583,4.404,1.310302321841195,0.03958100164829387,0.019719305467934628,0.05396432991764067
0.566,2.577,0.0,0.09020865967278768,0.08057351656581477,0.0985003914562462
0.558,3.549,0.10405832815254445,0.10396557887558575,0.09498864550507756,0.11145530011999619
0.583,3.291,0.0,0.10462850548387106,0.09632552402838312,0.11251928734264255
0.609,0.757,0.0,0.09345707353863994,0.08432313319907364,0.10073271392840222
0.609,1.199,0.0,0.07817162368481848,0.06861771737423362,0.08525018497208635
0.643,0.543,0.0,0.06246033210143573,0.05327450078495,0.06897145387070332
0.6,0.314,0.0,0.048005435795321134,0.03986403012350897,0.05402866480266029
0.592,1.457,0.0,0.03582357662732777,0.02813191114149955,0.041062923746679074
0.523,1.611,0.0,0.026046240213933262,0.019881732433756644,0.030516469247418562
0.523,0.557,0.0,0.018571590145111682,0.013649907962712149,0.022243831481371837
0.515,1.664,0.0,0.012939666865357862,0.009116028092722597,0.01586431890727998
0.506,0.842,0.0,0.008795101116603988,0.005890333104342536,0.011037528179974956
0.498,8.425,5.290732141611406,0.0059034728432575375,0.0036657678680756733,0.007604026073274017
0.489,4.082,1.2728136306924838,0.2640000191229311,0.25563082431747997,0.2778140290289138
0.506,9.73,6.668166990998298,0.4236539724844653,0.4047635447549186,0.44103568866494786
0.558,9.633,6.674301410384298,0.7926455952099046,0.7680211025264797,0.8226879832095418
0.643,2.425,0.0,1.2433940930398437,1.2022445057421733,1.2850287059976697
0.694,1.437,0.0,1.3758718951710052,1.3121735180829632,1.4336706966899964
0.754,7.018,3.835497780564348,1.3324597403000944,1.2674353056160763,1.3854858259409222
0.703,4.611,1.5376039609545704,1.3897708287471782,1.3246793689767307,1.4444244789718137
0.643,5.789,2.831887246646898,1.3789911930907828,1.292532787624016,1.4364529563720223
0.617,5.48,2.8431227552860796,1.4031364304883707,1.3257802616101428,1.4662169399703275
0.651,1.564,0.0,1.4414830980993434,1.356970255500673,1.5071952767809191
0.651,5.957,2.9228603222999516,1.3412787917787923,1.2414991166257283,1.4153694585080603
0.651,2.396,0.0,1.325018074259457,1.2236215775864578,1.3940539352730814
0.791,1.83,0.0,1.2040362840505068,1.097932245350289,1.282606116026801
0.677,2.585,0.0,1.040720242194794,0.9245104270211268,1.1181653168890346
0.66,1.934,0.0,0.8682747767905358,0.7540615393629961,0.9468675793008429
0.651,0.455,0.0,0.7018454866721713,0.5888221237346998,0.775581683041162
0.617,1.308,0.0,0.5552569278582219,0.4517919553887626,0.6211313170125912
0.6,2.96,0.0,0.4311790907030935,0.34259271546593245,0.4897805613885482
0.583,1.656,0.0,0.3261958023006159,0.2514363777342668,0.3784364605874087
0.575,0.779,0.0,0.242839538730772,0.17903837107829346,0.2858756067881854
0.575,0.002,0.0,0.1776501169153459,0.1262440211213183,0.21464932058525935
0.566,0.0,0.0,0.12766162064842634,0.08668169848708893,0.15738781380656972
0.558,0.001,0.0,0.08994223528781858,0.058049009067410964,0.11370435541406086
0.532,0.127,0.0,0.0624669167909163,0.038130633047088115,0.08088486513802919
0.506,2.615,0.0,0.04248179823087824,0.024243263219037973,0.056447918007141044
0.498,1.574,0.0,0.028378973237025554,0.015422882170515694,0.03900547909532281
0.489,3.617,1.089191624434699,0.018690041311832536,0.009396965312555756,0.0263030109688578
0.498,5.14,2.5118279220064244,0.06549218227423492,0.06232904923039735,0.06905713168109719
0.489,3.285,0.7057983194451718,0.20302169108996582,0.1986338866593907,0.2087875672987642
0.489,0.369,0.0,0.2832275296129451,0.27262695230743084,0.29367553259910034
0.523,0.294,0.0,0.29568477659581743,0.2820531060367061,0.30880200209207836
0.515,0.318,0.0,0.2735830488633402,0.25978767665950186,0.2871430582094199
0.498,0.703,0.0,0.23578769578194983,0.21939279136813417,0.24994179775341016
0.481,6.927,4.319761097774954,0.19377969770865855,0.174522953787649,0.20749205061384227
0.472,3.246,0.7250683254958061,0.36679948441502175,0.35708732607601507,0.3736672034424878
0.455,0.011,0.0,0.45322380152643743,0.43766286734094045,0.4698831949975147
0.446,0.144,0.0,0.45662283857822195,0.43515333729021544,0.47692697281208124
0.455,0.0,0.0,0.4153996196897665,0.3887537848382344,0.4374150185222882
0.438,0.381,0.0,0.35619943107705,0.32446534460822213,0.37775053827335797
0.455,0.276,0.0,0.29329562830116496,0.26346560506663136,0.3155985364358021
0.481,0.316,0.0,0.2338359258423535,0.20234381087268105,0.2545241985355388
0.468,1.342,0.0,0.18037980364643563,0.1522858897817833,0.20011665659928377
0.468,1.582,0.0,0.1364073797648558,0.10975342106975326,0.1542253565451875
0.456,0.999,0.0,0.1010301551887113,0.07906636815340104,0.11680793511908592
0.443,0.403,0.0,0.07322443947067864,0.054944623192892166,0.08630644664343162
0.443,0.332,0.0,0.052006833201619494,0.036987315790542014,0.0629565961294218
0.43,0.143,0.0,0.036306763500834095,0.02494877982186588,0.04479502019190932
0.43,0.163,0.0,0.02470373483768092,0.015375583686847159,0.03162710178197879
0.417,0.035,0.0,0.01658058730216826,0.009720686156119289,0.02184092299934463
0.403,0.0,0.0,0.010923111205648766,0.006125715540458248,0.014766605733394136
0.389,0.063,0.0,0.007078890599895282,0.0037232971330656765,0.009823594432453769
0.375,0.221,0.0,0.0045365310937640615,0.0022219639917723895,0.006476577082373171
0.36,0.0,0.0,0.002835408915851401,0.0012975251165718278,0.004217262626729633
0.345,0.223,0.0,0.0017688142903158383,0.0007622927522630253,0.00268906892933349
0.33,0.076,0.0,0.001091757603958607,0.00046538189041088815,0.0016969933563131781
0.345,0.056,0.0,0.0006746179158249535,0.0002789569348695563,0.0010711637290029025
0.33,0.092,0.0,0.00041624142315634837,0.0001697660612627944,0.0006692827013445312
0.33,0.034,0.0,0.000258356401273158,0.00010199785061558515,0.00042513420064269774
0.314,0.015,0.0,0.00016204888716669073,6.564400792505376e-05,0.00026693512806069626
0.314,0.007,0.0,0.00010296442316345694,4.004537244307503e-05,0.00017042922945118623
0.282,0.022,0.0,6.600405889455603e-05,2.5696130126098786e-05,0.00010810230491696721
0.266,0.015,0.0,4.2822427258403276e-05,1.667536519884393e-05,7.107515915550023e-05
0.249,0.167,0.0,2.8054461761233775e-05,1.0647529117610456e-05,4.613351210522369e-05
0.249,0.523,0.0,1.848215901611983e-05,6.997894461125434e-06,3.102959320624323e-05
0.231,0.073,0.0,1.2204806412183647e-05,4.4470133369119225e-06,2.0484709059195848e-05
0.231,0.182,0.0,8.12882048535479e-06,2.9416964548758704e-06,1.3889614922359355e-05
0.214,0.078,0.0,5.4099818481833285e-06,1.8445175527251053e-06,9.29910483275913e-06
0.196,0.0,0.0,3.61507777602789e-06,1.2257142543564251e-06,6.230123521678896e-06
0.196,0.001,0.0,2.4245533107380946e-06,8.019448036421897e-07,4.2925986343311095e-06
0.178,0.028,0.0,1.6262812522140986e-06,4.763000019778208e-07,2.8768965508367346e-06
0.178,0.118,0.0,1.087778031722185e-06,3.2951994927519166e-07,1.954895459115938e-06
0.166,0.107,0.0,7.350941550568989e-07,2.193574127455554e-07,1.3364971338374008e-06
0.159,0.076,0.0,4.959693260139513e-07,1.4183474391135093e-07,9.140733809708388e-07
0.159,0.005,0.0,3.331269031310197e-07,9.30933779443158e-08,6.111722670160612e-07
0.153,0.0,0.0,2.2529115557747258e-07,5.699320307612034e-08,4.224692947150856e-07
0.153,0.091,0.0,1.5202277805185607e-07,3.978138779355322e-08,2.9222513141047575e-07
0.153,0.094,0.0,1.0295246353205621e-07,2.7293699446732498e-08,1.9908667975613674e-07
0.147,0.199,0.0,6.956042022320755e-08,1.780056243250256e-08,1.3437281756667413e-07
0.141,0.275,0.0,4.718137170770565e-08,1.1343820815370584e-08,9.341339729666613e-08
0.141,0.026,0.0,3.199445860264072e-08,7.253865532198237e-09,6.338408442420484e-08
0.136,0.228,0.0,2.1635430859217287e-08,3.967334809394614e-09,4.418603469110569e-08
0.141,0.137,0.0,1.4825272214090416e-08,2.7603290735674984e-09,3.061530124556784e-08
0.136,0.118,0.0,1.003819554632854e-08,1.1875509670183198e-09,2.0974713464461572e-08
0.131,0.181,0.0,6.844835073054939e-09,3.185159049462517e-10,1.4347832873410612e-08
0.131,0.141,0.0,4.71489209366178e-09,0.0,1.0060885048004498e-08
0.126,0.107,0.0,3.203704150491492e-09,0.0,6.992452960096497e-09
0.126,0.081,0.0,2.241203683092507e-09,0.0,5.054574050955634e-09
0.126,0.062,0.0,1.5310629813354073e-09,0.0,3.734916051456847e-09
0.092,0.081,0.0,1.1127624274814382e-09,0.0,2.9241320431469262e-09
0.122,0.008,0.0,7.667747616850871e-10,0.0,2.334221378322291e-09
0.122,0.095,0.0,5.968861361001284e-10,0.0,1.9083063017301538e-09
0.118,0.02,0.0,4.0533342118982406e-10,0.0,1.4817887826083443e-09
0.115,0.007,0.0,3.348363925432309e-10,0.0,1.190969887987219e-09
0.115,0.79,0.0,2.196620466761339e-10,0.0,8.413689942795333e-10
0.112,0.645,0.0,1.8743496485853168e-10,0.0,6.827888847928887e-10
0.109,0.069,0.0,1.1961537448307064e-10,0.0,4.815759340547253e-10
0.109,0.319,0.0,1.0103374553173308e-10,0.0,3.7998561316336974e-10
0.109,0.003,0.0,6.34763256095141e-11,0.0,2.618018828446304e-10
0.106,0.0,0.0,5.2546311059030735e-11,0.0,2.0575187564287706e-10
0.106,0.363,0.0,3.262223417660965e-11,0.0,1.3593804000007665e-10
0.106,0.075,0.0,2.683677589581782e-11,0.0,1.066784715325848e-10
0.106,1.481,0.0,1.6665557691655392e-11,0.0,7.025739645930632e-11
0.109,1.516,0.0,1.3655512675366825e-11,0.0,5.525980857152034e-11
0.104,1.039,0.0,8.472360010616094e-12,0.0,3.631140895335558e-11
0.104,0.371,0.0,6.95007239319407e-12,0.0,2.863796557641624e-11
0.104,0.054,0.0,4.3081706828048455e-12,0.0,1.8766969573322872e-11
0.186,0.001,0.0,3.53812231322355e-12,0.0,1.4841402704259126e-11
0.203,0.707,0.0,2.1912079210666123e-12,0.0,9.69940736291693e-12
0.2,0.047,0.0,1.8015948130622366e-12,0.0,7.691441406550112e-12
0.103,0.064,0.0,1.1147429775420113e-12,0.0,5.0129832059202025e-12
0.103,0.499,0.0,9.175732905860533e-13,0.0,3.986029628752074e-12
0.103,0.012,0.0,5.713778809939861e-13,0.0,2.6114132236484147e-12
0.101,0.018,0.0,4.668521857536205e-13,0.0,2.0657288226929477e-12
0.101,0.001,0.0,2.8911681906092854e-13,0.0,1.339054802490167e-12
0.101,0.001,0.0,2.37884672567131e-13,0.0,1.0705478800754067e-12
0.079,0.0,0.0,1.4717919496506327e-13,0.0,6.92069010824106e-13
0.1,0.337,0.0,1.2124079422902047e-13,0.0,5.548031043395815e-13
0.1,0.018,0.0,7.493995972374626e-14,0.0,3.5768477540184476e-13
0.1,0.0,0.0,6.180519926129603e-14,0.0,2.8752238953430697e-13
0.1,0.107,0.0,3.8165672251729926e-14,0.0,1.8486364321562665e-13
0.1,0.0,0.0,3.151329928260419e-14,0.0,1.4900623994048486e-13
0.1,0.0,0.0,1.944121044568071e-14,0.0,9.554381111930001e-14
0.1,0.09,0.0,1.6071413739826027e-14,0.0,7.722132379863473e-14
0.1,0.0,0.0,9.905197432426508e-15,0.0,4.938028751701274e-14
0.101,0.125,0.0,8.197933182445622e-15,0.0,4.001934987218411e-14
0.101,0.01,0.0,5.04767027510812e-15,0.0,2.5521410224584872e-14
0.101,0.064,0.0,4.182572833828285e-15,0.0,2.0739716511416997e-14
0.103,0.022,0.0,2.57279636017527e-15,0.0,1.3190331878025997e-14
0.103,0.389,0.0,2.1343727925016423e-15,0.0,1.0748196618765262e-14
0.103,0.983,0.0,1.3116110143259567e-15,0.0,6.817211655489023e-15
0.104,0.0,0.0,1.089390203428704e-15,0.0,5.5701692206855175e-15
0.104,0.008,0.0,6.68788117179637e-16,0.0,3.523366601963956e-15
0.089,0.014,0.0,5.561371397323013e-16,0.0,2.886696833721867e-15
0.087,0.014,0.0,3.4107867088932033e-16,0.0,1.8209955701998838e-15
0.087,0.016,0.0,2.839647380955405e-16,0.0,1.4960081605812802e-15
0.087,0.002,0.0,1.7398098818918847e-16,0.0,9.41152382088118e-16
0.055,0.477,0.0,1.4502065635841455e-16,0.0,7.75294582520816e-16
0.054,0.484,0.0,8.876238528311721e-17,0.0,4.864195288552634e-16
0.054,0.511,0.0,7.407593295012322e-17,0.0,4.0179038158654586e-16
0.085,0.223,0.0,4.529338959009971e-17,0.0,2.513981400040646e-16
0.085,0.045,0.0,3.7844702532692405e-17,0.0,2.082247372519522e-16
0.083,0.218,0.0,2.3116290357710512e-17,0.0,1.2993110086922953e-16
0.083,0.695,0.0,1.9338049751516608e-17,0.0,1.0791084901831194e-16
0.081,0.134,0.0,1.1799883357930805e-17,0.0,6.715280785996901e-17
0.081,0.006,0.0,9.8832273879257e-18,0.0,5.592395740168228e-17
0.076,0.01,0.0,6.024380060832887e-18,0.0,3.470685292723889e-17
0.076,0.124,0.0,5.051988824700849e-18,0.0,2.898215554757279e-17
0.072,0.103,0.0,3.0762450456401935e-18,0.0,1.7937680937749585e-17
0.072,0.432,0.0,2.5828691982140487e-18,0.0,1.5019776482645526e-17
0.074,1.399,0.0,1.5710943722374163e-18,0.0,9.270803044591178e-18
0.076,0.182,0.0,1.3207416032942148e-18,0.0,7.783882231335045e-18
0.076,0.474,0.0,8.025189297573847e-19,0.0,4.7914660477271016e-18
0.076,1.307,0.0,6.754725539939328e-19,0.0,4.033936367984578e-18
0.074,0.416,0.0,4.0999529345500264e-19,0.0,2.4763924766713084e-18
0.074,2.396,0.0,3.455182301369908e-19,0.0,2.0905561180927038e-18
0.074,5.436,3.4340850598173853,2.0949417813793433e-19,0.0,1.2798837859485188e-18
0.072,1.402,0.0,0.1688957102064552,0.16266824031784882,0.1786902388037941
0.072,0.027,0.0,0.22968502290657905,0.217647604230636,0.24053912385908313
0.072,0.0,0.0,0.23681422695941517,0.22625467039962757,0.24853161427293058
0.074,0.426,0.0,0.21671956501794584,0.203105570258399,0.22716407474974648
0.074,1.776,0.0,0.18582896592164022,0.17316501643456395,0.19732902466477376
0.074,0.863,0.0,0.15160601711600988,0.1371743450745275,0.16179963394485783
0.121,2.996,0.0,0.11956312165661706,0.10451004171953225,0.129955075542736
0.072,0.783,0.0,0.0915377050798848,0.07734162449367353,0.10108345273467363
0.071,0.707,0.0,0.06826552083541526,0.05504934081377937,0.07702267657176974
0.072,0.313,0.0,0.04976148609892734,0.03856456839324882,0.05763031376628177
0.071,0.405,0.0,0.0354855817590453,0.026197354325386172,0.041984464401161534
0.071,0.495,0.0,0.024809325363324107,0.01732033589169805,0.03005996576942896
0.071,1.076,0.0,0.017020073239301367,0.01146011618237681,0.021227646128923396
0.069,3.024,0.0,0.011424266834333393,0.0072498844729001685,0.01465173063809244
0.069,3.859,1.0573020582695078,0.007549488074652891,0.004409225074855559,0.009963695061125962
0.069,3.96,1.3785245314249495,0.05690030813585307,0.05600245762258752,0.057997681537230304
0.071,1.055,0.0,0.1400549999218086,0.1360917121905243,0.14526027200537936
0.069,0.026,0.0,0.16494143173937842,0.1577606001678206,0.17193088750690386
0.069,0.033,0.0,0.15989854436468678,0.15281865652901136,0.16747560074999585
0.067,0.009,0.0,0.14144869969178803,0.13300941423798582,0.14982108504108008
0.067,0.094,0.0,0.11760039645067878,0.10753097563307389,0.12517708532856217
0.067,0.137,0.0,0.09386359641593497,0.08348356255247455,0.10146148104885812
0.066,0.042,0.0,0.0723903171613303,0.06214567398939923,0.07979621817776773
0.066,0.08,0.0,0.05436273348599806,0.044761761860903276,0.06086276423035391
0.064,0.089,0.0,0.039752195681031846,0.03167037197163103,0.04542889186537784
0.064,0.012,0.0,0.028460130757756944,0.021543761737531086,0.033430557086227664
0.063,0.077,0.0,0.019885315574532225,0.014308080425049554,0.024019564020554666
0.063,0.439,0.0,0.013643158327193683,0.009214059486630113,0.0169948562215401
0.061,0.441,0.0,0.009321518341314209,0.005739261367614632,0.01169740772615159
0.061,0.416,0.0,0.006067094366807337,0.003616531414664232,0.007975309795954287
0.061,0.356,0.0,0.003952234286512534,0.0022102688241539058,0.005329834123241868
0.044,1.971,0.0,0.0025384471977872554,0.001333668954809901,0.0035087524512659105
0.06,1.538,0.0,0.001612716075838358,0.000802792141302953,0.0023114997168598617
0.06,3.894,0.7259563237812432,0.0010198845418824256,0.0004943399189132681,0.0014888544653272012
0.06,0.509,0.0,0.03634163519211756,0.0353088674759302,0.03809860734108718
0.076,2.169,0.0,0.04690665702728978,0.045043935069396454,0.048669479367992596
0.058,0.912,0.0,0.04627237216317403,0.04395681467152345,0.04842273261667135
0.057,2.004,0.0,0.04058317954591243,0.03822575740192785,0.043166060448189124
0.057,0.332,0.0,0.03312444737838461,0.030140974698854635,0.03554397349624804
0.056,0.181,0.0,0.025899378689971067,0.022646832383773664,0.028258077338886592
0.056,1.253,0.0,0.019581031794008743,0.01621791795689656,0.021615846285701526
0.056,1.342,0.0,0.01419996765743338,0.011380753801044438,0.01613672388706192
0.075,0.319,0.0,0.01009956432820753,0.007738361553292676,0.011724643340468043
0.054,0.746,0.0,0.007013055445947362,0.005099078777297865,0.008365398586674963
0.054,2.343,0.0,0.004782995774324547,0.003260126209908804,0.005830343041556586
0.053,2.638,0.0,0.003205748876436198,0.0020716471024367616,0.0040367267258422665
0.053,1.153,0.0,0.0020975483526216696,0.0012849948874930827,0.0027093413525470927
0.053,1.624,0.0,0.0013652357267206234,0.0007874957167420273,0.0018092253270233667
0.066,0.64,0.0,0.0008798533197502614,0.00048674485556855627,0.0011977412629362006
0.052,0.538,0.0,0.0005609048755049147,0.00029763945616676635,0.0007777225186108279
0.052,2.175,0.0,0.00035901933257184265,0.0001822863201492974,0.0005053993882203131
0.052,0.913,0.0,0.00022930149459948407,0.00011683062147886383,0.0003312129513842969
0.051,0.518,0.0,0.00014687032070857367,7.292442538021563e-05,0.0002144123150610791
0.051,0.424,0.0,9.508278894347313e-05,4.640905433223585e-05,0.00013929534352865312
0.051,0.166,0.0,6.148098047402349e-05,2.962175730796459e-05,9.1548497078497e-05
0.049,1.541,0.0,4.024562583185627e-05,1.8568689411560994e-05,6.001849279255935e-05
0.049,0.846,0.0,2.6357466685455714e-05,1.2079961002337794e-05,3.989155843881532e-05
0.048,1.273,0.0,1.736265975729039e-05,7.583579701485546e-06,2.668520463167718e-05
0.048,1.425,0.0,1.1545638715529806e-05,4.9807457577707825e-06,1.7917803585243105e-05
0.047,0.887,0.0,7.661743874004873e-06,3.36168426242886e-06,1.1928740320574265e-05
0.046,0.644,0.0,5.109818409349013e-06,2.0793602276764416e-06,8.049480365104882e-06
0.046,0.069,0.0,3.4052293425090972e-06,1.4119906058104417e-06,5.443595698328887e-06
0.045,0.04,0.0,2.282078202920163e-06,8.988037348535022e-07,3.6830614057676626e-06
0.045,0.292,0.0,1.534425315689168e-06,5.779212882943877e-07,2.5271309862243154e-06
0.044,0.388,0.0,1.0280781757315e-06,3.8305880286348067e-07,1.6960725441246128e-06
0.044,0.001,0.0,6.912537385335988e-07,2.463729118156297e-07,1.1768680033774089e-06
0.043,0.34,0.0,4.651924459537645e-07,1.57503470577575e-07,7.929135916553796e-07
0.043,0.84,0.0,3.145799886033194e-07,1.1140547147204498e-07,5.390447724840733e-07
0.042,2.995,0.0,2.1077602466620027e-07,6.856382640586866e-08,3.6747252331699656e-07
0.041,1.465,0.0,1.4375343774519682e-07,4.368019626648768e-08,2.5736834897407965e-07
0.041,3.195,0.0,9.657366498137874e-08,2.8371225037375526e-08,1.7337107874725293e-07
0.041,1.21,0.0,6.544520323071295e-08,2.0054088796936153e-08,1.1807170746774911e-07
0.04,2.951,0.0,4.449586406980708e-08,1.2297249059674319e-08,8.011766185252604e-08
0.04,13.9,10.1932047091726,2.994178073464424e-08,7.782661761532787e-09,5.6628254629494006e-08
0.04,8.726,5.547221564055823,0.5013238135952013,0.482839175923814,0.530396356925229
0.039,1.66,0.0,0.9722756512654305,0.9334573790807699,1.020148297091423
0.07,2.143,0.0,1.1351251835888096,1.0812121243238566,1.1748101235750577
0.07,0.055,0.0,1.12676728901989,1.072851716872462,1.1771778225062732
0.072,0.052,0.0,1.0243780121892445,0.9668666137348968,1.073275801031191
0.07,0.475,0.0,0.887046319232389,0.8247100684968778,0.9353984112205824
0.07,2.426,0.0,0.7390205144116511,0.6651912865781787,0.7922745136400047
0.072,1.79,0.0,0.5960058246498448,0.5245210701679417,0.6449912644494845
0.07,1.543,0.0,0.4696197500252988,0.3967798860486342,0.516206187695301
0.07,1.098,0.0,0.3621308668719035,0.30000559145924016,0.4041926117587027
0.069,1.665,0.0,0.27390239260971894,0.21908094445316292,0.31329303351711163
0.069,1.607,0.0,0.2031773869439607,0.1515193107367615,0.23731787242268018
0.067,2.59,0.0,0.14805407742829044,0.10749637114868382,0.1766550299979375
0.066,2.118,0.0,0.10572180457379357,0.07331450714042928,0.12894103186829678
0.065,1.619,0.0,0.07430660849558947,0.04872019251763203,0.09297567707961793
0.063,1.303,0.0,0.05126784604588933,0.031024220580895726,0.0657668817857012
0.062,1.2,0.0,0.03458574948562829,0.019061705679054488,0.04574862832613062
0.062,0.22,0.0,0.02303121296718873,0.012097074124850631,0.031155715628835973
0.059,1.6,0.0,0.01504539370268539,0.007290764446974745,0.021098504943338786
0.059,0.844,0.0,0.009645220006562476,0.00430039262701656,0.014001918541546981
0.059,3.355,0.0,0.0060840485153832394,0.002613125623286381,0.009056814153549864
0.053,1.064,0.0,0.003777911840614549,0.0015111789177015677,0.005826169906063575
0.061,0.178,0.0,0.0023096579732060684,0.0008644323912764758,0.0036860453385676012
0.061,1.122,0.0,0.0014042986208949802,0.0005087341540344559,0.0022960339338710186
0.059,2.496,0.0,0.0008472414940457291,0.0003121802777453398,0.0014091978440328543
0.058,1.645,0.0,0.0005108500519564083,0.00017561778417381948,0.0008684304722620554
0.059,1.679,0.0,0.0003105365572204778,0.00010946236888938986,0.0005291961408406947
0.058,0.716,0.0,0.00019157667640162714,6.914242885704734e-05,0.0003285328242123553
0.058,1.759,0.0,0.00011908717230028035,4.2472307269659595e-05,0.0002057451905025549
0.058,1.561,0.0,7.545448708019217e-05,2.7157349663175876e-05,0.00012924096005404974
0.039,1.578,0.0,4.853333013503963e-05,1.7248640576567506e-05,8.422548811150543e-05
0.055,1.041,0.0,3.1636396614989196e-05,1.092452520671799e-05,5.4968034458836696e-05
0.057,5.083,1.3526308732668846,2.0700786626704335e-05,7.299460492526608e-06,3.580030593107057e-05
0.057,6.674,4.069005178577957,0.06653903257541688,0.0640970015598307,0.07038790818653869
0.056,1.187,0.0,0.2883536927525577,0.2788056863053166,0.30285155189432
0.055,9.366,5.392435957291212,0.36875624517129574,0.3526283157752122,0.3850408152883435
0.053,4.765,1.0670068832743476,0.6379444001716051,0.6166049787841968,0.6587175545637242
0.056,12.19,8.509970631958806,0.772493494246341,0.7408228338068131,0.7980399936416662
0.057,10.387,7.063504475105109,1.193149930144411,1.1555364761990332,1.2262401195284593
0.058,11.566,8.13281373389173,1.6623098486237775,1.5969245632403688,1.7106927234777178
0.075,2.402,0.0,2.17951909408086,2.0778050404807176,2.2551180841530183
0.113,4.591,1.244559277499949,2.280612633487579,2.172006119856517,2.3659143095203783
0.147,1.966,0.0,2.2265041528442664,2.125714252112086,2.313968063044811
0.113,1.995,0.0,2.018223022156083,1.890786595239537,2.121739581149146
0.089,0.988,0.0,1.751885225295593,1.6166487459446148,1.851683022912017
0.089,1.209,0.0,1.4663784607164772,1.313178817934591,1.5705751860564114
0.079,1.614,0.0,1.1990048843021992,1.043899342936121,1.3048299537517578
0.075,0.858,0.0,0.9547544145892393,0.8210072867028914,1.0491614385947061
0.07,1.522,0.0,0.7470144998403874,0.6201140493751084,0.8366142220238614
0.066,1.167,0.0,0.5700647038225145,0.45765608938423186,0.6531602367131714
0.065,4.124,0.4346309207151897,0.4309855396266332,0.3274351069719591,0.5007860634778051
0.065,4.565,0.9505670636375227,0.3408001270261675,0.25755825455560094,0.40041646742532244
0.063,5.869,2.2669451639674816,0.30961817562873295,0.24518938080308733,0.3586667491612628
0.063,7.165,4.111954917866247,0.3761049997079022,0.32770740618583377,0.4114002946796236
0.062,2.309,0.0,0.5773334641069059,0.5454478287418095,0.6027113320466037
0.063,4.361,0.8545815915385004,0.6266969697356021,0.5869408314267495,0.6579329400879383
0.067,4.438,1.1082070391065777,0.639840403027653,0.6005521675324481,0.6714604243976188
0.067,2.659,0.0,0.6427554188533741,0.6021848918243954,0.6756248965341954
0.075,0.261,0.0,0.5889338919264191,0.5429031081755776,0.6228936811190485
0.078,0.18,0.0,0.5092668501090293,0.4619041458242469,0.5448979081871903
0.089,0.791,0.0,0.42060367396482207,0.371171645763782,0.45351154517333886
0.395,1.088,0.0,0.33737190400408773,0.29022580966969036,0.3713043406098461
0.378,2.797,0.0,0.26313372988520767,0.21816582557613673,0.2946185051330197
0.355,4.379,1.0465333021833216,0.20079394770295214,0.16157384422142052,0.22761616379322688
0.355,10.87,7.4991665004102845,0.2012666281622643,0.1710018638969556,0.2236214679713886
0.355,4.242,1.2096806844735526,0.5498269557959343,0.538329791936574,0.5581309042913182
0.371,4.45,1.2833559009669888,0.7360978352053046,0.7127310741042989,0.7593425686166312
0.391,6.902,3.76925069521744,0.8301379879852224,0.7962261910126912,0.8639827425563742
0.407,2.228,0.0,0.9939119326924308,0.9536589388519129,1.0278733180455462
0.451,0.48,0.0,0.9923475160026732,0.9321534110066948,1.036718891264013
0.523,4.184,1.4698402398340265,0.9118006721419406,0.8530063905417113,0.9559106751284001
0.499,1.736,0.0,0.8618975378761342,0.8011975598624382,0.9065575520784175
0.474,1.23,0.0,0.7616950192559947,0.6947846009586409,0.8071056746506052
0.465,4.124,0.6417395343995733,0.643928120658121,0.5799658579613965,0.6906302386977055
0.465,6.094,2.8977388502705046,0.5583347084368644,0.4968037611617087,0.6027214763264117
0.465,1.032,0.0,0.605575953230302,0.5538021058187304,0.6447763077007649
0.513,0.012,0.0,0.5764515644228275,0.5242697865818362,0.6125751864825888
0.494,2.034,0.0,0.5098104093508323,0.4602351282566557,0.5485681548487475
0.451,1.32,0.0,0.42944681652828576,0.3763424689485434,0.4661291111249097
0.412,3.284,0.0,0.3489612624083612,0.29983831539373895,0.38310174949043874
0.403,1.908,0.0,0.27540378175385943,0.2314273373123505,0.3085166147555794
0.391,0.122,0.0,0.21191006430808643,0.1720545548183292,0.24050139208547197
0.374,1.001,0.0,0.1596884396387664,0.12443679997930418,0.18426482258266752
0.378,1.746,0.0,0.11741756599572133,0.0882013983491312,0.13922711416764977
0.374,0.907,0.0,0.0847805816705144,0.05947362512814134,0.10279275124422298
0.367,2.923,0.0,0.06022827141719105,0.04088802306254764,0.07416147936164945
0.355,6.675,3.2972804340225044,0.041784555279291195,0.02656057419776739,0.05287313850048347
0.351,6.964,3.7091447085126656,0.19068701151378908,0.18767105754049843,0.19361614216010326
0.359,5.241,1.9018357437884945,0.4250708648972437,0.4133792496102516,0.43784854830544834
0.382,0.766,0.0,0.5946425504059308,0.5692162003477858,0.6150960372585853
0.442,3.998,0.3302242843882781,0.629714653516437,0.5976662666435811,0.6564511813215457
0.451,1.466,0.0,0.6074023788450802,0.5778517459641827,0.6346273011301233
0.433,10.799,7.428802310390179,0.5421159467161042,0.5063814505797922,0.5718785073118773
0.412,9.632,6.161506835003159,0.8252436384324044,0.7987313601201927,0.8470645039062269
0.425,7.604,4.350982224171693,1.2030364683600947,1.149363438018769,1.2340477483118955
0.499,8.452,5.5343189507947415,1.5171792395041535,1.454759351117811,1.5685370730712533
0.581,19.084,16.01431041452313,1.8327128738053793,1.7645725948980526,1.8860982095382883
0.837,15.065,12.035012326701237,2.6426730417060735,2.569827644620505,2.7126912518293786
1.137,9.955,6.794058474672688,3.4675782651393954,3.341246384917842,3.559276712388902
2.241,8.452,5.270953897094584,3.9943922388343474,3.851043957178674,4.1139863823145255
2.57,3.852,1.040143056834974,4.2419969664483235,4.069438049307595,4.392460549853649
2.779,7.35,4.007509235766442,4.137206102902188,3.8478105710265638,4.328462743050037
2.73,6.05,3.184847676607696,3.9539526407211962,3.6859097793098927,4.132102796689441
2.665,3.907,0.8884391897019563,3.7347061791568326,3.470822945290203,3.9365108267835223
2.601,7.455,4.427529216282158,3.3741948873608036,3.074100909687155,3.6022046160638896
2.386,16.018,13.224451095149183,3.1428067419229304,2.841126293589603,3.3577372980492752
2.102,4.777,1.8953529354992456,3.431246038822212,3.170882388893163,3.6128071496908944
2.617,8.438,5.399296677256801,3.4329118757602206,3.1871781033651714,3.6183812299776483
2.914,3.546,0.6562691451709051,3.439311760240383,3.1682452839279205,3.6395388120624412
2.863,2.441,0.0,3.22084839395204,2.9382078575412236,3.433333070417853
2.431,1.682,0.0,2.858517868919988,2.5621655208459724,3.054733800831693
1.93,1.988,0.0,2.446306621165794,2.1592076011523473,2.641795720696354
1.584,1.164,0.0,2.0353877104419023,1.774097609322032,2.228958546341411
1.483,1.218,0.0,1.6510429146568182,1.3972859815640644,1.832585901874704
1.036,4.515,1.1927078816575682,1.3163129544943166,1.0870279500221025,1.4770404166987567
1.003,2.336,0.0,1.0869502807651084,0.8871328802564661,1.228575674013305
1.011,4.228,1.0218256045547003,0.8742182217035566,0.7018434586468122,0.9975125971773052
1.094,0.929,0.0,0.7396394971419322,0.5942800712695788,0.8469828035546196
0.956,0.465,0.0,0.604056346375873,0.4829249553967865,0.6954757777875489
0.932,0.073,0.0,0.48083009487770584,0.37804055703453526,0.5592231419730267
0.858,1.98,0.0,0.3739133467574222,0.28795412223974515,0.44008599281728983
0.729,7.013,3.4919688925990275,0.28409827448370173,0.20976184248653804,0.3387035797635044
0.626,4.26,1.095000088789606,0.3837385032616846,0.33319128315194546,0.4231290973285107
0.632,2.353,0.0,0.45168321549686197,0.41087143185275043,0.4832580413544659
0.638,7.073,4.153908383186138,0.44520014694303855,0.40735014617523135,0.47446922743238507
0.626,4.578,1.4157507356048131,0.6047164201801518,0.5755339856712233,0.6281042862596945
0.692,3.842,0.6271193593419429,0.701765644755498,0.6693633579376752,0.7317610078705509
0.917,1.311,0.0,0.7221346341820716,0.6893953892863104,0.7552112847799161
0.979,0.526,0.0,0.6681645207222213,0.6227299679482918,0.704700940762807
0.873,0.0,0.0,0.581859605024423,0.5297773884871068,0.616815420546823
0.816,0.158,0.0,0.48592478442939957,0.43752033806801927,0.5221716938178307
0.717,0.773,0.0,0.3921504662864503,0.34190294410198807,0.4282612330214809
0.615,0.099,0.0,0.3074653280777643,0.2604619575042509,0.3426898173378418
0.587,3.565,0.24374553602799853,0.2360930627906993,0.19265474345797573,0.2661945445246316
0.57,3.98,0.9428396054633179,0.18922366033082194,0.1510609825197455,0.21617994268360094
0.56,5.389,2.3042577308563876,0.19390119700054803,0.16500475367589365,0.21506815462150827
0.56,4.237,1.3441167627992185,0.2897493104922922,0.270739426206746,0.303986385229147
0.57,2.268,0.0,0.37530921349055324,0.35873650841643256,0.3893660894422347
0.632,0.628,0.0,0.38273563721008386,0.3586129294995338,0.40264141464838404
0.626,0.866,0.0,0.3516215672851695,0.3250304951319828,0.37127368576528613
0.638,1.821,0.0,0.3021790199173923,0.2740615159281782,0.3219990752277354
0.603,3.101,0.0,0.24867966301354522,0.22130056610201748,0.2690323387624976
0.565,3.899,0.8673580283851536,0.19732896187743093,0.17030100543986437,0.21678554693606486
0.565,17.079,14.11073073559414,0.1951134381694678,0.17077559252222893,0.21183437628531818
0.62,3.663,0.8815226527908142,0.8682183391108071,0.8521491321336636,0.8913846902922413
0.789,5.822,2.890219000239025,1.1813912372866517,1.1289752100836699,1.227951768060152
1.011,2.768,0.0,1.3884708170065287,1.3288883802497837,1.4329257518973055
1.011,3.243,0.5312737202740845,1.3857916475629932,1.3306545243292824,1.4395273800347677
0.844,3.174,0.28791954222757576,1.295367239431824,1.2274137208527174,1.3510006784147526
0.83,3.761,0.638203711465406,1.1557557812374184,1.0804999474655963,1.2189332168514382
0.768,0.553,0.0,1.016707655112076,0.932983328415956,1.0841110299757177
0.782,1.372,0.0,0.8583318879381409,0.7605445574438171,0.9242041952421854
0.768,0.976,0.0,0.7019458346272671,0.6133429670540949,0.7670587894904907
0.749,1.13,0.0,0.5592140117715771,0.4783713961574948,0.6176089376188512
0.755,0.22,0.0,0.4351113408122226,0.362247760509175,0.4874489659007169
0.643,0.518,0.0,0.33143693971533517,0.2632361457073693,0.37959258357550507
0.62,3.304,0.22030713428631676,0.24896976322832404,0.19345849888600622,0.2897394324704462
0.603,1.768,0.0,0.19322388764250265,0.14680991809029487,0.2281850707025482
0.581,2.22,0.0,0.1472304247447897,0.11076951506882438,0.1753115005868037
0.57,2.381,0.0,0.10916755660658573,0.0776858536980558,0.13246705416311755
0.565,0.514,0.0,0.07957037173015687,0.055556770803267624,0.09821420706956484
0.57,0.192,0.0,0.056795024947888906,0.03795683963482179,0.07127554131569619
0.576,0.002,0.0,0.03965169563680562,0.026081161643091825,0.05092822913662832
0.57,0.032,0.0,0.027291076716233806,0.016451145422245836,0.03589641911388424
0.544,0.01,0.0,0.01833028034805134,0.010386232673926443,0.02478433832780883
0.523,0.388,0.0,0.012120709023918645,0.00647398807438759,0.01672626635084017
0.513,0.527,0.0,0.007885048499000562,0.00391758493849938,0.011209829426079284
0.503,0.13,0.0,0.0050506479860235026,0.002417750324941541,0.007362001147031884
0.489,1.525,0.0,0.0031808910004074045,0.0014376292258589131,0.004776543134446436
0.484,0.308,0.0,0.0019795591253998317,0.00085933132420699,0.0030518332837934587
0.484,0.0,0.0,0.0012253544449832804,0.0005104547691979512,0.0019346215380596282
0.479,0.001,0.0,0.0007545639087963143,0.0003151399798568268,0.0012087161181123353
0.465,0.0,0.0,0.00046454497034914967,0.00018490811999613882,0.0007572057654750429
0.451,0.11,0.0,0.000287696465482993,0.00011235865460050531,0.0004720888971274912
0.451,0.089,0.0,0.00017968831984769938,7.208762143747359e-05,0.0002946619937693799
0.446,0.0,0.0,0.0001136248248322779,4.615779034923314e-05,0.00018673844727413837
0.439,0.001,0.0,7.299689320029039e-05,2.926819735549661e-05,0.00011993540109722126
0.437,0.0,0.0,4.698990622459154e-05,1.8231798048785694e-05,7.753377091884163e-05
0.434,0.0,0.0,3.0821777189399055e-05,1.2001310927916627e-05,5.098251780881026e-05
0.433,0.0,0.0,2.0187459965007765e-05,7.681454677147073e-06,3.356312248939579e-05
0.431,0.317,0.0,1.340994096842035e-05,4.944590818297184e-06,2.2647911405698218e-05
0.431,0.578,0.0,8.932022522622302e-06,3.2510491627103427e-06,1.509847037139188e-05
0.427,0.0,0.0,5.898874637373465e-06,1.9035966161220364e-06,1.0166823812536809e-05
0.401,0.033,0.0,3.944354023644288e-06,1.2916747758659958e-06,6.8736790974898915e-06
0.388,0.006,0.0,2.6557325443363256e-06,8.998879200352014e-07,4.659926809725102e-06
0.376,0.059,0.0,1.7765102736966134e-06,5.663266842351382e-07,3.1192835899141607e-06
0.364,0.0,0.0,1.1894987874212934e-06,3.7790439418774567e-07,2.134061726746186e-06
0.352,0.214,0.0,8.012138336735703e-07,2.3895195824256166e-07,1.4497038281388668e-06
0.335,0.075,0.0,5.405458411571571e-07,1.5826835329335237e-07,9.942166263898705e-07
0.319,0.06,0.0,3.637450242248954e-07,1.0784002283819799e-07,6.767828394846497e-07
0.299,0.734,0.0,2.456639309490783e-07,7.065485218351419e-08,4.582263672020694e-07
0.294,0.842,0.0,1.6623909320701234e-07,4.394928873387608e-08,3.140219631198208e-07
0.266,0.301,0.0,1.1208101585348775e-07,2.8373599602925557e-08,2.1240040684190775e-07
0.275,0.387,0.0,7.597289984709075e-08,1.7449466333256314e-08,1.468059403309679e-07
0.258,0.19,0.0,5.135596887837817e-08,1.3062949777435275e-08,1.0046729712303164e-07
0.249,0.686,0.0,3.4879730197665804e-08,7.480545884903663e-09,6.975657034695888e-08
0.241,0.39,0.0,2.370337277352382e-08,5.355914165955469e-09,4.843168107684365e-08
0.229,0.135,0.0,1.6016938539192816e-08,2.8289000927492454e-09,3.233075647567723e-08
0.222,0.02,0.0,1.0977913482189557e-08,1.8108348001557326e-09,2.2813779392311185e-08
0.215,0.24,0.0,7.441882040369001e-09,5.491938479628229e-10,1.5610548278555988e-08
0.211,0.015,0.0,5.106510968548722e-09,1.872019353884903e-10,1.0817692794613106e-08
0.204,0.0,0.0,3.4936342486110874e-09,0.0,7.599278026383872e-09
0.194,0.03,0.0,2.4028479735266706e-09,0.0,5.391400042806637e-09
0.191,0.157,0.0,1.6784260964434323e-09,0.0,4.0047149732349825e-09
0.185,0.0,0.0,1.162129350434714e-09,0.0,2.91536341805061e-09
0.161,0.0,0.0,8.47903025359996e-10,0.0,2.4728076239078233e-09
0.158,0.029,0.0,6.031676301005659e-10,0.0,1.8313426472590934e-09
0.149,0.008,0.0,4.6110104377070284e-10,0.0,1.5658051493994362e-09
0.143,0.003,0.0,3.3197633448061224e-10,0.0,1.2176349721964851e-09
0.138,0.099,0.0,2.5341958116469587e-10,0.0,9.056742634827557e-10
0.133,0.047,0.0,1.84910355869741e-10,0.0,7.169065341756439e-10
0.127,0.003,0.0,1.3933802260823895e-10,0.0,5.295779168947732e-10
0.121,0.013,0.0,9.932631492710537e-11,0.0,3.879283079324019e-10
0.125,0.007,0.0,7.461993567945565e-11,0.0,2.9018911180848294e-10
0.117,0.082,0.0,5.177066606240285e-11,0.0,2.0579867769401933e-10
0.114,0.016,0.0,3.857336419498466e-11,0.0,1.529348718499471e-10
0.111,0.054,0.0,2.651223066944589e-11,0.0,1.0710760565843586e-10
0.108,0.005,0.0,1.968046788147892e-11,0.0,7.914683370019323e-11
0.103,0.043,0.0,1.348735784211641e-11,0.0,5.538618066734436e-11
0.102,0.0,0.0,1.001114774111299e-11,0.0,4.09600586262053e-11
0.101,0.024,0.0,6.860036554666912e-12,0.0,2.864062725451213e-11
0.102,0.019,0.0,5.093741839459997e-12,0.0,2.1197644085736468e-11
0.1,0.087,0.0,3.4900262091911847e-12,0.0,1.4810292384873286e-11
0.099,0.001,0.0,2.5923462983387017e-12,0.0,1.0970202000876967e-11
0.099,0.148,0.0,1.7759553356091035e-12,0.0,7.658518042867196e-12
0.098,0.095,0.0,1.3196251236733628e-12,0.0,5.677297537060783e-12
0.099,0.043,0.0,9.039302080346251e-13,0.0,3.960279588368131e-12
0.098,0.034,0.0,6.719053239230988e-13,0.0,2.938114310721272e-12
0.097,0.006,0.0,4.614434757083809e-13,0.0,2.0478915548297943e-12
0.097,0.002,0.0,3.4127339481099e-13,0.0,1.52053255813734e-12
0.097,0.005,0.0,2.3498597710725886e-13,0.0,1.0589807431405254e-12
0.094,0.006,0.0,1.7384101776107683e-13,0.0,7.869058272627905e-13
0.095,0.0,0.0,1.1968440604798175e-13,0.0,5.47607226572215e-13
0.094,0.005,0.0,8.857228797725131e-14,0.0,4.072394115199011e-13
0.094,0.068,0.0,6.097143833873821e-14,0.0,2.831719808142992e-13
0.093,0.013,0.0,4.5137534602157017e-14,0.0,2.1075449361886128e-13
0.093,0.02,0.0,3.106755928986445e-14,0.0,1.464304465867033e-13
0.092,0.0,0.0,2.300757111273971e-14,0.0,1.0906964196803254e-13
0.092,0.085,0.0,1.5833548593384542e-14,0.0,7.572032950440507e-14
0.092,0.0,0.0,1.1729926967547838e-14,0.0,5.6445709204959554e-14
0.055,0.066,0.0,8.071206193327637e-15,0.0,3.9155574783349786e-14
0.091,0.023,0.0,5.981499796526352e-15,0.0,2.9211777416855564e-14
0.091,0.0,0.0,4.115156380964874e-15,0.0,2.024765405915227e-14
0.09,0.019,0.0,3.0508004486957286e-15,0.0,1.5117676016125893e-14
0.09,0.029,0.0,2.0985564123649807e-15,0.0,1.0470220327092722e-14
0.09,0.0,0.0,1.556342349012742e-15,0.0,7.823698162853599e-15
0.091,0.0,0.0,1.0703851289312391e-15,0.0,5.414232849334693e-15
0.089,0.043,0.0,7.941139296440458e-16,0.0,4.048919502884731e-15
0.089,0.003,0.0,5.460637342696985e-16,0.0,2.799742167726468e-15
0.088,0.0,0.0,4.052710506634312e-16,0.0,2.0953964332996753e-15
0.087,0.0,0.0,2.7863085771734646e-16,0.0,1.4477685807209989e-15
0.086,0.0,0.0,2.0686747081646032e-16,0.0,1.0844093670626728e-15
0.086,0.383,0.0,1.4219898012168244e-16,0.0,7.486524609589211e-16
0.086,0.003,0.0,1.0561399424933522e-16,0.0,5.61203437580895e-16
0.048,0.061,0.0,7.258451013573326e-17,0.0,3.8713404540117147e-16
0.048,0.11,0.0,5.393021826731404e-17,0.0,2.9043395377272284e-16
0.083,0.017,0.0,3.705701612028766e-17,0.0,2.0019004406842333e-16
0.082,0.01,0.0,2.7543756033951414e-17,0.0,1.503053550506204e-16
0.083,0.003,0.0,1.8922339093641473e-17,0.0,1.0351983823584117e-16
0.082,0.001,0.0,1.4069973190265386e-17,0.0,7.778601496334837e-17
0.082,0.003,0.0,9.663978285096994e-18,0.0,5.353091838952942e-17
0.082,0.001,0.0,7.188551119240707e-18,0.0,4.025581226448233e-17
0.048,0.0,0.0,4.936426926655865e-18,0.0,2.7681256783973065e-17
0.081,0.005,0.0,3.673384046196883e-18,0.0,2.083318486294027e-17
0.081,0.0,0.0,2.5219939198185586e-18,0.0,1.4314194495645778e-17
0.081,0.004,0.0,1.877444401514609e-18,0.0,1.0781588281841276e-17
0.081,0.0,0.0,1.288691149448579e-18,0.0,7.401981987902703e-18
0.08,0.001,0.0,9.597155601266975e-19,0.0,5.5796867952568866e-18
0.08,0.001,0.0,6.58606626986369e-19,0.0,3.827622810455313e-18
0.08,0.0,0.0,4.906724013863803e-19,0.0,2.88759912557332e-18
0.079,0.72,0.0,3.3664700666805526e-19,0.0,1.9792937090675933e-18
0.079,0.0,0.0,2.509073180951535e-19,0.0,1.4943901081411293e-18
0.079,0.771,0.0,1.7210513075218094e-19,0.0,1.0235082665848187e-18
0.043,0.869,0.0,1.283236204972313e-19,0.0,7.733766737724932e-19
0.047,0.095,0.0,8.799992140401978e-20,0.0,5.292641346084769e-19
0.055,0.161,0.0,6.564028409076787e-20,0.0,4.002378491325396e-19
0.078,0.0,0.0,4.500276331609588e-20,0.0,2.736866260956515e-19
0.078,0.003,0.0,3.3581793119992894e-20,0.0,2.071310683973239e-19
0.077,0.0,0.0,2.301778617759164e-20,0.0,1.4152549630130932e-19
0.077,0.001,0.0,1.7183274193876017e-20,0.0,1.0719445902435526e-19
0.077,0.0,0.0,1.1774824738856948e-20,0.0,7.318394177593148e-20
0.076,0.042,0.0,8.793780270029172e-21,0.0,5.547527077563092e-20
0.076,0.0,0.0,6.02436056553292e-21,0.0,3.7843989071661137e-20
0.074,0.001,0.0,4.501031049258425e-21,0.0,2.8709559352972155e-20
0.073,0.049,0.0,3.0827063584009968e-21,0.0,1.956942294320235e-20
0.074,0.025,0.0,2.3041682683313868e-21,0.0,1.485776979572095e-20
0.073,0.004,0.0,1.5776736110334141e-21,0.0,1.0119501771175367e-20
0.073,0.033,0.0,1.1797262605586673e-21,0.0,7.689192360639432e-21
0.073,0.044,0.0,8.075419423026104e-22,0.0,5.232873571346878e-21
0.073,0.0,0.0,6.041047897386837e-22,0.0,3.979310507590175e-21
0.073,0.473,0.0,4.1340438115219586e-22,0.0,2.7059598822839468e-21
0.072,0.019,0.0,3.0939009585873405e-22,0.0,2.059372617539152e-21
0.071,0.031,0.0,2.1166364604890455e-22,0.0,1.3992730355095842e-21
0.071,0.011,0.0,1.5847573103191336e-22,0.0,1.0657664416819851e-21
0.07,0.005,0.0,1.0838716268085915e-22,0.0,7.235750394087613e-22
0.07,0.026,0.0,8.118587892956795e-23,0.0,5.515554127879312e-22
0.07,0.0,0.0,5.550971259028988e-23,0.0,3.741663167359803e-22
0.069,0.391,0.0,4.15966893808518e-23,0.0,2.8544094002991023e-22
0.045,0.005,0.0,2.843274954004414e-23,0.0,1.9348433126447686e-22
0.045,0.167,0.0,2.131556014070919e-23,0.0,1.477213871575498e-22
0.044,0.063,0.0,1.4565543566252025e-23,0.0,1.000522622723103e-22
0.044,0.002,0.0,1.0924300368097285e-23,0.0,7.644876847603758e-23
0.042,0.006,0.0,7.46262657028735e-24,0.0,5.1737808034581306e-23
0.042,0.008,0.0,5.599491857545701e-24,0.0,3.956376489927516e-23
0.042,0.732,0.0,3.823958170179818e-24,0.0,2.675402554817743e-23
0.041,0.296,0.0,2.87052225377833e-24,0.0,2.04750388057986e-23
0.041,0.244,0.0,1.959702789092872e-24,0.0,1.3834716050556222e-23
0.04,0.122,0.0,1.4717354857242411e-24,0.0,1.0596241721753811e-23
0.04,0.183,0.0,1.0044358417730876e-24,0.0,7.154039974636098e-24
0.04,0.076,0.0,7.546653097167003e-25,0.0,5.483766857748183e-24
0.04,1.164,0.0,5.148827895370474e-25,0.0,3.699410077247627e-24
0.039,2.003,0.0,3.8702056782796714e-25,0.0,2.8379589572865387e-24
0.038,0.04,0.0,2.6396601406475775e-25,0.0,1.912993912819279e-24
0.039,0.096,0.0,1.9850342364744916e-25,0.0,1.4687004926393469e-24
0.038,0.232,0.0,1.3534443794404676e-25,0.0,9.892241290130762e-25
0.038,0.128,0.0,1.018252604097478e-25,0.0,7.6008186900011545e-25
0.038,0.001,0.0,6.940405987116474e-26,0.0,5.115355418244257e-25
0.038,0.001,0.0,5.223912766523666e-26,0.0,3.9335756576064106e-25
0.038,0.0,0.0,3.5594321575913175e-26,0.0,2.645190336039656e-25
0.038,0.0,0.0,2.680331187000565e-26,0.0,2.035704069055765e-25
0.038,0.125,0.0,1.8256909910676064e-26,0.0,1.367848632945168e-25
0.059,0.0,0.0,1.3754109235854932e-26,0.0,1.0535175726274011e-25
0.05,0.107,0.0,9.365346986061534e-27,0.0,7.073252376935303e-26
0.043,0.002,0.0,7.058741291881465e-27,0.0,5.452164185065876e-26
0.039,0.013,0.0,4.80473975245457e-27,0.0,3.6576341853247153e-26
0.036,0.658,0.0,3.6230320656411944e-27,0.0,2.82160404625513e-26
0.033,0.872,0.0,2.4652707439384052e-27,0.0,1.8913912758293176e-26
0.031,0.397,0.0,1.8598013088934124e-27,0.0,1.4602365529532612e-26
0.025,0.047,0.0,1.2650494450718012e-27,0.0,9.780532382537374e-27
0.025,6.277,2.6036459932431426,9.547941083465127e-28,0.0,7.557016388020955e-27
0.038,5.599,1.9707080629001807,0.12805292574155874,0.12333139824847605,0.13547891685533828
0.038,2.188,0.0,0.2697809304499118,0.2603028569453975,0.2824126155116012
0.038,1.168,0.0,0.31286309247295985,0.2990518017193832,0.3262357522147919
0.11,2.162,0.0,0.3046590191219872,0.2904130530492542,0.32027346854411026
0.11,7.15,3.987957939303061,0.27112739478821896,0.2560322732063587,0.2846887803722258
0.124,7.008,4.2266336244064515,0.424323450012681,0.4122397188188707,0.4359991492978289
0.124,10.28,7.277889561958986,0.6700071482869273,0.6475042372053964,0.6876407022340311
0.141,4.301,1.6908329650776737,1.094213998936668,1.060294021190506,1.1216669946389761
0.141,1.753,0.0,1.3085637640380843,1.2509851171246256,1.3576907586533982
0.124,0.465,0.0,1.3144067621765774,1.2652811458919917,1.3665499850450624
0.16,0.174,0.0,1.207036909528696,1.134910897936499,1.2592783077738454
0.141,1.524,0.0,1.052185250228501,0.9788173964783917,1.1076641848347921
0.141,1.358,0.0,0.8808868944003547,0.7907077183319291,0.9439756222879124
0.124,2.827,0.0,0.7154574253054639,0.633964268810569,0.7756026747317298
0.16,3.094,0.0,0.5678630650864045,0.484248040280204,0.6241353419166532
0.16,4.098,0.4597152434831595,0.4396319481037513,0.35592005887504014,0.49229511006845533
0.141,4.855,1.4341668284769722,0.35695805711383144,0.2872371184956939,0.4042094559208524
0.124,0.841,0.0,0.3520623882388074,0.2946698401478019,0.3906679395969179
0.11,1.641,0.0,0.31619379938806375,0.2696568491417082,0.350338189104618
0.143,0.942,0.0,0.2683251662472957,0.22595806199026422,0.29867739080828876
0.133,7.184,3.420430979861316,0.21830979702205291,0.18136925578099655,0.2460515979208606
0.133,3.263,0.0,0.34018937610065947,0.31696968194074066,0.3579157333740783
0.154,2.966,0.0,0.36911450791560274,0.3459341747595765,0.3886704094066305
0.143,2.439,0.0,0.34888868144058527,0.32401953249697263,0.36840537185372474
0.133,3.472,0.0,0.30556942082392374,0.2769721716046147,0.3259987252690335
0.124,0.344,0.0,0.25470500150360104,0.22724208300046855,0.2760431283572493
0.124,0.338,0.0,0.204178292888787,0.1756266323052717,0.22426615684659174
0.116,0.028,0.0,0.1593471736510143,0.1323681473448319,0.1790700944886992
0.116,0.047,0.0,0.1211337971303481,0.09796361636256215,0.1372822993808515
0.112,0.001,0.0,0.08983870773468755,0.06903210170603735,0.10443013038240936
0.114,0.102,0.0,0.06539140922966966,0.048538845086727796,0.07744966410765007
0.108,0.29,0.0,0.04658080366865885,0.033093765117548586,0.05634918915724963
0.102,0.068,0.0,0.03251040546071393,0.02189384356359582,0.0403752916862489
0.1,0.319,0.0,0.02221003280629977,0.01418440195981254,0.028204866199370814
0.092,3.925,0.23914045929255145,0.014908256892534909,0.008899387181205141,0.019617185358031267
0.089,11.374,8.055210133067183,0.02161017473065778,0.017998904362121013,0.024556485085744737
0.087,8.021,5.34079071881873,0.41799997253270815,0.40546684960485513,0.4386304925345523
0.097,3.53,0.335233248611583,0.8345096907812509,0.8020879345147574,0.8713325315234869
0.104,2.072,0.0,0.9934353672726881,0.9439638567487488,1.0318145801935303
0.12,2.768,0.0,0.9928283886781823,0.9500081670953531,1.031833182824202
0.146,1.957,0.0,0.9093028509038186,0.8631224505920325,0.9468288639734507
0.154,1.067,0.0,0.7865813490391509,0.732389395080459,0.8279525946591864
0.148,1.662,0.0,0.6524074312925398,0.5881662081218164,0.6964800316595297
0.156,2.006,0.0,0.5281206248178264,0.4610199672480862,0.5719934442993974
0.173,0.903,0.0,0.4162486513667842,0.36006420062499644,0.45658272878028294
0.159,0.664,0.0,0.3202858642200739,0.2629525736035638,0.3605810757433018
0.148,1.052,0.0,0.24153135680095988,0.19107680247766842,0.2751338220340478
0.131,1.797,0.0,0.1785242644030857,0.138250560496399,0.2083596739115562
0.126,0.972,0.0,0.12999310289677807,0.09422137070588614,0.1547396005768781
0.116,5.308,1.5031546988694413,0.09267740579227597,0.06392280436708422,0.11317031688715204
0.11,3.476,0.0,0.13893862799839207,0.1208605209422404,0.15242332053933944
0.108,1.709,0.0,0.14625350189586026,0.13155286232738586,0.15801073565054577
0.126,0.157,0.0,0.13474405376777304,0.12049072190699307,0.14602114894724838
0.131,1.883,0.0,0.1153644686358113,0.1012455250877957,0.12590459144354507
0.162,1.202,0.0,0.09386990499094645,0.08045792823878542,0.10342104958953596
0.185,0.257,0.0,0.07355774543160072,0.061210687655144785,0.08223264772071576
0.148,0.012,0.0,0.0559722829417657,0.04510709694640531,0.06407965933217129
0.141,0.316,0.0,0.04120756522377164,0.03145932460448227,0.04770432276626257
0.133,0.062,0.0,0.029691701856585068,0.021872308774090285,0.03513545117415641
0.124,0.921,0.0,0.020988480375057114,0.014932879967983266,0.025534989646714742
0.116,7.536,3.8427758071350833,0.014522698972010353,0.009845622709720551,0.0180698200846653
0.093,9.935,6.4365361407327,0.19884031189647428,0.1944033626420981,0.20671301822285554
0.108,4.14,0.40271378682834236,0.5822806943218655,0.5617968386382667,0.6084986844683824
0.1,1.489,0.0,0.743030887291083,0.7072706492192048,0.7689639834246964
0.1,2.181,0.0,0.7612359605831741,0.7273669454134899,0.7988323874267695
0.133,0.688,0.0,0.7042882423729353,0.6640567741372828,0.7387628091556896
0.188,1.332,0.0,0.614205904447844,0.5751693550061232,0.6498448865674412
0.176,0.508,0.0,0.5117998149075583,0.4647849188074625,0.546427145337062
0.143,3.118,0.0,0.41314111519024005,0.3657903020743577,0.4456360638581021
0.133,3.264,0.0,0.3252958952990402,0.27878421513908325,0.3578926889891618
0.124,0.685,0.0,0.25007929884027474,0.20816009322943915,0.2793481297416069
0.116,0.671,0.0,0.18884879968287788,0.15042288602154702,0.21438002412040913
0.116,1.713,0.0,0.13845499475254794,0.1051780852859788,0.16110569759987214
0.108,3.613,0.012906690122811426,0.09994852782931657,0.0723721435564868,0.11896430293960922
0.1,4.264,0.820395852775476,0.07193082197115581,0.049904568726080165,0.08735442082626294
0.116,2.8,0.0,0.09053046720228153,0.0760804402946535,0.10157920730957426
0.104,3.386,0.0,0.08965196898074276,0.07705706545204707,0.099048475556414
0.109,3.037,0.0,0.0795766600076121,0.0687642305742443,0.08773685908522463
0.133,0.439,0.0,0.06581943899719361,0.055595957246647836,0.07334014128750162
0.145,0.267,0.0,0.05232538337469353,0.04336040838838714,0.05888185128017664
0.139,0.473,0.0,0.039958016605349284,0.03211636736877093,0.04575801718006928
0.121,1.394,0.0,0.029729683068854092,0.02318669978582208,0.03455825271213821
0.115,2.592,0.0,0.021535177841494044,0.01618630775298576,0.025543296454643212
0.115,6.412,3.3656393960022877,0.015196804443476595,0.010993128931901986,0.018392214247853318
0.104,7.077,4.132969445666451,0.17602627609183696,0.17211649222345973,0.18263491430904297
0.109,11.14,8.124977659630389,0.4370730068288522,0.4237524596789877,0.4555888226096792
0.115,9.15,6.3923104953597445,0.9264958734016029,0.8984731992260152,0.9626102389671569
0.127,4.354,1.3696053133315367,1.416089851352303,1.3695339925650105,1.469348593219402
0.174,8.024,4.769114589134033,1.6241059931301707,1.5402117655683807,1.6833518077869578
0.326,10.319,7.041051050750905,1.8373572684524304,1.758387423872506,1.9035558593671367
0.521,7.347,4.017869978490009,2.153286365760443,2.0880617554198797,2.2243951087503393
0.655,5.53,2.3582052891452374,2.351174446092624,2.243886928326413,2.4365267049111097
0.788,4.381,1.1864882479450363,2.389064599896474,2.2540018467075864,2.4915379366093355
0.897,6.554,3.339858304826205,2.285185720187275,2.1586866136706364,2.3920465715080192
0.95,3.701,0.7384618060802102,2.2149258670203946,2.0724560766707563,2.328366362981503
0.886,0.157,0.0,2.039591220516258,1.8575732183843938,2.162917181806433
0.969,0.076,0.0,1.7872105426371672,1.6242334414814943,1.9127959769300973
0.894,0.476,0.0,1.5086953865576624,1.331367933137242,1.6308167320871056
0.707,2.97,0.0,1.2394243002913765,1.076280455363464,1.3578159455834289
0.502,1.162,0.0,0.9938868487176893,0.842027824354401,1.1053826103711832
0.419,10.499,7.390942758873477,0.7809132800470701,0.6420427060301621,0.8799056043904923
0.366,10.301,7.159709717304407,0.9644995293221266,0.8555683807546197,1.0412280966895262
0.386,4.775,1.7793841588078152,1.331700013017724,1.2524772769310775,1.3923619504032667
0.491,8.79,5.964145372197308,1.5012475778346415,1.4118243230625585,1.5725010049991248
0.875,6.706,3.885739838901758,1.7643554405618718,1.6875718772760682,1.8393860915235514
1.129,8.19,5.078108745586067,1.956403285054674,1.8746042874124333,2.034656835241464
1.385,10.457,7.776399326302931,2.148939713491782,2.0448297688568404,2.2308322916243766
1.235,11.822,8.93223472723913,2.470643999611898,2.3426712200356516,2.560326506044589
1.595,3.721,0.4472956292204264,2.8978574348434205,2.7788363740189848,3.0049599238680638
1.997,4.681,1.4104644590744901,2.9250144879140336,2.766326887920291,3.056159422187619
1.915,4.181,1.0434941233279917,2.793689499750194,2.6298522199539818,2.9215913608615884
1.597,3.857,1.021888852852861,2.5529804509103604,2.3600954429084053,2.6960791192685165
1.497,6.852,3.472091921887811,2.2788171139360682,2.061662611439159,2.4367853872811214
1.408,8.3,5.432796672639414,2.1276658829569826,1.9265291619237352,2.274193963065634
1.31,5.812,2.8884783262929634,2.1488596927576955,1.9750240132108738,2.2823804799617564
1.394,17.087,14.068794808608516,2.133624920682045,1.977480621259178,2.2673805994900804
1.87,4.674,1.7423115215765952,2.6477370560765174,2.5017905465625154,2.7672069826291668
2.054,5.134,1.939523775390192,2.807093097534766,2.6371915542913476,2.9417745719473922
2.192,1.329,0.0,2.7766956156301026,2.590116543829341,2.916025394497183
2.15,5.184,1.905135572589964,2.550097098511245,2.3437301350178696,2.7017317862464965
1.868,1.509,0.0,2.3277061442531615,2.1016325572268117,2.488443465954048
1.519,4.288,1.0659032934105288,2.026406978091782,1.815161448626531,2.185110409017028
1.43,0.115,0.0,1.7607397847446682,1.5700169438235032,1.9088682308549745
1.249,2.659,0.0,1.4712852556007912,1.2745537853578515,1.6080100014654959
1.185,4.668,1.3583478434710918,1.1991370691556784,1.0025887572561871,1.3378063886533873
0.976,2.307,0.0,1.020891491904287,0.8498489732125378,1.1376585858248147
0.962,1.858,0.0,0.8425749647550326,0.6918447448305424,0.9505476759123583
0.928,1.947,0.0,0.6768976240411915,0.5524649906543538,0.772401263095398
0.769,10.429,7.274879950839802,0.5307838062572978,0.4245197875496396,0.6108252934490351
0.826,2.614,0.0,0.7665744348873962,0.6925041419588125,0.8233701093805629
0.963,8.082,5.064822377312685,0.8196534098278171,0.7518761281180553,0.8735923477005922
1.359,9.397,6.388427590504038,1.0270563993764255,0.9751803390398067,1.0722192873295322
1.524,6.083,2.974794030895694,1.3634326942478965,1.3152597920822306,1.4079949464914083
1.626,1.122,0.0,1.5770443088436013,1.513706737810421,1.6332228088290925
1.962,0.09,0.0,1.5615783748159293,1.4849373401251276,1.633823442480774
1.678,0.219,0.0,1.425074456909269,1.3181644325888202,1.501591650632473
1.215,0.221,0.0,1.2379759933212031,1.1295540999290714,1.3149211221461217
0.956,0.361,0.0,1.0351016383070248,0.9167594920593437,1.1244790443098966
0.804,2.89,0.0,0.8430775068210397,0.7388497702863124,0.918421122967244
0.707,1.105,0.0,0.668474425211064,0.5658379537499794,0.7402982123658849
0.673,1.281,0.0,0.5197007239231466,0.428045135889335,0.584795559567696
0.663,2.364,0.0,0.3961022562698723,0.31179120573733315,0.45493352768842443
0.642,0.164,0.0,0.2962866260342601,0.22511887776280223,0.3475544015314808
0.594,0.58,0.0,0.21765126828951786,0.15492309266285234,0.260133831886189
0.609,2.409,0.0,0.15763142478064818,0.10887963298463882,0.1921795608116792
0.584,2.73,0.0,0.11191114667174022,0.07378902766653705,0.13932528983232667
0.556,3.579,0.30866655370117746,0.0782032192905964,0.04884088427287869,0.10010631417217672
0.553,4.253,0.973715290344757,0.06880926938946012,0.04749039194367081,0.08519829788557826
0.535,3.291,0.14764758310242154,0.10452949987388947,0.09162720782638534,0.1151602530439966
0.602,3.565,0.5097385333347328,0.11758136013117189,0.10711112659239565,0.12661317273704686
0.676,4.32,1.020807700423557,0.13621828193882987,0.1275471758975727,0.1445300370256496
0.745,7.559,4.397231896086247,0.1813965642446261,0.17364986574421384,0.18810744110419947
0.683,2.928,0.0,0.4014754534132322,0.3912557335761959,0.4108635187998646
0.683,1.854,0.0,0.4730077276972411,0.45132502245365774,0.4907596242679168
0.736,1.606,0.0,0.4659699398597135,0.4398557015834051,0.48841000900457315
0.683,0.517,0.0,0.42035737800958917,0.3938753966070145,0.44419988150034473
0.641,0.052,0.0,0.357321617721076,0.32622759250725986,0.3839155982148496
0.596,0.106,0.0,0.29244172792132905,0.2607479248149709,0.31471560258999526
0.529,1.886,0.0,0.23187477153374786,0.1984790151364519,0.2544870559898633
0.492,0.019,0.0,0.17986434526117134,0.15034062135373216,0.19888881083917145
0.46,0.933,0.0,0.13563893579080552,0.10919193961861542,0.15367875277636656
0.449,0.647,0.0,0.0993466634743286,0.0758035161596367,0.1153242767580787
0.428,1.938,0.0,0.07175687496315422,0.05230191237692025,0.08564745276505668
0.413,2.809,0.0,0.05100051680271564,0.03562843439815388,0.062194880641242165
0.41,6.969,3.948012723602721,0.035417024842030714,0.023258527186710364,0.044129905200306054
0.411,4.655,1.9879377020510134,0.21835069826952372,0.21509587503069497,0.2218630584084739
0.449,0.709,0.0,0.38203179065247367,0.3692050610635485,0.393851968636092
0.457,4.814,1.8936018808132156,0.4273016838585212,0.40747976640704103,0.44496727830306576
0.484,7.419,4.5475752614156395,0.5043640522861846,0.4873267536854127,0.5224447841131877
0.472,6.812,3.9378326541930697,0.720943075473135,0.6904169775620684,0.7389272849625093
0.508,4.446,1.7041255633691876,0.9640816835801915,0.9272452531094344,0.9943982899318438
0.666,4.208,1.3547021919686189,1.0911556170820496,1.0467990725117031,1.1360457142853433
0.878,3.273,0.396679543711175,1.1322299786852033,1.0742986134250316,1.1779352317621754
1.025,2.603,0.0,1.079873602362247,1.0191022959457023,1.1262214660517846
0.984,2.109,0.0,0.9633850892624499,0.8948950914960659,1.0141449415793609
0.851,2.345,0.0,0.8179027237220564,0.7444030527211168,0.8739016967304033
0.764,4.271,1.2313459437936407,0.6722473155986234,0.5921924892829242,0.7288169548677108
0.759,4.888,2.0149607662702542,0.6009851828586322,0.5283453629591824,0.6498277467958279
0.783,8.128,5.311741593770436,0.6041987532547541,0.5438645040414438,0.6490978035751208
0.941,2.96,0.3698352193759238,0.8160397593930306,0.7701423088616114,0.8509129573909805
1.106,4.167,1.5090159567705221,0.8742423151841431,0.8142448718876274,0.9139401514807005
1.207,1.506,0.0,0.9031682229098672,0.8464302829379758,0.9477709472474283
1.176,2.102,0.0,0.8404755920528039,0.7783474734444673,0.884835643960321
1.137,1.816,0.0,0.7350757219332954,0.6694686551783106,0.7814822121692258
0.978,3.597,0.927519651557033,0.6171919083314292,0.5507669715207646,0.6639038129486866
0.971,6.338,3.8469242787698588,0.546300714499677,0.48172084950852706,0.5926600073286067
0.993,2.203,0.0,0.6499146533850503,0.6012772293250267,0.6876426322896989
1.083,0.751,0.0,0.6471028872712198,0.6016434106488274,0.6839685899234769
1.106,0.905,0.0,0.587370271813698,0.5343214624022867,0.6270196673063481
0.847,0.426,0.0,0.5038834439702247,0.4522900661232891,0.5425491189280283
0.762,0.25,0.0,0.41595830418555,0.3663260268004339,0.4526367342085341
0.714,0.689,0.0,0.3320705967661255,0.2845300016125371,0.36720428039599057
0.659,3.041,0.27586349956280287,0.2592517309618172,0.21558998303392904,0.2913622906864639
0.619,4.974,2.304104765948044,0.21055193154371185,0.171875279046692,0.23915011482293666
0.632,2.881,0.5239109325179752,0.27879438352339186,0.2509814489613025,0.2997087945333985
0.646,6.732,4.628695782021497,0.31146326157661336,0.2868140181739263,0.33070460286319964
0.714,0.674,0.0,0.5252073154962059,0.5052608155587701,0.5392846268289677
0.79,0.803,0.0,0.5869801934399231,0.5616509353128377,0.6124189878710282
0.869,0.317,0.0,0.5654520493141143,0.5337680748386641,0.590476498401077
0.804,0.372,0.0,0.5033681459626477,0.46873982340664644,0.5320859631009028
0.707,0.003,0.0,0.4268817139531059,0.38938146135193075,0.45571410125161615
0.666,0.632,0.0,0.3481555953007374,0.3099099929547,0.3755688265530431
0.626,0.001,0.0,0.2755261187167768,0.23558722967802448,0.30302010961226433
0.573,0.26,0.0,0.21281741404446933,0.1743786044095663,0.2369534176695637
0.559,0.032,0.0,0.16056248004011534,0.12823893829430774,0.18210798202149106
0.54,0.345,0.0,0.11858601195256394,0.09074495535663583,0.1378883379854781
0.527,0.628,0.0,0.08583873528346958,0.06304803759152676,0.10208318995650391
0.471,0.416,0.0,0.06088469446493527,0.04207358252772476,0.07419159390233973
0.442,2.628,0.0,0.04259156448873974,0.02848006678839597,0.05314679872277008
0.425,0.659,0.0,0.029169905365206413,0.01808158147863791,0.037431508472976736
0.386,0.02,0.0,0.019525982258562346,0.011604875443654494,0.025785071222448334
0.367,0.082,0.0,0.012879036500307809,0.007063275413028871,0.017547726316607712
0.349,0.004,0.0,0.008339758127178456,0.004226117567565592,0.011700593378994564
0.332,0.181,0.0,0.0053233429893078535,0.002522731636659254,0.0076460207860143065
0.315,0.173,0.0,0.0033402537676271668,0.0015125167449100028,0.004958497621259264
0.315,0.015,0.0,0.002075276088493104,0.0008887882017912604,0.003201364941565309
0.315,0.03,0.0,0.0012734792442129503,0.0005158509716781208,0.001999756200650569
0.284,0.176,0.0,0.0007820501055708783,0.00031557978945330017,0.0012602687715379994
0.255,0.007,0.0,0.0004789850056211047,0.00018246249501573938,0.0007821791086654577
0.241,0.0,0.0,0.000296697575037267,0.00011278258871036695,0.0004899896377727644
0.228,0.0,0.0,0.00018449211463717017,7.345430779233968e-05,0.000304382598931768
0.228,0.0,0.0,0.0001160251142864948,4.447254711709042e-05,0.00019309409778159832
0.205,0.0,0.0,7.43485726019562e-05,2.796326667750086e-05,0.00012349877678562943
0.205,0.002,0.0,4.825534368224169e-05,1.8458971735990487e-05,8.035599551242392e-05
0.194,0.015,0.0,3.1289183256185635e-05,1.1448656838814663e-05,5.232651894537729e-05
0.183,0.004,0.0,2.061623354876787e-05,7.64248271272018e-06,3.508929148961094e-05
0.174,0.001,0.0,1.3641127120236579e-05,5.000221129124635e-06,2.3103845801478323e-05
0.165,0.013,0.0,9.085401742830763e-06,3.0471614635391817e-06,1.5543557708567215e-05
0.165,0.09,0.0,6.000711726171864e-06,1.849539647076789e-06,1.0398815778700472e-05
0.149,0.083,0.0,4.026350571289214e-06,1.3764158859936052e-06,7.063861060334392e-06
0.142,0.0,0.0,2.689866340616331e-06,8.167784913400301e-07,4.704446643588085e-06
0.136,0.0,0.0,1.8117469304119648e-06,5.804220076127083e-07,3.2400517403753436e-06
0.142,0.0,0.0,1.211683273092606e-06,3.710879754687213e-07,2.195428872124302e-06
0.136,0.0,0.0,8.172961078828453e-07,2.482863276050074e-07,1.4938694346785893e-06
0.13,0.0,0.0,5.474801303581572e-07,1.5116721878407742e-07,1.018253899512689e-06
0.13,0.0,0.0,3.69730404404911e-07,1.0101366636641436e-07,6.9115810813399e-07
0.125,0.0,0.0,2.502780861804619e-07,6.915218885082017e-08,4.728056136009004e-07
0.125,0.0,0.0,1.6921170584842153e-07,4.4665850168791964e-08,3.249848576020188e-07
0.12,0.0,0.0,1.1394769504194481e-07,2.968932323973674e-08,2.183829849223037e-07
0.12,0.068,0.0,7.734309056074063e-08,1.82935563127303e-08,1.513917854862963e-07
0.117,0.318,0.0,5.24742038592539e-08,1.3227703966649596e-08,1.0453135642382971e-07
0.115,0.391,0.0,3.5424987887057994e-08,7.777441309468072e-09,7.067386119393928e-08
0.113,0.089,0.0,2.4124372866419186e-08,5.196409777967451e-09,4.903350582933625e-08
0.119,0.0,0.0,1.6315392539383844e-08,2.803352485813892e-09,3.395354345016803e-08
0.117,0.0,0.0,1.1189947966588443e-08,1.691413944684334e-09,2.329025784882083e-08
0.114,0.0,0.0,7.535250764429625e-09,7.604803919924811e-10,1.592178875901199e-08
0.114,0.005,0.0,5.21539517078484e-09,0.0,1.1315896454750835e-08
0.113,0.107,0.0,3.544341950472316e-09,0.0,7.743744812760127e-09
0.112,0.563,0.0,2.4576917799488125e-09,0.0,5.623951309871647e-09
0.11,0.124,0.0,1.69984965612349e-09,0.0,4.159402100282544e-09
0.11,0.0,0.0,1.2070959707989545e-09,0.0,3.1175776281318385e-09
0.111,0.319,0.0,8.493279518584473e-10,0.0,2.545862561845572e-09
0.109,0.066,0.0,6.290853920368349e-10,0.0,1.9602904958885987e-09
0.109,0.036,0.0,4.519967198896892e-10,0.0,1.5708560734529835e-09
0.109,0.055,0.0,3.411094743768539e-10,0.0,1.243380352923136e-09
0.105,0.063,0.0,2.5560913108662784e-10,0.0,9.603113002476e-10
0.103,0.125,0.0,1.8727778949395298e-10,0.0,7.312797782577111e-10
0.103,0.008,0.0,1.408091052190091e-10,0.0,5.313484392992431e-10
0.1,0.015,0.0,1.0220393442898404e-10,0.0,4.04945877705243e-10
0.098,0.004,0.0,7.413568374471812e-11,0.0,2.89568210509994e-10
0.096,0.198,0.0,5.406994595979909e-11,0.0,2.136693581662712e-10
0.096,0.346,0.0,3.7788049045031006e-11,0.0,1.5245344134683478e-10
0.095,0.32,0.0,2.7832082136931487e-11,0.0,1.1304601780882864e-10
0.094,0.398,0.0,1.9283143270666187e-11,0.0,7.884100705561487e-11
0.092,0.525,0.0,1.4193932550519901e-11,0.0,5.88466812487532e-11
0.091,0.185,0.0,9.816023248674273e-12,0.0,4.077242223138479e-11
0.092,0.145,0.0,7.221946671417838e-12,0.0,3.0468175519827464e-11
0.09,0.279,0.0,4.9982106260144085e-12,0.0,2.1085352365886785e-11
0.089,0.163,0.0,3.6764789002409885e-12,0.0,1.577505651705351e-11
0.089,0.009,0.0,2.5425852958563745e-12,0.0,1.0904235266666516e-11
0.088,0.077,0.0,1.872028994778063e-12,0.0,8.167617675946986e-12
0.087,0.032,0.0,1.2937027134389009e-12,0.0,5.6390969754749026e-12
0.087,0.0,0.0,9.534418713899006e-13,0.0,4.228826606512623e-12
0.087,0.0,0.0,6.584001165325323e-13,0.0,2.916244369440773e-12
0.085,0.0,0.0,4.85708289886155e-13,0.0,2.1894970156479467e-12
0.085,0.0,0.0,3.3515080431371473e-13,0.0,1.508128209083735e-12
0.083,0.0,0.0,2.474884706129681e-13,0.0,1.1336234949508998e-12
0.083,0.0,0.0,1.7064129044018825e-13,0.0,7.799245903105613e-13
0.083,0.0,0.0,1.261336977673494e-13,0.0,5.869394766589829e-13
0.07,0.21,0.0,8.690005461657456e-14,0.0,4.033359782808871e-13
0.068,0.125,0.0,6.429875253489009e-14,0.0,3.0389097608070237e-13
0.081,0.0,0.0,4.426358978071661e-14,0.0,2.085841546737448e-13
0.081,0.044,0.0,3.278444360374949e-14,0.0,1.57341138768565e-13
0.081,0.046,0.0,2.255082855125093e-14,0.0,1.0786875440000968e-13
0.079,0.015,0.0,1.6719587147743675e-14,0.0,8.146419597377313e-14
0.079,0.019,0.0,1.149122472420753e-14,0.0,5.578404646437442e-14
0.079,0.003,0.0,8.613526913997357e-15,0.0,4.2918675398078247e-14
0.064,0.04,0.0,5.845060589429615e-15,0.0,2.884857489375209e-14
0.077,0.0,0.0,4.359561618514593e-15,0.0,2.1838145371235062e-14
0.077,0.0,0.0,2.9796815169924856e-15,0.0,1.4919059083607164e-14
0.076,0.0,0.0,2.2246625940629102e-15,0.0,1.1306813880006237e-14
0.076,0.0,0.0,1.5192697408704017e-15,0.0,7.71555749218767e-15
0.074,0.0,0.0,1.1354616972187677e-15,0.0,5.8541619887254785e-15
0.073,0.021,0.0,7.747880207573644e-16,0.0,3.990186450878096e-15
0.072,0.165,0.0,5.796509546133686e-16,0.0,3.0310229801623562e-15
0.072,0.225,0.0,3.9519610534724864e-16,0.0,2.063569344003202e-15
0.071,0.078,0.0,2.9596823355835884e-16,0.0,1.5693280018777266e-15
0.071,0.22,0.0,2.0161505998941456e-16,0.0,1.0671978590306523e-15
0.071,0.22,0.0,1.5114956160299332e-16,0.0,8.125277840797392e-16
0.057,0.094,0.0,1.0287566752847909e-16,0.0,5.519132534263664e-16
0.07,0.018,0.0,7.72059405051899e-17,0.0,4.2069051293333155e-16
0.071,0.068,0.0,5.2502574273600523e-17,0.0,2.8542808320884885e-16
0.069,0.465,0.0,3.9443494673183955e-17,0.0,2.1781471565826508e-16
0.069,0.375,0.0,2.6799435005916958e-17,0.0,1.4761231077259267e-16
0.068,0.481,0.0,2.0154857156349598e-17,0.0,1.127747098038049e-16
0.068,0.023,0.0,1.3681908509126285e-17,0.0,7.633934981682665e-17
0.068,0.112,0.0,1.0300601338247284e-17,0.0,5.838969683349644e-17
0.067,0.48,0.0,6.986226237313946e-18,0.0,3.947974460906845e-17
0.067,0.126,0.0,5.265296292659247e-18,0.0,3.023157154166579e-17
0.067,0.005,0.0,3.567898287380115e-18,0.0,2.0417389434640768e-17
0.067,0.094,0.0,2.6919024408874313e-18,0.0,1.5652554653485663e-17
0.067,1.148,0.0,1.822447799238572e-18,0.0,1.0559080243646428e-17
0.067,0.346,0.0,1.3764834185387854e-18,0.0,8.10419225640642e-18
0.062,0.212,0.0,9.310425271650614e-19,0.0,5.4607458974461645e-18
0.062,0.331,0.0,7.039741923830825e-19,0.0,4.195988054287014e-18
0.062,0.027,0.0,4.757236291021385e-19,0.0,2.8240855328683638e-18
0.061,0.098,0.0,3.6009369359436636e-19,0.0,2.1724948338689517e-18
0.061,0.258,0.0,2.431138633055251e-19,0.0,1.460507272584697e-18
0.059,0.363,0.0,1.84224026460257e-19,0.0,1.1248206042721677e-18
0.059,0.155,0.0,1.2426063091278214e-19,0.0,7.553175951815005e-19
0.059,0.37,0.0,9.426445764298882e-20,0.0,5.82381774281679e-19
0.061,1.109,0.0,6.352216053737508e-20,0.0,3.906209029559876e-19
0.059,0.353,0.0,4.8241367703076564e-20,0.0,3.0153122270861695e-19
0.057,0.099,0.0,3.247759867060237e-20,0.0,2.0201394856888034e-19
0.059,1.018,0.0,2.469222302979318e-20,0.0,1.5611937492421127e-19
0.057,0.377,0.0,1.660766540995908e-20,0.0,1.0447376243199245e-19
0.056,0.006,0.0,1.2640630306446023e-20,0.0,8.083162694802033e-20
0.056,0.051,0.0,8.493728748354264e-21,0.0,5.402976930068706e-20
0.056,0.018,0.0,6.472085778887689e-21,0.0,4.185099985063331e-20
0.051,0.337,0.0,4.344626315254049e-21,0.0,2.794209668275349e-20
0.053,0.0,0.0,3.314254437543504e-21,0.0,2.166857528932787e-20
0.053,0.185,0.0,2.2226436548455814e-21,0.0,1.4450566366169762e-20
0.053,0.087,0.0,1.6974326124782504e-21,0.0,1.12190188596727e-20
0.053,0.129,0.0,1.1372338244779883e-21,0.0,7.473271267863913e-21
0.052,0.251,0.0,8.694876799902718e-22,0.0,5.808706059767689e-21
0.052,0.106,0.0,5.819576398445137e-22,0.0,3.864885432714649e-21
0.052,0.094,0.0,4.454486173050411e-22,0.0,3.0074881433358416e-21
0.04,0.008,0.0,2.9784741279137516e-22,0.0,1.9987685275448196e-21
0.039,0.257,0.0,2.282412831386579e-22,0.0,1.5571428247790605e-21
0.051,0.295,0.0,1.5246014625552268e-22,0.0,1.0336853954032953e-21
0.05,0.362,0.0,1.169640271395325e-22,0.0,8.062189006979255e-22
0.05,0.001,0.0,7.805092912353519e-23,0.0,5.345819097835538e-22
0.048,0.033,0.0,5.994750222301401e-23,0.0,4.174240844514878e-22
0.048,0.0,0.0,3.9963018547049996e-23,0.0,2.7646498590256524e-22
0.047,0.001,0.0,3.072908947283997e-23,0.0,2.1612352018310624e-22
0.047,0.02,0.0,2.0464266552529912e-23,0.0,1.4297694521885321e-22
0.046,0.029,0.0,1.575387074669141e-23,0.0,1.1189909224428016e-22
0.046,1.377,0.0,1.0480717583678362e-23,0.0,7.394211891744399e-23
0.046,1.13,0.0,8.077612781132234e-24,0.0,5.793634527128684e-23
0.037,0.623,0.0,5.368365095245182e-24,0.0,3.823998996224895e-23
0.041,0.118,0.0,4.142248434508951e-24,0.0,2.9996848474781624e-23
0.045,0.266,0.0,2.7501002678138503e-24,0.0,1.9776236517453467e-23
0.044,1.373,0.0,2.1244466048247466e-24,0.0,1.5531026632566538e-23
0.045,0.22,0.0,1.4089959735152213e-24,0.0,1.022750087487987e-23
0.044,0.007,0.0,1.0897108677499236e-24,0.0,8.041271044329446e-24
0.045,0.42,0.0,7.219797339912774e-25,0.0,5.289265935576909e-24
0.044,2.082,0.0,5.590256816032504e-25,0.0,4.163410555699462e-24
0.04,2.424,0.0,3.699930763652745e-25,0.0,2.7354027615847665e-24
0.043,2.136,0.0,2.868180617581818e-25,0.0,2.155627812726926e-24
0.044,1.118,0.0,1.8963340259676736e-25,0.0,1.4146439901532723e-24
0.045,5.059,1.714925745715174,1.4717523851157562e-25,0.0,1.1160876930732156e-24
0.043,0.11,0.0,0.08434374709090682,0.08123385078472589,0.08923497400175485
0.044,0.66,0.0,0.11221755814110423,0.10688692198581282,0.11723942190708997
0.055,0.024,0.0,0.11355995264119753,0.10728121926770413,0.11841527949261994
0.052,0.043,0.0,0.10241564071723874,0.09688137520830825,0.107557579837968
0.053,1.22,0.0,0.08603026300917853,0.07943863358704825,0.0908060586043762
0.052,0.049,0.0,0.06886169966427554,0.061526315610068084,0.07427100729928372
0.05,1.248,0.0,0.053128933857663166,0.045664771092373005,0.058076500620530144
0.049,0.625,0.0,0.03988155459341826,0.03287421813099913,0.04459743958490576
0.047,1.408,0.0,0.02903996604442643,0.02311429551572798,0.03316331766064379
0.047,1.161,0.0,0.020761494081080693,0.015587957417514968,0.024244567820845685
0.047,0.007,0.0,0.014431852226560024,0.0103372512246365,0.017332754613790566
0.045,0.417,0.0,0.009883566081007534,0.006677660276073646,0.01215284210916169
0.044,1.223,0.0,0.006626788038593457,0.004272911625628585,0.008405710803389735
0.042,0.182,0.0,0.004382846793042876,0.0026467199724203604,0.005688688830818193
0.041,0.028,0.0,0.0028496605541029367,0.0016379690799929608,0.003811019907132671
0.04,0.0,0.0,0.0018316670850933125,0.0009770739692714497,0.002499129767496592
0.04,0.071,0.0,0.0011667550415040725,0.0005942845247649952,0.001646705761593137
0.038,3.28,0.0,0.0007369281088739923,0.00036673268080514336,0.0010593358634755946
0.039,0.93,0.0,0.0004652993455964408,0.0002211079479030907,0.0006834230402959562
0.036,0.425,0.0,0.0002933747649835406,0.00013633973653269857,0.00043868829888596335
0.039,0.528,0.0,0.00018696023093316927,8.658216635376515e-05,0.0002805725420029298
0.045,1.376,0.0,0.0001194109322972977,5.477282680086956e-05,0.00018306210100318396
0.037,2.337,0.0,7.689188490305931e-05,3.486784325086026e-05,0.00011834538638256745
0.036,5.218,1.508363947693188,4.9841559172256396e-05,2.1416081732455273e-05,7.79923875809698e-05
0.036,3.353,0.0,0.07421720464542453,0.0714997049152349,0.07850205528589758
0.103,1.723,0.0,0.09854652912518527,0.09366850190588967,0.10292052948249447
0.091,0.276,0.0,0.09946370879764214,0.09423972677121953,0.10400060314671367
0.074,11.511,7.840349038865071,0.08917955658128932,0.08426197603070788,0.09392885148366394
0.074,4.804,1.488707951061072,0.4600472564535473,0.4479616799644973,0.47857283578375703
0.103,3.487,0.0,0.6761316677691632,0.651053724926293,0.7011406874561396
0.101,3.397,0.0,0.7256496516847515,0.6938973969269376,0.7549253336567786
0.108,8.313,4.557447108809389,0.6895696913908919,0.6572219585741945,0.7174192337983641
0.098,3.396,0.0,0.8312045045144477,0.7949733132303035,0.8639519703496269
0.115,1.677,0.0,0.8375451016763603,0.7992520621909122,0.8727975870007812
0.106,1.95,0.0,0.7622946116172682,0.7128896171332435,0.8055443694361709
0.096,3.807,0.059020241200386625,0.6599517155229778,0.5965786688066462,0.6993337421295281
0.106,7.274,3.728435751692368,0.5515339858794164,0.4855292566043917,0.5931011548572658
0.106,2.901,0.0,0.6296900828328486,0.5804794720379806,0.663833395505808
0.115,6.632,2.87899926788562,0.6149721895013536,0.5649922549880061,0.653621694809163
0.164,11.445,8.343192577187782,0.691870488692056,0.6394252722363623,0.7258975163387716
0.144,3.93,0.7309603582548259,1.082774753376315,1.041545297208596,1.1093344858599303
0.154,3.149,0.0,1.233347731692959,1.185666065364821,1.2760555028794327
0.174,2.848,0.0,1.209348362757096,1.147131969033252,1.2640324252720054
0.222,1.45,0.0,1.0962153064108744,1.0236522233894305,1.1553594395923215
0.261,0.279,0.0,0.944257535349456,0.858803192391928,1.0044099517248277
0.271,0.336,0.0,0.7834416156490239,0.7005426054854272,0.8444267367214375
0.261,0.101,0.0,0.6339994404242056,0.5517661337603517,0.6929092672734743
0.222,0.28,0.0,0.49874001021653613,0.42173619870540036,0.5553338153896836
0.203,0.726,0.0,0.3852238139402714,0.3163903793060926,0.43566558403813244
0.164,1.449,0.0,0.29108184479679855,0.22615194713294717,0.33387750855131326
0.163,0.916,0.0,0.21592629022627727,0.1638949834474518,0.2541938751082339
0.163,1.006,0.0,0.15682729193568984,0.11321247444347479,0.18831790068447946
0.148,0.892,0.0,0.11253546409876165,0.07783332049277071,0.13786567885218898
0.134,1.889,0.0,0.07911994408128863,0.05171856931242678,0.09957225756511798
0.134,3.119,0.0,0.054582609864894494,0.03298200275460834,0.07037142088222395
0.134,1.951,0.0,0.037042907292227936,0.020836338870884152,0.04919722717257519
0.148,1.011,0.0,0.024603595669846958,0.013148235387222406,0.03380759645691602
0.12,7.628,3.9798386262280276,0.016082761807078585,0.007875482511494718,0.02280784841910133
0.12,3.488,0.0,0.20597696773394802,0.20253520412593168,0.21241976866290013
0.12,4.029,0.2996712839099258,0.2755113200987165,0.2653241974706501,0.2862871776196757
0.191,0.006,0.0,0.2977941845942269,0.2852636241013869,0.30858055003411794
0.163,2.081,0.0,0.27965219681950654,0.2631759450752848,0.29378725893179763
0.206,9.336,6.156908309426788,0.2441123196037492,0.2270252371024922,0.2583254910032687
0.184,1.376,0.0,0.5063224984134299,0.496200393878738,0.5146427984528577
0.234,0.091,0.0,0.5894332928717381,0.5617226523698577,0.6104206064346274
0.223,1.251,0.0,0.5798573365920572,0.5502950984841113,0.6052821766728036
0.28,2.645,0.0,0.5250664508354682,0.4916045537542546,0.5524595392643
0.227,1.646,0.0,0.4476635609792253,0.41007981237030455,0.476359035079541
0.202,7.218,3.287239347362798,0.36843934213992957,0.3307153373737829,0.3955821504714105
0.188,9.48,5.8469175169094045,0.4541775006778514,0.42273786938199365,0.47729844486259365
0.198,1.985,0.0,0.7446957724112411,0.7212894201490992,0.7640819653813926
0.209,1.087,0.0,0.8283152904893625,0.7889909173910443,0.8572130681368617
0.282,2.129,0.0,0.7999880732196716,0.7571829061822887,0.8336986264070834
0.346,3.521,0.0,0.715874462330256,0.6653926375301797,0.7538476721503287
0.324,0.933,0.0,0.610626121460486,0.5578142450205774,0.6501386400423999
0.296,1.396,0.0,0.5018574532157459,0.4474419333683466,0.5412045847300064
0.31,1.221,0.0,0.40022067885498996,0.3462598377388293,0.43843415557984095
0.356,12.254,8.394716608629299,0.31132234116873037,0.2590035015949897,0.3476363562790906
0.31,5.544,2.404162372512633,0.6504109664429504,0.6259942967799692,0.6683056402497182
0.3,7.629,4.009451744471702,0.8822682523898473,0.8477889137668138,0.9129803385919936
0.34,6.344,2.856556549369511,1.1269071045132288,1.080860756607933,1.1627102850419502
0.442,10.229,6.814725248387471,1.2970039116237577,1.2451628617511763,1.3391090305894113
0.577,4.133,0.8221534575915408,1.61810709425674,1.5544133212125928,1.6726055624594836
0.509,4.021,0.9620982959776163,1.694504867839215,1.6087111072364686,1.7632566457419627
0.637,4.814,1.4039846656025632,1.6496297315485733,1.555785264482817,1.7214969409409053
0.647,3.709,0.0,1.5638693126284584,1.4569399884243284,1.645062512521253
0.586,0.902,0.0,1.3911228352521932,1.2761171384159706,1.4699606019674247
0.551,2.956,0.0,1.1856313740387465,1.0640155501082238,1.267976297353943
0.467,5.77,2.4795587544723645,0.9785284351489987,0.8581953651041184,1.0612608745490926
0.428,4.924,1.6469928464114951,0.9073781757727045,0.802532028694276,0.9828750821381339
0.411,5.931,2.601867673448395,0.8753783499184485,0.7857942462922423,0.9442079376784372
0.443,2.77,0.0,0.9098521055163249,0.8208862533571449,0.975421262003595
0.521,2.912,0.0,0.8521138030891597,0.7703535078662543,0.9129999404613346
0.569,10.158,6.815005148274259,0.7479716954936314,0.6663586681539616,0.8067344277521458
0.476,8.196,4.774224939090638,0.961171146738948,0.9000695389945793,1.0133087184058658
0.468,7.799,4.645395509521722,1.227303823789843,1.1769887710033025,1.2763921757311893
0.545,2.978,0.0,1.4956503884766112,1.4347165521441276,1.554470952367006
1.185,1.447,0.0,1.512944245226634,1.4190602767483487,1.5790908644194341
1.43,4.344,0.648278148528918,1.4023511691036574,1.3141105649807272,1.473731320412671
1.181,12.541,9.250266219690916,1.2610688964691923,1.150095425853284,1.333881386653624
0.983,4.673,1.2862241102148166,1.5373598181658,1.4473816319304305,1.6008827496670626
0.925,4.083,0.860069856774254,1.6196343685958692,1.526301094464235,1.6913926284096044
1.452,6.082,2.8696850721372846,1.5762718974806487,1.4678141968937093,1.6567686750829367
1.519,8.822,5.935193954081759,1.570455967281826,1.4624153438220744,1.647889316833176
1.099,3.115,0.0,1.727464757421329,1.6194513535863158,1.8039520691546085
1.258,3.967,0.4784081758555878,1.6750650379960426,1.5594523848539423,1.7704555454448878
1.349,2.539,0.0,1.536392970556044,1.4105643933192913,1.6279626406818695
1.329,8.663,5.436727653175447,1.3407525055235259,1.2123212192359007,1.4397274182445468
1.03,3.205,0.0,1.3897896437187949,1.2676016879746994,1.473283342125018
1.144,3.414,0.10126638032397839,1.3014839270698517,1.1823241641302735,1.3870070407886197
1.628,0.52,0.0,1.157263023440508,1.0353061608744003,1.2480060974774554
1.819,0.823,0.0,0.9838458002716594,0.8688368698588121,1.0685690513128097
1.538,2.689,0.0,0.8076350580131297,0.69855732898212,0.8862316840850114
1.056,1.359,0.0,0.6464805792234966,0.5452164615917766,0.7187749870686753
0.77,0.722,0.0,0.5062876380938601,0.4155309968399424,0.5720050823404222
0.681,4.017,0.49453533897690827,0.38854385090653937,0.3096011947369133,0.4461956811404855
0.657,5.026,1.535525453502823,0.31658561087744147,0.24906365117979193,0.3656012233702341
0.614,1.216,0.0,0.325903668032477,0.2762695167208809,0.36441671016240784
0.616,0.358,0.0,0.29911018051268445,0.2568649320719288,0.3331137721251816
0.637,0.483,0.0,0.25788990172857046,0.22070093116093595,0.2874668182410062
0.645,2.117,0.0,0.21162238893676316,0.17719996533438453,0.2379004200466479
0.545,1.078,0.0,0.16835342300197964,0.13705908552404983,0.1913640106161902
0.497,0.429,0.0,0.1295281235987867,0.10251536263391159,0.1493355510032473
0.473,2.075,0.0,0.09751959794015433,0.07510924088363741,0.11381309371118536
0.432,3.725,0.003523278757188386,0.07168478267058777,0.052890708792735185,0.08543684470268222
0.464,0.101,0.0,0.05178456786921821,0.03666199564408242,0.06288260848320391
0.468,5.408,1.5176028605347303,0.036609114981760824,0.02523881979975702,0.0454130091552392
0.542,3.006,0.0,0.10005399499243432,0.09565277576390653,0.10433761593692048
0.547,1.931,0.0,0.11915348955543272,0.11300869257941634,0.12416148146556698
0.532,1.042,0.0,0.11508980375945936,0.10868800175346457,0.1214890804228773
0.573,3.351,0.0,0.10111134735119821,0.09313351249867177,0.10805321892964344
0.517,5.616,1.7259592684353078,0.08375936529600024,0.07507390240981825,0.09030541904848939
0.487,0.884,0.0,0.15120095435081676,0.14668749005026202,0.15525591161248387
0.487,2.912,0.0,0.16750211253140765,0.15958550411667397,0.17439090929219697
0.478,3.614,0.6029102197168683,0.158818319362789,0.14909106969274244,0.16792046496518565
0.473,6.692,3.640263099356586,0.16797056005801447,0.15743303892404284,0.17623658947774307
0.483,5.309,1.9780306219681254,0.33434042928905117,0.32697122394891365,0.34059251449394135
0.589,8.439,5.7733356481768245,0.4821778529297928,0.46560930826204616,0.49616681036933447
0.736,2.515,0.0,0.7962981888500443,0.7720015612020623,0.8199775326590775
0.795,0.027,0.0,0.8904439521950988,0.8529659885134446,0.9252179743745034
1.084,0.868,0.0,0.8628545940589563,0.8227316178419896,0.9001801507571193
1.035,1.042,0.0,0.7744511275783689,0.7232137058120184,0.81474828192699
0.842,3.832,0.5018423853355003,0.6595033257900172,0.6070594869275661,0.7002826177170745
0.657,1.35,0.0,0.5676850108539577,0.5152455909501944,0.6079847165324664
0.646,4.557,1.3343778592361852,0.46866918208049085,0.41445284722645687,0.5075371540838564
0.736,5.172,2.045808234731821,0.44195841792480817,0.39440717147312065,0.4770068348511509
0.822,2.432,0.0,0.48841291669855336,0.4471601349600367,0.5188236862249243
0.775,3.265,0.0,0.4661662134828247,0.420824583639476,0.49751388513835465
0.705,3.938,0.6996751805851869,0.4128431002420307,0.36743486063529085,0.4426832622224852
0.675,2.089,0.0,0.3822019861559886,0.34130223605443544,0.4100845337828784
0.646,1.254,0.0,0.3305782674870218,0.29021312967183643,0.35823897458915305
0.611,0.705,0.0,0.2738961067012579,0.23664809445719837,0.30036641866886354
0.606,1.028,0.0,0.21877396778273045,0.18508711886955947,0.24263525773463485
0.626,8.257,4.991122072564581,0.16952529940002972,0.1388371311268481,0.19110832232029065
0.587,6.849,3.781696260688407,0.37414936118858877,0.3613729440520241,0.3851865618801021
0.64,7.115,4.1561615818152315,0.626903339981829,0.6078144911664666,0.6434318518239118
0.834,5.913,2.963888794418026,0.9042664975936693,0.8759745070391904,0.9306416725693226
1.365,5.876,3.0646107018176707,1.116191733482055,1.0784278833444385,1.1488575232591174
1.551,9.721,6.6445300899843,1.2852879502616972,1.234638824204393,1.3318251008154878
1.645,3.429,0.42573143203191277,1.5948521379122327,1.5322514597176022,1.6355467689201963
1.457,15.75,12.80948302420496,1.6538556593715616,1.5814299240460867,1.7112676776030844
1.627,12.077,9.077790499445099,2.178139887137416,2.0918728102472013,2.2400290427604252
1.829,4.152,1.0014841503466765,2.741516240417939,2.6525211896775223,2.82415330451768
2.544,1.886,0.0,2.885912282956228,2.775884734690347,2.988979390234357
2.602,6.38,3.334807162128688,2.7391873899704873,2.595286277258768,2.857885871250779
1.941,10.277,7.78885935034152,2.6186299539784827,2.4365705331812086,2.7482325007369828
1.708,9.907,7.097066474552149,2.7364604256806504,2.572093365217038,2.858343840792543
1.789,6.78,3.858198002986348,2.9365541897768326,2.7394972869634353,3.0908229794600954
1.968,5.89,2.956135197442044,3.012625316300284,2.8171072953237744,3.1601694668179023
2.25,3.945,1.1794952373659733,2.969877025830832,2.7587710980710196,3.1318074194246286
2.152,9.319,6.778341156907187,2.7876558685554866,2.5484686630888693,2.9532190933721294
2.455,9.462,6.731338930547239,2.808589275454042,2.584961191846075,2.9719692979930903
2.591,4.275,1.2675119229605611,2.9355304511536247,2.723863876467625,3.0915821967777695
3.029,0.649,0.0,2.8464329927772116,2.6231253066624953,3.0115699158141784
3.244,0.599,0.0,2.582766862592166,2.359941263539052,2.7501058882815164
2.85,0.567,0.0,2.2389477499146477,1.9994487921555917,2.401596540535848
2.095,0.382,0.0,1.883015348013021,1.6687571092922195,2.044806359030819
1.643,1.103,0.0,1.5403496712518345,1.3269121657586307,1.6988250684502042
1.344,1.965,0.0,1.2335549162727149,1.0335540614325742,1.3707640055274075
1.295,2.69,0.0,0.9682172627991613,0.7893173212208662,1.097375212803555
1.11,4.73,1.750808712761271,0.7465940483872635,0.581196194017547,0.8604049318973742
1.059,8.05,5.231644251235933,0.6526687186096642,0.5281519731350959,0.7455676204040138
1.094,3.082,0.29840098535185433,0.8035235121367056,0.7127386908602106,0.8743153996844502
1.525,3.206,0.5280830047179723,0.8271712704670595,0.7434986667563536,0.8878540812390671
1.41,4.089,1.325448406094646,0.7935422173517616,0.7155190570259371,0.852583279356025
1.41,5.072,2.1528183342685057,0.7738030838672766,0.7001770046963449,0.8283047522076388
1.288,3.384,0.5246919112917303,0.8009550860330994,0.7342238967638788,0.8515901704553768
1.44,4.136,1.1904116521113162,0.7733396080373679,0.7123195693010438,0.8260640986940901
1.789,7.171,4.392424756852736,0.7483354724327941,0.6876015436709475,0.7976529572011613
1.613,3.286,0.6836046051051596,0.8870308081048197,0.8337091888372973,0.930257522488831
1.667,1.385,0.0,0.9172488389740473,0.859962866919181,0.9648237675884059
1.977,1.572,0.0,0.8544764822197045,0.7901012726173776,0.9054611170173726
1.744,0.7,0.0,0.7482382886940214,0.6782229055090262,0.7954373925600557
1.316,2.25,0.0,0.625813580886434,0.5567249018437783,0.677481701224949
1.148,4.827,2.067733357546976,0.5095730581586774,0.43768247878417504,0.5568436178995341
1.09,1.423,0.0,0.5049911497175588,0.4467182100265898,0.5460981869231086
1.026,1.798,0.0,0.4563965645233945,0.4035671996030911,0.49612535541041736
1.01,3.855,0.995568798894106,0.3885305644530701,0.3337556494456606,0.42643452640095
1.106,0.692,0.0,0.36809392863900475,0.32121996069985,0.40086572295352224
1.026,0.226,0.0,0.3233514061300413,0.28295084100928075,0.35299716433465755
0.957,0.016,0.0,0.2697224115370907,0.22875532659679393,0.2978079296919538
0.877,0.145,0.0,0.21688069234147667,0.18136572841365753,0.24192325745613463
0.802,0.043,0.0,0.169303483805881,0.13521106867172175,0.19242224800734875
0.75,0.071,0.0,0.12908539256579094,0.10006806052308945,0.14844605295414692
0.719,0.448,0.0,0.09590709047280145,0.07379657974683483,0.11236344357750128
0.688,0.628,0.0,0.06987502103093286,0.05095023998121363,0.08345062391610972
0.67,2.817,0.0,0.049809480387202544,0.034718664965661054,0.06083781333862425
0.653,1.284,0.0,0.03494784857330428,0.023489903325537586,0.043696491381914726
0.647,4.192,1.5535975773275377,0.023898086481309994,0.015033068909311699,0.030786725365151736
0.67,2.719,0.0,0.0925250031309912,0.09013081374505598,0.09486660231074241
0.682,7.244,4.762014550790973,0.1139541741949781,0.10854714959338975,0.11893126209744558
0.7,1.279,0.0,0.3464326153660042,0.33741184330356017,0.35713209907156607
0.694,4.866,2.26064676078136,0.4272479035623955,0.412420417979008,0.44449834504258845
0.7,1.282,0.0,0.5404276170267112,0.5201023312627651,0.5598611334419445
0.725,0.365,0.0,0.5490482093192899,0.5285586581663213,0.572856529213685
0.831,0.015,0.0,0.5058772983321135,0.4785248784943884,0.5286458491061448
0.759,1.756,0.0,0.4350790655188731,0.4010235021934207,0.4603221837568815
0.661,0.164,0.0,0.3595740482316267,0.321329843212602,0.385721378643219
0.617,1.294,0.0,0.2885290173703168,0.2491709921456219,0.31283529270226684
0.561,0.891,0.0,0.2247155653178539,0.19044433073208317,0.24795913560571267
0.561,1.206,0.0,0.17125250301066422,0.13985336584206257,0.19300043828337096
0.548,3.336,0.7158062357734138,0.12732556333133177,0.10154384658834224,0.14628621385208426
0.498,2.106,0.0,0.12805417656848012,0.1070244996421894,0.14289218993759378
0.464,0.208,0.0,0.11522589422351834,0.09751266365929873,0.12810801975850564
0.453,0.814,0.0,0.0966507115476234,0.08112204193028184,0.10798488955937142
0.442,4.51,1.696034567088629,0.07770089440061335,0.06391893579202043,0.0878314244724412
0.442,1.391,0.0,0.1431702993699884,0.13659136265411087,0.14922685888375564
0.442,1.119,0.0,0.1602807712148606,0.1505770000720587,0.16774825886630448
0.431,0.844,0.0,0.15134841682731934,0.14110689865365766,0.1600190796282564
0.421,0.921,0.0,0.13180902064365269,0.12049913538506422,0.1405341178146621
0.421,0.405,0.0,0.10861689698322351,0.09600291462013355,0.11788901623225742
0.4,0.046,0.0,0.08593839236987913,0.07359724371308483,0.09455016682404305
0.391,0.084,0.0,0.0657449845391619,0.054050223560974324,0.07359185298255574
0.381,0.052,0.0,0.04913731305995386,0.03906128653996886,0.05626304656043443
0.363,0.003,0.0,0.03564555348377267,0.027295463363902643,0.04162101160384412
0.345,0.025,0.0,0.025377445534373287,0.018185107599497617,0.030435314724802796
0.336,0.406,0.0,0.017736658825279604,0.012207818156738666,0.021750291892737986
0.328,0.398,0.0,0.012056555810539361,0.007743402122746878,0.015259304499060055
0.328,0.235,0.0,0.008065346423843892,0.004899335485150118,0.010402633414294246
0.32,0.0,0.0,0.005321234686313791,0.0030554987926968676,0.007085875659338247
0.312,0.0,0.0,0.0034581300806188616,0.001872852966070692,0.004702545497750267
0.296,0.067,0.0,0.002216383321179584,0.0011509824893161796,0.003116622471653064
0.296,0.015,0.0,0.001407450571954618,0.0007008461819822869,0.002034208259886026
0.264,0.057,0.0,0.0008873770415944758,0.0004252996562413265,0.001295155636674873
0.28,0.089,0.0,0.0005570526795362536,0.0002567627077359289,0.0008268054373591772
0.245,0.057,0.0,0.0003508660275265812,0.00015827653913735867,0.0005319703632947507
0.245,0.017,0.0,0.00022141146214878295,9.900806730923034e-05,0.00034184767437497296
0.245,0.167,0.0,0.00014088932395229766,6.1009808636606844e-05,0.0002196623328207326
0.232,0.001,0.0,9.031293018229208e-05,3.815603528754547e-05,0.00014167647806124053
0.235,0.021,0.0,5.8404646034846406e-05,2.5665636709989805e-05,9.174492636785823e-05
0.215,0.012,0.0,3.8096839153465556e-05,1.6415713626454616e-05,6.02789041735477e-05
0.212,0.005,0.0,2.5009647668855918e-05,1.0489653727753558e-05,3.983376047492551e-05
0.203,0.002,0.0,1.653623289622724e-05,6.655214003544151e-06,2.65464435888692e-05
0.2,0.009,0.0,1.0964938229046408e-05,4.243259253081369e-06,1.780854457755482e-05
0.191,0.004,0.0,7.252238624330882e-06,2.701360829983637e-06,1.2015094366495855e-05
0.186,0.144,0.0,4.852961089584971e-06,1.799226561529219e-06,8.066969464582751e-06
0.183,0.009,0.0,3.2371540838504762e-06,1.1214399640306892e-06,5.472078224579584e-06
0.194,0.007,0.0,2.178598885058089e-06,7.732306827490243e-07,3.6803782741275734e-06
0.178,0.001,0.0,1.4515037844197247e-06,4.6493529367750243e-07,2.4788090584960436e-06
0.175,0.005,0.0,9.770362321062817e-07,3.2525901005409645e-07,1.699972458737271e-06
0.173,0.116,0.0,6.614734770840731e-07,2.0536079399333883e-07,1.151790096643213e-06
0.17,0.0,0.0,4.4326540794535864e-07,1.3754390363174359e-07,7.907790097297366e-07
0.163,0.0,0.0,2.992338421414658e-07,8.46790843417921e-08,5.41232199260306e-07
0.16,0.018,0.0,2.0201362868938177e-07,5.898835764874199e-08,3.6817558532126316e-07
0.158,0.057,0.0,1.3658093408533669e-07,3.788977933735784e-08,2.531767386403067e-07
0.158,0.012,0.0,9.258918389164379e-08,2.5988879028481225e-08,1.7038250748180217e-07
0.153,0.034,0.0,6.235233407390832e-08,1.574376527203019e-08,1.192498344105434e-07
0.156,0.195,0.0,4.244972403675368e-08,1.1212374852305517e-08,8.084226337987366e-08
0.151,0.144,0.0,2.8699452752407243e-08,6.560516863893604e-09,5.593521497640098e-08
0.144,0.086,0.0,1.9522835474385675e-08,4.515589880283733e-09,3.827876563934424e-08
0.138,0.014,0.0,1.319744061346992e-08,2.2936104981808355e-09,2.6386939639409803e-08
0.132,0.06,0.0,9.073143615036695e-09,1.6631508879148897e-09,1.8161872323675793e-08
0.13,0.019,0.0,6.077031100690933e-09,3.2846015645797566e-10,1.255556054147598e-08
0.128,0.036,0.0,4.269283681519829e-09,2.444328333949995e-10,8.692205257174448e-09
0.127,0.096,0.0,2.8360679227455208e-09,0.0,6.169090283847971e-09
0.125,0.001,0.0,2.027071218555204e-09,0.0,4.4506285984855484e-09
0.124,0.0,0.0,1.3771308786408138e-09,0.0,3.42676249546157e-09
0.122,0.003,0.0,1.0003722599615765e-09,0.0,2.6543689258859963e-09
0.121,0.0,0.0,7.076693711284277e-10,0.0,2.1696941384196164e-09
0.118,0.07,0.0,5.238235353620648e-10,0.0,1.6782215200611249e-09
0.115,0.155,0.0,3.8862868780324615e-10,0.0,1.4133868017075866e-09
0.114,0.505,0.0,2.856261975928853e-10,0.0,9.987856511162584e-10
0.113,0.727,0.0,2.1972078306876612e-10,0.0,8.38734358903991e-10
0.113,0.59,0.0,1.5866683728712776e-10,0.0,5.798626566388933e-10
0.113,0.107,0.0,1.1881084131864025e-10,0.0,4.5651567281121626e-10
0.112,0.048,0.0,8.484475247807683e-11,0.0,3.097199463623834e-10
0.113,0.044,0.0,6.264085945684725e-11,0.0,2.3986020493041583e-10
0.111,0.068,0.0,4.4232959623853654e-11,0.0,1.715010808555959e-10
0.11,0.171,0.0,3.2125216861051294e-11,0.0,1.2428854968071112e-10
0.11,0.133,0.0,2.257451813703888e-11,0.0,8.869133896802856e-11
0.107,0.0,0.0,1.6505476471382313e-11,0.0,6.564836775302113e-11
0.107,0.286,0.0,1.1472468292962884e-11,0.0,4.5866495819517106e-11
0.11,0.001,0.0,8.361431113226758e-12,0.0,3.3368357575683345e-11
0.108,0.023,0.0,5.831113293764813e-12,0.0,2.371973930356407e-11
0.106,0.225,0.0,4.255137774924564e-12,0.0,1.7263605161075295e-11
0.105,0.273,0.0,2.9644840836613107e-12,0.0,1.226660163564037e-11
0.104,0.358,0.0,2.165968394071269e-12,0.0,8.931577301431613e-12
0.103,0.017,0.0,1.5074682040341738e-12,0.0,6.3436412080644295e-12
0.102,0.077,0.0,1.1027942490916442e-12,0.0,4.62088149431995e-12
0.101,0.229,0.0,7.94821476380121e-13,0.0,3.2894117928910746e-12
0.1,0.002,0.0,5.609862764411818e-13,0.0,2.390680302467902e-12
0.098,0.044,0.0,3.905157675857154e-13,0.0,1.6965525322601292e-12
0.096,0.0,0.0,2.857643389247224e-13,0.0,1.2368532612473307e-12
0.093,0.0,0.0,1.9871122400257603e-13,0.0,8.773677401160065e-13
0.096,0.001,0.0,1.456005405424365e-13,0.0,6.399040466915208e-13
0.091,0.001,0.0,1.0113501272211181e-13,0.0,4.5372845035741174e-13
0.091,0.011,0.0,7.420200005339963e-14,0.0,3.310636794918169e-13
0.089,0.002,0.0,5.148426570142472e-14,0.0,2.346444908503405e-13
0.087,0.006,0.0,3.782373696202465e-14,0.0,1.7128061803191507e-13
0.089,0.013,0.0,2.6214401290390222e-14,0.0,1.2134578963297114e-13
0.086,0.0,0.0,1.928448347927175e-14,0.0,8.861452380153456e-14
0.086,0.022,0.0,1.3350465282566356e-14,0.0,6.275366026534268e-14
0.084,0.077,0.0,9.834333190340476e-15,0.0,4.5846015564522716e-14
0.083,0.002,0.0,6.800526471008242e-15,0.0,3.245289258647852e-14
0.084,0.008,0.0,5.016187437918718e-15,0.0,2.371910457560448e-14
0.083,0.005,0.0,3.4647907465542854e-15,0.0,1.678292919963975e-14
0.083,0.004,0.0,2.5591347119185363e-15,0.0,1.2271424651474252e-14
0.084,0.0,0.0,1.765625216266828e-15,0.0,8.679248291209494e-15
0.083,0.0,0.0,1.3058753879721635e-15,0.0,6.348800541275372e-15
0.081,0.087,0.0,8.999239151994455e-16,0.0,4.488450735027358e-15
0.079,0.196,0.0,6.664969858343144e-16,0.0,3.284644588803921e-15
0.077,0.073,0.0,4.587727049879882e-16,0.0,2.3211906521435213e-15
0.077,0.043,0.0,3.4023672840017547e-16,0.0,1.6993588120641452e-15
0.075,0.001,0.0,2.3392284214366077e-16,0.0,1.2003977233534416e-15
0.074,0.007,0.0,1.7371985445257975e-16,0.0,8.791880865961978e-16
0.074,0.001,0.0,1.1929706941126886e-16,0.0,6.207825681753206e-16
0.074,0.007,0.0,8.871595004452781e-17,0.0,4.548607929201058e-16
0.073,0.008,0.0,6.085101483528066e-17,0.0,3.2103609450525676e-16
0.072,0.004,0.0,4.531444811827543e-17,0.0,2.3532887382756004e-16
0.071,0.062,0.0,3.1044568760000776e-17,0.0,1.6602298334548632e-16
0.071,0.0,0.0,2.3150116866484667e-17,0.0,1.2175083033001669e-16
0.07,0.007,0.0,1.584098068558779e-17,0.0,8.585835509240431e-17
0.062,0.004,0.0,1.1829052897302366e-17,0.0,6.298957090505144e-17
0.065,0.008,0.0,8.084553113099884e-18,0.0,4.440142557845251e-17
0.066,0.142,0.0,6.045411404257081e-18,0.0,3.2588575028769567e-17
0.065,0.246,0.0,4.126733368811013e-18,0.0,2.2962082039869247e-17
0.064,0.043,0.0,3.0901508128678066e-18,0.0,1.686017564762934e-17
0.077,0.199,0.0,2.106843007088111e-18,0.0,1.187478115280525e-17
0.077,0.198,0.0,1.5798296573933172e-18,0.0,8.722858379002126e-18
0.067,0.582,0.0,1.075801814575474e-18,0.0,6.141012264703396e-18
0.063,0.79,0.0,8.078235045313152e-19,0.0,4.512898346609176e-18
0.063,1.057,0.0,5.494215376462026e-19,0.0,3.1758085602374166e-18
0.067,2.03,0.0,4.1313998154519227e-19,0.0,2.334813972300195e-18
0.067,1.268,0.0,2.8064117840517307e-19,0.0,1.6423611575338476e-18
0.072,0.603,0.0,2.113252459917001e-19,0.0,1.2079501691988673e-18
0.072,1.909,0.0,1.4337335068377308e-19,0.0,8.493428116556837e-19
0.077,2.994,0.0,1.0811298900187522e-19,0.0,6.249506976787987e-19
0.072,2.393,0.0,7.325813096969897e-20,0.0,4.39235431510975e-19
0.063,0.543,0.0,5.531916725211073e-20,0.0,3.2332739137598574e-19
0.077,0.358,0.0,3.743800058516038e-20,0.0,2.27149463857324e-19
0.077,0.646,0.0,2.831024400361034e-20,0.0,1.6727815985467053e-19
0.077,0.243,0.0,1.9135417541716887e-20,0.0,1.1746975592167788e-19
0.072,0.004,0.0,1.4490413495071326e-20,0.0,8.654380574137549e-20
0.067,0.103,0.0,9.782071020506375e-21,0.0,6.074917951492133e-20
0.067,0.452,0.0,7.417987830058851e-21,0.0,4.477470560681509e-20
0.063,1.108,0.0,5.001385802742812e-21,0.0,3.141628058096749e-20
0.063,0.474,0.0,3.79803206593939e-21,0.0,2.3164849966138685e-20
0.063,0.176,0.0,2.5575003410854786e-21,0.0,1.6246847997679714e-20
0.058,0.226,0.0,1.944900227495161e-21,0.0,1.1984674611445472e-20
0.054,1.52,0.0,1.3079946830545037e-21,0.0,8.402015292196395e-21
0.054,0.939,0.0,9.960961218625205e-22,0.0,6.2004470871804544e-21
0.058,1.615,0.0,6.690527255990717e-22,0.0,4.345080410788487e-21
0.058,0.831,0.0,5.102340548163259e-22,0.0,3.2078922109435067e-21
0.058,1.642,0.0,3.422771954707416e-22,0.0,2.2470470619289632e-21
0.063,0.93,0.0,2.613972218655764e-22,0.0,1.6596500802041698e-21
0.063,0.307,0.0,1.751289817220682e-22,0.0,1.1620545585513734e-21
0.058,0.04,0.0,1.3393525404050583e-22,0.0,8.586443140675157e-22
0.065,0.001,0.0,8.961892163212831e-23,0.0,6.00953500243565e-22
0.065,0.005,0.0,6.863574460041261e-23,0.0,4.442322341242446e-22
0.063,0.009,0.0,4.586720214138296e-23,0.0,3.107815436073342e-22
0.066,0.22,0.0,3.5177616246075026e-23,0.0,2.298300657415329e-22
0.061,0.099,0.0,2.3478202998544996e-23,0.0,1.6071986902452344e-22
0.068,0.67,0.0,1.803192947766302e-23,0.0,1.189059582207792e-22
0.059,1.485,0.0,1.2019510003104326e-23,0.0,8.311586331663321e-23
0.057,1.358,0.0,9.244360349181809e-24,0.0,6.151774333414839e-23
0.057,0.806,0.0,6.154137986157169e-24,0.0,4.2983153090794605e-23
0.057,2.707,0.0,4.739904103501314e-24,0.0,3.182710796684989e-23
0.059,0.27,0.0,3.1514144045353213e-24,0.0,2.2228626112285643e-23
0.056,0.375,0.0,2.4306332347709156e-24,0.0,1.6466221831287417e-23
0.056,1.015,0.0,1.6139902143241404e-24,0.0,1.1495476327815714e-23
0.054,1.836,0.0,1.2465958416426665e-24,0.0,8.519041802091845e-24
0.053,1.223,0.0,8.267089928236836e-25,0.0,5.944855761152753e-24
0.054,0.22,0.0,6.394218496962155e-25,0.0,4.407451475794505e-24
0.051,1.092,0.0,4.235065281158295e-25,0.0,3.074366734689683e-24
0.053,0.75,0.0,3.2802280048961556e-25,0.0,2.2802598100492145e-24
0.053,0.045,0.0,2.169814215858663e-25,0.0,1.5899007813321925e-24
0.053,0.442,0.0,1.6829630071400514e-25,0.0,1.1797259401909097e-24
0.05,0.259,0.0,1.1118323535443513e-25,0.0,8.222130645674808e-25
0.051,0.434,0.0,8.635715298466326e-26,0.0,6.103485651703407e-25
0.051,1.06,0.0,5.697832979215827e-26,0.0,4.252053533762756e-25
0.047,0.446,0.0,4.431742446426185e-26,0.0,3.1577280859063066e-25
0.047,0.041,0.0,2.920337973159006e-26,0.0,2.1989384544592337e-25
0.05,1.499,0.0,2.2745862838987362e-26,0.0,1.6336970872661366e-25
0.05,0.543,0.0,1.4969554144029858e-26,0.0,1.137175317339354e-25
0.05,4.973,1.2427917785901217,1.1675656019075131e-26,0.0,8.4521723157634e-26
0.044,4.427,1.0186727371779676,0.06112318024378936,0.058869465427712805,0.06466780986242378
0.044,5.549,2.2049100467377114,0.13084476519156596,0.12645995361190307,0.13686368602201943
0.045,2.351,0.0,0.2583696517890382,0.24964983950212893,0.2685061808711233
0.045,0.385,0.0,0.2954914749945673,0.2830882754175916,0.3076821632491303
0.046,0.377,0.0,0.2860599207840335,0.2736642286861265,0.29999746539459965
0.045,0.641,0.0,0.25365349095767503,0.23937707932743474,0.2689820329196911
0.044,0.073,0.0,0.2119947406951976,0.19290493355050675,0.22574934666221674
0.045,1.383,0.0,0.1713358120696713,0.15150089136186207,0.18506565406050893
0.044,0.51,0.0,0.13355560840479697,0.11469091996860604,0.1472436534590062
0.045,0.823,0.0,0.10169518472892947,0.08374958715209234,0.11371920673398532
0.04,0.004,0.0,0.07549346655871719,0.06001911071807397,0.08582762392454157
0.04,0.0,0.0,0.054667603747328285,0.041267909653090504,0.06367262097152751
0.039,0.04,0.0,0.03887989675154502,0.027937244081870857,0.046315123599401445
0.037,1.296,0.0,0.027133572209545112,0.018697545378252377,0.03317017171174908
0.037,0.034,0.0,0.01853631223975865,0.01209785793542907,0.023395743419212512
0.037,0.786,0.0,0.012467272175226309,0.007713104530514323,0.016213609344814257
0.039,2.296,0.0,0.008212543079026921,0.004753838011226182,0.01098841025884219
0.035,7.43,3.905234255429811,0.005326493092919767,0.0029689866228468273,0.00727685452477724
0.034,5.393,2.1539267777318076,0.19547226936301793,0.18963951503165216,0.2051405985128959
0.034,3.008,0.0,0.3709317163181664,0.3571486297181173,0.38726700932022196
0.035,2.284,0.0,0.4228011807387328,0.40364624507378805,0.439597609915871
0.036,4.308,0.47596207016382275,0.4107168907143512,0.39397246710431494,0.43207546150001147
0.035,14.44,10.958922627686807,0.3876344962922843,0.3636772483882521,0.4050291875954718
0.042,5.418,2.4962275559875655,0.8807947072209613,0.8619618373666034,0.8999201390971444
0.042,8.693,5.691949479274806,1.181848193048095,1.1188418645516052,1.2126520558595422
0.045,3.427,0.0,1.5175537967494634,1.4530468285722606,1.5613351995906986
0.104,3.506,0.007187357140036266,1.57845414110192,1.5071384814171016,1.6470089063789877
0.111,0.687,0.0,1.4744834530548045,1.3813597565818476,1.5456350594488144
0.119,0.826,0.0,1.3085286924575652,1.2124578733370375,1.3796155408403707
0.121,0.187,0.0,1.1087548356274983,1.004040628133165,1.1822783780319395
0.119,0.553,0.0,0.9110418630987349,0.7989164840648698,0.9854700125022644
0.115,1.745,0.0,0.7297717667336433,0.6196420806779352,0.8005943105502037
0.111,2.917,0.0,0.571921408848745,0.47124086035399954,0.6399356629190495
0.103,6.667,3.398596505509334,0.43843666949047666,0.35030010087669905,0.4982556700340877
0.103,6.543,3.246099145498817,0.49826982690116345,0.4290915870313721,0.5433108024104295
0.106,2.004,0.0,0.6421422600955896,0.5929911509110377,0.6763710521120652
0.106,0.006,0.0,0.6593774030609091,0.6094576323765651,0.6982985145503754
0.107,0.002,0.0,0.6112911158844943,0.5622256193151078,0.6485812359968038
0.111,0.011,0.0,0.5310984331724438,0.4766555188097882,0.5696670717545701
0.112,0.9,0.0,0.440850980964173,0.38878229384269514,0.4810087299334297
0.106,3.894,0.06794618037637568,0.3550750876629078,0.30455802905854346,0.39202710266286833
0.104,1.66,0.0,0.28177726164962963,0.23684022184680484,0.31629739139356317
0.098,0.058,0.0,0.21805245106190763,0.17733041999363156,0.2477438789404271
0.101,0.149,0.0,0.16478109154233564,0.12777062146023693,0.1910799073194681
0.103,1.937,0.0,0.12169430928468702,0.0913043115611904,0.1435212559949815
0.095,1.931,0.0,0.0884324404606654,0.06353703553047611,0.10641152744308366
0.095,2.49,0.0,0.06291004147489976,0.04287954466788456,0.07747352360868177
0.095,12.135,8.49980003413784,0.043799968158838055,0.02738697332056537,0.05548089893192293
0.094,6.134,3.121322273714236,0.44811462199533053,0.44026928193776876,0.46229044613137904
0.101,3.241,0.13746454180525713,0.759471003776487,0.734487375457556,0.7865674604292933
0.114,3.979,0.8379474358045402,0.8600436351350762,0.8196094079005406,0.8932813179201626
0.111,3.6,0.5300947910869214,0.8784275118056437,0.8396257425254374,0.9128659755876879
0.117,1.768,0.0,0.8382673307330547,0.7925985781629924,0.8758515379500509
0.129,0.497,0.0,0.7460207454880479,0.6931944261246522,0.7871494502429287
0.137,1.528,0.0,0.6327264361722658,0.5740177990575261,0.673306946110117
0.153,2.375,0.0,0.5192265373163173,0.46122580677161096,0.5582992951828488
0.15,1.316,0.0,0.4123728808653551,0.35588507851915924,0.4508468553108171
0.131,0.889,0.0,0.3204528270761452,0.26464399059989707,0.3572785012448303
0.131,0.427,0.0,0.2438682802665514,0.19751000247730258,0.2769257814241604
0.226,0.59,0.0,0.18234381105540437,0.14010544411546252,0.211365296849811
0.359,2.141,0.0,0.13325863630791543,0.09820114575026104,0.157920493141157
0.222,3.021,0.0,0.0953240808929333,0.06700403424193616,0.1152843255578146
0.156,2.423,0.0,0.06727709831255704,0.04530382994317971,0.08324104397741333
0.118,2.16,0.0,0.04664802891008389,0.02995724700881845,0.05939902616554445
0.108,3.284,0.0,0.03164888588387662,0.019413478401034287,0.04138412831138512
0.206,6.161,3.18041733148107,0.021123311370079455,0.012064087763151134,0.028324928030973452
0.252,5.635,2.435611820940425,0.1702113125460698,0.16829602864630744,0.17328426007189726
0.182,6.096,2.9862526945109296,0.34305360693000614,0.3315322052236408,0.354575117563605
0.145,3.492,0.45280019522190695,0.5431272940206604,0.5280370184688545,0.5606218230284261
0.198,5.791,2.727758414052961,0.6183599078584883,0.5943197182877057,0.6361571055336871
0.342,3.26,0.0,0.7354589027521432,0.7108973918544891,0.7569637822244648
0.342,3.124,0.0,0.7316557474746954,0.7016425350196296,0.763380736007872
0.362,8.306,5.383126711434578,0.6636196869050476,0.6185170912663115,0.6971349685182646
0.349,8.113,5.478012042159735,0.8375697008111275,0.7982785769534813,0.8674591438363168
0.336,0.783,0.0,1.1240360961025735,1.076437154219666,1.1576687312509752
0.336,3.771,0.40183054581745337,1.1813734576274537,1.1257298096734207,1.2288917850062768
0.468,5.437,2.4992045464138215,1.1318173993845781,1.0695521863053794,1.1842946573754312
0.498,5.304,2.485157687235746,1.1335080296337599,1.0617323503276992,1.1933637367479843
0.483,5.378,2.557371279146426,1.1631992579976298,1.0961010936723283,1.2189740553481285
0.824,4.876,1.5460744340229238,1.2065696606687568,1.1342142803257298,1.26198605462511
0.84,4.321,1.3411799915038278,1.2039665207976407,1.1183161519626446,1.2626795591919555
0.813,3.298,0.0,1.1703201765569324,1.0846636083119874,1.227992718164689
0.71,4.42,1.2127928913636148,1.0570616090372627,0.9718771025096717,1.126389925264861
0.671,3.952,0.888484644521045,0.9667897995317223,0.8841733289244387,1.0288788966143319
0.637,5.863,2.6240896037251247,0.8802673961936348,0.7860075899073209,0.9465845525798628
0.637,8.133,4.953723438398045,0.8890902067559042,0.8090606479133023,0.9458781111739615
0.725,7.485,4.403291681581143,1.0594616498331837,0.9945857488048637,1.1115459668554217
0.845,5.129,2.165834331918435,1.2775592111833172,1.2184625737894197,1.3274735621867424
1.087,3.258,0.13483875069364926,1.3937872411254957,1.3218117755839722,1.4566051542996634
1.279,2.855,0.0,1.3505428424580888,1.2719668862279954,1.4183443272846574
1.349,6.887,3.765359132755396,1.2117323383627643,1.1165959512622625,1.28562769465426
1.392,7.136,3.94569046888235,1.2247822653475147,1.1313721897651363,1.2907693167296241
1.371,9.348,6.28542954352165,1.3251308008652858,1.242512524000811,1.3987011662764386
1.58,5.247,2.2962542341748087,1.5786009319323244,1.5023627319365846,1.6456199331518957
2.042,2.095,0.0,1.6974833841635537,1.6070519233024874,1.7731099275188194
2.429,0.214,0.0,1.6257233628951981,1.5107184900835147,1.7087676019681033
1.625,2.489,0.0,1.4564664303266766,1.338334095421121,1.542203134987369
1.477,6.022,2.9830043166467037,1.2461311636025416,1.1122819543791473,1.336476388028573
1.522,2.522,0.0,1.182902858343581,1.0681693542556405,1.265112998349869
1.45,1.257,0.0,1.0496056866162315,0.9429551016308351,1.128625266393092
1.116,0.22,0.0,0.8891485134255234,0.783929629923238,0.9662128239386767
0.892,2.699,0.0,0.7299096754450353,0.6289113129817623,0.8029242934239881
0.762,0.736,0.0,0.5827801719067133,0.490716812904731,0.6503355887220994
0.688,0.944,0.0,0.4562027467127929,0.36998261796363685,0.51783127221055
0.635,0.26,0.0,0.34839802771835143,0.26891419522070703,0.40132881655121855
0.609,2.072,0.0,0.26184297638496,0.20205214118315953,0.3072433879994053
0.584,2.029,0.0,0.19483200661255776,0.14124125683270286,0.23150762432325445
0.594,1.098,0.0,0.13957270071281988,0.09825082743443793,0.17035523714283857
0.619,2.385,0.0,0.09921391020964436,0.06552000528638878,0.12407836723174767
0.574,1.305,0.0,0.06941096487237092,0.04348328124644277,0.08936201021868025
0.55,1.147,0.0,0.04760448107589635,0.028009708705844568,0.06260130367941925
0.526,1.416,0.0,0.032161667501507896,0.017918529631130654,0.04305581494610467
0.508,0.554,0.0,0.021138606275307757,0.010974105279157457,0.02939269957584279
0.49,1.528,0.0,0.013717965873161007,0.006641565903537391,0.01964759091463237
0.485,1.663,0.0,0.008745205351954439,0.0038709829520209966,0.012952457470918805
0.494,3.789,0.884118336570495,0.005484105893779863,0.0022743025137865716,0.008292537608486835
0.499,5.696,2.747651659355754,0.04686166156687358,0.04615826200422707,0.04751673668125857
0.54,16.543,13.715989356123632,0.19453250940108135,0.18926657230195781,0.20275810313261663
0.768,2.484,0.0,0.9201347232058752,0.8913333365690321,0.9649506883678893
1.0,2.683,0.0,1.2127489529011424,1.1582997801815793,1.2656005690019638
1.05,4.374,1.5028373426116675,1.2676577585300208,1.2080861779312284,1.3186862460552908
1.057,5.44,2.610280774593551,1.2619024731269657,1.2071394050604318,1.3135655838681506
1.028,6.511,3.6161016490841615,1.2844416950742825,1.2251452606075888,1.3348921207326787
1.451,6.648,3.6336836697864574,1.3671986999626995,1.2953043115129717,1.4174985837321001
0.992,5.257,2.0800363176927212,1.4810652908012754,1.409808086257676,1.5385971277950674
1.065,1.268,0.0,1.5191229147928969,1.4349182221393633,1.5846525174552302
1.042,5.324,2.2005112248710064,1.4183101816074246,1.3163833566574856,1.4926232494767238
1.042,5.629,2.7176353238778566,1.35969525530589,1.2646242295716597,1.4329490313240718
1.056,2.952,0.0,1.3477297060097413,1.252013879906342,1.4231370958578724
1.231,0.272,0.0,1.2309471861177639,1.118339791778147,1.304918579601216
1.296,7.462,4.472573571714091,1.0713043910623186,0.9657418148561037,1.1471583297734533
1.122,2.428,0.0,1.1088214039862754,1.0101542332138789,1.1833668048067407
1.034,6.229,3.299730245603324,1.0416471062800479,0.9491138079701923,1.1092901038959182
1.049,4.759,1.9634774687191947,1.0812463889014108,0.9975793169139374,1.141468609306814
1.071,6.905,4.279046090545121,1.1048832132155264,1.0224451093777411,1.1708097886932876
1.296,3.673,1.0691528622763662,1.2410827690526043,1.166513815000238,1.2997996597494152
1.681,3.471,0.708025276359741,1.2538096005910089,1.1608783856643008,1.3231713003665744
1.883,0.845,0.0,1.1984678124335912,1.1089398544067304,1.2780056445035277
1.503,0.098,0.0,1.0688555562108337,0.9647682898192562,1.1353157884830551
1.476,0.004,0.0,0.9088469305326117,0.8187621782087506,0.9785306195282233
1.239,0.003,0.0,0.7490630094209529,0.6509204669683326,0.816260796424832
0.992,0.525,0.0,0.5997419272777389,0.5130558547389786,0.6632262036532791
0.84,0.005,0.0,0.4702220896130469,0.3898387048038897,0.5279627894894159
0.75,0.063,0.0,0.3597767964638827,0.2893329316605441,0.41098453827642256
0.688,0.019,0.0,0.2709309466702081,0.21021548935132556,0.315646229266877
0.655,1.116,0.0,0.19991530837626373,0.14922859269937108,0.23685153701037945
0.618,1.738,0.0,0.14505155948990306,0.10317948925763067,0.1763700529610004
0.47,2.34,0.0,0.10313798134385568,0.06991510402891382,0.127822327024706
0.416,0.963,0.0,0.07233271800112437,0.04743300092481028,0.09198676346019379
0.391,0.285,0.0,0.0495793659902222,0.030396591482005936,0.06490674011454449
0.368,0.0,0.0,0.03357181225266799,0.01936783279016186,0.04492874187944728
0.335,0.405,0.0,0.02221034507345444,0.012107012731174758,0.030690772091441255
0.315,1.612,0.0,0.01439583916333546,0.007034362944502485,0.02048877098219055
0.286,3.452,0.5174347517854967,0.00916197548265934,0.004146694591671948,0.013513103523594827
0.277,5.401,2.579081750067245,0.031211830633316683,0.029405898454690365,0.03331694387518143
0.277,0.286,0.0,0.1636365664517314,0.16013232711418596,0.17012998495721257
0.277,0.84,0.0,0.20976551510658045,0.2006486859733147,0.21762346251198536
0.305,0.307,0.0,0.21118030138510716,0.2001177826263265,0.22230334829441775
0.286,0.11,0.0,0.19091035863631753,0.17894177713691614,0.20205107201942052
0.26,0.416,0.0,0.1618362655424541,0.14837247289018068,0.17225432438902302
0.244,0.001,0.0,0.13111788283042272,0.11728709342257675,0.14126773607450496
0.221,0.0,0.0,0.10243072697439642,0.08803209464882629,0.11270096391269153
0.214,0.002,0.0,0.07792419224549735,0.06496625632586417,0.08705437638886447
0.214,0.013,0.0,0.05772640237388062,0.045544831423005624,0.06555014622175509
0.207,0.721,0.0,0.04182339899305362,0.032078041084561505,0.048863794595735845
0.188,0.845,0.0,0.029605015277626826,0.021239320226177638,0.03539202099028942
0.182,0.264,0.0,0.020572297019834616,0.014320233287788047,0.025256066490103847
0.17,0.516,0.0,0.01404978157251227,0.009153638822739304,0.017646133794842565
0.17,0.96,0.0,0.009390677697134371,0.005787477677438897,0.012081908723341233
0.164,0.254,0.0,0.006185967564343789,0.0036236304167609305,0.008193450597901506
0.164,0.153,0.0,0.004001917037290411,0.0021902492218194617,0.005455200477543067
0.164,0.139,0.0,0.002560032490987185,0.0013219663350928332,0.003590060706208035
0.159,0.119,0.0,0.0016133289168438324,0.0007904355606283253,0.0023354586850817334
0.159,0.191,0.0,0.0010140892167064162,0.00047757836820576475,0.0015012658340942838
0.159,0.527,0.0,0.0006345061893400453,0.0002849835314997019,0.000956578861015004
0.148,0.069,0.0,0.00039512587714970044,0.00017248314889723658,0.0006119833774525755
0.143,0.749,0.0,0.0002488123273971875,0.00010969170048687364,0.00038703147516373976
0.143,0.513,0.0,0.00015743167028665718,6.60124998961394e-05,0.00024905258753682116
0.139,0.361,0.0,0.00010053695222083928,4.348550066766768e-05,0.00016021930715085804
0.139,0.238,0.0,6.507565567671421e-05,2.6947636242797045e-05,0.00010404959524609043
0.139,0.354,0.0,4.215151785447063e-05,1.7911962077004954e-05,6.701767613451113e-05
0.134,0.286,0.0,2.7685144810503724e-05,1.1125210393726898e-05,4.4349446282681625e-05
0.134,1.043,0.0,1.8199050709581834e-05,7.1109113624964506e-06,2.95769324302591e-05
0.134,0.306,0.0,1.2058031142214789e-05,4.642789543883145e-06,1.985513553507314e-05
0.129,0.623,0.0,8.036895695251349e-06,3.0317671246451694e-06,1.3286054413177202e-05
0.125,0.013,0.0,5.336283787254916e-06,1.934036598910373e-06,8.931056488676477e-06
0.121,0.007,0.0,3.575050142641772e-06,1.2906521410024531e-06,6.015172796498944e-06
0.115,0.003,0.0,2.391274315951019e-06,7.783085805684404e-07,4.049756534729674e-06
0.112,0.0,0.0,1.6087630083130945e-06,5.377937253997525e-07,2.7709994018176037e-06
0.104,0.002,0.0,1.07662154999825e-06,3.3725443416760397e-07,1.8753310356002508e-06
0.112,0.014,0.0,7.246474976476626e-07,2.2879648881730535e-07,1.278026976547558e-06
0.109,0.016,0.0,4.895168327881338e-07,1.4724223132989988e-07,8.846140849083103e-07
0.109,0.003,0.0,3.291345263286416e-07,9.37376883288134e-08,5.987963537922152e-07
0.105,0.065,0.0,2.2206886944741927e-07,5.9509674098589536e-08,4.0482697416756407e-07
0.098,0.592,0.0,1.504896179355094e-07,4.320927982269237e-08,2.796207309597794e-07
0.098,1.54,0.0,1.0131640785330181e-07,2.5110044009575693e-08,1.8980431252448038e-07
0.094,3.277,1.132648092278329,6.884450335277518e-08,1.836044917205632e-08,1.2996672921690342e-07
0.091,0.982,0.0,0.055706122253177955,0.053652192157967155,0.058936571381388074
0.091,0.058,0.0,0.07344827164430069,0.07000218232729567,0.07732754648837763
0.096,0.042,0.0,0.07353178171193327,0.06920425857364125,0.07742303132690903
0.092,0.111,0.0,0.06521365889480962,0.061433850949588094,0.06865752138915983
0.096,0.001,0.0,0.054097554744650084,0.050111892975686904,0.057543109658347205
0.097,0.0,0.0,0.042803726075817165,0.03800960890402656,0.04629300163581974
0.094,0.031,0.0,0.032657415568796366,0.02789450411259575,0.03599352014703357
0.093,0.015,0.0,0.024124690457749003,0.019480391522699727,0.027318902229939823
0.093,0.0,0.0,0.01738250187754719,0.01344570291240007,0.019978794191336167
0.089,0.032,0.0,0.012193723333830783,0.008839021677411903,0.014363593500743899
0.087,0.125,0.0,0.00842459848788381,0.005828983024708645,0.01024105658333539
0.089,0.017,0.0,0.005686873836387043,0.003713197249502522,0.007063867296287345
0.086,0.077,0.0,0.0037853417145576507,0.0023401113402592337,0.004838486438277062
0.083,0.243,0.0,0.002478225181128688,0.0014669047179304774,0.00326969532144068
0.081,0.015,0.0,0.0015998327626039054,0.0008867125307537855,0.0021584875023037686
0.079,0.238,0.0,0.0010221295408609041,0.0005427868975520706,0.0014084861510436667
0.076,0.872,0.0,0.0006513039394630116,0.00033204783902142756,0.0009222901373647006
0.079,0.013,0.0,0.0004146685382404276,0.00020613585830562262,0.0006012628181541522
0.076,0.0,0.0,0.00026323634042331624,0.00012796583193103351,0.0003851538061012018
0.086,0.04,0.0,0.00016750482705236492,7.97486036308728e-05,0.0002479321160616766
0.083,0.004,0.0,0.00010798356327105172,4.99596251704893e-05,0.00016144154757589024
0.081,0.0,0.0,6.945705173701618e-05,3.123895607794824e-05,0.00010568966313458794
0.083,0.0,0.0,4.542986887977052e-05,2.0969151849191897e-05,6.896577975558481e-05
0.081,0.018,0.0,2.984087981530694e-05,1.2856416330573417e-05,4.605302925845165e-05
0.09,0.033,0.0,1.966445158444155e-05,8.21593249524611e-06,3.0510712113784194e-05
0.09,0.001,0.0,1.294333756759581e-05,5.628293931572133e-06,2.0397118346107922e-05
0.09,0.004,0.0,8.608405123450664e-06,3.5446066717871618e-06,1.3682949932496062e-05
0.075,0.091,0.0,5.746473515796595e-06,2.400665326833723e-06,9.181908878032015e-06
0.074,0.443,0.0,3.825584649302774e-06,1.4957193966967875e-06,6.229073880271261e-06
0.09,0.772,0.0,2.744921815802619e-06,9.701414012501921e-07,4.193228589852246e-06
0.09,0.303,0.0,1.7183686031616915e-06,5.995007154314871e-07,2.875023925352321e-06
0.09,0.258,0.0,1.154185325993763e-06,4.323712576079482e-07,1.9289299806841733e-06
0.082,0.197,0.0,7.749420861746948e-07,2.707681800441106e-07,1.3217251072159594e-06
0.084,0.518,0.0,5.247023655131778e-07,1.8461656976886035e-07,9.105454689306403e-07
0.09,0.061,0.0,3.51017574228878e-07,1.0807841565176072e-07,6.069052376137005e-07
0.09,0.004,0.0,2.377871744363603e-07,7.743241734383551e-08,4.1368376166651135e-07
0.09,0.0,0.0,1.594447936436209e-07,4.540896419872567e-08,2.877921972277526e-07
0.09,0.0,0.0,1.0906388398736313e-07,3.440894747368151e-08,1.967006715677924e-07
0.09,0.001,0.0,7.288215024262956e-08,2.1081747222871238e-08,1.346206364182164e-07
0.079,0.181,0.0,4.986072447963454e-08,1.4668639218052007e-08,9.189096862693424e-08
0.075,0.028,0.0,3.352313723240092e-08,8.638717514241588e-09,6.330029414234725e-08
0.072,0.042,0.0,2.2861684030775528e-08,6.1229582441634e-09,4.288168530186926e-08
0.07,0.0,0.0,1.5476391854109204e-08,3.370195409099181e-09,3.008798769036442e-08
0.091,0.002,0.0,1.0535460731537622e-08,2.386971824516104e-09,2.0551404371968864e-08
0.09,0.005,0.0,7.1908294202744e-09,1.0148594281365725e-09,1.470610385553945e-08
0.09,0.001,0.0,4.904185871786851e-09,3.2785095764017117e-10,9.819671363303972e-09
0.09,0.04,0.0,3.356180768297502e-09,0.0,7.10471510151154e-09
0.063,0.002,0.0,2.335229530869588e-09,0.0,4.8777535595008285e-09
0.063,0.001,0.0,1.601920178544265e-09,0.0,3.702753627705781e-09
0.09,0.0,0.0,1.1562645259179106e-09,0.0,2.8382157841029275e-09
0.09,0.0,0.0,7.933037260131695e-10,0.0,2.257764297262428e-09
0.09,0.0,0.0,6.045165432427125e-10,0.0,1.7871688042367924e-09
0.09,0.0,0.0,4.3103322076219506e-10,0.0,1.4900838646537946e-09
0.057,0.0,0.0,3.502348494022757e-10,0.0,1.1668729488322534e-09
0.056,0.001,0.0,2.3943646147349395e-10,0.0,8.812156178056173e-10
0.056,0.005,0.0,1.8483608562296927e-10,0.0,6.581899273604647e-10
0.055,0.0,0.0,1.3351133155553283e-10,0.0,5.108120101071102e-10
0.089,0.0,0.0,9.889547599499266e-11,0.0,3.628376885732055e-10
0.089,0.0,0.0,7.04606019375771e-11,0.0,2.7187779066120375e-10
0.089,0.0,0.0,5.105032425547159e-11,0.0,1.8946438485071595e-10
0.089,0.0,0.0,3.603896987129851e-11,0.0,1.407054247848269e-10
0.053,0.0,0.0,2.641885127914678e-11,0.0,9.918909394892707e-11
0.053,0.0,0.0,1.8428363262440203e-11,0.0,7.281954341243605e-11
0.052,0.0,0.0,1.3436282129120215e-11,0.0,5.1295500517682346e-11
0.051,0.0,0.0,9.371865385046279e-12,0.0,3.768643543918018e-11
0.051,0.0,0.0,6.827627992551036e-12,0.0,2.6527396002385725e-11
0.089,0.239,0.0,4.789634255755093e-12,0.0,1.9636397719824583e-11
0.089,0.111,0.0,3.464436098596568e-12,0.0,1.3718605566128242e-11
0.089,0.119,0.0,2.4297836541206324e-12,0.0,1.009390663431218e-11
0.088,0.077,0.0,1.7613526092060243e-12,0.0,7.094557593569852e-12
0.087,0.0,0.0,1.236550345503494e-12,0.0,5.223918522454259e-12
0.088,0.088,0.0,8.957069625830491e-13,0.0,3.668940492812834e-12
0.088,0.067,0.0,6.294434167754067e-13,0.0,2.703544399610492e-12
0.088,0.001,0.0,4.556065245341623e-13,0.0,1.897387422271532e-12
0.088,0.001,0.0,3.204798035793674e-13,0.0,1.3991704302393497e-12
0.088,0.002,0.0,2.3180176512511037e-13,0.0,9.812312406089349e-13
0.087,0.004,0.0,1.6320825823354586e-13,0.0,7.241153112659859e-13
0.087,0.248,0.0,1.1796274388750467e-13,0.0,5.074423581553106e-13
0.087,0.048,0.0,8.313416495241076e-14,0.0,3.7475276285381603e-13
0.088,0.0,0.0,6.004444657743411e-14,0.0,2.6242310302170313e-13
0.088,0.03,0.0,4.2355652414173914e-14,0.0,1.9394650436969765e-13
0.088,0.007,0.0,3.057026719929365e-14,0.0,1.357117393087739e-13
0.088,0.236,0.0,2.1584209908845574e-14,0.0,1.003735003881723e-13
0.089,0.061,0.0,1.556763391526084e-14,0.0,7.018313548135382e-14
0.088,0.296,0.0,1.1001513250999469e-14,0.0,5.1946487105300477e-14
0.087,0.504,0.0,7.929422817178403e-15,0.0,3.629511000924959e-14
0.087,0.488,0.0,5.608655478576165e-15,0.0,2.6883963539559337e-14
0.088,0.174,0.0,4.039752502365554e-15,0.0,1.87699652063204e-14
0.088,0.028,0.0,2.859919273693113e-15,0.0,1.3913308415227303e-14
0.087,0.003,0.0,2.0585470927157026e-15,0.0,9.706861168981958e-15
0.087,0.162,0.0,1.4585996155268147e-15,0.0,7.200580782283782e-15
0.087,0.157,0.0,1.0492002643731164e-15,0.0,5.019889634953959e-15
0.087,0.003,0.0,7.440538832461396e-16,0.0,3.7265301750658385e-15
0.086,0.005,0.0,5.348674946809537e-16,0.0,2.5960288828146643e-15
0.087,0.135,0.0,3.796272195478944e-16,0.0,1.928598202958072e-15
0.087,0.118,0.0,2.727237519212011e-16,0.0,1.3425616770933919e-15
0.087,0.237,0.0,1.9372857400509963e-16,0.0,9.98111072966692e-16
0.086,0.006,0.0,1.3908727497959437e-16,0.0,6.943223172864406e-16
0.086,0.076,0.0,9.88808392952967e-17,0.0,5.165543104110371e-16
0.086,0.018,0.0,7.094769116403486e-17,0.0,3.59077343418246e-16
0.086,0.014,0.0,5.0479087984414294e-17,0.0,2.673333289732781e-16
0.086,0.006,0.0,3.6197147126322016e-17,0.0,1.8570127356411102e-16
0.086,0.007,0.0,2.5774517414654948e-17,0.0,1.3835352333273964e-16
0.086,0.039,0.0,1.8471170669761958e-17,0.0,9.603770230246425e-17
0.085,0.0,0.0,1.3162794158687898e-17,0.0,7.160236064719291e-17
0.085,0.001,0.0,9.427516788903835e-18,0.0,4.9667081374859286e-17
0.086,0.024,0.0,6.723307617602177e-18,0.0,3.7056505182692043e-17
0.085,0.002,0.0,4.812623142503985e-18,0.0,2.5685943266939984e-17
0.084,0.025,0.0,3.434741710219596e-18,0.0,1.9177923256452292e-17
0.084,0.0,0.0,2.4572361358320577e-18,0.0,1.3283802135967322e-17
0.085,0.002,0.0,1.7550127693569555e-18,0.0,9.925186925117855e-18
0.072,0.0,0.0,1.2548485050003644e-18,0.0,6.869881997001573e-18
0.074,0.0,0.0,8.96892681060601e-19,0.0,5.136600781088435e-18
0.074,0.002,0.0,6.409349494318764e-19,0.0,3.552844146564856e-18
0.072,0.396,0.0,4.584306125926591e-19,0.0,2.6583547297225205e-18
0.072,0.864,0.0,3.274264544411607e-19,0.0,1.83739713986499e-18
0.072,0.427,0.0,2.343573735892503e-19,0.0,1.3757833586781473e-18
0.072,0.095,0.0,1.6729757761341484e-19,0.0,9.50232577349591e-19
0.076,0.219,0.0,1.1982694414635118e-19,0.0,7.120117681794065e-19
0.074,0.183,0.0,8.549496775048491e-20,0.0,4.914244893825382e-19
0.074,0.428,0.0,6.127737954054862e-20,0.0,3.684887996654924e-19
0.074,0.055,0.0,4.369838830569268e-20,0.0,2.541462317473295e-19
0.074,0.162,0.0,3.1341135939480616e-20,0.0,1.9070470694153842e-19
0.074,0.127,0.0,2.2338973990442533e-20,0.0,1.3143485626133359e-19
0.073,0.057,0.0,1.6032348897988835e-20,0.0,9.869576853439792e-20
0.073,0.508,0.0,1.1421757819149166e-20,0.0,6.797315594801787e-20
0.073,0.067,0.0,8.20250486703851e-21,0.0,5.10782082453957e-20
0.072,0.0,0.0,5.840816947283927e-21,0.0,3.515315542585746e-20
0.072,0.003,0.0,4.197220831165635e-21,0.0,2.6434601993885425e-20
0.072,0.035,0.0,2.987336764620133e-21,0.0,1.81798876251387e-20
0.071,0.555,0.0,2.1480392069084807e-21,0.0,1.36807497198775e-20
0.071,0.217,0.0,1.5281421106551102e-21,0.0,9.401952972075005e-21
0.071,0.04,0.0,1.0994785137088426e-21,0.0,7.080224362518932e-21
0.07,0.042,0.0,7.81828183876847e-22,0.0,4.862335869774259e-21
0.071,0.188,0.0,5.62852450012755e-22,0.0,3.6642419524471634e-21
0.07,0.121,0.0,4.000607829186012e-22,0.0,2.514616929675583e-21
0.07,0.117,0.0,2.881806229336335e-22,0.0,1.8963620938493887e-21
0.07,0.521,0.0,2.047419308620016e-22,0.0,1.3004651413907358e-21
0.07,2.262,0.0,1.47569476453895e-22,0.0,9.814278752859356e-22
0.069,1.086,0.0,1.0479796623488107e-22,0.0,6.72551578086887e-22
0.069,0.307,0.0,7.557688765532479e-23,0.0,5.079202322692071e-22
0.086,1.502,0.0,5.364920172389209e-23,0.0,3.4781833890683107e-22
0.084,2.03,0.0,3.871162045269797e-23,0.0,2.6286492268610583e-22
0.097,1.517,0.0,2.746863897785784e-23,0.0,1.7987854143490603e-22
0.083,0.025,0.0,1.9831372400896594e-23,0.0,1.3604098290491323e-22
0.081,0.996,0.0,1.4066097307688433e-23,0.0,9.302640504070524e-23
0.081,5.334,1.8576152199239484,1.0160672744287549e-23,0.0,7.040554843047471e-23
0.08,10.467,7.597547358197479,0.09136152319886325,0.08799286964334865,0.09665972201382347
0.082,3.494,0.4006412413983633,0.4961913219277343,0.47934646403566844,0.5232266793922047
0.083,2.824,0.0,0.6696754593179667,0.638303388821767,0.6985186867007674
0.083,0.102,0.0,0.7013679164658497,0.6659748268248801,0.7302446709699244
0.081,0.106,0.0,0.65607511376171,0.6236434276200614,0.687115606661224
0.081,0.024,0.0,0.5748034824898685,0.5378034899043423,0.6011078617037056
0.08,0.068,0.0,0.4815970032950879,0.44166686953989015,0.5123708998028179
0.08,0.197,0.0,0.3896804716195026,0.3453554561001919,0.4186263475427569
0.081,0.322,0.0,0.30684165897022886,0.2657477732337936,0.33594794502492636
0.079,1.424,0.0,0.2358260785609789,0.19629544590131068,0.2628017331743337
0.078,2.473,0.0,0.1777168899559921,0.14262362756098265,0.20186741652319806
0.078,1.195,0.0,0.13110333217186512,0.0998145318739799,0.15142933360579533
0.077,0.001,0.0,0.09479838893122167,0.06891262047006247,0.11225272469984016
0.076,0.0,0.0,0.06709611410036592,0.045694846551541574,0.08168185467940804
0.075,0.065,0.0,0.04679215415296314,0.030725681786249515,0.058362846902813806
0.076,1.069,0.0,0.032055262530374704,0.019837734214751112,0.04105546604773638
0.074,0.819,0.0,0.021513208770386455,0.012533398054392223,0.028315075027646432
0.074,1.46,0.0,0.014195570027453263,0.00790147899919538,0.01914264802885663
0.073,3.535,0.0,0.009188216132693527,0.004760146567020335,0.012816961182452291
0.072,1.446,0.0,0.005854016059257915,0.0028756837898774685,0.008453330207846266
0.071,3.695,0.3880591040685437,0.0036697382749137056,0.0017036733318839055,0.0054570183368086314
0.07,2.374,0.0,0.021451018970071897,0.020951067101295805,0.021872540806678883
0.071,3.769,0.23911151471554737,0.025966176561523006,0.024699119870553787,0.02698947676132135
0.069,5.04,1.353176570761288,0.03645181638605225,0.03480024430060458,0.0376001342103938
0.07,0.41,0.0,0.10341371524111997,0.10088541404664193,0.10684858262569244
0.072,0.426,0.0,0.1234419436157795,0.11863801992553387,0.12767918977813272
0.072,0.492,0.0,0.11997829367191747,0.11404756576787627,0.12563507099105986
0.072,2.866,0.0,0.10557119334146593,0.0992167833915719,0.11109230956612387
0.072,0.742,0.0,0.08747836869719759,0.07898539440432825,0.09339459874254041
0.072,2.879,0.0,0.06956874894478071,0.06139768397596441,0.07575023562818414
0.072,0.523,0.0,0.053242093807013745,0.04503022264653471,0.05882245366312411
0.071,0.801,0.0,0.039747627921444324,0.032614589457776705,0.04475961016553384
0.071,0.386,0.0,0.028823328882684955,0.022557567886441778,0.03325733874254215
0.071,0.028,0.0,0.020515034551715418,0.015275336377498852,0.024215117350538072
0.07,0.497,0.0,0.014216707500503713,0.010084957577388682,0.017301147835672562
0.07,0.055,0.0,0.009686539616527204,0.006419986154000703,0.012061472764373464
0.069,0.432,0.0,0.00648696048000503,0.004112560657885847,0.00828759445341897
0.069,0.828,0.0,0.004259619282540644,0.0025410556436226625,0.005608449320033654
0.069,1.893,0.0,0.0027588363880491655,0.0015249891944255443,0.0037570481455479225
0.068,2.727,0.0,0.0017702744096039114,0.0009346193237083054,0.0024610404146514437
0.068,3.899,0.024881122907964848,0.0011285641075292213,0.0005667040854740197,0.001607117955311576
0.069,1.003,0.0,0.0019348989138576176,0.001640266603774817,0.0022188462489680922
0.068,2.714,0.0,0.0019002187782576315,0.0016354297768824873,0.0021264512744174485
0.068,2.943,0.0,0.0015826902658906698,0.0013235026758708615,0.001782564531146692
0.068,1.219,0.0,0.0012061474213661554,0.000965344472942118,0.0013914105575787547
0.067,6.573,2.835945995643135,0.0008747503997552413,0.000668546720623237,0.0010346736642618001
0.067,2.023,0.0,0.1400878299110825,0.1350174286148056,0.14804843631512163
0.067,0.263,0.0,0.18932674581322118,0.18040684285535583,0.19741795445651963
0.067,0.667,0.0,0.19451207991220199,0.1862633879295191,0.20292561901288725
0.066,2.232,0.0,0.18127634065861775,0.16914630147922952,0.18701093447883985
0.066,0.253,0.0,0.1506011662634578,0.13964712412385488,0.15903368450963157
0.066,0.424,0.0,0.12283359725843807,0.11042385566288111,0.1322310388458734
0.066,0.574,0.0,0.09594541789016449,0.08391111986795508,0.10428305383892138
0.065,0.58,0.0,0.0731934428204226,0.060879786944192285,0.08114919615791445
0.065,0.691,0.0,0.05404250688069931,0.04313950840744044,0.06125331762980746
0.076,10.342,6.692014953135152,0.039042358146554906,0.029604545840314755,0.045430055062684355
0.076,5.795,2.1221381371366332,0.3568574184754693,0.34913811407161405,0.36974651502400024
0.076,0.04,0.0,0.5831575763389041,0.5585738087684469,0.6049110842794493
0.076,0.051,0.0,0.6442034604529973,0.6164371601406263,0.6764434528515437
0.075,1.689,0.0,0.6189238603772401,0.5818928415569794,0.6488898582041224
0.076,1.241,0.0,0.5516462279187015,0.507993523482004,0.5817041511698625
0.075,3.023,0.0,0.46705098011287255,0.4280350625851435,0.4958877807027266
0.076,8.329,5.152969344963482,0.3823364612672399,0.3401750199631584,0.40964160273656125
0.078,7.963,4.742285037415819,0.5548946516434606,0.5297604834418699,0.5757032551921072
0.082,1.968,0.0,0.8269911803147441,0.8033083161221125,0.8502222066136771
0.094,0.891,0.0,0.8958010187097882,0.8571462937761232,0.9311145746024843
0.094,0.035,0.0,0.8556908594916451,0.8101805977071694,0.892449361060871
0.095,2.289,0.0,0.7606675500404566,0.6998130327684294,0.8021160041528745
0.099,5.488,1.884718291524516,0.6463849368773733,0.5867068970740767,0.688416702161429
0.103,4.915,1.1718714067543305,0.6208749647578709,0.5666476871512455,0.6636762818778925
0.104,1.422,0.0,0.6105282653295674,0.5559023363560225,0.6495671245164066
0.103,6.326,2.7710754542295057,0.5519805371226852,0.4964903610096908,0.5905175974026025
0.1,6.497,3.1486394488911373,0.6053823350413661,0.5592338223169321,0.6413194521048997
0.099,4.217,0.7547383901716764,0.7362297532420853,0.688162856638858,0.7692047899452834
0.102,6.129,3.040678594765564,0.7767239465659498,0.7364025917385261,0.8103908061422221
0.105,1.445,0.0,0.8794733069191292,0.8358581870267807,0.9191382630871893
0.113,11.155,7.593646968474353,0.8574721296600747,0.7998217864941983,0.9018493881831583
0.143,7.803,4.605929215167214,1.1461569845514288,1.0936890901949725,1.1811703198457935
0.184,7.395,4.436794583956068,1.426824401849592,1.3710652401501462,1.4785407762226386
0.199,6.458,2.980295867357663,1.6770310823211156,1.6147591116359965,1.734806174667611
0.252,7.473,4.166513834707908,1.823550058870961,1.760562219834391,1.8932251388999857
0.363,4.759,1.3859661275471225,1.960294020402523,1.8822461396061005,2.033556036129184
0.531,9.496,6.061757169010107,1.9482996854465833,1.8451284281755644,2.040270018028874
0.78,2.887,0.0,2.0806328127714098,1.9633826317218435,2.1713037305751124
1.113,3.072,0.0,1.9955571683813054,1.8553322562327863,2.1038892698264746
1.169,6.04,2.847555548754455,1.7878446244443047,1.6256952441167147,1.8978719850314791
